<?xml version="1.0" encoding="UTF-8" standalone="no"?>
<!DOCTYPE story SYSTEM "../InScript.dtd">
<story id="056" scenario="bath">
    <text>
        <content>Last night , I decided to take a bath . 
First , I turned on the water . 
I fiddled with the knobs to get the right mix of hot and cold water . 
Once the temperature was pleasing to me , I put the stopper in the tub and let the tub fill with water . 
I also poured some bubble bath into the water stream so that bubbles filled the tub . 
Once the tub was filled with water and bubbles , I took off my clothes and sat down in the tub . 
I submerged my body in the soapy water . 
I used a loofah to wash myself . 
I then sat back and relaxed in the tub for a while . 
I had put the book that I was reading on the side of the tub and I decided to read it . 
It was very relaxing . 
When I was done in the tub , I pulled the stopper out and let the water drain away . 
I had a very nice bath . </content>
        <sentences>
            <sentence id="1">
                <token content="Last" id="1-1">
                    <pos type="JJ"/>
                    <lemma type="last"/>
                </token>
                <token content="night" id="1-2">
                    <pos type="NN"/>
                    <lemma type="night"/>
                    <dep head="1-5" type="tmod"/>
                </token>
                <token content="," id="1-3"/>
                <token content="I" id="1-4">
                    <pos type="PRP"/>
                    <lemma type="I"/>
                    <dep head="1-5" type="nsubj"/>
                </token>
                <token content="decided" id="1-5">
                    <pos type="VBD"/>
                    <lemma type="decide"/>
                </token>
                <token content="to" id="1-6">
                    <pos type="TO"/>
                    <lemma type="to"/>
                    <dep head="1-7" type="aux"/>
                </token>
                <token content="take" id="1-7">
                    <pos type="VB"/>
                    <lemma type="take"/>
                    <dep head="1-5" type="xcomp"/>
                </token>
                <token content="a" id="1-8">
                    <pos type="DT"/>
                    <lemma type="a"/>
                </token>
                <token content="bath" id="1-9">
                    <pos type="NN"/>
                    <lemma type="bath"/>
                    <dep head="1-7" type="dobj"/>
                </token>
                <token content="." id="1-10"/>
            </sentence>
            <sentence id="2">
                <token content="First" id="2-1">
                    <pos type="RB"/>
                    <lemma type="first"/>
                    <dep head="2-4" type="advmod"/>
                </token>
                <token content="," id="2-2"/>
                <token content="I" id="2-3">
                    <pos type="PRP"/>
                    <lemma type="I"/>
                    <dep head="2-4" type="nsubj"/>
                </token>
                <token content="turned" id="2-4">
                    <pos type="VBD"/>
                    <lemma type="turn"/>
                </token>
                <token content="on" id="2-5"/>
                <token content="the" id="2-6">
                    <pos type="DT"/>
                    <lemma type="the"/>
                </token>
                <token content="water" id="2-7">
                    <pos type="NN"/>
                    <lemma type="water"/>
                    <dep head="2-4" type="prep"/>
                </token>
                <token content="." id="2-8"/>
            </sentence>
            <sentence id="3">
                <token content="I" id="3-1">
                    <pos type="PRP"/>
                    <lemma type="I"/>
                    <dep head="3-2" type="nsubj"/>
                </token>
                <token content="fiddled" id="3-2">
                    <pos type="VBD"/>
                    <lemma type="fiddle"/>
                </token>
                <token content="with" id="3-3"/>
                <token content="the" id="3-4">
                    <pos type="DT"/>
                    <lemma type="the"/>
                </token>
                <token content="knobs" id="3-5">
                    <pos type="NNS"/>
                    <lemma type="knob"/>
                    <dep head="3-2" type="prep"/>
                </token>
                <token content="to" id="3-6">
                    <pos type="TO"/>
                    <lemma type="to"/>
                    <dep head="3-7" type="aux"/>
                </token>
                <token content="get" id="3-7">
                    <pos type="VB"/>
                    <lemma type="get"/>
                    <dep head="3-2" type="xcomp"/>
                </token>
                <token content="the" id="3-8">
                    <pos type="DT"/>
                    <lemma type="the"/>
                </token>
                <token content="right" id="3-9">
                    <pos type="JJ"/>
                    <lemma type="right"/>
                </token>
                <token content="mix" id="3-10">
                    <pos type="NN"/>
                    <lemma type="mix"/>
                    <dep head="3-7" type="dobj"/>
                </token>
                <token content="of" id="3-11"/>
                <token content="hot" id="3-12">
                    <pos type="JJ"/>
                    <lemma type="hot"/>
                </token>
                <token content="and" id="3-13"/>
                <token content="cold" id="3-14">
                    <pos type="JJ"/>
                    <lemma type="cold"/>
                </token>
                <token content="water" id="3-15">
                    <pos type="NN"/>
                    <lemma type="water"/>
                </token>
                <token content="." id="3-16"/>
            </sentence>
            <sentence id="4">
                <token content="Once" id="4-1">
                    <pos type="IN"/>
                    <lemma type="once"/>
                    <dep head="4-5" type="mark"/>
                </token>
                <token content="the" id="4-2">
                    <pos type="DT"/>
                    <lemma type="the"/>
                </token>
                <token content="temperature" id="4-3">
                    <pos type="NN"/>
                    <lemma type="temperature"/>
                    <dep head="4-5" type="nsubj"/>
                </token>
                <token content="was" id="4-4">
                    <pos type="VBD"/>
                    <lemma type="be"/>
                    <dep head="4-5" type="aux"/>
                </token>
                <token content="pleasing" id="4-5">
                    <pos type="VBG"/>
                    <lemma type="please"/>
                    <dep head="4-10" type="advcl"/>
                </token>
                <token content="to" id="4-6"/>
                <token content="me" id="4-7">
                    <pos type="PRP"/>
                    <lemma type="I"/>
                    <dep head="4-5" type="prep"/>
                </token>
                <token content="," id="4-8"/>
                <token content="I" id="4-9">
                    <pos type="PRP"/>
                    <lemma type="I"/>
                    <dep head="4-10" type="nsubj"/>
                </token>
                <token content="put" id="4-10">
                    <pos type="VBD"/>
                    <lemma type="put"/>
                </token>
                <token content="the" id="4-11">
                    <pos type="DT"/>
                    <lemma type="the"/>
                </token>
                <token content="stopper" id="4-12">
                    <pos type="NN"/>
                    <lemma type="stopper"/>
                    <dep head="4-10" type="dobj"/>
                </token>
                <token content="in" id="4-13"/>
                <token content="the" id="4-14">
                    <pos type="DT"/>
                    <lemma type="the"/>
                </token>
                <token content="tub" id="4-15">
                    <pos type="NN"/>
                    <lemma type="tub"/>
                    <dep head="4-10" type="prep"/>
                </token>
                <token content="and" id="4-16"/>
                <token content="let" id="4-17">
                    <pos type="VBD"/>
                    <lemma type="let"/>
                    <dep head="4-10" type="conj"/>
                </token>
                <token content="the" id="4-18">
                    <pos type="DT"/>
                    <lemma type="the"/>
                </token>
                <token content="tub" id="4-19">
                    <pos type="NN"/>
                    <lemma type="tub"/>
                    <dep head="4-20" type="nsubj"/>
                </token>
                <token content="fill" id="4-20">
                    <pos type="VB"/>
                    <lemma type="fill"/>
                    <dep head="4-17" type="ccomp"/>
                </token>
                <token content="with" id="4-21"/>
                <token content="water" id="4-22">
                    <pos type="NN"/>
                    <lemma type="water"/>
                    <dep head="4-20" type="prep"/>
                </token>
                <token content="." id="4-23"/>
            </sentence>
            <sentence id="5">
                <token content="I" id="5-1">
                    <pos type="PRP"/>
                    <lemma type="I"/>
                    <dep head="5-3" type="nsubj"/>
                </token>
                <token content="also" id="5-2">
                    <pos type="RB"/>
                    <lemma type="also"/>
                    <dep head="5-3" type="advmod"/>
                </token>
                <token content="poured" id="5-3">
                    <pos type="VBD"/>
                    <lemma type="pour"/>
                </token>
                <token content="some" id="5-4">
                    <pos type="DT"/>
                    <lemma type="some"/>
                </token>
                <token content="bubble" id="5-5">
                    <pos type="NN"/>
                    <lemma type="bubble"/>
                </token>
                <token content="bath" id="5-6">
                    <pos type="NN"/>
                    <lemma type="bath"/>
                    <dep head="5-3" type="dobj"/>
                </token>
                <token content="into" id="5-7"/>
                <token content="the" id="5-8">
                    <pos type="DT"/>
                    <lemma type="the"/>
                </token>
                <token content="water" id="5-9">
                    <pos type="NN"/>
                    <lemma type="water"/>
                </token>
                <token content="stream" id="5-10">
                    <pos type="NN"/>
                    <lemma type="stream"/>
                    <dep head="5-3" type="prep"/>
                </token>
                <token content="so" id="5-11">
                    <pos type="RB"/>
                    <lemma type="so"/>
                    <dep head="5-14" type="advmod"/>
                </token>
                <token content="that" id="5-12">
                    <pos type="IN"/>
                    <lemma type="that"/>
                    <dep head="5-14" type="mark"/>
                </token>
                <token content="bubbles" id="5-13">
                    <pos type="NNS"/>
                    <lemma type="bubble"/>
                    <dep head="5-14" type="nsubj"/>
                </token>
                <token content="filled" id="5-14">
                    <pos type="VBD"/>
                    <lemma type="fill"/>
                    <dep head="5-3" type="advcl"/>
                </token>
                <token content="the" id="5-15">
                    <pos type="DT"/>
                    <lemma type="the"/>
                </token>
                <token content="tub" id="5-16">
                    <pos type="NN"/>
                    <lemma type="tub"/>
                    <dep head="5-14" type="dobj"/>
                </token>
                <token content="." id="5-17"/>
            </sentence>
            <sentence id="6">
                <token content="Once" id="6-1">
                    <pos type="IN"/>
                    <lemma type="once"/>
                    <dep head="6-5" type="mark"/>
                </token>
                <token content="the" id="6-2">
                    <pos type="DT"/>
                    <lemma type="the"/>
                </token>
                <token content="tub" id="6-3">
                    <pos type="NN"/>
                    <lemma type="tub"/>
                    <dep head="6-5" type="nsubjpass"/>
                </token>
                <token content="was" id="6-4">
                    <pos type="VBD"/>
                    <lemma type="be"/>
                    <dep head="6-5" type="auxpass"/>
                </token>
                <token content="filled" id="6-5">
                    <pos type="VBN"/>
                    <lemma type="fill"/>
                    <dep head="6-12" type="advcl"/>
                </token>
                <token content="with" id="6-6"/>
                <token content="water" id="6-7">
                    <pos type="NN"/>
                    <lemma type="water"/>
                    <dep head="6-5" type="prep"/>
                </token>
                <token content="and" id="6-8"/>
                <token content="bubbles" id="6-9">
                    <pos type="NNS"/>
                    <lemma type="bubble"/>
                </token>
                <token content="," id="6-10"/>
                <token content="I" id="6-11">
                    <pos type="PRP"/>
                    <lemma type="I"/>
                    <dep head="6-12" type="nsubj"/>
                </token>
                <token content="took" id="6-12">
                    <pos type="VBD"/>
                    <lemma type="take"/>
                </token>
                <token content="off" id="6-13">
                    <pos type="RP"/>
                    <lemma type="off"/>
                    <dep head="6-12" type="prt"/>
                </token>
                <token content="my" id="6-14">
                    <pos type="PRP$"/>
                    <lemma type="my"/>
                </token>
                <token content="clothes" id="6-15">
                    <pos type="NNS"/>
                    <lemma type="clothes"/>
                    <dep head="6-12" type="dobj"/>
                </token>
                <token content="and" id="6-16"/>
                <token content="sat" id="6-17">
                    <pos type="VBD"/>
                    <lemma type="sit"/>
                    <dep head="6-12" type="conj"/>
                </token>
                <token content="down" id="6-18">
                    <pos type="RP"/>
                    <lemma type="down"/>
                    <dep head="6-17" type="prt"/>
                </token>
                <token content="in" id="6-19"/>
                <token content="the" id="6-20">
                    <pos type="DT"/>
                    <lemma type="the"/>
                </token>
                <token content="tub" id="6-21">
                    <pos type="NN"/>
                    <lemma type="tub"/>
                    <dep head="6-17" type="prep"/>
                </token>
                <token content="." id="6-22"/>
            </sentence>
            <sentence id="7">
                <token content="I" id="7-1">
                    <pos type="PRP"/>
                    <lemma type="I"/>
                    <dep head="7-2" type="nsubj"/>
                </token>
                <token content="submerged" id="7-2">
                    <pos type="VBD"/>
                    <lemma type="submerge"/>
                </token>
                <token content="my" id="7-3">
                    <pos type="PRP$"/>
                    <lemma type="my"/>
                </token>
                <token content="body" id="7-4">
                    <pos type="NN"/>
                    <lemma type="body"/>
                    <dep head="7-2" type="dobj"/>
                </token>
                <token content="in" id="7-5"/>
                <token content="the" id="7-6">
                    <pos type="DT"/>
                    <lemma type="the"/>
                </token>
                <token content="soapy" id="7-7">
                    <pos type="JJ"/>
                    <lemma type="soapy"/>
                </token>
                <token content="water" id="7-8">
                    <pos type="NN"/>
                    <lemma type="water"/>
                    <dep head="7-2" type="prep"/>
                </token>
                <token content="." id="7-9"/>
            </sentence>
            <sentence id="8">
                <token content="I" id="8-1">
                    <pos type="PRP"/>
                    <lemma type="I"/>
                    <dep head="8-2" type="nsubj"/>
                </token>
                <token content="used" id="8-2">
                    <pos type="VBD"/>
                    <lemma type="use"/>
                </token>
                <token content="a" id="8-3">
                    <pos type="DT"/>
                    <lemma type="a"/>
                </token>
                <token content="loofah" id="8-4">
                    <pos type="NN"/>
                    <lemma type="loofah"/>
                    <dep head="8-2" type="dobj"/>
                </token>
                <token content="to" id="8-5">
                    <pos type="TO"/>
                    <lemma type="to"/>
                    <dep head="8-6" type="aux"/>
                </token>
                <token content="wash" id="8-6">
                    <pos type="VB"/>
                    <lemma type="wash"/>
                </token>
                <token content="myself" id="8-7">
                    <pos type="PRP"/>
                    <lemma type="myself"/>
                    <dep head="8-6" type="dobj"/>
                </token>
                <token content="." id="8-8"/>
            </sentence>
            <sentence id="9">
                <token content="I" id="9-1">
                    <pos type="PRP"/>
                    <lemma type="I"/>
                    <dep head="9-3" type="nsubj"/>
                </token>
                <token content="then" id="9-2">
                    <pos type="RB"/>
                    <lemma type="then"/>
                    <dep head="9-3" type="advmod"/>
                </token>
                <token content="sat" id="9-3">
                    <pos type="VBD"/>
                    <lemma type="sit"/>
                </token>
                <token content="back" id="9-4">
                    <pos type="RB"/>
                    <lemma type="back"/>
                    <dep head="9-3" type="advmod"/>
                </token>
                <token content="and" id="9-5"/>
                <token content="relaxed" id="9-6">
                    <pos type="VBD"/>
                    <lemma type="relax"/>
                    <dep head="9-3" type="conj"/>
                </token>
                <token content="in" id="9-7"/>
                <token content="the" id="9-8">
                    <pos type="DT"/>
                    <lemma type="the"/>
                </token>
                <token content="tub" id="9-9">
                    <pos type="NN"/>
                    <lemma type="tub"/>
                    <dep head="9-6" type="prep"/>
                </token>
                <token content="for" id="9-10"/>
                <token content="a" id="9-11">
                    <pos type="DT"/>
                    <lemma type="a"/>
                </token>
                <token content="while" id="9-12">
                    <pos type="NN"/>
                    <lemma type="while"/>
                </token>
                <token content="." id="9-13"/>
            </sentence>
            <sentence id="10">
                <token content="I" id="10-1">
                    <pos type="PRP"/>
                    <lemma type="I"/>
                    <dep head="10-3" type="nsubj"/>
                </token>
                <token content="had" id="10-2">
                    <pos type="VBD"/>
                    <lemma type="have"/>
                    <dep head="10-3" type="aux"/>
                </token>
                <token content="put" id="10-3">
                    <pos type="VBN"/>
                    <lemma type="put"/>
                </token>
                <token content="the" id="10-4">
                    <pos type="DT"/>
                    <lemma type="the"/>
                </token>
                <token content="book" id="10-5">
                    <pos type="NN"/>
                    <lemma type="book"/>
                    <dep head="10-3" type="dobj"/>
                </token>
                <token content="that" id="10-6">
                    <pos type="IN"/>
                    <lemma type="that"/>
                    <dep head="10-9" type="mark"/>
                </token>
                <token content="I" id="10-7">
                    <pos type="PRP"/>
                    <lemma type="I"/>
                    <dep head="10-9" type="nsubj"/>
                </token>
                <token content="was" id="10-8">
                    <pos type="VBD"/>
                    <lemma type="be"/>
                    <dep head="10-9" type="aux"/>
                </token>
                <token content="reading" id="10-9">
                    <pos type="VBG"/>
                    <lemma type="read"/>
                    <dep head="10-3" type="ccomp"/>
                </token>
                <token content="on" id="10-10"/>
                <token content="the" id="10-11">
                    <pos type="DT"/>
                    <lemma type="the"/>
                </token>
                <token content="side" id="10-12">
                    <pos type="NN"/>
                    <lemma type="side"/>
                    <dep head="10-9" type="prep"/>
                </token>
                <token content="of" id="10-13"/>
                <token content="the" id="10-14">
                    <pos type="DT"/>
                    <lemma type="the"/>
                </token>
                <token content="tub" id="10-15">
                    <pos type="NN"/>
                    <lemma type="tub"/>
                </token>
                <token content="and" id="10-16"/>
                <token content="I" id="10-17">
                    <pos type="PRP"/>
                    <lemma type="I"/>
                    <dep head="10-18" type="nsubj"/>
                </token>
                <token content="decided" id="10-18">
                    <pos type="VBD"/>
                    <lemma type="decide"/>
                    <dep head="10-3" type="conj"/>
                </token>
                <token content="to" id="10-19">
                    <pos type="TO"/>
                    <lemma type="to"/>
                    <dep head="10-20" type="aux"/>
                </token>
                <token content="read" id="10-20">
                    <pos type="VB"/>
                    <lemma type="read"/>
                    <dep head="10-18" type="xcomp"/>
                </token>
                <token content="it" id="10-21">
                    <pos type="PRP"/>
                    <lemma type="it"/>
                    <dep head="10-20" type="dobj"/>
                </token>
                <token content="." id="10-22"/>
            </sentence>
            <sentence id="11">
                <token content="It" id="11-1">
                    <pos type="PRP"/>
                    <lemma type="it"/>
                </token>
                <token content="was" id="11-2">
                    <pos type="VBD"/>
                    <lemma type="be"/>
                </token>
                <token content="very" id="11-3">
                    <pos type="RB"/>
                    <lemma type="very"/>
                </token>
                <token content="relaxing" id="11-4">
                    <pos type="JJ"/>
                    <lemma type="relaxing"/>
                </token>
                <token content="." id="11-5"/>
            </sentence>
            <sentence id="12">
                <token content="When" id="12-1">
                    <pos type="WRB"/>
                    <lemma type="when"/>
                    <dep head="12-4" type="advmod"/>
                </token>
                <token content="I" id="12-2">
                    <pos type="PRP"/>
                    <lemma type="I"/>
                    <dep head="12-4" type="nsubjpass"/>
                </token>
                <token content="was" id="12-3">
                    <pos type="VBD"/>
                    <lemma type="be"/>
                    <dep head="12-4" type="auxpass"/>
                </token>
                <token content="done" id="12-4">
                    <pos type="VBN"/>
                    <lemma type="do"/>
                    <dep head="12-10" type="advcl"/>
                </token>
                <token content="in" id="12-5"/>
                <token content="the" id="12-6">
                    <pos type="DT"/>
                    <lemma type="the"/>
                </token>
                <token content="tub" id="12-7">
                    <pos type="NN"/>
                    <lemma type="tub"/>
                    <dep head="12-4" type="prep"/>
                </token>
                <token content="," id="12-8"/>
                <token content="I" id="12-9">
                    <pos type="PRP"/>
                    <lemma type="I"/>
                    <dep head="12-10" type="nsubj"/>
                </token>
                <token content="pulled" id="12-10">
                    <pos type="VBD"/>
                    <lemma type="pull"/>
                </token>
                <token content="the" id="12-11">
                    <pos type="DT"/>
                    <lemma type="the"/>
                </token>
                <token content="stopper" id="12-12">
                    <pos type="NN"/>
                    <lemma type="stopper"/>
                    <dep head="12-10" type="dobj"/>
                </token>
                <token content="out" id="12-13">
                    <pos type="RP"/>
                    <lemma type="out"/>
                    <dep head="12-10" type="prt"/>
                </token>
                <token content="and" id="12-14"/>
                <token content="let" id="12-15">
                    <pos type="VBP"/>
                    <lemma type="let"/>
                    <dep head="12-10" type="conj"/>
                </token>
                <token content="the" id="12-16">
                    <pos type="DT"/>
                    <lemma type="the"/>
                </token>
                <token content="water" id="12-17">
                    <pos type="NN"/>
                    <lemma type="water"/>
                </token>
                <token content="drain" id="12-18">
                    <pos type="NN"/>
                    <lemma type="drain"/>
                    <dep head="12-15" type="dobj"/>
                </token>
                <token content="away" id="12-19">
                    <pos type="RP"/>
                    <lemma type="away"/>
                    <dep head="12-15" type="prt"/>
                </token>
                <token content="." id="12-20"/>
            </sentence>
            <sentence id="13">
                <token content="I" id="13-1">
                    <pos type="PRP"/>
                    <lemma type="I"/>
                    <dep head="13-2" type="nsubj"/>
                </token>
                <token content="had" id="13-2">
                    <pos type="VBD"/>
                    <lemma type="have"/>
                </token>
                <token content="a" id="13-3">
                    <pos type="DT"/>
                    <lemma type="a"/>
                </token>
                <token content="very" id="13-4">
                    <pos type="RB"/>
                    <lemma type="very"/>
                </token>
                <token content="nice" id="13-5">
                    <pos type="JJ"/>
                    <lemma type="nice"/>
                </token>
                <token content="bath" id="13-6">
                    <pos type="NN"/>
                    <lemma type="bath"/>
                    <dep head="13-2" type="dobj"/>
                </token>
                <token content="." id="13-7"/>
            </sentence>
        </sentences>
    </text>
    <annotations>
        <participants>
            <label from="1-2" id="0" name="NPart" text="night" type="participant"/>
            <label from="1-4" id="1" name="ScrPart_bather" text="I" type="participant"/>
            <label from="1-9" id="2" name="SuppVComp" text="bath" type="participant"/>
            <label from="2-3" id="3" name="ScrPart_bather" text="I" type="participant"/>
            <label from="2-7" id="4" name="ScrPart_water" text="water" type="participant"/>
            <label from="3-1" id="5" name="ScrPart_bather" text="I" type="participant"/>
            <label from="3-5" id="6" name="ScrPart_tap" text="knobs" type="participant"/>
            <label from="3-10" id="7" name="ScrPart_temperature" text="mix" type="participant"/>
            <label from="3-15" id="8" name="ScrPart_water" text="water" type="participant"/>
            <label from="4-3" id="9" name="ScrPart_temperature" text="temperature" type="participant"/>
            <label from="4-7" id="10" name="ScrPart_bather" text="me" type="participant"/>
            <label from="4-9" id="11" name="ScrPart_bather" text="I" type="participant"/>
            <label from="4-12" id="12" name="ScrPart_plug" text="stopper" type="participant"/>
            <label from="4-15" id="13" name="ScrPart_bathtub" text="tub" type="participant"/>
            <label from="4-19" id="14" name="ScrPart_bathtub" text="tub" type="participant"/>
            <label from="4-22" id="15" name="ScrPart_water" text="water" type="participant"/>
            <label from="5-1" id="16" name="ScrPart_bather" text="I" type="participant"/>
            <label from="5-5" id="17" name="ScrPart_bath_means" text="bubble bath" to="5-6" type="participant"/>
            <label from="5-6" id="18" name="ScrPart_bath_means" text="bath" type="participant"/>
            <label from="5-9" id="19" name="ScrPart_water" text="water stream" to="5-10" type="participant"/>
            <label from="5-10" id="20" name="ScrPart_water" text="stream" type="participant"/>
            <label from="5-13" id="21" name="ScrPart_bath_means" text="bubbles" type="participant"/>
            <label from="5-16" id="22" name="ScrPart_bathtub" text="tub" type="participant"/>
            <label from="6-3" id="23" name="ScrPart_bathtub" text="tub" type="participant"/>
            <label from="6-7" id="24" name="ScrPart_water" text="water" type="participant"/>
            <label from="6-9" id="25" name="ScrPart_bath_means" text="bubbles" type="participant"/>
            <label from="6-11" id="26" name="ScrPart_bather" text="I" type="participant"/>
            <label from="6-14" id="27" name="ScrPart_bather" text="my" type="participant"/>
            <label from="6-15" id="28" name="ScrPart_clothes" text="clothes" type="participant"/>
            <label from="6-21" id="29" name="ScrPart_bathtub" text="tub" type="participant"/>
            <label from="7-1" id="30" name="ScrPart_bather" text="I" type="participant"/>
            <label from="7-3" id="31" name="ScrPart_bather" text="my" type="participant"/>
            <label from="7-4" id="32" name="ScrPart_body_part" text="body" type="participant"/>
            <label from="7-8" id="33" name="ScrPart_water" text="water" type="participant"/>
            <label from="8-1" id="34" name="ScrPart_bather" text="I" type="participant"/>
            <label from="8-4" id="35" name="ScrPart_washing_tools" text="loofah" type="participant"/>
            <label from="8-7" id="36" name="ScrPart_bather" text="myself" type="participant"/>
            <label from="9-1" id="37" name="ScrPart_bather" text="I" type="participant"/>
            <label from="9-9" id="38" name="ScrPart_bathtub" text="tub" type="participant"/>
            <label from="9-12" id="39" name="No_label" text="while" type="participant"/>
            <label from="10-1" id="40" name="ScrPart_bather" text="I" type="participant"/>
            <label from="10-5" id="41" name="ScrPart_in-bath_entertainment" text="book" type="participant"/>
            <label from="10-6" id="42" name="ScrPart_in-bath_entertainment" text="that" type="participant"/>
            <label from="10-7" id="43" name="ScrPart_bather" text="I" type="participant"/>
            <label from="10-12" id="44" name="Head_of_Partitive" text="side" type="participant"/>
            <label from="10-15" id="45" name="ScrPart_bathtub" text="tub" type="participant"/>
            <label from="10-17" id="46" name="ScrPart_bather" text="I" type="participant"/>
            <label from="10-21" id="47" name="ScrPart_in-bath_entertainment" text="it" type="participant"/>
            <label from="11-1" id="48" name="No_label" text="It" type="participant"/>
            <label from="12-2" id="49" name="ScrPart_bather" text="I" type="participant"/>
            <label from="12-7" id="50" name="ScrPart_bathtub" text="tub" type="participant"/>
            <label from="12-9" id="51" name="ScrPart_bather" text="I" type="participant"/>
            <label from="12-12" id="52" name="ScrPart_plug" text="stopper" type="participant"/>
            <label from="12-17" id="53" name="ScrPart_water" text="water" type="participant"/>
            <label from="13-1" id="54" name="ScrPart_bather" text="I" type="participant"/>
            <label from="13-6" id="55" name="SuppVComp" text="bath" type="participant"/>
        </participants>
        <events>
            <label from="1-5" id="56" name="UnrelEv" text="decided" type="event"/>
            <label from="1-7" id="57" name="Evoking" text="take a bath" to="1-9" type="event"/>
            <label from="2-4" id="58" name="ScrEv_turn_water_on" text="turned on" to="2-5" type="event"/>
            <label from="3-2" id="59" name="ScrEv_check_temp" text="fiddled" type="event"/>
            <label from="3-7" id="60" name="ScrEv_check_temp" text="get" type="event"/>
            <label from="4-5" id="61" name="ScrEv_check_temp" text="pleasing" type="event"/>
            <label from="4-10" id="62" name="ScrEv_close_drain" text="put" type="event"/>
            <label from="4-17" id="63" name="UnrelEv" text="let" type="event"/>
            <label from="4-20" id="64" name="ScrEv_fill_water/wait" text="fill" type="event"/>
            <label from="5-3" id="65" name="ScrEv_put_bubble_bath_scent" text="poured" type="event"/>
            <label from="5-14" id="66" name="RelNScrEv" text="filled" type="event"/>
            <label from="6-5" id="67" name="ScrEv_fill_water/wait" text="filled" type="event"/>
            <label from="6-12" id="68" name="ScrEv_undress" text="took off" to="6-13" type="event"/>
            <label from="6-17" id="69" name="ScrEv_sink_water" text="sat down" to="6-18" type="event"/>
            <label from="7-2" id="70" name="ScrEv_sink_water" text="submerged" type="event"/>
            <label from="8-2" id="71" name="RelNScrEv" text="used" type="event"/>
            <label from="8-6" id="72" name="ScrEv_wash" text="wash" type="event"/>
            <label from="9-3" id="73" name="RelNScrEv" text="sat back" to="9-4" type="event"/>
            <label from="9-6" id="74" name="ScrEv_relax" text="relaxed" type="event"/>
            <label from="10-3" id="75" name="ScrEv_prepare_bath" text="put" type="event"/>
            <label from="10-9" id="76" name="RelNScrEv" text="reading" type="event"/>
            <label from="10-18" id="77" name="UnrelEv" text="decided" type="event"/>
            <label from="10-20" id="78" name="RelNScrEv" text="read" type="event"/>
            <label from="11-2" id="79" name="UnrelEv" text="was" type="event"/>
            <label from="11-4" id="80" name="ScrEv_relax" text="relaxing" type="event"/>
            <label from="12-4" id="81" name="UnrelEv" text="done" type="event"/>
            <label from="12-10" id="82" name="ScrEv_open_drain" text="pulled" type="event"/>
            <label from="12-15" id="83" name="UnrelEv" text="let" type="event"/>
            <label from="12-18" id="84" name="RelNScrEv" text="drain away" to="12-19" type="event"/>
            <label from="13-2" id="85" name="Evoking" text="had a very nice bath" to="13-6" type="event"/>
        </events>
        <chains>
            <chain elements="1 3 5 10 11 16 26 27 30 31 34 36 37 40 43 46 49 51 54"/>
            <chain elements="4 8 15 20 24 33 53"/>
            <chain elements="7 9"/>
            <chain elements="13 14 22 23 29 38 45 50"/>
            <chain elements="18 21 25"/>
            <chain elements="41 42 47"/>
            <chain elements="12 52"/>
        </chains>
    </annotations>
</story>
