<?xml version="1.0" encoding="UTF-8" standalone="no"?>
<!DOCTYPE story SYSTEM "../InScript.dtd">
<story id="031" scenario="bath">
    <text>
        <content>I was sitting on my couch when I decided that I had n't taken a bath in a while so I stood up and walked to the bathroom where I turned on the faucet in the sink and began filling the bath with hot water . 
While the tub was filling with hot water I put some bubble bath into the stream of hot water coming out of the faucet so that the tubbed filled with not only hot water , but bubbles . 
Once the tub was almost to the top I turned off the water so that none of the water would overflow onto the bathroom floor . 
I got undressed and entered the tub , making sure that it 's not very hot . 
I relax in the tub until I am happy with my bath and then I get out and dry off with a towel and then get dressed and laid down in my bed and took a nap , feeling very relaxed , content , and happy . </content>
        <sentences>
            <sentence id="1">
                <token content="I" id="1-1">
                    <pos type="PRP"/>
                    <lemma type="I"/>
                    <dep head="1-3" type="nsubj"/>
                </token>
                <token content="was" id="1-2">
                    <pos type="VBD"/>
                    <lemma type="be"/>
                    <dep head="1-3" type="aux"/>
                </token>
                <token content="sitting" id="1-3">
                    <pos type="VBG"/>
                    <lemma type="sit"/>
                </token>
                <token content="on" id="1-4"/>
                <token content="my" id="1-5">
                    <pos type="PRP$"/>
                    <lemma type="my"/>
                </token>
                <token content="couch" id="1-6">
                    <pos type="NN"/>
                    <lemma type="couch"/>
                    <dep head="1-3" type="prep"/>
                </token>
                <token content="when" id="1-7">
                    <pos type="WRB"/>
                    <lemma type="when"/>
                    <dep head="1-9" type="advmod"/>
                </token>
                <token content="I" id="1-8">
                    <pos type="PRP"/>
                    <lemma type="I"/>
                    <dep head="1-9" type="nsubj"/>
                </token>
                <token content="decided" id="1-9">
                    <pos type="VBD"/>
                    <lemma type="decide"/>
                    <dep head="1-3" type="advcl"/>
                </token>
                <token content="that" id="1-10">
                    <pos type="IN"/>
                    <lemma type="that"/>
                    <dep head="1-14" type="mark"/>
                </token>
                <token content="I" id="1-11">
                    <pos type="PRP"/>
                    <lemma type="I"/>
                    <dep head="1-14" type="nsubj"/>
                </token>
                <token content="had" id="1-12">
                    <pos type="VBD"/>
                    <lemma type="have"/>
                    <dep head="1-14" type="aux"/>
                </token>
                <token content="n't" id="1-13">
                    <pos type="RB"/>
                    <lemma type="not"/>
                    <dep head="1-14" type="neg"/>
                </token>
                <token content="taken" id="1-14">
                    <pos type="VBN"/>
                    <lemma type="take"/>
                    <dep head="1-9" type="ccomp"/>
                </token>
                <token content="a" id="1-15">
                    <pos type="DT"/>
                    <lemma type="a"/>
                </token>
                <token content="bath" id="1-16">
                    <pos type="NN"/>
                    <lemma type="bath"/>
                    <dep head="1-14" type="dobj"/>
                </token>
                <token content="in" id="1-17"/>
                <token content="a" id="1-18">
                    <pos type="DT"/>
                    <lemma type="a"/>
                </token>
                <token content="while" id="1-19">
                    <pos type="NN"/>
                    <lemma type="while"/>
                </token>
                <token content="so" id="1-20">
                    <pos type="IN"/>
                    <lemma type="so"/>
                    <dep head="1-22" type="mark"/>
                </token>
                <token content="I" id="1-21">
                    <pos type="PRP"/>
                    <lemma type="I"/>
                    <dep head="1-22" type="nsubj"/>
                </token>
                <token content="stood" id="1-22">
                    <pos type="VBD"/>
                    <lemma type="stand"/>
                    <dep head="1-14" type="advcl"/>
                </token>
                <token content="up" id="1-23">
                    <pos type="RP"/>
                    <lemma type="up"/>
                    <dep head="1-22" type="prt"/>
                </token>
                <token content="and" id="1-24"/>
                <token content="walked" id="1-25">
                    <pos type="VBD"/>
                    <lemma type="walk"/>
                    <dep head="1-22" type="conj"/>
                </token>
                <token content="to" id="1-26"/>
                <token content="the" id="1-27">
                    <pos type="DT"/>
                    <lemma type="the"/>
                </token>
                <token content="bathroom" id="1-28">
                    <pos type="NN"/>
                    <lemma type="bathroom"/>
                    <dep head="1-25" type="prep"/>
                </token>
                <token content="where" id="1-29">
                    <pos type="WRB"/>
                    <lemma type="where"/>
                    <dep head="1-31" type="advmod"/>
                </token>
                <token content="I" id="1-30">
                    <pos type="PRP"/>
                    <lemma type="I"/>
                    <dep head="1-31" type="nsubj"/>
                </token>
                <token content="turned" id="1-31">
                    <pos type="VBD"/>
                    <lemma type="turn"/>
                    <dep head="1-25" type="advcl"/>
                </token>
                <token content="on" id="1-32"/>
                <token content="the" id="1-33">
                    <pos type="DT"/>
                    <lemma type="the"/>
                </token>
                <token content="faucet" id="1-34">
                    <pos type="NN"/>
                    <lemma type="faucet"/>
                    <dep head="1-31" type="prep"/>
                </token>
                <token content="in" id="1-35"/>
                <token content="the" id="1-36">
                    <pos type="DT"/>
                    <lemma type="the"/>
                </token>
                <token content="sink" id="1-37">
                    <pos type="NN"/>
                    <lemma type="sink"/>
                    <dep head="1-31" type="prep"/>
                </token>
                <token content="and" id="1-38"/>
                <token content="began" id="1-39">
                    <pos type="VBD"/>
                    <lemma type="begin"/>
                    <dep head="1-31" type="conj"/>
                </token>
                <token content="filling" id="1-40">
                    <pos type="VBG"/>
                    <lemma type="fill"/>
                    <dep head="1-39" type="xcomp"/>
                </token>
                <token content="the" id="1-41">
                    <pos type="DT"/>
                    <lemma type="the"/>
                </token>
                <token content="bath" id="1-42">
                    <pos type="NN"/>
                    <lemma type="bath"/>
                    <dep head="1-40" type="dobj"/>
                </token>
                <token content="with" id="1-43"/>
                <token content="hot" id="1-44">
                    <pos type="JJ"/>
                    <lemma type="hot"/>
                </token>
                <token content="water" id="1-45">
                    <pos type="NN"/>
                    <lemma type="water"/>
                    <dep head="1-40" type="prep"/>
                </token>
                <token content="." id="1-46"/>
            </sentence>
            <sentence id="2">
                <token content="While" id="2-1">
                    <pos type="IN"/>
                    <lemma type="while"/>
                    <dep head="2-5" type="mark"/>
                </token>
                <token content="the" id="2-2">
                    <pos type="DT"/>
                    <lemma type="the"/>
                </token>
                <token content="tub" id="2-3">
                    <pos type="NN"/>
                    <lemma type="tub"/>
                    <dep head="2-5" type="nsubj"/>
                </token>
                <token content="was" id="2-4">
                    <pos type="VBD"/>
                    <lemma type="be"/>
                    <dep head="2-5" type="aux"/>
                </token>
                <token content="filling" id="2-5">
                    <pos type="VBG"/>
                    <lemma type="fill"/>
                    <dep head="2-10" type="advcl"/>
                </token>
                <token content="with" id="2-6"/>
                <token content="hot" id="2-7">
                    <pos type="JJ"/>
                    <lemma type="hot"/>
                </token>
                <token content="water" id="2-8">
                    <pos type="NN"/>
                    <lemma type="water"/>
                    <dep head="2-5" type="prep"/>
                </token>
                <token content="I" id="2-9">
                    <pos type="PRP"/>
                    <lemma type="I"/>
                    <dep head="2-10" type="nsubj"/>
                </token>
                <token content="put" id="2-10">
                    <pos type="VBD"/>
                    <lemma type="put"/>
                </token>
                <token content="some" id="2-11">
                    <pos type="DT"/>
                    <lemma type="some"/>
                </token>
                <token content="bubble" id="2-12">
                    <pos type="NN"/>
                    <lemma type="bubble"/>
                </token>
                <token content="bath" id="2-13">
                    <pos type="NN"/>
                    <lemma type="bath"/>
                    <dep head="2-10" type="dobj"/>
                </token>
                <token content="into" id="2-14"/>
                <token content="the" id="2-15">
                    <pos type="DT"/>
                    <lemma type="the"/>
                </token>
                <token content="stream" id="2-16">
                    <pos type="NN"/>
                    <lemma type="stream"/>
                    <dep head="2-10" type="prep"/>
                </token>
                <token content="of" id="2-17"/>
                <token content="hot" id="2-18">
                    <pos type="JJ"/>
                    <lemma type="hot"/>
                </token>
                <token content="water" id="2-19">
                    <pos type="NN"/>
                    <lemma type="water"/>
                </token>
                <token content="coming" id="2-20">
                    <pos type="VBG"/>
                    <lemma type="come"/>
                </token>
                <token content="out" id="2-21"/>
                <token content="of" id="2-22"/>
                <token content="the" id="2-23">
                    <pos type="DT"/>
                    <lemma type="the"/>
                </token>
                <token content="faucet" id="2-24">
                    <pos type="NN"/>
                    <lemma type="faucet"/>
                    <dep head="2-20" type="prep"/>
                </token>
                <token content="so" id="2-25">
                    <pos type="RB"/>
                    <lemma type="so"/>
                    <dep head="2-29" type="advmod"/>
                </token>
                <token content="that" id="2-26">
                    <pos type="IN"/>
                    <lemma type="that"/>
                    <dep head="2-29" type="mark"/>
                </token>
                <token content="the" id="2-27">
                    <pos type="DT"/>
                    <lemma type="the"/>
                </token>
                <token content="tubbed" id="2-28">
                    <pos type="NN"/>
                    <lemma type="tubbed"/>
                    <dep head="2-29" type="nsubj"/>
                </token>
                <token content="filled" id="2-29">
                    <pos type="VBN"/>
                    <lemma type="fill"/>
                    <dep head="2-20" type="advcl"/>
                </token>
                <token content="with" id="2-30"/>
                <token content="not" id="2-31">
                    <pos type="RB"/>
                    <lemma type="not"/>
                </token>
                <token content="only" id="2-32">
                    <pos type="RB"/>
                    <lemma type="only"/>
                </token>
                <token content="hot" id="2-33">
                    <pos type="JJ"/>
                    <lemma type="hot"/>
                </token>
                <token content="water" id="2-34">
                    <pos type="NN"/>
                    <lemma type="water"/>
                    <dep head="2-29" type="prep"/>
                </token>
                <token content="," id="2-35"/>
                <token content="but" id="2-36"/>
                <token content="bubbles" id="2-37">
                    <pos type="VBZ"/>
                    <lemma type="bubble"/>
                    <dep head="2-10" type="conj"/>
                </token>
                <token content="." id="2-38"/>
            </sentence>
            <sentence id="3">
                <token content="Once" id="3-1">
                    <pos type="IN"/>
                    <lemma type="once"/>
                    <dep head="3-4" type="mark"/>
                </token>
                <token content="the" id="3-2">
                    <pos type="DT"/>
                    <lemma type="the"/>
                </token>
                <token content="tub" id="3-3">
                    <pos type="NN"/>
                    <lemma type="tub"/>
                    <dep head="3-4" type="nsubj"/>
                </token>
                <token content="was" id="3-4">
                    <pos type="VBD"/>
                    <lemma type="be"/>
                    <dep head="3-10" type="advcl"/>
                </token>
                <token content="almost" id="3-5">
                    <pos type="RB"/>
                    <lemma type="almost"/>
                    <dep head="3-4" type="advmod"/>
                </token>
                <token content="to" id="3-6"/>
                <token content="the" id="3-7">
                    <pos type="DT"/>
                    <lemma type="the"/>
                </token>
                <token content="top" id="3-8">
                    <pos type="NN"/>
                    <lemma type="top"/>
                    <dep head="3-4" type="prep"/>
                </token>
                <token content="I" id="3-9">
                    <pos type="PRP"/>
                    <lemma type="I"/>
                    <dep head="3-10" type="nsubj"/>
                </token>
                <token content="turned" id="3-10">
                    <pos type="VBD"/>
                    <lemma type="turn"/>
                </token>
                <token content="off" id="3-11">
                    <pos type="RP"/>
                    <lemma type="off"/>
                    <dep head="3-10" type="prt"/>
                </token>
                <token content="the" id="3-12">
                    <pos type="DT"/>
                    <lemma type="the"/>
                </token>
                <token content="water" id="3-13">
                    <pos type="NN"/>
                    <lemma type="water"/>
                    <dep head="3-10" type="dobj"/>
                </token>
                <token content="so" id="3-14">
                    <pos type="RB"/>
                    <lemma type="so"/>
                    <dep head="3-21" type="advmod"/>
                </token>
                <token content="that" id="3-15">
                    <pos type="IN"/>
                    <lemma type="that"/>
                    <dep head="3-21" type="mark"/>
                </token>
                <token content="none" id="3-16">
                    <pos type="NN"/>
                    <lemma type="none"/>
                    <dep head="3-21" type="nsubj"/>
                </token>
                <token content="of" id="3-17"/>
                <token content="the" id="3-18">
                    <pos type="DT"/>
                    <lemma type="the"/>
                </token>
                <token content="water" id="3-19">
                    <pos type="NN"/>
                    <lemma type="water"/>
                </token>
                <token content="would" id="3-20">
                    <pos type="MD"/>
                    <lemma type="would"/>
                    <dep head="3-21" type="aux"/>
                </token>
                <token content="overflow" id="3-21">
                    <pos type="VB"/>
                    <lemma type="overflow"/>
                    <dep head="3-10" type="advcl"/>
                </token>
                <token content="onto" id="3-22"/>
                <token content="the" id="3-23">
                    <pos type="DT"/>
                    <lemma type="the"/>
                </token>
                <token content="bathroom" id="3-24">
                    <pos type="NN"/>
                    <lemma type="bathroom"/>
                </token>
                <token content="floor" id="3-25">
                    <pos type="NN"/>
                    <lemma type="floor"/>
                    <dep head="3-21" type="prep"/>
                </token>
                <token content="." id="3-26"/>
            </sentence>
            <sentence id="4">
                <token content="I" id="4-1">
                    <pos type="PRP"/>
                    <lemma type="I"/>
                    <dep head="4-3" type="nsubjpass"/>
                </token>
                <token content="got" id="4-2">
                    <pos type="VBD"/>
                    <lemma type="get"/>
                    <dep head="4-3" type="auxpass"/>
                </token>
                <token content="undressed" id="4-3">
                    <pos type="VBN"/>
                    <lemma type="undress"/>
                </token>
                <token content="and" id="4-4"/>
                <token content="entered" id="4-5">
                    <pos type="VBN"/>
                    <lemma type="enter"/>
                    <dep head="4-3" type="conj"/>
                </token>
                <token content="the" id="4-6">
                    <pos type="DT"/>
                    <lemma type="the"/>
                </token>
                <token content="tub" id="4-7">
                    <pos type="NN"/>
                    <lemma type="tub"/>
                    <dep head="4-3" type="dobj"/>
                </token>
                <token content="," id="4-8"/>
                <token content="making" id="4-9">
                    <pos type="VBG"/>
                    <lemma type="make"/>
                    <dep head="4-3" type="vmod"/>
                </token>
                <token content="sure" id="4-10">
                    <pos type="JJ"/>
                    <lemma type="sure"/>
                    <dep head="4-9" type="acomp"/>
                </token>
                <token content="that" id="4-11">
                    <pos type="IN"/>
                    <lemma type="that"/>
                </token>
                <token content="it" id="4-12">
                    <pos type="PRP"/>
                    <lemma type="it"/>
                </token>
                <token content="'s" id="4-13">
                    <pos type="VBZ"/>
                    <lemma type="be"/>
                </token>
                <token content="not" id="4-14">
                    <pos type="RB"/>
                    <lemma type="not"/>
                </token>
                <token content="very" id="4-15">
                    <pos type="RB"/>
                    <lemma type="very"/>
                </token>
                <token content="hot" id="4-16">
                    <pos type="JJ"/>
                    <lemma type="hot"/>
                    <dep head="4-9" type="ccomp"/>
                </token>
                <token content="." id="4-17"/>
            </sentence>
            <sentence id="5">
                <token content="I" id="5-1">
                    <pos type="PRP"/>
                    <lemma type="I"/>
                    <dep head="5-2" type="nsubj"/>
                </token>
                <token content="relax" id="5-2">
                    <pos type="VBP"/>
                    <lemma type="relax"/>
                </token>
                <token content="in" id="5-3"/>
                <token content="the" id="5-4">
                    <pos type="DT"/>
                    <lemma type="the"/>
                </token>
                <token content="tub" id="5-5">
                    <pos type="NN"/>
                    <lemma type="tub"/>
                    <dep head="5-2" type="prep"/>
                </token>
                <token content="until" id="5-6">
                    <pos type="IN"/>
                    <lemma type="until"/>
                </token>
                <token content="I" id="5-7">
                    <pos type="PRP"/>
                    <lemma type="I"/>
                </token>
                <token content="am" id="5-8">
                    <pos type="VBP"/>
                    <lemma type="be"/>
                </token>
                <token content="happy" id="5-9">
                    <pos type="JJ"/>
                    <lemma type="happy"/>
                    <dep head="5-2" type="advcl"/>
                </token>
                <token content="with" id="5-10"/>
                <token content="my" id="5-11">
                    <pos type="PRP$"/>
                    <lemma type="my"/>
                </token>
                <token content="bath" id="5-12">
                    <pos type="NN"/>
                    <lemma type="bath"/>
                </token>
                <token content="and" id="5-13"/>
                <token content="then" id="5-14">
                    <pos type="RB"/>
                    <lemma type="then"/>
                    <dep head="5-16" type="advmod"/>
                </token>
                <token content="I" id="5-15">
                    <pos type="PRP"/>
                    <lemma type="I"/>
                    <dep head="5-16" type="nsubj"/>
                </token>
                <token content="get" id="5-16">
                    <pos type="VB"/>
                    <lemma type="get"/>
                    <dep head="5-2" type="conj"/>
                </token>
                <token content="out" id="5-17">
                    <pos type="RP"/>
                    <lemma type="out"/>
                    <dep head="5-16" type="prt"/>
                </token>
                <token content="and" id="5-18"/>
                <token content="dry" id="5-19">
                    <pos type="VB"/>
                    <lemma type="dry"/>
                    <dep head="5-16" type="conj"/>
                </token>
                <token content="off" id="5-20">
                    <pos type="RP"/>
                    <lemma type="off"/>
                    <dep head="5-19" type="prt"/>
                </token>
                <token content="with" id="5-21"/>
                <token content="a" id="5-22">
                    <pos type="DT"/>
                    <lemma type="a"/>
                </token>
                <token content="towel" id="5-23">
                    <pos type="NN"/>
                    <lemma type="towel"/>
                    <dep head="5-19" type="prep"/>
                </token>
                <token content="and" id="5-24"/>
                <token content="then" id="5-25">
                    <pos type="RB"/>
                    <lemma type="then"/>
                    <dep head="5-26" type="advmod"/>
                </token>
                <token content="get" id="5-26">
                    <pos type="VB"/>
                    <lemma type="get"/>
                    <dep head="5-16" type="conj"/>
                </token>
                <token content="dressed" id="5-27">
                    <pos type="VBN"/>
                    <lemma type="dress"/>
                    <dep head="5-26" type="ccomp"/>
                </token>
                <token content="and" id="5-28"/>
                <token content="laid" id="5-29">
                    <pos type="VBN"/>
                    <lemma type="lay"/>
                    <dep head="5-27" type="conj"/>
                </token>
                <token content="down" id="5-30">
                    <pos type="RP"/>
                    <lemma type="down"/>
                    <dep head="5-29" type="prt"/>
                </token>
                <token content="in" id="5-31"/>
                <token content="my" id="5-32">
                    <pos type="PRP$"/>
                    <lemma type="my"/>
                </token>
                <token content="bed" id="5-33">
                    <pos type="NN"/>
                    <lemma type="bed"/>
                    <dep head="5-29" type="prep"/>
                </token>
                <token content="and" id="5-34"/>
                <token content="took" id="5-35">
                    <pos type="VBD"/>
                    <lemma type="take"/>
                    <dep head="5-27" type="conj"/>
                </token>
                <token content="a" id="5-36">
                    <pos type="DT"/>
                    <lemma type="a"/>
                </token>
                <token content="nap" id="5-37">
                    <pos type="NN"/>
                    <lemma type="nap"/>
                    <dep head="5-35" type="dobj"/>
                </token>
                <token content="," id="5-38"/>
                <token content="feeling" id="5-39">
                    <pos type="VBG"/>
                    <lemma type="feel"/>
                </token>
                <token content="very" id="5-40">
                    <pos type="RB"/>
                    <lemma type="very"/>
                </token>
                <token content="relaxed" id="5-41">
                    <pos type="JJ"/>
                    <lemma type="relaxed"/>
                    <dep head="5-39" type="acomp"/>
                </token>
                <token content="," id="5-42"/>
                <token content="content" id="5-43">
                    <pos type="JJ"/>
                    <lemma type="content"/>
                </token>
                <token content="," id="5-44"/>
                <token content="and" id="5-45"/>
                <token content="happy" id="5-46">
                    <pos type="JJ"/>
                    <lemma type="happy"/>
                </token>
                <token content="." id="5-47"/>
            </sentence>
        </sentences>
    </text>
    <annotations>
        <participants>
            <label from="1-1" id="0" name="ScrPart_bather" text="I" type="participant"/>
            <label from="1-5" id="1" name="ScrPart_bather" text="my" type="participant"/>
            <label from="1-6" id="2" name="NPart" text="couch" type="participant"/>
            <label from="1-8" id="3" name="ScrPart_bather" text="I" type="participant"/>
            <label from="1-11" id="4" name="ScrPart_bather" text="I" type="participant"/>
            <label from="1-16" id="5" name="SuppVComp" text="bath" type="participant"/>
            <label from="1-19" id="6" name="No_label" text="while" type="participant"/>
            <label from="1-21" id="7" name="ScrPart_bather" text="I" type="participant"/>
            <label from="1-28" id="8" name="ScrPart_bathroom" text="bathroom" type="participant"/>
            <label from="1-30" id="9" name="ScrPart_bather" text="I" type="participant"/>
            <label from="1-34" id="10" name="ScrPart_tap" text="faucet" type="participant"/>
            <label from="1-37" id="11" name="Unclear" text="sink" type="participant"/>
            <label from="1-42" id="12" name="ScrPart_bathtub" text="bath" type="participant"/>
            <label from="1-45" id="13" name="ScrPart_water" text="water" type="participant"/>
            <label from="2-3" id="14" name="ScrPart_bathtub" text="tub" type="participant"/>
            <label from="2-8" id="15" name="ScrPart_water" text="water" type="participant"/>
            <label from="2-9" id="16" name="ScrPart_bather" text="I" type="participant"/>
            <label from="2-12" id="17" name="ScrPart_bath_means" text="bubble bath" to="2-13" type="participant"/>
            <label from="2-13" id="18" name="ScrPart_bath_means" text="bath" type="participant"/>
            <label from="2-16" id="19" name="Head_of_Partitive" text="stream" type="participant"/>
            <label from="2-19" id="20" name="ScrPart_water" text="water" type="participant"/>
            <label from="2-24" id="21" name="ScrPart_tap" text="faucet" type="participant"/>
            <label from="2-28" id="22" name="ScrPart_bathtub" text="tubbed" type="participant"/>
            <label from="2-34" id="23" name="ScrPart_water" text="water" type="participant"/>
            <label from="2-37" id="24" name="ScrPart_bath_means" text="bubbles" type="participant"/>
            <label from="3-3" id="25" name="ScrPart_bathtub" text="tub" type="participant"/>
            <label from="3-8" id="26" name="NPart" text="top" type="participant"/>
            <label from="3-9" id="27" name="ScrPart_bather" text="I" type="participant"/>
            <label from="3-13" id="28" name="ScrPart_water" text="water" type="participant"/>
            <label from="3-16" id="29" name="Head_of_Partitive" text="none" type="participant"/>
            <label from="3-19" id="30" name="ScrPart_water" text="water" type="participant"/>
            <label from="3-24" id="31" name="NPart" text="bathroom floor" to="3-25" type="participant"/>
            <label from="3-25" id="32" name="NPart" text="floor" type="participant"/>
            <label from="4-1" id="33" name="ScrPart_bather" text="I" type="participant"/>
            <label from="4-7" id="34" name="ScrPart_bathtub" text="tub" type="participant"/>
            <label from="4-12" id="35" name="ScrPart_water" text="it" type="participant"/>
            <label from="5-1" id="36" name="ScrPart_bather" text="I" type="participant"/>
            <label from="5-5" id="37" name="ScrPart_bathtub" text="tub" type="participant"/>
            <label from="5-7" id="38" name="ScrPart_bather" text="I" type="participant"/>
            <label from="5-11" id="39" name="ScrPart_bather" text="my" type="participant"/>
            <label from="5-12" id="40" name="ScrPart_bath" text="bath" type="participant"/>
            <label from="5-15" id="41" name="ScrPart_bather" text="I" type="participant"/>
            <label from="5-23" id="42" name="ScrPart_towel" text="towel" type="participant"/>
            <label from="5-32" id="43" name="ScrPart_bather" text="my" type="participant"/>
            <label from="5-33" id="44" name="NPart" text="bed" type="participant"/>
            <label from="5-37" id="45" name="SuppVComp" text="nap" type="participant"/>
        </participants>
        <events>
            <label from="1-3" id="46" name="UnrelEv" text="sitting" type="event"/>
            <label from="1-9" id="47" name="UnrelEv" text="decided" type="event"/>
            <label from="1-14" id="48" name="Evoking" text="taken a bath" to="1-16" type="event"/>
            <label from="1-22" id="49" name="UnrelEv" text="stood up" to="1-23" type="event"/>
            <label from="1-25" id="50" name="ScrEv_enter_bathroom" text="walked" type="event"/>
            <label from="1-31" id="51" name="ScrEv_turn_water_on" text="turned on" to="1-32" type="event"/>
            <label from="1-39" id="52" name="UnrelEv" text="began" type="event"/>
            <label from="1-40" id="53" name="ScrEv_fill_water/wait" text="filling" type="event"/>
            <label from="2-5" id="54" name="ScrEv_fill_water/wait" text="filling" type="event"/>
            <label from="2-10" id="55" name="ScrEv_put_bubble_bath_scent" text="put" type="event"/>
            <label from="2-20" id="56" name="ScrEv_fill_water/wait" text="coming out" to="2-21" type="event"/>
            <label from="2-29" id="57" name="ScrEv_fill_water/wait" text="filled" type="event"/>
            <label from="3-4" id="58" name="UnrelEv" text="was" type="event"/>
            <label from="3-10" id="59" name="ScrEv_turn_water_off" text="turned off" to="3-11" type="event"/>
            <label from="3-21" id="60" name="RelNScrEv" text="overflow" type="event"/>
            <label from="4-3" id="61" name="ScrEv_undress" text="undressed" type="event"/>
            <label from="4-5" id="62" name="ScrEv_sink_water" text="entered" type="event"/>
            <label from="4-9" id="63" name="ScrEv_check_temp" text="making sure" to="4-10" type="event"/>
            <label from="4-13" id="64" name="UnrelEv" text="'s" type="event"/>
            <label from="5-2" id="65" name="ScrEv_relax" text="relax" type="event"/>
            <label from="5-8" id="66" name="UnrelEv" text="am" type="event"/>
            <label from="5-16" id="67" name="ScrEv_get_out_bath" text="get out" to="5-17" type="event"/>
            <label from="5-19" id="68" name="ScrEv_dry" text="dry off" to="5-20" type="event"/>
            <label from="5-26" id="69" name="UnrelEv" text="get" type="event"/>
            <label from="5-27" id="70" name="ScrEv_get_dressed" text="dressed" type="event"/>
            <label from="5-29" id="71" name="RelNScrEv" text="laid down" to="5-30" type="event"/>
            <label from="5-35" id="72" name="RelNScrEv" text="took" type="event"/>
            <label from="5-39" id="73" name="UnrelEv" text="feeling" type="event"/>
            <label from="5-41" id="74" name="ScrEv_relax" text="relaxed" type="event"/>
        </events>
        <chains>
            <chain elements="0 1 3 4 7 9 16 27 33 36 38 39 41 43"/>
            <chain elements="12 14 22 25 34 37"/>
            <chain elements="13 15 20 23 28 30 35"/>
            <chain elements="10 21"/>
            <chain elements="18 24"/>
        </chains>
    </annotations>
</story>
