<?xml version="1.0" encoding="UTF-8" standalone="no"?>
<!DOCTYPE story SYSTEM "../InScript.dtd">
<story id="041" scenario="bath">
    <text>
        <content>Every day I wash myself in one form or another . 
It is imperative to stay clean and hygienic . 
Last night I decided to switch up my normal routine of taking a shower , and decided to take a nice bubble bath ! 
To prepare for the luscious endeavor , I stopped at LUSH on my way home from work . 
LUSH has a variety of ` bath bombs ' that can be used to enhance a bath . 
I found a dragonfruit-passionberry bomb , and purchased it . 
Although I am a straight man , I love to pamper myself . 
Getting home , the first thing I did was turn the hot water on in the bath to fill it up . 
The warm water filled the tub and tendrils of mist rose from the steamy water . 
The warmth was positively inviting ! 
I dropped the bath bomb in and stepped into the tub myself . 
Lowering myself slowly into the water 's embrace , I relaxed fully . 
After spending 20 minutes and becoming a pruny mass , my bath was complete and my whole persona was now clean . </content>
        <sentences>
            <sentence id="1">
                <token content="Every" id="1-1">
                    <pos type="DT"/>
                    <lemma type="every"/>
                </token>
                <token content="day" id="1-2">
                    <pos type="NN"/>
                    <lemma type="day"/>
                    <dep head="1-4" type="tmod"/>
                </token>
                <token content="I" id="1-3">
                    <pos type="PRP"/>
                    <lemma type="I"/>
                    <dep head="1-4" type="nsubj"/>
                </token>
                <token content="wash" id="1-4">
                    <pos type="VBP"/>
                    <lemma type="wash"/>
                </token>
                <token content="myself" id="1-5">
                    <pos type="PRP"/>
                    <lemma type="myself"/>
                    <dep head="1-4" type="dobj"/>
                </token>
                <token content="in" id="1-6"/>
                <token content="one" id="1-7">
                    <pos type="CD"/>
                    <lemma type="one"/>
                </token>
                <token content="form" id="1-8">
                    <pos type="NN"/>
                    <lemma type="form"/>
                    <dep head="1-4" type="prep"/>
                </token>
                <token content="or" id="1-9"/>
                <token content="another" id="1-10">
                    <pos type="DT"/>
                    <lemma type="another"/>
                </token>
                <token content="." id="1-11"/>
            </sentence>
            <sentence id="2">
                <token content="It" id="2-1">
                    <pos type="PRP"/>
                    <lemma type="it"/>
                </token>
                <token content="is" id="2-2">
                    <pos type="VBZ"/>
                    <lemma type="be"/>
                </token>
                <token content="imperative" id="2-3">
                    <pos type="JJ"/>
                    <lemma type="imperative"/>
                </token>
                <token content="to" id="2-4">
                    <pos type="TO"/>
                    <lemma type="to"/>
                    <dep head="2-5" type="aux"/>
                </token>
                <token content="stay" id="2-5">
                    <pos type="VB"/>
                    <lemma type="stay"/>
                </token>
                <token content="clean" id="2-6">
                    <pos type="JJ"/>
                    <lemma type="clean"/>
                    <dep head="2-5" type="acomp"/>
                </token>
                <token content="and" id="2-7"/>
                <token content="hygienic" id="2-8">
                    <pos type="JJ"/>
                    <lemma type="hygienic"/>
                </token>
                <token content="." id="2-9"/>
            </sentence>
            <sentence id="3">
                <token content="Last" id="3-1">
                    <pos type="JJ"/>
                    <lemma type="last"/>
                </token>
                <token content="night" id="3-2">
                    <pos type="NN"/>
                    <lemma type="night"/>
                    <dep head="3-4" type="tmod"/>
                </token>
                <token content="I" id="3-3">
                    <pos type="PRP"/>
                    <lemma type="I"/>
                    <dep head="3-4" type="nsubj"/>
                </token>
                <token content="decided" id="3-4">
                    <pos type="VBD"/>
                    <lemma type="decide"/>
                </token>
                <token content="to" id="3-5">
                    <pos type="TO"/>
                    <lemma type="to"/>
                    <dep head="3-6" type="aux"/>
                </token>
                <token content="switch" id="3-6">
                    <pos type="VB"/>
                    <lemma type="switch"/>
                    <dep head="3-4" type="xcomp"/>
                </token>
                <token content="up" id="3-7">
                    <pos type="RP"/>
                    <lemma type="up"/>
                    <dep head="3-6" type="prt"/>
                </token>
                <token content="my" id="3-8">
                    <pos type="PRP$"/>
                    <lemma type="my"/>
                </token>
                <token content="normal" id="3-9">
                    <pos type="JJ"/>
                    <lemma type="normal"/>
                </token>
                <token content="routine" id="3-10">
                    <pos type="NN"/>
                    <lemma type="routine"/>
                    <dep head="3-6" type="dobj"/>
                </token>
                <token content="of" id="3-11"/>
                <token content="taking" id="3-12">
                    <pos type="VBG"/>
                    <lemma type="take"/>
                </token>
                <token content="a" id="3-13">
                    <pos type="DT"/>
                    <lemma type="a"/>
                </token>
                <token content="shower" id="3-14">
                    <pos type="NN"/>
                    <lemma type="shower"/>
                    <dep head="3-12" type="dobj"/>
                </token>
                <token content="," id="3-15"/>
                <token content="and" id="3-16"/>
                <token content="decided" id="3-17">
                    <pos type="VBD"/>
                    <lemma type="decide"/>
                    <dep head="3-4" type="conj"/>
                </token>
                <token content="to" id="3-18">
                    <pos type="TO"/>
                    <lemma type="to"/>
                    <dep head="3-19" type="aux"/>
                </token>
                <token content="take" id="3-19">
                    <pos type="VB"/>
                    <lemma type="take"/>
                    <dep head="3-17" type="xcomp"/>
                </token>
                <token content="a" id="3-20">
                    <pos type="DT"/>
                    <lemma type="a"/>
                </token>
                <token content="nice" id="3-21">
                    <pos type="JJ"/>
                    <lemma type="nice"/>
                </token>
                <token content="bubble" id="3-22">
                    <pos type="NN"/>
                    <lemma type="bubble"/>
                </token>
                <token content="bath" id="3-23">
                    <pos type="NN"/>
                    <lemma type="bath"/>
                    <dep head="3-19" type="dobj"/>
                </token>
                <token content="!" id="3-24"/>
            </sentence>
            <sentence id="4">
                <token content="To" id="4-1">
                    <pos type="TO"/>
                    <lemma type="to"/>
                    <dep head="4-2" type="aux"/>
                </token>
                <token content="prepare" id="4-2">
                    <pos type="VB"/>
                    <lemma type="prepare"/>
                    <dep head="4-9" type="advcl"/>
                </token>
                <token content="for" id="4-3"/>
                <token content="the" id="4-4">
                    <pos type="DT"/>
                    <lemma type="the"/>
                </token>
                <token content="luscious" id="4-5">
                    <pos type="JJ"/>
                    <lemma type="luscious"/>
                </token>
                <token content="endeavor" id="4-6">
                    <pos type="NN"/>
                    <lemma type="endeavor"/>
                    <dep head="4-2" type="prep"/>
                </token>
                <token content="," id="4-7"/>
                <token content="I" id="4-8">
                    <pos type="PRP"/>
                    <lemma type="I"/>
                    <dep head="4-9" type="nsubj"/>
                </token>
                <token content="stopped" id="4-9">
                    <pos type="VBD"/>
                    <lemma type="stop"/>
                </token>
                <token content="at" id="4-10"/>
                <token content="LUSH" id="4-11">
                    <pos type="NNP"/>
                    <lemma type="LUSH"/>
                    <dep head="4-9" type="prep"/>
                </token>
                <token content="on" id="4-12"/>
                <token content="my" id="4-13">
                    <pos type="PRP$"/>
                    <lemma type="my"/>
                </token>
                <token content="way" id="4-14">
                    <pos type="NN"/>
                    <lemma type="way"/>
                </token>
                <token content="home" id="4-15">
                    <pos type="NN"/>
                    <lemma type="home"/>
                    <dep head="4-9" type="prep"/>
                </token>
                <token content="from" id="4-16"/>
                <token content="work" id="4-17">
                    <pos type="NN"/>
                    <lemma type="work"/>
                    <dep head="4-9" type="prep"/>
                </token>
                <token content="." id="4-18"/>
            </sentence>
            <sentence id="5">
                <token content="LUSH" id="5-1">
                    <pos type="NNP"/>
                    <lemma type="LUSH"/>
                    <dep head="5-2" type="nsubj"/>
                </token>
                <token content="has" id="5-2">
                    <pos type="VBZ"/>
                    <lemma type="have"/>
                </token>
                <token content="a" id="5-3">
                    <pos type="DT"/>
                    <lemma type="a"/>
                </token>
                <token content="variety" id="5-4">
                    <pos type="NN"/>
                    <lemma type="variety"/>
                    <dep head="5-2" type="dobj"/>
                </token>
                <token content="of" id="5-5"/>
                <token content="`" id="5-6"/>
                <token content="bath" id="5-7">
                    <pos type="NN"/>
                    <lemma type="bath"/>
                </token>
                <token content="bombs" id="5-8">
                    <pos type="NNS"/>
                    <lemma type="bomb"/>
                </token>
                <token content="'" id="5-9"/>
                <token content="that" id="5-10">
                    <pos type="WDT"/>
                    <lemma type="that"/>
                    <dep head="5-13" type="nsubjpass"/>
                </token>
                <token content="can" id="5-11">
                    <pos type="MD"/>
                    <lemma type="can"/>
                    <dep head="5-13" type="aux"/>
                </token>
                <token content="be" id="5-12">
                    <pos type="VB"/>
                    <lemma type="be"/>
                    <dep head="5-13" type="auxpass"/>
                </token>
                <token content="used" id="5-13">
                    <pos type="VBN"/>
                    <lemma type="use"/>
                </token>
                <token content="to" id="5-14">
                    <pos type="TO"/>
                    <lemma type="to"/>
                    <dep head="5-15" type="aux"/>
                </token>
                <token content="enhance" id="5-15">
                    <pos type="VB"/>
                    <lemma type="enhance"/>
                    <dep head="5-13" type="xcomp"/>
                </token>
                <token content="a" id="5-16">
                    <pos type="DT"/>
                    <lemma type="a"/>
                </token>
                <token content="bath" id="5-17">
                    <pos type="NN"/>
                    <lemma type="bath"/>
                    <dep head="5-15" type="dobj"/>
                </token>
                <token content="." id="5-18"/>
            </sentence>
            <sentence id="6">
                <token content="I" id="6-1">
                    <pos type="PRP"/>
                    <lemma type="I"/>
                    <dep head="6-2" type="nsubj"/>
                </token>
                <token content="found" id="6-2">
                    <pos type="VBD"/>
                    <lemma type="find"/>
                </token>
                <token content="a" id="6-3">
                    <pos type="DT"/>
                    <lemma type="a"/>
                </token>
                <token content="dragonfruit-passionberry" id="6-4">
                    <pos type="JJ"/>
                    <lemma type="dragonfruit-passionberry"/>
                </token>
                <token content="bomb" id="6-5">
                    <pos type="NN"/>
                    <lemma type="bomb"/>
                    <dep head="6-2" type="dobj"/>
                </token>
                <token content="," id="6-6"/>
                <token content="and" id="6-7"/>
                <token content="purchased" id="6-8">
                    <pos type="VBD"/>
                    <lemma type="purchase"/>
                    <dep head="6-2" type="conj"/>
                </token>
                <token content="it" id="6-9">
                    <pos type="PRP"/>
                    <lemma type="it"/>
                    <dep head="6-8" type="dobj"/>
                </token>
                <token content="." id="6-10"/>
            </sentence>
            <sentence id="7">
                <token content="Although" id="7-1">
                    <pos type="IN"/>
                    <lemma type="although"/>
                </token>
                <token content="I" id="7-2">
                    <pos type="PRP"/>
                    <lemma type="I"/>
                </token>
                <token content="am" id="7-3">
                    <pos type="VBP"/>
                    <lemma type="be"/>
                </token>
                <token content="a" id="7-4">
                    <pos type="DT"/>
                    <lemma type="a"/>
                </token>
                <token content="straight" id="7-5">
                    <pos type="JJ"/>
                    <lemma type="straight"/>
                </token>
                <token content="man" id="7-6">
                    <pos type="NN"/>
                    <lemma type="man"/>
                    <dep head="7-9" type="advcl"/>
                </token>
                <token content="," id="7-7"/>
                <token content="I" id="7-8">
                    <pos type="PRP"/>
                    <lemma type="I"/>
                    <dep head="7-9" type="nsubj"/>
                </token>
                <token content="love" id="7-9">
                    <pos type="VBP"/>
                    <lemma type="love"/>
                </token>
                <token content="to" id="7-10">
                    <pos type="TO"/>
                    <lemma type="to"/>
                    <dep head="7-11" type="aux"/>
                </token>
                <token content="pamper" id="7-11">
                    <pos type="VB"/>
                    <lemma type="pamper"/>
                    <dep head="7-9" type="xcomp"/>
                </token>
                <token content="myself" id="7-12">
                    <pos type="PRP"/>
                    <lemma type="myself"/>
                    <dep head="7-11" type="dobj"/>
                </token>
                <token content="." id="7-13"/>
            </sentence>
            <sentence id="8">
                <token content="Getting" id="8-1">
                    <pos type="VBG"/>
                    <lemma type="get"/>
                    <dep head="8-9" type="vmod"/>
                </token>
                <token content="home" id="8-2">
                    <pos type="NN"/>
                    <lemma type="home"/>
                    <dep head="8-1" type="dobj"/>
                </token>
                <token content="," id="8-3"/>
                <token content="the" id="8-4">
                    <pos type="DT"/>
                    <lemma type="the"/>
                </token>
                <token content="first" id="8-5">
                    <pos type="JJ"/>
                    <lemma type="first"/>
                </token>
                <token content="thing" id="8-6">
                    <pos type="NN"/>
                    <lemma type="thing"/>
                    <dep head="8-9" type="nsubj"/>
                </token>
                <token content="I" id="8-7">
                    <pos type="PRP"/>
                    <lemma type="I"/>
                    <dep head="8-8" type="nsubj"/>
                </token>
                <token content="did" id="8-8">
                    <pos type="VBD"/>
                    <lemma type="do"/>
                </token>
                <token content="was" id="8-9">
                    <pos type="VBD"/>
                    <lemma type="be"/>
                </token>
                <token content="turn" id="8-10">
                    <pos type="VB"/>
                    <lemma type="turn"/>
                    <dep head="8-9" type="ccomp"/>
                </token>
                <token content="the" id="8-11">
                    <pos type="DT"/>
                    <lemma type="the"/>
                </token>
                <token content="hot" id="8-12">
                    <pos type="JJ"/>
                    <lemma type="hot"/>
                </token>
                <token content="water" id="8-13">
                    <pos type="NN"/>
                    <lemma type="water"/>
                    <dep head="8-10" type="dobj"/>
                </token>
                <token content="on" id="8-14">
                    <pos type="IN"/>
                    <lemma type="on"/>
                    <dep head="8-10" type="dep"/>
                </token>
                <token content="in" id="8-15"/>
                <token content="the" id="8-16">
                    <pos type="DT"/>
                    <lemma type="the"/>
                </token>
                <token content="bath" id="8-17">
                    <pos type="NN"/>
                    <lemma type="bath"/>
                    <dep head="8-10" type="prep"/>
                </token>
                <token content="to" id="8-18">
                    <pos type="TO"/>
                    <lemma type="to"/>
                    <dep head="8-19" type="aux"/>
                </token>
                <token content="fill" id="8-19">
                    <pos type="VB"/>
                    <lemma type="fill"/>
                </token>
                <token content="it" id="8-20">
                    <pos type="PRP"/>
                    <lemma type="it"/>
                    <dep head="8-19" type="dobj"/>
                </token>
                <token content="up" id="8-21">
                    <pos type="RP"/>
                    <lemma type="up"/>
                    <dep head="8-19" type="prt"/>
                </token>
                <token content="." id="8-22"/>
            </sentence>
            <sentence id="9">
                <token content="The" id="9-1">
                    <pos type="DT"/>
                    <lemma type="the"/>
                </token>
                <token content="warm" id="9-2">
                    <pos type="JJ"/>
                    <lemma type="warm"/>
                </token>
                <token content="water" id="9-3">
                    <pos type="NN"/>
                    <lemma type="water"/>
                    <dep head="9-11" type="nsubj"/>
                </token>
                <token content="filled" id="9-4">
                    <pos type="VBN"/>
                    <lemma type="fill"/>
                </token>
                <token content="the" id="9-5">
                    <pos type="DT"/>
                    <lemma type="the"/>
                </token>
                <token content="tub" id="9-6">
                    <pos type="NN"/>
                    <lemma type="tub"/>
                    <dep head="9-4" type="dobj"/>
                </token>
                <token content="and" id="9-7"/>
                <token content="tendrils" id="9-8">
                    <pos type="NNS"/>
                    <lemma type="tendril"/>
                </token>
                <token content="of" id="9-9"/>
                <token content="mist" id="9-10">
                    <pos type="NN"/>
                    <lemma type="mist"/>
                </token>
                <token content="rose" id="9-11">
                    <pos type="VBD"/>
                    <lemma type="rise"/>
                </token>
                <token content="from" id="9-12"/>
                <token content="the" id="9-13">
                    <pos type="DT"/>
                    <lemma type="the"/>
                </token>
                <token content="steamy" id="9-14">
                    <pos type="JJ"/>
                    <lemma type="steamy"/>
                </token>
                <token content="water" id="9-15">
                    <pos type="NN"/>
                    <lemma type="water"/>
                    <dep head="9-11" type="prep"/>
                </token>
                <token content="." id="9-16"/>
            </sentence>
            <sentence id="10">
                <token content="The" id="10-1">
                    <pos type="DT"/>
                    <lemma type="the"/>
                </token>
                <token content="warmth" id="10-2">
                    <pos type="NN"/>
                    <lemma type="warmth"/>
                    <dep head="10-5" type="nsubj"/>
                </token>
                <token content="was" id="10-3">
                    <pos type="VBD"/>
                    <lemma type="be"/>
                    <dep head="10-5" type="aux"/>
                </token>
                <token content="positively" id="10-4">
                    <pos type="RB"/>
                    <lemma type="positively"/>
                    <dep head="10-5" type="advmod"/>
                </token>
                <token content="inviting" id="10-5">
                    <pos type="VBG"/>
                    <lemma type="invite"/>
                </token>
                <token content="!" id="10-6"/>
            </sentence>
            <sentence id="11">
                <token content="I" id="11-1">
                    <pos type="PRP"/>
                    <lemma type="I"/>
                    <dep head="11-2" type="nsubj"/>
                </token>
                <token content="dropped" id="11-2">
                    <pos type="VBD"/>
                    <lemma type="drop"/>
                </token>
                <token content="the" id="11-3">
                    <pos type="DT"/>
                    <lemma type="the"/>
                </token>
                <token content="bath" id="11-4">
                    <pos type="NN"/>
                    <lemma type="bath"/>
                </token>
                <token content="bomb" id="11-5">
                    <pos type="NN"/>
                    <lemma type="bomb"/>
                    <dep head="11-2" type="dobj"/>
                </token>
                <token content="in" id="11-6">
                    <pos type="IN"/>
                    <lemma type="in"/>
                    <dep head="11-2" type="prep"/>
                </token>
                <token content="and" id="11-7"/>
                <token content="stepped" id="11-8">
                    <pos type="VBD"/>
                    <lemma type="step"/>
                    <dep head="11-2" type="conj"/>
                </token>
                <token content="into" id="11-9"/>
                <token content="the" id="11-10">
                    <pos type="DT"/>
                    <lemma type="the"/>
                </token>
                <token content="tub" id="11-11">
                    <pos type="NN"/>
                    <lemma type="tub"/>
                    <dep head="11-8" type="prep"/>
                </token>
                <token content="myself" id="11-12">
                    <pos type="PRP"/>
                    <lemma type="myself"/>
                    <dep head="11-2" type="dobj"/>
                </token>
                <token content="." id="11-13"/>
            </sentence>
            <sentence id="12">
                <token content="Lowering" id="12-1">
                    <pos type="VBG"/>
                    <lemma type="lower"/>
                    <dep head="12-11" type="vmod"/>
                </token>
                <token content="myself" id="12-2">
                    <pos type="PRP"/>
                    <lemma type="myself"/>
                    <dep head="12-1" type="dobj"/>
                </token>
                <token content="slowly" id="12-3">
                    <pos type="RB"/>
                    <lemma type="slowly"/>
                    <dep head="12-1" type="advmod"/>
                </token>
                <token content="into" id="12-4"/>
                <token content="the" id="12-5">
                    <pos type="DT"/>
                    <lemma type="the"/>
                </token>
                <token content="water" id="12-6">
                    <pos type="NN"/>
                    <lemma type="water"/>
                </token>
                <token content="'s" id="12-7"/>
                <token content="embrace" id="12-8">
                    <pos type="NN"/>
                    <lemma type="embrace"/>
                    <dep head="12-1" type="prep"/>
                </token>
                <token content="," id="12-9"/>
                <token content="I" id="12-10">
                    <pos type="PRP"/>
                    <lemma type="I"/>
                    <dep head="12-11" type="nsubj"/>
                </token>
                <token content="relaxed" id="12-11">
                    <pos type="VBD"/>
                    <lemma type="relax"/>
                </token>
                <token content="fully" id="12-12">
                    <pos type="RB"/>
                    <lemma type="fully"/>
                    <dep head="12-11" type="advmod"/>
                </token>
                <token content="." id="12-13"/>
            </sentence>
            <sentence id="13">
                <token content="After" id="13-1"/>
                <token content="spending" id="13-2">
                    <pos type="VBG"/>
                    <lemma type="spend"/>
                </token>
                <token content="20" id="13-3">
                    <pos type="CD"/>
                    <lemma type="20"/>
                </token>
                <token content="minutes" id="13-4">
                    <pos type="NNS"/>
                    <lemma type="minute"/>
                    <dep head="13-2" type="dobj"/>
                </token>
                <token content="and" id="13-5"/>
                <token content="becoming" id="13-6">
                    <pos type="VBG"/>
                    <lemma type="become"/>
                    <dep head="13-2" type="conj"/>
                </token>
                <token content="a" id="13-7">
                    <pos type="DT"/>
                    <lemma type="a"/>
                </token>
                <token content="pruny" id="13-8">
                    <pos type="JJ"/>
                    <lemma type="pruny"/>
                </token>
                <token content="mass" id="13-9">
                    <pos type="NN"/>
                    <lemma type="mass"/>
                    <dep head="13-6" type="xcomp"/>
                </token>
                <token content="," id="13-10"/>
                <token content="my" id="13-11">
                    <pos type="PRP$"/>
                    <lemma type="my"/>
                </token>
                <token content="bath" id="13-12">
                    <pos type="NN"/>
                    <lemma type="bath"/>
                </token>
                <token content="was" id="13-13">
                    <pos type="VBD"/>
                    <lemma type="be"/>
                </token>
                <token content="complete" id="13-14">
                    <pos type="JJ"/>
                    <lemma type="complete"/>
                </token>
                <token content="and" id="13-15"/>
                <token content="my" id="13-16">
                    <pos type="PRP$"/>
                    <lemma type="my"/>
                </token>
                <token content="whole" id="13-17">
                    <pos type="JJ"/>
                    <lemma type="whole"/>
                </token>
                <token content="persona" id="13-18">
                    <pos type="NN"/>
                    <lemma type="persona"/>
                </token>
                <token content="was" id="13-19">
                    <pos type="VBD"/>
                    <lemma type="be"/>
                </token>
                <token content="now" id="13-20">
                    <pos type="RB"/>
                    <lemma type="now"/>
                </token>
                <token content="clean" id="13-21">
                    <pos type="JJ"/>
                    <lemma type="clean"/>
                </token>
                <token content="." id="13-22"/>
            </sentence>
        </sentences>
    </text>
    <annotations>
        <participants>
            <label from="1-2" id="0" name="No_label" text="day" type="participant"/>
            <label from="1-3" id="1" name="ScrPart_bather" text="I" type="participant"/>
            <label from="1-5" id="2" name="ScrPart_bather" text="myself" type="participant"/>
            <label from="1-8" id="3" name="No_label" text="form" type="participant"/>
            <label from="2-1" id="4" name="No_label" text="It" type="participant"/>
            <label from="3-2" id="5" name="NPart" text="night" type="participant"/>
            <label from="3-3" id="6" name="ScrPart_bather" text="I" type="participant"/>
            <label from="3-8" id="7" name="ScrPart_bather" text="my" type="participant"/>
            <label from="3-10" id="8" name="NPart" text="routine" type="participant"/>
            <label from="3-14" id="9" name="ScrPart_shower" text="shower" type="participant"/>
            <label from="3-22" id="10" name="SuppVComp" text="bubble bath" to="3-23" type="participant"/>
            <label from="3-23" id="11" name="SuppVComp" text="bath" type="participant"/>
            <label from="4-6" id="12" name="NPart" text="endeavor" type="participant"/>
            <label from="4-8" id="13" name="ScrPart_bather" text="I" type="participant"/>
            <label from="4-11" id="14" name="NPart" text="LUSH" type="participant"/>
            <label from="4-13" id="15" name="ScrPart_bather" text="my" type="participant"/>
            <label from="4-14" id="16" name="NPart" text="way" type="participant"/>
            <label from="4-15" id="17" name="NPart" text="home" type="participant"/>
            <label from="4-17" id="18" name="NPart" text="work" type="participant"/>
            <label from="5-1" id="19" name="NPart" text="LUSH" type="participant"/>
            <label from="5-4" id="20" name="Head_of_Partitive" text="variety" type="participant"/>
            <label from="5-7" id="21" name="ScrPart_bath_means" text="bath bombs" to="5-8" type="participant"/>
            <label from="5-8" id="22" name="ScrPart_bath_means" text="bombs" type="participant"/>
            <label from="5-10" id="23" name="ScrPart_bath_means" text="that" type="participant"/>
            <label from="5-17" id="24" name="ScrPart_bath" text="bath" type="participant"/>
            <label from="6-1" id="25" name="ScrPart_bather" text="I" type="participant"/>
            <label from="6-4" id="26" name="ScrPart_bath_means" text="dragonfruit-passionberry bomb" to="6-5" type="participant"/>
            <label from="6-5" id="27" name="ScrPart_bath_means" text="bomb" type="participant"/>
            <label from="6-9" id="28" name="ScrPart_bath_means" text="it" type="participant"/>
            <label from="7-2" id="29" name="ScrPart_bather" text="I" type="participant"/>
            <label from="7-6" id="30" name="NPart" text="man" type="participant"/>
            <label from="7-8" id="31" name="ScrPart_bather" text="I" type="participant"/>
            <label from="7-12" id="32" name="ScrPart_bather" text="myself" type="participant"/>
            <label from="8-2" id="33" name="NPart" text="home" type="participant"/>
            <label from="8-6" id="34" name="No_label" text="thing" type="participant"/>
            <label from="8-7" id="35" name="ScrPart_bather" text="I" type="participant"/>
            <label from="8-13" id="36" name="ScrPart_water" text="water" type="participant"/>
            <label from="8-17" id="37" name="ScrPart_bathtub" text="bath" type="participant"/>
            <label from="8-20" id="38" name="ScrPart_bathtub" text="it" type="participant"/>
            <label from="9-3" id="39" name="ScrPart_water" text="water" type="participant"/>
            <label from="9-6" id="40" name="ScrPart_bathtub" text="tub" type="participant"/>
            <label from="9-8" id="41" name="Head_of_Partitive" text="tendrils" type="participant"/>
            <label from="9-10" id="42" name="NPart" text="mist" type="participant"/>
            <label from="9-15" id="43" name="ScrPart_water" text="water" type="participant"/>
            <label from="10-2" id="44" name="ScrPart_temperature" text="warmth" type="participant"/>
            <label from="11-1" id="45" name="ScrPart_bather" text="I" type="participant"/>
            <label from="11-4" id="46" name="ScrPart_bath_means" text="bath bomb" to="11-5" type="participant"/>
            <label from="11-5" id="47" name="ScrPart_bath_means" text="bomb" type="participant"/>
            <label from="11-11" id="48" name="ScrPart_bathtub" text="tub" type="participant"/>
            <label from="11-12" id="49" name="ScrPart_bather" text="myself" type="participant"/>
            <label from="12-2" id="50" name="ScrPart_bather" text="myself" type="participant"/>
            <label from="12-6" id="51" name="ScrPart_water" text="water" type="participant"/>
            <label from="12-8" id="52" name="NPart" text="embrace" type="participant"/>
            <label from="12-10" id="53" name="ScrPart_bather" text="I" type="participant"/>
            <label from="13-4" id="54" name="NPart" text="minutes" type="participant"/>
            <label from="13-9" id="55" name="Unclear" text="mass" type="participant"/>
            <label from="13-11" id="56" name="ScrPart_bather" text="my" type="participant"/>
            <label from="13-12" id="57" name="ScrPart_bath" text="bath" type="participant"/>
            <label from="13-16" id="58" name="ScrPart_bather" text="my" type="participant"/>
            <label from="13-18" id="59" name="Unclear" text="persona" type="participant"/>
        </participants>
        <events>
            <label from="1-4" id="60" name="ScrEv_wash" text="wash" type="event"/>
            <label from="2-2" id="61" name="UnrelEv" text="is" type="event"/>
            <label from="2-5" id="62" name="UnrelEv" text="stay" type="event"/>
            <label from="3-4" id="63" name="UnrelEv" text="decided" type="event"/>
            <label from="3-6" id="64" name="UnrelEv" text="switch up" to="3-7" type="event"/>
            <label from="3-12" id="65" name="UnrelEv" text="taking" type="event"/>
            <label from="3-17" id="66" name="UnrelEv" text="decided" type="event"/>
            <label from="3-19" id="67" name="Evoking" text="take a nice bubble bath" to="3-23" type="event"/>
            <label from="4-2" id="68" name="ScrEv_prepare_bath" text="prepare" type="event"/>
            <label from="4-9" id="69" name="UnrelEv" text="stopped" type="event"/>
            <label from="5-2" id="70" name="UnrelEv" text="has" type="event"/>
            <label from="5-13" id="71" name="UnrelEv" text="used" type="event"/>
            <label from="5-15" id="72" name="RelNScrEv" text="enhance" type="event"/>
            <label from="6-2" id="73" name="ScrEv_prepare_bath" text="found" type="event"/>
            <label from="6-8" id="74" name="ScrEv_prepare_bath" text="purchased" type="event"/>
            <label from="7-3" id="75" name="UnrelEv" text="am" type="event"/>
            <label from="7-9" id="76" name="UnrelEv" text="love" type="event"/>
            <label from="7-11" id="77" name="RelNScrEv" text="pamper" type="event"/>
            <label from="8-1" id="78" name="UnrelEv" text="Getting" type="event"/>
            <label from="8-8" id="79" name="UnrelEv" text="did" type="event"/>
            <label from="8-9" id="80" name="UnrelEv" text="was" type="event"/>
            <label from="8-10" id="81" name="ScrEv_turn_water_on" text="turn" type="event"/>
            <label from="8-19" id="82" name="ScrEv_fill_water/wait" text="fill" type="event"/>
            <label from="9-4" id="83" name="ScrEv_fill_water/wait" text="filled" type="event"/>
            <label from="9-11" id="84" name="RelNScrEv" text="rose" type="event"/>
            <label from="10-5" id="85" name="RelNScrEv" text="inviting" type="event"/>
            <label from="11-2" id="86" name="ScrEv_put_bubble_bath_scent" text="dropped" type="event"/>
            <label from="11-8" id="87" name="ScrEv_sink_water" text="stepped" type="event"/>
            <label from="12-1" id="88" name="ScrEv_sink_water" text="Lowering" type="event"/>
            <label from="12-11" id="89" name="ScrEv_relax" text="relaxed" type="event"/>
            <label from="13-2" id="90" name="RelNScrEv" text="spending" type="event"/>
            <label from="13-6" id="91" name="RelNScrEv" text="becoming" type="event"/>
            <label from="13-13" id="92" name="UnrelEv" text="was" type="event"/>
            <label from="13-19" id="93" name="UnrelEv" text="was" type="event"/>
        </events>
        <chains>
            <chain elements="1 2 6 7 13 15 25 29 31 32 35 45 49 50 53 56 58"/>
            <chain elements="22 23 27 28 47"/>
            <chain elements="37 38 40 48"/>
            <chain elements="36 39 43 51"/>
            <chain elements="24 57"/>
        </chains>
    </annotations>
</story>
