<?xml version="1.0" encoding="UTF-8" standalone="no"?>
<!DOCTYPE story SYSTEM "../InScript.dtd">
<story id="082" scenario="bath">
    <text>
        <content>Every morning I take a bath . 
Before I get into the bath tub , I turn on the water . 
I adjust the cold and the hot water to make a bearable temperature . 
I adjust the water before entering the tub so I wo n't burn or freeze myself . 
After the water is just right , I take off all my clothes and enter the tub . 
I pour water on my body then I lather up with either soap or shower gel . 
Once I have soap all over my body , I take my loofah sponge and pour soap on that as well . 
I , then , begin to scrub my body as firm but gently as I can . 
I do this to ensure that all the dirt washes off my skin . 
While I am scrubbing my body , I like to sing in the shower . 
After I scrub really good and finish singing , I pour water continuously on my body until all the soap washes off . 
I stay in the shower for about twenty minutes until I feel clean . </content>
        <sentences>
            <sentence id="1">
                <token content="Every" id="1-1">
                    <pos type="DT"/>
                    <lemma type="every"/>
                </token>
                <token content="morning" id="1-2">
                    <pos type="NN"/>
                    <lemma type="morning"/>
                    <dep head="1-4" type="tmod"/>
                </token>
                <token content="I" id="1-3">
                    <pos type="PRP"/>
                    <lemma type="I"/>
                    <dep head="1-4" type="nsubj"/>
                </token>
                <token content="take" id="1-4">
                    <pos type="VBP"/>
                    <lemma type="take"/>
                </token>
                <token content="a" id="1-5">
                    <pos type="DT"/>
                    <lemma type="a"/>
                </token>
                <token content="bath" id="1-6">
                    <pos type="NN"/>
                    <lemma type="bath"/>
                    <dep head="1-4" type="dobj"/>
                </token>
                <token content="." id="1-7"/>
            </sentence>
            <sentence id="2">
                <token content="Before" id="2-1">
                    <pos type="IN"/>
                    <lemma type="before"/>
                    <dep head="2-3" type="mark"/>
                </token>
                <token content="I" id="2-2">
                    <pos type="PRP"/>
                    <lemma type="I"/>
                    <dep head="2-3" type="nsubj"/>
                </token>
                <token content="get" id="2-3">
                    <pos type="VBP"/>
                    <lemma type="get"/>
                    <dep head="2-10" type="advcl"/>
                </token>
                <token content="into" id="2-4"/>
                <token content="the" id="2-5">
                    <pos type="DT"/>
                    <lemma type="the"/>
                </token>
                <token content="bath" id="2-6">
                    <pos type="NN"/>
                    <lemma type="bath"/>
                </token>
                <token content="tub" id="2-7">
                    <pos type="NN"/>
                    <lemma type="tub"/>
                    <dep head="2-3" type="prep"/>
                </token>
                <token content="," id="2-8"/>
                <token content="I" id="2-9">
                    <pos type="PRP"/>
                    <lemma type="I"/>
                    <dep head="2-10" type="nsubj"/>
                </token>
                <token content="turn" id="2-10">
                    <pos type="VBP"/>
                    <lemma type="turn"/>
                </token>
                <token content="on" id="2-11"/>
                <token content="the" id="2-12">
                    <pos type="DT"/>
                    <lemma type="the"/>
                </token>
                <token content="water" id="2-13">
                    <pos type="NN"/>
                    <lemma type="water"/>
                    <dep head="2-10" type="prep"/>
                </token>
                <token content="." id="2-14"/>
            </sentence>
            <sentence id="3">
                <token content="I" id="3-1">
                    <pos type="PRP"/>
                    <lemma type="I"/>
                    <dep head="3-2" type="nsubj"/>
                </token>
                <token content="adjust" id="3-2">
                    <pos type="VBP"/>
                    <lemma type="adjust"/>
                </token>
                <token content="the" id="3-3">
                    <pos type="DT"/>
                    <lemma type="the"/>
                </token>
                <token content="cold" id="3-4">
                    <pos type="NN"/>
                    <lemma type="cold"/>
                    <dep head="3-2" type="dobj"/>
                </token>
                <token content="and" id="3-5"/>
                <token content="the" id="3-6">
                    <pos type="DT"/>
                    <lemma type="the"/>
                </token>
                <token content="hot" id="3-7">
                    <pos type="JJ"/>
                    <lemma type="hot"/>
                </token>
                <token content="water" id="3-8">
                    <pos type="NN"/>
                    <lemma type="water"/>
                </token>
                <token content="to" id="3-9">
                    <pos type="TO"/>
                    <lemma type="to"/>
                    <dep head="3-10" type="aux"/>
                </token>
                <token content="make" id="3-10">
                    <pos type="VB"/>
                    <lemma type="make"/>
                    <dep head="3-2" type="xcomp"/>
                </token>
                <token content="a" id="3-11">
                    <pos type="DT"/>
                    <lemma type="a"/>
                </token>
                <token content="bearable" id="3-12">
                    <pos type="JJ"/>
                    <lemma type="bearable"/>
                </token>
                <token content="temperature" id="3-13">
                    <pos type="NN"/>
                    <lemma type="temperature"/>
                    <dep head="3-10" type="dobj"/>
                </token>
                <token content="." id="3-14"/>
            </sentence>
            <sentence id="4">
                <token content="I" id="4-1">
                    <pos type="PRP"/>
                    <lemma type="I"/>
                    <dep head="4-2" type="nsubj"/>
                </token>
                <token content="adjust" id="4-2">
                    <pos type="VBP"/>
                    <lemma type="adjust"/>
                </token>
                <token content="the" id="4-3">
                    <pos type="DT"/>
                    <lemma type="the"/>
                </token>
                <token content="water" id="4-4">
                    <pos type="NN"/>
                    <lemma type="water"/>
                    <dep head="4-2" type="dobj"/>
                </token>
                <token content="before" id="4-5"/>
                <token content="entering" id="4-6">
                    <pos type="VBG"/>
                    <lemma type="enter"/>
                    <dep head="4-2" type="prepc"/>
                </token>
                <token content="the" id="4-7">
                    <pos type="DT"/>
                    <lemma type="the"/>
                </token>
                <token content="tub" id="4-8">
                    <pos type="NN"/>
                    <lemma type="tub"/>
                    <dep head="4-6" type="dobj"/>
                </token>
                <token content="so" id="4-9">
                    <pos type="IN"/>
                    <lemma type="so"/>
                    <dep head="4-13" type="mark"/>
                </token>
                <token content="I" id="4-10">
                    <pos type="PRP"/>
                    <lemma type="I"/>
                    <dep head="4-13" type="nsubj"/>
                </token>
                <token content="wo" id="4-11">
                    <pos type="MD"/>
                    <lemma type="will"/>
                    <dep head="4-13" type="aux"/>
                </token>
                <token content="n't" id="4-12">
                    <pos type="RB"/>
                    <lemma type="not"/>
                    <dep head="4-13" type="neg"/>
                </token>
                <token content="burn" id="4-13">
                    <pos type="VB"/>
                    <lemma type="burn"/>
                    <dep head="4-6" type="advcl"/>
                </token>
                <token content="or" id="4-14"/>
                <token content="freeze" id="4-15">
                    <pos type="VB"/>
                    <lemma type="freeze"/>
                    <dep head="4-13" type="conj"/>
                </token>
                <token content="myself" id="4-16">
                    <pos type="PRP"/>
                    <lemma type="myself"/>
                    <dep head="4-13" type="dobj"/>
                </token>
                <token content="." id="4-17"/>
            </sentence>
            <sentence id="5">
                <token content="After" id="5-1">
                    <pos type="IN"/>
                    <lemma type="after"/>
                </token>
                <token content="the" id="5-2">
                    <pos type="DT"/>
                    <lemma type="the"/>
                </token>
                <token content="water" id="5-3">
                    <pos type="NN"/>
                    <lemma type="water"/>
                </token>
                <token content="is" id="5-4">
                    <pos type="VBZ"/>
                    <lemma type="be"/>
                </token>
                <token content="just" id="5-5">
                    <pos type="RB"/>
                    <lemma type="just"/>
                </token>
                <token content="right" id="5-6">
                    <pos type="JJ"/>
                    <lemma type="right"/>
                    <dep head="5-9" type="advcl"/>
                </token>
                <token content="," id="5-7"/>
                <token content="I" id="5-8">
                    <pos type="PRP"/>
                    <lemma type="I"/>
                    <dep head="5-9" type="nsubj"/>
                </token>
                <token content="take" id="5-9">
                    <pos type="VB"/>
                    <lemma type="take"/>
                </token>
                <token content="off" id="5-10">
                    <pos type="RP"/>
                    <lemma type="off"/>
                    <dep head="5-9" type="prt"/>
                </token>
                <token content="all" id="5-11">
                    <pos type="PDT"/>
                    <lemma type="all"/>
                </token>
                <token content="my" id="5-12">
                    <pos type="PRP$"/>
                    <lemma type="my"/>
                </token>
                <token content="clothes" id="5-13">
                    <pos type="NNS"/>
                    <lemma type="clothes"/>
                    <dep head="5-9" type="dobj"/>
                </token>
                <token content="and" id="5-14"/>
                <token content="enter" id="5-15">
                    <pos type="VB"/>
                    <lemma type="enter"/>
                    <dep head="5-9" type="conj"/>
                </token>
                <token content="the" id="5-16">
                    <pos type="DT"/>
                    <lemma type="the"/>
                </token>
                <token content="tub" id="5-17">
                    <pos type="NN"/>
                    <lemma type="tub"/>
                    <dep head="5-15" type="dobj"/>
                </token>
                <token content="." id="5-18"/>
            </sentence>
            <sentence id="6">
                <token content="I" id="6-1">
                    <pos type="PRP"/>
                    <lemma type="I"/>
                    <dep head="6-2" type="nsubj"/>
                </token>
                <token content="pour" id="6-2">
                    <pos type="VBP"/>
                    <lemma type="pour"/>
                </token>
                <token content="water" id="6-3">
                    <pos type="NN"/>
                    <lemma type="water"/>
                    <dep head="6-2" type="dobj"/>
                </token>
                <token content="on" id="6-4"/>
                <token content="my" id="6-5">
                    <pos type="PRP$"/>
                    <lemma type="my"/>
                </token>
                <token content="body" id="6-6">
                    <pos type="NN"/>
                    <lemma type="body"/>
                </token>
                <token content="then" id="6-7">
                    <pos type="RB"/>
                    <lemma type="then"/>
                    <dep head="6-2" type="advmod"/>
                </token>
                <token content="I" id="6-8">
                    <pos type="PRP"/>
                    <lemma type="I"/>
                    <dep head="6-9" type="nsubj"/>
                </token>
                <token content="lather" id="6-9">
                    <pos type="VBP"/>
                    <lemma type="lather"/>
                    <dep head="6-2" type="parataxis"/>
                </token>
                <token content="up" id="6-10">
                    <pos type="RP"/>
                    <lemma type="up"/>
                    <dep head="6-9" type="prt"/>
                </token>
                <token content="with" id="6-11"/>
                <token content="either" id="6-12">
                    <pos type="DT"/>
                    <lemma type="either"/>
                </token>
                <token content="soap" id="6-13">
                    <pos type="NN"/>
                    <lemma type="soap"/>
                </token>
                <token content="or" id="6-14"/>
                <token content="shower" id="6-15">
                    <pos type="NN"/>
                    <lemma type="shower"/>
                </token>
                <token content="gel" id="6-16">
                    <pos type="NN"/>
                    <lemma type="gel"/>
                    <dep head="6-9" type="prep"/>
                </token>
                <token content="." id="6-17"/>
            </sentence>
            <sentence id="7">
                <token content="Once" id="7-1">
                    <pos type="IN"/>
                    <lemma type="once"/>
                    <dep head="7-4" type="mark"/>
                </token>
                <token content="I" id="7-2">
                    <pos type="PRP"/>
                    <lemma type="I"/>
                    <dep head="7-4" type="nsubj"/>
                </token>
                <token content="have" id="7-3">
                    <pos type="VBP"/>
                    <lemma type="have"/>
                    <dep head="7-4" type="aux"/>
                </token>
                <token content="soap" id="7-4">
                    <pos type="VBN"/>
                    <lemma type="soap"/>
                    <dep head="7-11" type="advcl"/>
                </token>
                <token content="all" id="7-5">
                    <pos type="DT"/>
                    <lemma type="all"/>
                    <dep head="7-4" type="dep"/>
                </token>
                <token content="over" id="7-6"/>
                <token content="my" id="7-7">
                    <pos type="PRP$"/>
                    <lemma type="my"/>
                </token>
                <token content="body" id="7-8">
                    <pos type="NN"/>
                    <lemma type="body"/>
                    <dep head="7-4" type="prep"/>
                </token>
                <token content="," id="7-9"/>
                <token content="I" id="7-10">
                    <pos type="PRP"/>
                    <lemma type="I"/>
                    <dep head="7-11" type="nsubj"/>
                </token>
                <token content="take" id="7-11">
                    <pos type="VBP"/>
                    <lemma type="take"/>
                </token>
                <token content="my" id="7-12">
                    <pos type="PRP$"/>
                    <lemma type="my"/>
                </token>
                <token content="loofah" id="7-13">
                    <pos type="NN"/>
                    <lemma type="loofah"/>
                    <dep head="7-14" type="nsubj"/>
                </token>
                <token content="sponge" id="7-14">
                    <pos type="VBP"/>
                    <lemma type="sponge"/>
                    <dep head="7-11" type="ccomp"/>
                </token>
                <token content="and" id="7-15"/>
                <token content="pour" id="7-16">
                    <pos type="VBP"/>
                    <lemma type="pour"/>
                    <dep head="7-14" type="conj"/>
                </token>
                <token content="soap" id="7-17">
                    <pos type="NN"/>
                    <lemma type="soap"/>
                    <dep head="7-14" type="dobj"/>
                </token>
                <token content="on" id="7-18"/>
                <token content="that" id="7-19">
                    <pos type="DT"/>
                    <lemma type="that"/>
                </token>
                <token content="as" id="7-20">
                    <pos type="RB"/>
                    <lemma type="as"/>
                </token>
                <token content="well" id="7-21">
                    <pos type="RB"/>
                    <lemma type="well"/>
                    <dep head="7-14" type="advmod"/>
                </token>
                <token content="." id="7-22"/>
            </sentence>
            <sentence id="8">
                <token content="I" id="8-1">
                    <pos type="PRP"/>
                    <lemma type="I"/>
                    <dep head="8-5" type="nsubj"/>
                </token>
                <token content="," id="8-2"/>
                <token content="then" id="8-3">
                    <pos type="RB"/>
                    <lemma type="then"/>
                    <dep head="8-5" type="advmod"/>
                </token>
                <token content="," id="8-4"/>
                <token content="begin" id="8-5">
                    <pos type="VBP"/>
                    <lemma type="begin"/>
                </token>
                <token content="to" id="8-6">
                    <pos type="TO"/>
                    <lemma type="to"/>
                    <dep head="8-7" type="aux"/>
                </token>
                <token content="scrub" id="8-7">
                    <pos type="VB"/>
                    <lemma type="scrub"/>
                    <dep head="8-5" type="xcomp"/>
                </token>
                <token content="my" id="8-8">
                    <pos type="PRP$"/>
                    <lemma type="my"/>
                </token>
                <token content="body" id="8-9">
                    <pos type="NN"/>
                    <lemma type="body"/>
                    <dep head="8-7" type="dobj"/>
                </token>
                <token content="as" id="8-10"/>
                <token content="firm" id="8-11">
                    <pos type="NN"/>
                    <lemma type="firm"/>
                    <dep head="8-7" type="prep"/>
                </token>
                <token content="but" id="8-12">
                    <pos type="CC"/>
                    <lemma type="but"/>
                    <dep head="8-5" type="cc"/>
                </token>
                <token content="gently" id="8-13">
                    <pos type="RB"/>
                    <lemma type="gently"/>
                </token>
                <token content="as" id="8-14">
                    <pos type="IN"/>
                    <lemma type="as"/>
                </token>
                <token content="I" id="8-15">
                    <pos type="PRP"/>
                    <lemma type="I"/>
                </token>
                <token content="can" id="8-16">
                    <pos type="MD"/>
                    <lemma type="can"/>
                    <dep head="8-5" type="advcl"/>
                </token>
                <token content="." id="8-17"/>
            </sentence>
            <sentence id="9">
                <token content="I" id="9-1">
                    <pos type="PRP"/>
                    <lemma type="I"/>
                    <dep head="9-2" type="nsubj"/>
                </token>
                <token content="do" id="9-2">
                    <pos type="VBP"/>
                    <lemma type="do"/>
                </token>
                <token content="this" id="9-3">
                    <pos type="DT"/>
                    <lemma type="this"/>
                    <dep head="9-2" type="dobj"/>
                </token>
                <token content="to" id="9-4">
                    <pos type="TO"/>
                    <lemma type="to"/>
                    <dep head="9-5" type="aux"/>
                </token>
                <token content="ensure" id="9-5">
                    <pos type="VB"/>
                    <lemma type="ensure"/>
                    <dep head="9-2" type="xcomp"/>
                </token>
                <token content="that" id="9-6">
                    <pos type="IN"/>
                    <lemma type="that"/>
                    <dep head="9-10" type="mark"/>
                </token>
                <token content="all" id="9-7">
                    <pos type="PDT"/>
                    <lemma type="all"/>
                </token>
                <token content="the" id="9-8">
                    <pos type="DT"/>
                    <lemma type="the"/>
                </token>
                <token content="dirt" id="9-9">
                    <pos type="NN"/>
                    <lemma type="dirt"/>
                    <dep head="9-10" type="nsubj"/>
                </token>
                <token content="washes" id="9-10">
                    <pos type="VBZ"/>
                    <lemma type="wash"/>
                    <dep head="9-5" type="ccomp"/>
                </token>
                <token content="off" id="9-11">
                    <pos type="RP"/>
                    <lemma type="off"/>
                    <dep head="9-10" type="prt"/>
                </token>
                <token content="my" id="9-12">
                    <pos type="PRP$"/>
                    <lemma type="my"/>
                </token>
                <token content="skin" id="9-13">
                    <pos type="NN"/>
                    <lemma type="skin"/>
                    <dep head="9-10" type="dobj"/>
                </token>
                <token content="." id="9-14"/>
            </sentence>
            <sentence id="10">
                <token content="While" id="10-1">
                    <pos type="IN"/>
                    <lemma type="while"/>
                    <dep head="10-4" type="mark"/>
                </token>
                <token content="I" id="10-2">
                    <pos type="PRP"/>
                    <lemma type="I"/>
                    <dep head="10-4" type="nsubj"/>
                </token>
                <token content="am" id="10-3">
                    <pos type="VBP"/>
                    <lemma type="be"/>
                    <dep head="10-4" type="aux"/>
                </token>
                <token content="scrubbing" id="10-4">
                    <pos type="VBG"/>
                    <lemma type="scrub"/>
                    <dep head="10-9" type="advcl"/>
                </token>
                <token content="my" id="10-5">
                    <pos type="PRP$"/>
                    <lemma type="my"/>
                </token>
                <token content="body" id="10-6">
                    <pos type="NN"/>
                    <lemma type="body"/>
                    <dep head="10-4" type="dobj"/>
                </token>
                <token content="," id="10-7"/>
                <token content="I" id="10-8">
                    <pos type="PRP"/>
                    <lemma type="I"/>
                    <dep head="10-9" type="nsubj"/>
                </token>
                <token content="like" id="10-9">
                    <pos type="VBP"/>
                    <lemma type="like"/>
                </token>
                <token content="to" id="10-10">
                    <pos type="TO"/>
                    <lemma type="to"/>
                    <dep head="10-11" type="aux"/>
                </token>
                <token content="sing" id="10-11">
                    <pos type="VB"/>
                    <lemma type="sing"/>
                    <dep head="10-9" type="xcomp"/>
                </token>
                <token content="in" id="10-12"/>
                <token content="the" id="10-13">
                    <pos type="DT"/>
                    <lemma type="the"/>
                </token>
                <token content="shower" id="10-14">
                    <pos type="NN"/>
                    <lemma type="shower"/>
                    <dep head="10-11" type="prep"/>
                </token>
                <token content="." id="10-15"/>
            </sentence>
            <sentence id="11">
                <token content="After" id="11-1">
                    <pos type="IN"/>
                    <lemma type="after"/>
                    <dep head="11-3" type="mark"/>
                </token>
                <token content="I" id="11-2">
                    <pos type="PRP"/>
                    <lemma type="I"/>
                    <dep head="11-3" type="nsubj"/>
                </token>
                <token content="scrub" id="11-3">
                    <pos type="VB"/>
                    <lemma type="scrub"/>
                    <dep head="11-11" type="advcl"/>
                </token>
                <token content="really" id="11-4">
                    <pos type="RB"/>
                    <lemma type="really"/>
                </token>
                <token content="good" id="11-5">
                    <pos type="JJ"/>
                    <lemma type="good"/>
                    <dep head="11-3" type="acomp"/>
                </token>
                <token content="and" id="11-6"/>
                <token content="finish" id="11-7">
                    <pos type="VB"/>
                    <lemma type="finish"/>
                    <dep head="11-3" type="conj"/>
                </token>
                <token content="singing" id="11-8">
                    <pos type="NN"/>
                    <lemma type="singing"/>
                    <dep head="11-7" type="dobj"/>
                </token>
                <token content="," id="11-9"/>
                <token content="I" id="11-10">
                    <pos type="PRP"/>
                    <lemma type="I"/>
                    <dep head="11-11" type="nsubj"/>
                </token>
                <token content="pour" id="11-11">
                    <pos type="VBP"/>
                    <lemma type="pour"/>
                </token>
                <token content="water" id="11-12">
                    <pos type="NN"/>
                    <lemma type="water"/>
                    <dep head="11-11" type="dobj"/>
                </token>
                <token content="continuously" id="11-13">
                    <pos type="RB"/>
                    <lemma type="continuously"/>
                    <dep head="11-11" type="advmod"/>
                </token>
                <token content="on" id="11-14"/>
                <token content="my" id="11-15">
                    <pos type="PRP$"/>
                    <lemma type="my"/>
                </token>
                <token content="body" id="11-16">
                    <pos type="NN"/>
                    <lemma type="body"/>
                    <dep head="11-11" type="prep"/>
                </token>
                <token content="until" id="11-17">
                    <pos type="IN"/>
                    <lemma type="until"/>
                    <dep head="11-21" type="mark"/>
                </token>
                <token content="all" id="11-18">
                    <pos type="PDT"/>
                    <lemma type="all"/>
                </token>
                <token content="the" id="11-19">
                    <pos type="DT"/>
                    <lemma type="the"/>
                </token>
                <token content="soap" id="11-20">
                    <pos type="NN"/>
                    <lemma type="soap"/>
                    <dep head="11-21" type="nsubj"/>
                </token>
                <token content="washes" id="11-21">
                    <pos type="VBZ"/>
                    <lemma type="wash"/>
                    <dep head="11-11" type="advcl"/>
                </token>
                <token content="off" id="11-22">
                    <pos type="RP"/>
                    <lemma type="off"/>
                    <dep head="11-21" type="prt"/>
                </token>
                <token content="." id="11-23"/>
            </sentence>
            <sentence id="12">
                <token content="I" id="12-1">
                    <pos type="PRP"/>
                    <lemma type="I"/>
                    <dep head="12-2" type="nsubj"/>
                </token>
                <token content="stay" id="12-2">
                    <pos type="VBP"/>
                    <lemma type="stay"/>
                </token>
                <token content="in" id="12-3"/>
                <token content="the" id="12-4">
                    <pos type="DT"/>
                    <lemma type="the"/>
                </token>
                <token content="shower" id="12-5">
                    <pos type="NN"/>
                    <lemma type="shower"/>
                    <dep head="12-2" type="prep"/>
                </token>
                <token content="for" id="12-6"/>
                <token content="about" id="12-7">
                    <pos type="RB"/>
                    <lemma type="about"/>
                </token>
                <token content="twenty" id="12-8">
                    <pos type="CD"/>
                    <lemma type="twenty"/>
                </token>
                <token content="minutes" id="12-9">
                    <pos type="NNS"/>
                    <lemma type="minute"/>
                    <dep head="12-12" type="dep"/>
                </token>
                <token content="until" id="12-10">
                    <pos type="IN"/>
                    <lemma type="until"/>
                    <dep head="12-12" type="mark"/>
                </token>
                <token content="I" id="12-11">
                    <pos type="PRP"/>
                    <lemma type="I"/>
                    <dep head="12-12" type="nsubj"/>
                </token>
                <token content="feel" id="12-12">
                    <pos type="VBP"/>
                    <lemma type="feel"/>
                </token>
                <token content="clean" id="12-13">
                    <pos type="JJ"/>
                    <lemma type="clean"/>
                    <dep head="12-12" type="acomp"/>
                </token>
                <token content="." id="12-14"/>
            </sentence>
        </sentences>
    </text>
    <annotations>
        <participants>
            <label from="1-2" id="0" name="NPart" text="morning" type="participant"/>
            <label from="1-3" id="1" name="ScrPart_bather" text="I" type="participant"/>
            <label from="1-6" id="2" name="ScrPart_bath" text="bath" type="participant"/>
            <label from="2-2" id="3" name="ScrPart_bather" text="I" type="participant"/>
            <label from="2-6" id="4" name="ScrPart_bathtub" text="bath tub" to="2-7" type="participant"/>
            <label from="2-7" id="5" name="ScrPart_bathtub" text="tub" type="participant"/>
            <label from="2-9" id="6" name="ScrPart_bather" text="I" type="participant"/>
            <label from="2-13" id="7" name="ScrPart_water" text="water" type="participant"/>
            <label from="3-1" id="8" name="ScrPart_bather" text="I" type="participant"/>
            <label from="3-8" id="9" name="ScrPart_water" text="water" type="participant"/>
            <label from="3-13" id="10" name="ScrPart_temperature" text="temperature" type="participant"/>
            <label from="4-1" id="11" name="ScrPart_bather" text="I" type="participant"/>
            <label from="4-4" id="12" name="ScrPart_water" text="water" type="participant"/>
            <label from="4-8" id="13" name="ScrPart_bathtub" text="tub" type="participant"/>
            <label from="4-10" id="14" name="ScrPart_bather" text="I" type="participant"/>
            <label from="4-16" id="15" name="ScrPart_bather" text="myself" type="participant"/>
            <label from="5-3" id="16" name="ScrPart_water" text="water" type="participant"/>
            <label from="5-8" id="17" name="ScrPart_bather" text="I" type="participant"/>
            <label from="5-12" id="18" name="ScrPart_bather" text="my" type="participant"/>
            <label from="5-13" id="19" name="ScrPart_clothes" text="clothes" type="participant"/>
            <label from="5-17" id="20" name="ScrPart_bathtub" text="tub" type="participant"/>
            <label from="6-1" id="21" name="ScrPart_bather" text="I" type="participant"/>
            <label from="6-3" id="22" name="ScrPart_water" text="water" type="participant"/>
            <label from="6-5" id="23" name="ScrPart_bather" text="my" type="participant"/>
            <label from="6-6" id="24" name="ScrPart_body_part" text="body" type="participant"/>
            <label from="6-8" id="25" name="ScrPart_bather" text="I" type="participant"/>
            <label from="6-13" id="26" name="ScrPart_washing_tools" text="soap" type="participant"/>
            <label from="6-15" id="27" name="ScrPart_washing_tools" text="shower gel" to="6-16" type="participant"/>
            <label from="6-16" id="28" name="ScrPart_washing_tools" text="gel" type="participant"/>
            <label from="7-2" id="29" name="ScrPart_bather" text="I" type="participant"/>
            <label from="7-4" id="30" name="ScrPart_washing_tools" text="soap" type="participant"/>
            <label from="7-7" id="31" name="ScrPart_bather" text="my" type="participant"/>
            <label from="7-8" id="32" name="ScrPart_body_part" text="body" type="participant"/>
            <label from="7-10" id="33" name="ScrPart_bather" text="I" type="participant"/>
            <label from="7-12" id="34" name="ScrPart_bather" text="my" type="participant"/>
            <label from="7-13" id="35" name="ScrPart_washing_tools" text="loofah sponge" to="7-14" type="participant"/>
            <label from="7-14" id="36" name="ScrPart_washing_tools" text="sponge" type="participant"/>
            <label from="7-17" id="37" name="ScrPart_washing_tools" text="soap" type="participant"/>
            <label from="8-1" id="38" name="ScrPart_bather" text="I" type="participant"/>
            <label from="8-8" id="39" name="ScrPart_bather" text="my" type="participant"/>
            <label from="8-9" id="40" name="ScrPart_body_part" text="body" type="participant"/>
            <label from="8-15" id="41" name="ScrPart_bather" text="I" type="participant"/>
            <label from="9-1" id="42" name="ScrPart_bather" text="I" type="participant"/>
            <label from="9-9" id="43" name="NPart" text="dirt" type="participant"/>
            <label from="9-12" id="44" name="ScrPart_bather" text="my" type="participant"/>
            <label from="9-13" id="45" name="ScrPart_body_part" text="skin" type="participant"/>
            <label from="10-2" id="46" name="ScrPart_bather" text="I" type="participant"/>
            <label from="10-5" id="47" name="ScrPart_bather" text="my" type="participant"/>
            <label from="10-6" id="48" name="ScrPart_body_part" text="body" type="participant"/>
            <label from="10-8" id="49" name="ScrPart_bather" text="I" type="participant"/>
            <label from="10-14" id="50" name="ScrPart_shower" text="shower" type="participant"/>
            <label from="11-2" id="51" name="ScrPart_bather" text="I" type="participant"/>
            <label from="11-10" id="52" name="ScrPart_bather" text="I" type="participant"/>
            <label from="11-12" id="53" name="ScrPart_water" text="water" type="participant"/>
            <label from="11-15" id="54" name="ScrPart_bather" text="my" type="participant"/>
            <label from="11-16" id="55" name="ScrPart_body_part" text="body" type="participant"/>
            <label from="11-20" id="56" name="ScrPart_washing_tools" text="soap" type="participant"/>
            <label from="12-1" id="57" name="ScrPart_bather" text="I" type="participant"/>
            <label from="12-5" id="58" name="ScrPart_shower" text="shower" type="participant"/>
            <label from="12-9" id="59" name="NPart" text="minutes" type="participant"/>
            <label from="12-11" id="60" name="ScrPart_bather" text="I" type="participant"/>
        </participants>
        <events>
            <label from="1-4" id="61" name="Evoking" text="take a bath" to="1-6" type="event"/>
            <label from="2-3" id="62" name="RelNScrEv" text="get" type="event"/>
            <label from="2-10" id="63" name="ScrEv_turn_water_on" text="turn on" to="2-11" type="event"/>
            <label from="2-10" id="64" name="ScrEv_turn_water_on" text="turn" type="event"/>
            <label from="3-2" id="65" name="ScrEv_check_temp" text="adjust" type="event"/>
            <label from="3-10" id="66" name="UnrelEv" text="make" type="event"/>
            <label from="3-12" id="67" name="UnrelEv" text="bearable" type="event"/>
            <label from="4-2" id="68" name="ScrEv_check_temp" text="adjust" type="event"/>
            <label from="4-6" id="69" name="ScrEv_sink_water" text="entering" type="event"/>
            <label from="4-13" id="70" name="RelNScrEv" text="burn" type="event"/>
            <label from="4-15" id="71" name="RelNScrEv" text="freeze" type="event"/>
            <label from="5-4" id="72" name="UnrelEv" text="is" type="event"/>
            <label from="5-9" id="73" name="ScrEv_undress" text="take off" to="5-10" type="event"/>
            <label from="5-9" id="74" name="ScrEv_undress" text="take" type="event"/>
            <label from="5-15" id="75" name="ScrEv_sink_water" text="enter" type="event"/>
            <label from="6-2" id="76" name="ScrEv_other" text="pour" type="event"/>
            <label from="6-9" id="77" name="ScrEv_wash" text="lather up" to="6-10" type="event"/>
            <label from="6-9" id="78" name="ScrEv_wash" text="lather" type="event"/>
            <label from="7-3" id="79" name="UnrelEv" text="have" type="event"/>
            <label from="7-11" id="80" name="UnrelEv" text="take" type="event"/>
            <label from="7-16" id="81" name="ScrEv_apply_soap" text="pour" type="event"/>
            <label from="8-5" id="82" name="UnrelEv" text="begin" type="event"/>
            <label from="8-7" id="83" name="ScrEv_other" text="scrub" type="event"/>
            <label from="8-16" id="84" name="UnrelEv" text="can" type="event"/>
            <label from="9-2" id="85" name="UnrelEv" text="do" type="event"/>
            <label from="9-5" id="86" name="UnrelEv" text="ensure" type="event"/>
            <label from="9-10" id="87" name="RelNScrEv" text="washes off" to="9-11" type="event"/>
            <label from="9-10" id="88" name="RelNScrEv" text="washes" type="event"/>
            <label from="10-4" id="89" name="ScrEv_other" text="scrubbing" type="event"/>
            <label from="10-11" id="90" name="ScrEv_other" text="sing" type="event"/>
            <label from="11-3" id="91" name="ScrEv_other" text="scrub" type="event"/>
            <label from="11-7" id="92" name="UnrelEv" text="finish" type="event"/>
            <label from="11-8" id="93" name="ScrEv_other" text="singing" type="event"/>
            <label from="11-11" id="94" name="ScrEv_other" text="pour" type="event"/>
            <label from="11-21" id="95" name="RelNScrEv" text="washes off" to="11-22" type="event"/>
            <label from="11-21" id="96" name="RelNScrEv" text="washes" type="event"/>
            <label from="12-2" id="97" name="UnrelEv" text="stay" type="event"/>
            <label from="12-12" id="98" name="UnrelEv" text="feel" type="event"/>
        </events>
        <chains>
            <chain elements="1 3 6 8 11 14 15 17 18 21 23 25 29 31 33 34 38 39 41 42 44 46 47 49 51 52 54 57 60"/>
            <chain elements="7 9 12 16 22 53"/>
            <chain elements="5 13 20"/>
            <chain elements="30 37 56"/>
            <chain elements="40 48 55"/>
            <chain elements="50 58"/>
        </chains>
    </annotations>
</story>
