<?xml version="1.0" encoding="UTF-8" standalone="no"?>
<!DOCTYPE story SYSTEM "../InScript.dtd">
<story id="097" scenario="bath">
    <text>
        <content>There 's nothing I love more after a long day at work then to come home to a warm bath . 
Most people think that taking a bath is a simple process . 
Oh how they are wrong . 
Taking a bath is actually a long process involving many steps . 
First I must start drawing the water which is a challenge in itself as I want to make sure it warm , but not too warm . 
Next as the water is still running I add a little bit of bubble soap for the added benefits . 
But I do n't just want bubbles I want a relaxing aromatherapy . 
With this in mind I add a little bit of essential oils and minerals . 
Finally I am ready to get into the water . 
But this is nowhere near the end of the process . 
Now I relax in the water while reading my novel and letting the oils soak into my skin . 
Ah this is how we are meant to relax . </content>
        <sentences>
            <sentence id="1">
                <token content="There" id="1-1">
                    <pos type="EX"/>
                    <lemma type="there"/>
                    <dep head="1-2" type="expl"/>
                </token>
                <token content="'s" id="1-2">
                    <pos type="VBZ"/>
                    <lemma type="be"/>
                </token>
                <token content="nothing" id="1-3">
                    <pos type="NN"/>
                    <lemma type="nothing"/>
                    <dep head="1-2" type="nsubj"/>
                </token>
                <token content="I" id="1-4">
                    <pos type="PRP"/>
                    <lemma type="I"/>
                    <dep head="1-5" type="nsubj"/>
                </token>
                <token content="love" id="1-5">
                    <pos type="VBP"/>
                    <lemma type="love"/>
                </token>
                <token content="more" id="1-6">
                    <pos type="RBR"/>
                    <lemma type="more"/>
                    <dep head="1-5" type="advmod"/>
                </token>
                <token content="after" id="1-7"/>
                <token content="a" id="1-8">
                    <pos type="DT"/>
                    <lemma type="a"/>
                </token>
                <token content="long" id="1-9">
                    <pos type="JJ"/>
                    <lemma type="long"/>
                </token>
                <token content="day" id="1-10">
                    <pos type="NN"/>
                    <lemma type="day"/>
                    <dep head="1-5" type="prep"/>
                </token>
                <token content="at" id="1-11"/>
                <token content="work" id="1-12">
                    <pos type="NN"/>
                    <lemma type="work"/>
                </token>
                <token content="then" id="1-13">
                    <pos type="RB"/>
                    <lemma type="then"/>
                    <dep head="1-15" type="advmod"/>
                </token>
                <token content="to" id="1-14">
                    <pos type="TO"/>
                    <lemma type="to"/>
                    <dep head="1-15" type="aux"/>
                </token>
                <token content="come" id="1-15">
                    <pos type="VB"/>
                    <lemma type="come"/>
                    <dep head="1-5" type="xcomp"/>
                </token>
                <token content="home" id="1-16">
                    <pos type="NN"/>
                    <lemma type="home"/>
                    <dep head="1-15" type="dobj"/>
                </token>
                <token content="to" id="1-17"/>
                <token content="a" id="1-18">
                    <pos type="DT"/>
                    <lemma type="a"/>
                </token>
                <token content="warm" id="1-19">
                    <pos type="JJ"/>
                    <lemma type="warm"/>
                </token>
                <token content="bath" id="1-20">
                    <pos type="NN"/>
                    <lemma type="bath"/>
                    <dep head="1-15" type="prep"/>
                </token>
                <token content="." id="1-21"/>
            </sentence>
            <sentence id="2">
                <token content="Most" id="2-1">
                    <pos type="JJS"/>
                    <lemma type="most"/>
                </token>
                <token content="people" id="2-2">
                    <pos type="NNS"/>
                    <lemma type="people"/>
                    <dep head="2-3" type="nsubj"/>
                </token>
                <token content="think" id="2-3">
                    <pos type="VBP"/>
                    <lemma type="think"/>
                </token>
                <token content="that" id="2-4">
                    <pos type="IN"/>
                    <lemma type="that"/>
                </token>
                <token content="taking" id="2-5">
                    <pos type="VBG"/>
                    <lemma type="take"/>
                </token>
                <token content="a" id="2-6">
                    <pos type="DT"/>
                    <lemma type="a"/>
                </token>
                <token content="bath" id="2-7">
                    <pos type="NN"/>
                    <lemma type="bath"/>
                    <dep head="2-5" type="dobj"/>
                </token>
                <token content="is" id="2-8">
                    <pos type="VBZ"/>
                    <lemma type="be"/>
                </token>
                <token content="a" id="2-9">
                    <pos type="DT"/>
                    <lemma type="a"/>
                </token>
                <token content="simple" id="2-10">
                    <pos type="JJ"/>
                    <lemma type="simple"/>
                </token>
                <token content="process" id="2-11">
                    <pos type="NN"/>
                    <lemma type="process"/>
                    <dep head="2-3" type="ccomp"/>
                </token>
                <token content="." id="2-12"/>
            </sentence>
            <sentence id="3">
                <token content="Oh" id="3-1">
                    <pos type="VB"/>
                    <lemma type="oh"/>
                </token>
                <token content="how" id="3-2">
                    <pos type="WRB"/>
                    <lemma type="how"/>
                </token>
                <token content="they" id="3-3">
                    <pos type="PRP"/>
                    <lemma type="they"/>
                </token>
                <token content="are" id="3-4">
                    <pos type="VBP"/>
                    <lemma type="be"/>
                </token>
                <token content="wrong" id="3-5">
                    <pos type="JJ"/>
                    <lemma type="wrong"/>
                    <dep head="3-1" type="ccomp"/>
                </token>
                <token content="." id="3-6"/>
            </sentence>
            <sentence id="4">
                <token content="Taking" id="4-1">
                    <pos type="VBG"/>
                    <lemma type="take"/>
                </token>
                <token content="a" id="4-2">
                    <pos type="DT"/>
                    <lemma type="a"/>
                </token>
                <token content="bath" id="4-3">
                    <pos type="NN"/>
                    <lemma type="bath"/>
                    <dep head="4-1" type="dobj"/>
                </token>
                <token content="is" id="4-4">
                    <pos type="VBZ"/>
                    <lemma type="be"/>
                </token>
                <token content="actually" id="4-5">
                    <pos type="RB"/>
                    <lemma type="actually"/>
                </token>
                <token content="a" id="4-6">
                    <pos type="DT"/>
                    <lemma type="a"/>
                </token>
                <token content="long" id="4-7">
                    <pos type="JJ"/>
                    <lemma type="long"/>
                </token>
                <token content="process" id="4-8">
                    <pos type="NN"/>
                    <lemma type="process"/>
                </token>
                <token content="involving" id="4-9"/>
                <token content="many" id="4-10">
                    <pos type="JJ"/>
                    <lemma type="many"/>
                </token>
                <token content="steps" id="4-11">
                    <pos type="NNS"/>
                    <lemma type="step"/>
                </token>
                <token content="." id="4-12"/>
            </sentence>
            <sentence id="5">
                <token content="First" id="5-1">
                    <pos type="RB"/>
                    <lemma type="first"/>
                    <dep head="5-4" type="advmod"/>
                </token>
                <token content="I" id="5-2">
                    <pos type="PRP"/>
                    <lemma type="I"/>
                    <dep head="5-4" type="nsubj"/>
                </token>
                <token content="must" id="5-3">
                    <pos type="MD"/>
                    <lemma type="must"/>
                    <dep head="5-4" type="aux"/>
                </token>
                <token content="start" id="5-4">
                    <pos type="VB"/>
                    <lemma type="start"/>
                </token>
                <token content="drawing" id="5-5">
                    <pos type="VBG"/>
                    <lemma type="draw"/>
                    <dep head="5-4" type="xcomp"/>
                </token>
                <token content="the" id="5-6">
                    <pos type="DT"/>
                    <lemma type="the"/>
                </token>
                <token content="water" id="5-7">
                    <pos type="NN"/>
                    <lemma type="water"/>
                    <dep head="5-5" type="dobj"/>
                </token>
                <token content="which" id="5-8">
                    <pos type="WDT"/>
                    <lemma type="which"/>
                </token>
                <token content="is" id="5-9">
                    <pos type="VBZ"/>
                    <lemma type="be"/>
                </token>
                <token content="a" id="5-10">
                    <pos type="DT"/>
                    <lemma type="a"/>
                </token>
                <token content="challenge" id="5-11">
                    <pos type="NN"/>
                    <lemma type="challenge"/>
                </token>
                <token content="in" id="5-12"/>
                <token content="itself" id="5-13">
                    <pos type="PRP"/>
                    <lemma type="itself"/>
                </token>
                <token content="as" id="5-14">
                    <pos type="IN"/>
                    <lemma type="as"/>
                    <dep head="5-16" type="mark"/>
                </token>
                <token content="I" id="5-15">
                    <pos type="PRP"/>
                    <lemma type="I"/>
                    <dep head="5-16" type="nsubj"/>
                </token>
                <token content="want" id="5-16">
                    <pos type="VBP"/>
                    <lemma type="want"/>
                    <dep head="5-4" type="advcl"/>
                </token>
                <token content="to" id="5-17">
                    <pos type="TO"/>
                    <lemma type="to"/>
                    <dep head="5-18" type="aux"/>
                </token>
                <token content="make" id="5-18">
                    <pos type="VB"/>
                    <lemma type="make"/>
                    <dep head="5-16" type="xcomp"/>
                </token>
                <token content="sure" id="5-19">
                    <pos type="JJ"/>
                    <lemma type="sure"/>
                    <dep head="5-18" type="acomp"/>
                </token>
                <token content="it" id="5-20">
                    <pos type="PRP"/>
                    <lemma type="it"/>
                    <dep head="5-21" type="nsubj"/>
                </token>
                <token content="warm" id="5-21">
                    <pos type="VB"/>
                    <lemma type="warm"/>
                    <dep head="5-18" type="ccomp"/>
                </token>
                <token content="," id="5-22"/>
                <token content="but" id="5-23"/>
                <token content="not" id="5-24">
                    <pos type="RB"/>
                    <lemma type="not"/>
                </token>
                <token content="too" id="5-25">
                    <pos type="RB"/>
                    <lemma type="too"/>
                </token>
                <token content="warm" id="5-26">
                    <pos type="JJ"/>
                    <lemma type="warm"/>
                    <dep head="5-21" type="conj"/>
                </token>
                <token content="." id="5-27"/>
            </sentence>
            <sentence id="6">
                <token content="Next" id="6-1">
                    <pos type="NNP"/>
                    <lemma type="Next"/>
                    <dep head="6-7" type="nsubj"/>
                </token>
                <token content="as" id="6-2"/>
                <token content="the" id="6-3">
                    <pos type="DT"/>
                    <lemma type="the"/>
                </token>
                <token content="water" id="6-4">
                    <pos type="NN"/>
                    <lemma type="water"/>
                </token>
                <token content="is" id="6-5">
                    <pos type="VBZ"/>
                    <lemma type="be"/>
                    <dep head="6-7" type="aux"/>
                </token>
                <token content="still" id="6-6">
                    <pos type="RB"/>
                    <lemma type="still"/>
                    <dep head="6-7" type="advmod"/>
                </token>
                <token content="running" id="6-7">
                    <pos type="VBG"/>
                    <lemma type="run"/>
                </token>
                <token content="I" id="6-8">
                    <pos type="PRP"/>
                    <lemma type="I"/>
                    <dep head="6-9" type="nsubj"/>
                </token>
                <token content="add" id="6-9">
                    <pos type="VB"/>
                    <lemma type="add"/>
                    <dep head="6-7" type="ccomp"/>
                </token>
                <token content="a" id="6-10">
                    <pos type="DT"/>
                    <lemma type="a"/>
                </token>
                <token content="little" id="6-11">
                    <pos type="JJ"/>
                    <lemma type="little"/>
                </token>
                <token content="bit" id="6-12">
                    <pos type="NN"/>
                    <lemma type="bit"/>
                    <dep head="6-9" type="dobj"/>
                </token>
                <token content="of" id="6-13"/>
                <token content="bubble" id="6-14">
                    <pos type="NN"/>
                    <lemma type="bubble"/>
                </token>
                <token content="soap" id="6-15">
                    <pos type="NN"/>
                    <lemma type="soap"/>
                </token>
                <token content="for" id="6-16"/>
                <token content="the" id="6-17">
                    <pos type="DT"/>
                    <lemma type="the"/>
                </token>
                <token content="added" id="6-18">
                    <pos type="VBN"/>
                    <lemma type="add"/>
                </token>
                <token content="benefits" id="6-19">
                    <pos type="NNS"/>
                    <lemma type="benefit"/>
                </token>
                <token content="." id="6-20"/>
            </sentence>
            <sentence id="7">
                <token content="But" id="7-1">
                    <pos type="CC"/>
                    <lemma type="but"/>
                    <dep head="7-6" type="cc"/>
                </token>
                <token content="I" id="7-2">
                    <pos type="PRP"/>
                    <lemma type="I"/>
                    <dep head="7-6" type="nsubj"/>
                </token>
                <token content="do" id="7-3">
                    <pos type="VBP"/>
                    <lemma type="do"/>
                    <dep head="7-6" type="aux"/>
                </token>
                <token content="n't" id="7-4">
                    <pos type="RB"/>
                    <lemma type="not"/>
                    <dep head="7-6" type="neg"/>
                </token>
                <token content="just" id="7-5">
                    <pos type="RB"/>
                    <lemma type="just"/>
                    <dep head="7-6" type="advmod"/>
                </token>
                <token content="want" id="7-6">
                    <pos type="VB"/>
                    <lemma type="want"/>
                </token>
                <token content="bubbles" id="7-7">
                    <pos type="NNS"/>
                    <lemma type="bubble"/>
                    <dep head="7-6" type="dobj"/>
                </token>
                <token content="I" id="7-8">
                    <pos type="PRP"/>
                    <lemma type="I"/>
                    <dep head="7-9" type="nsubj"/>
                </token>
                <token content="want" id="7-9">
                    <pos type="VBP"/>
                    <lemma type="want"/>
                </token>
                <token content="a" id="7-10">
                    <pos type="DT"/>
                    <lemma type="a"/>
                </token>
                <token content="relaxing" id="7-11">
                    <pos type="JJ"/>
                    <lemma type="relaxing"/>
                </token>
                <token content="aromatherapy" id="7-12">
                    <pos type="NN"/>
                    <lemma type="aromatherapy"/>
                    <dep head="7-9" type="dobj"/>
                </token>
                <token content="." id="7-13"/>
            </sentence>
            <sentence id="8">
                <token content="With" id="8-1"/>
                <token content="this" id="8-2">
                    <pos type="DT"/>
                    <lemma type="this"/>
                    <dep head="8-6" type="prep"/>
                </token>
                <token content="in" id="8-3"/>
                <token content="mind" id="8-4">
                    <pos type="NN"/>
                    <lemma type="mind"/>
                </token>
                <token content="I" id="8-5">
                    <pos type="PRP"/>
                    <lemma type="I"/>
                    <dep head="8-6" type="nsubj"/>
                </token>
                <token content="add" id="8-6">
                    <pos type="VBP"/>
                    <lemma type="add"/>
                </token>
                <token content="a" id="8-7">
                    <pos type="DT"/>
                    <lemma type="a"/>
                </token>
                <token content="little" id="8-8">
                    <pos type="JJ"/>
                    <lemma type="little"/>
                </token>
                <token content="bit" id="8-9">
                    <pos type="NN"/>
                    <lemma type="bit"/>
                    <dep head="8-6" type="dobj"/>
                </token>
                <token content="of" id="8-10"/>
                <token content="essential" id="8-11">
                    <pos type="JJ"/>
                    <lemma type="essential"/>
                </token>
                <token content="oils" id="8-12">
                    <pos type="NNS"/>
                    <lemma type="oils"/>
                </token>
                <token content="and" id="8-13"/>
                <token content="minerals" id="8-14">
                    <pos type="NNS"/>
                    <lemma type="mineral"/>
                </token>
                <token content="." id="8-15"/>
            </sentence>
            <sentence id="9">
                <token content="Finally" id="9-1">
                    <pos type="RB"/>
                    <lemma type="finally"/>
                </token>
                <token content="I" id="9-2">
                    <pos type="PRP"/>
                    <lemma type="I"/>
                </token>
                <token content="am" id="9-3">
                    <pos type="VBP"/>
                    <lemma type="be"/>
                </token>
                <token content="ready" id="9-4">
                    <pos type="JJ"/>
                    <lemma type="ready"/>
                </token>
                <token content="to" id="9-5">
                    <pos type="TO"/>
                    <lemma type="to"/>
                    <dep head="9-6" type="aux"/>
                </token>
                <token content="get" id="9-6">
                    <pos type="VB"/>
                    <lemma type="get"/>
                </token>
                <token content="into" id="9-7"/>
                <token content="the" id="9-8">
                    <pos type="DT"/>
                    <lemma type="the"/>
                </token>
                <token content="water" id="9-9">
                    <pos type="NN"/>
                    <lemma type="water"/>
                    <dep head="9-6" type="prep"/>
                </token>
                <token content="." id="9-10"/>
            </sentence>
            <sentence id="10">
                <token content="But" id="10-1">
                    <pos type="CC"/>
                    <lemma type="but"/>
                    <dep head="10-3" type="cc"/>
                </token>
                <token content="this" id="10-2">
                    <pos type="DT"/>
                    <lemma type="this"/>
                    <dep head="10-3" type="nsubj"/>
                </token>
                <token content="is" id="10-3">
                    <pos type="VBZ"/>
                    <lemma type="be"/>
                </token>
                <token content="nowhere" id="10-4">
                    <pos type="RB"/>
                    <lemma type="nowhere"/>
                    <dep head="10-3" type="advmod"/>
                </token>
                <token content="near" id="10-5"/>
                <token content="the" id="10-6">
                    <pos type="DT"/>
                    <lemma type="the"/>
                </token>
                <token content="end" id="10-7">
                    <pos type="NN"/>
                    <lemma type="end"/>
                    <dep head="10-3" type="prep"/>
                </token>
                <token content="of" id="10-8"/>
                <token content="the" id="10-9">
                    <pos type="DT"/>
                    <lemma type="the"/>
                </token>
                <token content="process" id="10-10">
                    <pos type="NN"/>
                    <lemma type="process"/>
                </token>
                <token content="." id="10-11"/>
            </sentence>
            <sentence id="11">
                <token content="Now" id="11-1">
                    <pos type="RB"/>
                    <lemma type="now"/>
                    <dep head="11-3" type="advmod"/>
                </token>
                <token content="I" id="11-2">
                    <pos type="PRP"/>
                    <lemma type="I"/>
                    <dep head="11-3" type="nsubj"/>
                </token>
                <token content="relax" id="11-3">
                    <pos type="VBP"/>
                    <lemma type="relax"/>
                </token>
                <token content="in" id="11-4"/>
                <token content="the" id="11-5">
                    <pos type="DT"/>
                    <lemma type="the"/>
                </token>
                <token content="water" id="11-6">
                    <pos type="NN"/>
                    <lemma type="water"/>
                    <dep head="11-3" type="prep"/>
                </token>
                <token content="while" id="11-7">
                    <pos type="IN"/>
                    <lemma type="while"/>
                    <dep head="11-8" type="mark"/>
                </token>
                <token content="reading" id="11-8">
                    <pos type="VBG"/>
                    <lemma type="read"/>
                    <dep head="11-3" type="advcl"/>
                </token>
                <token content="my" id="11-9">
                    <pos type="PRP$"/>
                    <lemma type="my"/>
                </token>
                <token content="novel" id="11-10">
                    <pos type="NN"/>
                    <lemma type="novel"/>
                    <dep head="11-8" type="dobj"/>
                </token>
                <token content="and" id="11-11"/>
                <token content="letting" id="11-12">
                    <pos type="VBG"/>
                    <lemma type="let"/>
                    <dep head="11-8" type="conj"/>
                </token>
                <token content="the" id="11-13">
                    <pos type="DT"/>
                    <lemma type="the"/>
                </token>
                <token content="oils" id="11-14">
                    <pos type="NNS"/>
                    <lemma type="oils"/>
                    <dep head="11-15" type="nsubj"/>
                </token>
                <token content="soak" id="11-15">
                    <pos type="VB"/>
                    <lemma type="soak"/>
                    <dep head="11-12" type="ccomp"/>
                </token>
                <token content="into" id="11-16"/>
                <token content="my" id="11-17">
                    <pos type="PRP$"/>
                    <lemma type="my"/>
                </token>
                <token content="skin" id="11-18">
                    <pos type="NN"/>
                    <lemma type="skin"/>
                    <dep head="11-15" type="prep"/>
                </token>
                <token content="." id="11-19"/>
            </sentence>
            <sentence id="12">
                <token content="Ah" id="12-1">
                    <pos type="RB"/>
                    <lemma type="ah"/>
                    <dep head="12-3" type="advmod"/>
                </token>
                <token content="this" id="12-2">
                    <pos type="DT"/>
                    <lemma type="this"/>
                    <dep head="12-3" type="nsubj"/>
                </token>
                <token content="is" id="12-3">
                    <pos type="VBZ"/>
                    <lemma type="be"/>
                </token>
                <token content="how" id="12-4">
                    <pos type="WRB"/>
                    <lemma type="how"/>
                    <dep head="12-7" type="advmod"/>
                </token>
                <token content="we" id="12-5">
                    <pos type="PRP"/>
                    <lemma type="we"/>
                    <dep head="12-7" type="nsubjpass"/>
                </token>
                <token content="are" id="12-6">
                    <pos type="VBP"/>
                    <lemma type="be"/>
                    <dep head="12-7" type="auxpass"/>
                </token>
                <token content="meant" id="12-7">
                    <pos type="VBN"/>
                    <lemma type="mean"/>
                    <dep head="12-3" type="ccomp"/>
                </token>
                <token content="to" id="12-8">
                    <pos type="TO"/>
                    <lemma type="to"/>
                    <dep head="12-9" type="aux"/>
                </token>
                <token content="relax" id="12-9">
                    <pos type="VB"/>
                    <lemma type="relax"/>
                    <dep head="12-7" type="xcomp"/>
                </token>
                <token content="." id="12-10"/>
            </sentence>
        </sentences>
    </text>
    <annotations>
        <participants>
            <label from="1-3" id="0" name="No_label" text="nothing" type="participant"/>
            <label from="1-4" id="1" name="ScrPart_bather" text="I" type="participant"/>
            <label from="1-10" id="2" name="NPart" text="day" type="participant"/>
            <label from="1-12" id="3" name="NPart" text="work" type="participant"/>
            <label from="1-16" id="4" name="NPart" text="home" type="participant"/>
            <label from="1-20" id="5" name="ScrPart_bath" text="bath" type="participant"/>
            <label from="2-2" id="6" name="NPart" text="people" type="participant"/>
            <label from="2-7" id="7" name="ScrPart_bath" text="bath" type="participant"/>
            <label from="2-11" id="8" name="NPart" text="process" type="participant"/>
            <label from="3-3" id="9" name="NPart" text="they" type="participant"/>
            <label from="4-3" id="10" name="ScrPart_bath" text="bath" type="participant"/>
            <label from="4-8" id="11" name="NPart" text="process" type="participant"/>
            <label from="4-11" id="12" name="NPart" text="steps" type="participant"/>
            <label from="5-1" id="13" name="No_label" text="First" type="participant"/>
            <label from="5-2" id="14" name="ScrPart_bather" text="I" type="participant"/>
            <label from="5-7" id="15" name="ScrPart_water" text="water" type="participant"/>
            <label from="5-11" id="16" name="NPart" text="challenge" type="participant"/>
            <label from="5-13" id="17" name="No_label" text="itself" type="participant"/>
            <label from="5-15" id="18" name="ScrPart_bather" text="I" type="participant"/>
            <label from="5-20" id="19" name="ScrPart_water" text="it" type="participant"/>
            <label from="6-4" id="20" name="ScrPart_water" text="water" type="participant"/>
            <label from="6-8" id="21" name="ScrPart_bather" text="I" type="participant"/>
            <label from="6-12" id="22" name="No_label" text="bit" type="participant"/>
            <label from="6-14" id="23" name="ScrPart_bath_means" text="bubble soap" to="6-15" type="participant"/>
            <label from="6-15" id="24" name="ScrPart_bath_means" text="soap" type="participant"/>
            <label from="6-19" id="25" name="NPart" text="benefits" type="participant"/>
            <label from="7-2" id="26" name="ScrPart_bather" text="I" type="participant"/>
            <label from="7-7" id="27" name="ScrPart_bath_means" text="bubbles" type="participant"/>
            <label from="7-8" id="28" name="ScrPart_bather" text="I" type="participant"/>
            <label from="7-12" id="29" name="Unclear" text="aromatherapy" type="participant"/>
            <label from="8-4" id="30" name="No_label" text="mind" type="participant"/>
            <label from="8-5" id="31" name="ScrPart_bather" text="I" type="participant"/>
            <label from="8-9" id="32" name="No_label" text="bit" type="participant"/>
            <label from="8-12" id="33" name="ScrPart_bath_means" text="oils" type="participant"/>
            <label from="8-14" id="34" name="ScrPart_bath_means" text="minerals" type="participant"/>
            <label from="9-2" id="35" name="ScrPart_bather" text="I" type="participant"/>
            <label from="9-9" id="36" name="ScrPart_water" text="water" type="participant"/>
            <label from="10-7" id="37" name="Head_of_Partitive" text="end" type="participant"/>
            <label from="10-10" id="38" name="NPart" text="process" type="participant"/>
            <label from="11-2" id="39" name="ScrPart_bather" text="I" type="participant"/>
            <label from="11-6" id="40" name="ScrPart_water" text="water" type="participant"/>
            <label from="11-9" id="41" name="ScrPart_bather" text="my" type="participant"/>
            <label from="11-10" id="42" name="ScrPart_in-bath_entertainment" text="novel" type="participant"/>
            <label from="11-14" id="43" name="ScrPart_bath_means" text="oils" type="participant"/>
            <label from="11-17" id="44" name="ScrPart_bather" text="my" type="participant"/>
            <label from="11-18" id="45" name="ScrPart_body_part" text="skin" type="participant"/>
            <label from="12-1" id="46" name="No_label" text="Ah" type="participant"/>
            <label from="12-5" id="47" name="NPart" text="we" type="participant"/>
        </participants>
        <events>
            <label from="1-2" id="48" name="UnrelEv" text="'s" type="event"/>
            <label from="1-5" id="49" name="UnrelEv" text="love" type="event"/>
            <label from="1-15" id="50" name="Evoking" text="come home to a warm bath" to="1-20" type="event"/>
            <label from="1-15" id="51" name="UnrelEv" text="come" type="event"/>
            <label from="2-3" id="52" name="UnrelEv" text="think" type="event"/>
            <label from="2-5" id="53" name="Evoking" text="taking a bath" to="2-7" type="event"/>
            <label from="3-4" id="54" name="UnrelEv" text="are" type="event"/>
            <label from="4-1" id="55" name="Evoking" text="Taking a bath" to="4-3" type="event"/>
            <label from="4-4" id="56" name="UnrelEv" text="is" type="event"/>
            <label from="5-5" id="57" name="ScrEv_turn_water_on" text="drawing" type="event"/>
            <label from="5-9" id="58" name="UnrelEv" text="is" type="event"/>
            <label from="5-16" id="59" name="UnrelEv" text="want" type="event"/>
            <label from="5-18" id="60" name="ScrEv_check_temp" text="make sure" to="5-19" type="event"/>
            <label from="5-18" id="61" name="ScrEv_check_temp" text="make" type="event"/>
            <label from="6-7" id="62" name="ScrEv_fill_water/wait" text="running" type="event"/>
            <label from="6-9" id="63" name="ScrEv_put_bubble_bath_scent" text="add" type="event"/>
            <label from="6-18" id="64" name="UnrelEv" text="added" type="event"/>
            <label from="7-6" id="65" name="UnrelEv" text="want" type="event"/>
            <label from="7-9" id="66" name="UnrelEv" text="want" type="event"/>
            <label from="7-11" id="67" name="ScrEv_relax" text="relaxing" type="event"/>
            <label from="8-6" id="68" name="ScrEv_put_bubble_bath_scent" text="add" type="event"/>
            <label from="9-3" id="69" name="UnrelEv" text="am" type="event"/>
            <label from="9-6" id="70" name="ScrEv_sink_water" text="get" type="event"/>
            <label from="10-3" id="71" name="UnrelEv" text="is" type="event"/>
            <label from="11-3" id="72" name="ScrEv_relax" text="relax" type="event"/>
            <label from="11-8" id="73" name="RelNScrEv" text="reading" type="event"/>
            <label from="11-15" id="74" name="RelNScrEv" text="soak" type="event"/>
            <label from="12-7" id="75" name="UnrelEv" text="meant" type="event"/>
            <label from="12-9" id="76" name="ScrEv_relax" text="relax" type="event"/>
        </events>
        <chains>
            <chain elements="1 14 18 21 26 28 31 35 39 41 44"/>
            <chain elements="15 19 20 36 40"/>
            <chain elements="24 27"/>
            <chain elements="33 43"/>
            <chain elements="5 7 10 38"/>
            <chain elements="6 9"/>
        </chains>
    </annotations>
</story>
