<?xml version="1.0" encoding="UTF-8" standalone="no"?>
<!DOCTYPE story SYSTEM "../InScript.dtd">
<story id="034" scenario="bath">
    <text>
        <content>After a long day of work I decided to take a bath . 
First I put on some good relaxing acoustic music to listen to while I took the bath . 
Then I got the water nice and hot and then stopped the drain . 
After the tub was full I added lavender bubbles . 
I got a tray to place across the bath with my wine and a magazine and some chocolate . 
I sank into the water and sighed with relief . 
I drank three glasses of wine and haphazardly paged through the magazine . 
When I was done with my bath I pulled the plug and drained the water . 
Then I turned on the shower to rinse myself off . 
Once all the soap was off I stepped out . 
I dried off and then put on my robe . 
I was now done taking a bath and was ready for bed . </content>
        <sentences>
            <sentence id="1">
                <token content="After" id="1-1"/>
                <token content="a" id="1-2">
                    <pos type="DT"/>
                    <lemma type="a"/>
                </token>
                <token content="long" id="1-3">
                    <pos type="JJ"/>
                    <lemma type="long"/>
                </token>
                <token content="day" id="1-4">
                    <pos type="NN"/>
                    <lemma type="day"/>
                    <dep head="1-8" type="prep"/>
                </token>
                <token content="of" id="1-5"/>
                <token content="work" id="1-6">
                    <pos type="NN"/>
                    <lemma type="work"/>
                </token>
                <token content="I" id="1-7">
                    <pos type="PRP"/>
                    <lemma type="I"/>
                    <dep head="1-8" type="nsubj"/>
                </token>
                <token content="decided" id="1-8">
                    <pos type="VBD"/>
                    <lemma type="decide"/>
                </token>
                <token content="to" id="1-9">
                    <pos type="TO"/>
                    <lemma type="to"/>
                    <dep head="1-10" type="aux"/>
                </token>
                <token content="take" id="1-10">
                    <pos type="VB"/>
                    <lemma type="take"/>
                    <dep head="1-8" type="xcomp"/>
                </token>
                <token content="a" id="1-11">
                    <pos type="DT"/>
                    <lemma type="a"/>
                </token>
                <token content="bath" id="1-12">
                    <pos type="NN"/>
                    <lemma type="bath"/>
                    <dep head="1-10" type="dobj"/>
                </token>
                <token content="." id="1-13"/>
            </sentence>
            <sentence id="2">
                <token content="First" id="2-1">
                    <pos type="RB"/>
                    <lemma type="first"/>
                    <dep head="2-3" type="advmod"/>
                </token>
                <token content="I" id="2-2">
                    <pos type="PRP"/>
                    <lemma type="I"/>
                    <dep head="2-3" type="nsubj"/>
                </token>
                <token content="put" id="2-3">
                    <pos type="VBD"/>
                    <lemma type="put"/>
                </token>
                <token content="on" id="2-4"/>
                <token content="some" id="2-5">
                    <pos type="DT"/>
                    <lemma type="some"/>
                </token>
                <token content="good" id="2-6">
                    <pos type="JJ"/>
                    <lemma type="good"/>
                </token>
                <token content="relaxing" id="2-7">
                    <pos type="JJ"/>
                    <lemma type="relaxing"/>
                </token>
                <token content="acoustic" id="2-8">
                    <pos type="JJ"/>
                    <lemma type="acoustic"/>
                </token>
                <token content="music" id="2-9">
                    <pos type="NN"/>
                    <lemma type="music"/>
                    <dep head="2-3" type="prep"/>
                </token>
                <token content="to" id="2-10">
                    <pos type="TO"/>
                    <lemma type="to"/>
                    <dep head="2-11" type="aux"/>
                </token>
                <token content="listen" id="2-11">
                    <pos type="VB"/>
                    <lemma type="listen"/>
                    <dep head="2-3" type="xcomp"/>
                </token>
                <token content="to" id="2-12"/>
                <token content="while" id="2-13">
                    <pos type="IN"/>
                    <lemma type="while"/>
                    <dep head="2-15" type="mark"/>
                </token>
                <token content="I" id="2-14">
                    <pos type="PRP"/>
                    <lemma type="I"/>
                    <dep head="2-15" type="nsubj"/>
                </token>
                <token content="took" id="2-15">
                    <pos type="VBD"/>
                    <lemma type="take"/>
                    <dep head="2-11" type="prepc"/>
                </token>
                <token content="the" id="2-16">
                    <pos type="DT"/>
                    <lemma type="the"/>
                </token>
                <token content="bath" id="2-17">
                    <pos type="NN"/>
                    <lemma type="bath"/>
                    <dep head="2-15" type="dobj"/>
                </token>
                <token content="." id="2-18"/>
            </sentence>
            <sentence id="3">
                <token content="Then" id="3-1">
                    <pos type="RB"/>
                    <lemma type="then"/>
                    <dep head="3-3" type="advmod"/>
                </token>
                <token content="I" id="3-2">
                    <pos type="PRP"/>
                    <lemma type="I"/>
                    <dep head="3-3" type="nsubj"/>
                </token>
                <token content="got" id="3-3">
                    <pos type="VBD"/>
                    <lemma type="get"/>
                </token>
                <token content="the" id="3-4">
                    <pos type="DT"/>
                    <lemma type="the"/>
                </token>
                <token content="water" id="3-5">
                    <pos type="NN"/>
                    <lemma type="water"/>
                </token>
                <token content="nice" id="3-6">
                    <pos type="JJ"/>
                    <lemma type="nice"/>
                    <dep head="3-3" type="xcomp"/>
                </token>
                <token content="and" id="3-7"/>
                <token content="hot" id="3-8">
                    <pos type="JJ"/>
                    <lemma type="hot"/>
                </token>
                <token content="and" id="3-9"/>
                <token content="then" id="3-10">
                    <pos type="RB"/>
                    <lemma type="then"/>
                    <dep head="3-11" type="advmod"/>
                </token>
                <token content="stopped" id="3-11">
                    <pos type="VBD"/>
                    <lemma type="stop"/>
                    <dep head="3-3" type="conj"/>
                </token>
                <token content="the" id="3-12">
                    <pos type="DT"/>
                    <lemma type="the"/>
                </token>
                <token content="drain" id="3-13">
                    <pos type="NN"/>
                    <lemma type="drain"/>
                    <dep head="3-11" type="dobj"/>
                </token>
                <token content="." id="3-14"/>
            </sentence>
            <sentence id="4">
                <token content="After" id="4-1">
                    <pos type="IN"/>
                    <lemma type="after"/>
                </token>
                <token content="the" id="4-2">
                    <pos type="DT"/>
                    <lemma type="the"/>
                </token>
                <token content="tub" id="4-3">
                    <pos type="NN"/>
                    <lemma type="tub"/>
                </token>
                <token content="was" id="4-4">
                    <pos type="VBD"/>
                    <lemma type="be"/>
                </token>
                <token content="full" id="4-5">
                    <pos type="JJ"/>
                    <lemma type="full"/>
                    <dep head="4-7" type="advcl"/>
                </token>
                <token content="I" id="4-6">
                    <pos type="PRP"/>
                    <lemma type="I"/>
                    <dep head="4-7" type="nsubj"/>
                </token>
                <token content="added" id="4-7">
                    <pos type="VBD"/>
                    <lemma type="add"/>
                </token>
                <token content="lavender" id="4-8">
                    <pos type="NN"/>
                    <lemma type="lavender"/>
                </token>
                <token content="bubbles" id="4-9">
                    <pos type="NNS"/>
                    <lemma type="bubble"/>
                    <dep head="4-7" type="dobj"/>
                </token>
                <token content="." id="4-10"/>
            </sentence>
            <sentence id="5">
                <token content="I" id="5-1">
                    <pos type="PRP"/>
                    <lemma type="I"/>
                    <dep head="5-2" type="nsubj"/>
                </token>
                <token content="got" id="5-2">
                    <pos type="VBD"/>
                    <lemma type="get"/>
                </token>
                <token content="a" id="5-3">
                    <pos type="DT"/>
                    <lemma type="a"/>
                </token>
                <token content="tray" id="5-4">
                    <pos type="NN"/>
                    <lemma type="tray"/>
                    <dep head="5-2" type="dobj"/>
                </token>
                <token content="to" id="5-5">
                    <pos type="TO"/>
                    <lemma type="to"/>
                    <dep head="5-6" type="aux"/>
                </token>
                <token content="place" id="5-6">
                    <pos type="VB"/>
                    <lemma type="place"/>
                </token>
                <token content="across" id="5-7"/>
                <token content="the" id="5-8">
                    <pos type="DT"/>
                    <lemma type="the"/>
                </token>
                <token content="bath" id="5-9">
                    <pos type="NN"/>
                    <lemma type="bath"/>
                    <dep head="5-6" type="prep"/>
                </token>
                <token content="with" id="5-10"/>
                <token content="my" id="5-11">
                    <pos type="PRP$"/>
                    <lemma type="my"/>
                </token>
                <token content="wine" id="5-12">
                    <pos type="NN"/>
                    <lemma type="wine"/>
                </token>
                <token content="and" id="5-13"/>
                <token content="a" id="5-14">
                    <pos type="DT"/>
                    <lemma type="a"/>
                </token>
                <token content="magazine" id="5-15">
                    <pos type="NN"/>
                    <lemma type="magazine"/>
                </token>
                <token content="and" id="5-16"/>
                <token content="some" id="5-17">
                    <pos type="DT"/>
                    <lemma type="some"/>
                </token>
                <token content="chocolate" id="5-18">
                    <pos type="NN"/>
                    <lemma type="chocolate"/>
                </token>
                <token content="." id="5-19"/>
            </sentence>
            <sentence id="6">
                <token content="I" id="6-1">
                    <pos type="PRP"/>
                    <lemma type="I"/>
                    <dep head="6-2" type="nsubj"/>
                </token>
                <token content="sank" id="6-2">
                    <pos type="VBD"/>
                    <lemma type="sink"/>
                </token>
                <token content="into" id="6-3"/>
                <token content="the" id="6-4">
                    <pos type="DT"/>
                    <lemma type="the"/>
                </token>
                <token content="water" id="6-5">
                    <pos type="NN"/>
                    <lemma type="water"/>
                    <dep head="6-2" type="prep"/>
                </token>
                <token content="and" id="6-6"/>
                <token content="sighed" id="6-7">
                    <pos type="VBD"/>
                    <lemma type="sigh"/>
                    <dep head="6-2" type="conj"/>
                </token>
                <token content="with" id="6-8"/>
                <token content="relief" id="6-9">
                    <pos type="NN"/>
                    <lemma type="relief"/>
                    <dep head="6-7" type="prep"/>
                </token>
                <token content="." id="6-10"/>
            </sentence>
            <sentence id="7">
                <token content="I" id="7-1">
                    <pos type="PRP"/>
                    <lemma type="I"/>
                    <dep head="7-2" type="nsubj"/>
                </token>
                <token content="drank" id="7-2">
                    <pos type="VBD"/>
                    <lemma type="drink"/>
                </token>
                <token content="three" id="7-3">
                    <pos type="CD"/>
                    <lemma type="three"/>
                </token>
                <token content="glasses" id="7-4">
                    <pos type="NNS"/>
                    <lemma type="glass"/>
                    <dep head="7-2" type="dobj"/>
                </token>
                <token content="of" id="7-5"/>
                <token content="wine" id="7-6">
                    <pos type="NN"/>
                    <lemma type="wine"/>
                </token>
                <token content="and" id="7-7"/>
                <token content="haphazardly" id="7-8">
                    <pos type="RB"/>
                    <lemma type="haphazardly"/>
                    <dep head="7-9" type="advmod"/>
                </token>
                <token content="paged" id="7-9">
                    <pos type="VBD"/>
                    <lemma type="page"/>
                    <dep head="7-2" type="conj"/>
                </token>
                <token content="through" id="7-10"/>
                <token content="the" id="7-11">
                    <pos type="DT"/>
                    <lemma type="the"/>
                </token>
                <token content="magazine" id="7-12">
                    <pos type="NN"/>
                    <lemma type="magazine"/>
                    <dep head="7-9" type="prep"/>
                </token>
                <token content="." id="7-13"/>
            </sentence>
            <sentence id="8">
                <token content="When" id="8-1">
                    <pos type="WRB"/>
                    <lemma type="when"/>
                    <dep head="8-4" type="advmod"/>
                </token>
                <token content="I" id="8-2">
                    <pos type="PRP"/>
                    <lemma type="I"/>
                    <dep head="8-4" type="nsubjpass"/>
                </token>
                <token content="was" id="8-3">
                    <pos type="VBD"/>
                    <lemma type="be"/>
                    <dep head="8-4" type="auxpass"/>
                </token>
                <token content="done" id="8-4">
                    <pos type="VBN"/>
                    <lemma type="do"/>
                    <dep head="8-9" type="advcl"/>
                </token>
                <token content="with" id="8-5"/>
                <token content="my" id="8-6">
                    <pos type="PRP$"/>
                    <lemma type="my"/>
                </token>
                <token content="bath" id="8-7">
                    <pos type="NN"/>
                    <lemma type="bath"/>
                    <dep head="8-4" type="prep"/>
                </token>
                <token content="I" id="8-8">
                    <pos type="PRP"/>
                    <lemma type="I"/>
                    <dep head="8-9" type="nsubj"/>
                </token>
                <token content="pulled" id="8-9">
                    <pos type="VBD"/>
                    <lemma type="pull"/>
                </token>
                <token content="the" id="8-10">
                    <pos type="DT"/>
                    <lemma type="the"/>
                </token>
                <token content="plug" id="8-11">
                    <pos type="NN"/>
                    <lemma type="plug"/>
                    <dep head="8-9" type="dobj"/>
                </token>
                <token content="and" id="8-12"/>
                <token content="drained" id="8-13">
                    <pos type="VBN"/>
                    <lemma type="drain"/>
                    <dep head="8-9" type="conj"/>
                </token>
                <token content="the" id="8-14">
                    <pos type="DT"/>
                    <lemma type="the"/>
                </token>
                <token content="water" id="8-15">
                    <pos type="NN"/>
                    <lemma type="water"/>
                    <dep head="8-13" type="dobj"/>
                </token>
                <token content="." id="8-16"/>
            </sentence>
            <sentence id="9">
                <token content="Then" id="9-1">
                    <pos type="RB"/>
                    <lemma type="then"/>
                    <dep head="9-3" type="advmod"/>
                </token>
                <token content="I" id="9-2">
                    <pos type="PRP"/>
                    <lemma type="I"/>
                    <dep head="9-3" type="nsubj"/>
                </token>
                <token content="turned" id="9-3">
                    <pos type="VBD"/>
                    <lemma type="turn"/>
                </token>
                <token content="on" id="9-4"/>
                <token content="the" id="9-5">
                    <pos type="DT"/>
                    <lemma type="the"/>
                </token>
                <token content="shower" id="9-6">
                    <pos type="NN"/>
                    <lemma type="shower"/>
                    <dep head="9-3" type="prep"/>
                </token>
                <token content="to" id="9-7">
                    <pos type="TO"/>
                    <lemma type="to"/>
                    <dep head="9-8" type="aux"/>
                </token>
                <token content="rinse" id="9-8">
                    <pos type="VB"/>
                    <lemma type="rinse"/>
                    <dep head="9-3" type="xcomp"/>
                </token>
                <token content="myself" id="9-9">
                    <pos type="PRP"/>
                    <lemma type="myself"/>
                    <dep head="9-8" type="dobj"/>
                </token>
                <token content="off" id="9-10">
                    <pos type="RP"/>
                    <lemma type="off"/>
                    <dep head="9-8" type="prt"/>
                </token>
                <token content="." id="9-11"/>
            </sentence>
            <sentence id="10">
                <token content="Once" id="10-1">
                    <pos type="IN"/>
                    <lemma type="once"/>
                </token>
                <token content="all" id="10-2">
                    <pos type="PDT"/>
                    <lemma type="all"/>
                </token>
                <token content="the" id="10-3">
                    <pos type="DT"/>
                    <lemma type="the"/>
                </token>
                <token content="soap" id="10-4">
                    <pos type="NN"/>
                    <lemma type="soap"/>
                </token>
                <token content="was" id="10-5">
                    <pos type="VBD"/>
                    <lemma type="be"/>
                </token>
                <token content="off" id="10-6">
                    <pos type="RP"/>
                    <lemma type="off"/>
                    <dep head="10-8" type="advcl"/>
                </token>
                <token content="I" id="10-7">
                    <pos type="PRP"/>
                    <lemma type="I"/>
                    <dep head="10-8" type="nsubj"/>
                </token>
                <token content="stepped" id="10-8">
                    <pos type="VBD"/>
                    <lemma type="step"/>
                </token>
                <token content="out" id="10-9">
                    <pos type="RP"/>
                    <lemma type="out"/>
                    <dep head="10-8" type="prt"/>
                </token>
                <token content="." id="10-10"/>
            </sentence>
            <sentence id="11">
                <token content="I" id="11-1">
                    <pos type="PRP"/>
                    <lemma type="I"/>
                    <dep head="11-2" type="nsubj"/>
                </token>
                <token content="dried" id="11-2">
                    <pos type="VBD"/>
                    <lemma type="dry"/>
                </token>
                <token content="off" id="11-3">
                    <pos type="RP"/>
                    <lemma type="off"/>
                    <dep head="11-2" type="prt"/>
                </token>
                <token content="and" id="11-4"/>
                <token content="then" id="11-5">
                    <pos type="RB"/>
                    <lemma type="then"/>
                    <dep head="11-6" type="advmod"/>
                </token>
                <token content="put" id="11-6">
                    <pos type="VBD"/>
                    <lemma type="put"/>
                    <dep head="11-2" type="conj"/>
                </token>
                <token content="on" id="11-7"/>
                <token content="my" id="11-8">
                    <pos type="PRP$"/>
                    <lemma type="my"/>
                </token>
                <token content="robe" id="11-9">
                    <pos type="NN"/>
                    <lemma type="robe"/>
                    <dep head="11-6" type="prep"/>
                </token>
                <token content="." id="11-10"/>
            </sentence>
            <sentence id="12">
                <token content="I" id="12-1">
                    <pos type="PRP"/>
                    <lemma type="I"/>
                    <dep head="12-4" type="nsubjpass"/>
                </token>
                <token content="was" id="12-2">
                    <pos type="VBD"/>
                    <lemma type="be"/>
                    <dep head="12-4" type="auxpass"/>
                </token>
                <token content="now" id="12-3">
                    <pos type="RB"/>
                    <lemma type="now"/>
                    <dep head="12-4" type="advmod"/>
                </token>
                <token content="done" id="12-4">
                    <pos type="VBN"/>
                    <lemma type="do"/>
                </token>
                <token content="taking" id="12-5">
                    <pos type="VBG"/>
                    <lemma type="take"/>
                    <dep head="12-4" type="xcomp"/>
                </token>
                <token content="a" id="12-6">
                    <pos type="DT"/>
                    <lemma type="a"/>
                </token>
                <token content="bath" id="12-7">
                    <pos type="NN"/>
                    <lemma type="bath"/>
                    <dep head="12-5" type="dobj"/>
                </token>
                <token content="and" id="12-8"/>
                <token content="was" id="12-9">
                    <pos type="VBD"/>
                    <lemma type="be"/>
                </token>
                <token content="ready" id="12-10">
                    <pos type="JJ"/>
                    <lemma type="ready"/>
                    <dep head="12-4" type="conj"/>
                </token>
                <token content="for" id="12-11"/>
                <token content="bed" id="12-12">
                    <pos type="NN"/>
                    <lemma type="bed"/>
                </token>
                <token content="." id="12-13"/>
            </sentence>
        </sentences>
    </text>
    <annotations>
        <participants>
            <label from="1-4" id="0" name="NPart" text="day" type="participant"/>
            <label from="1-6" id="1" name="NPart" text="work" type="participant"/>
            <label from="1-7" id="2" name="ScrPart_bather" text="I" type="participant"/>
            <label from="1-12" id="3" name="SuppVComp" text="bath" type="participant"/>
            <label from="2-2" id="4" name="ScrPart_bather" text="I" type="participant"/>
            <label from="2-9" id="5" name="ScrPart_in-bath_entertainment" text="music" type="participant"/>
            <label from="2-14" id="6" name="ScrPart_bather" text="I" type="participant"/>
            <label from="2-17" id="7" name="SuppVComp" text="bath" type="participant"/>
            <label from="3-2" id="8" name="ScrPart_bather" text="I" type="participant"/>
            <label from="3-5" id="9" name="ScrPart_water" text="water" type="participant"/>
            <label from="3-13" id="10" name="ScrPart_drain" text="drain" type="participant"/>
            <label from="4-3" id="11" name="ScrPart_bathtub" text="tub" type="participant"/>
            <label from="4-6" id="12" name="ScrPart_bather" text="I" type="participant"/>
            <label from="4-8" id="13" name="ScrPart_bath_means" text="lavender bubbles" to="4-9" type="participant"/>
            <label from="4-9" id="14" name="ScrPart_bath_means" text="bubbles" type="participant"/>
            <label from="5-1" id="15" name="ScrPart_bather" text="I" type="participant"/>
            <label from="5-4" id="16" name="NPart" text="tray" type="participant"/>
            <label from="5-9" id="17" name="ScrPart_bathtub" text="bath" type="participant"/>
            <label from="5-11" id="18" name="ScrPart_bather" text="my" type="participant"/>
            <label from="5-12" id="19" name="ScrPart_in-bath_entertainment" text="wine" type="participant"/>
            <label from="5-15" id="20" name="ScrPart_in-bath_entertainment" text="magazine" type="participant"/>
            <label from="5-18" id="21" name="ScrPart_in-bath_entertainment" text="chocolate" type="participant"/>
            <label from="6-1" id="22" name="ScrPart_bather" text="I" type="participant"/>
            <label from="6-5" id="23" name="ScrPart_water" text="water" type="participant"/>
            <label from="6-9" id="24" name="NPart" text="relief" type="participant"/>
            <label from="7-1" id="25" name="ScrPart_bather" text="I" type="participant"/>
            <label from="7-4" id="26" name="Head_of_Partitive" text="glasses" type="participant"/>
            <label from="7-6" id="27" name="ScrPart_in-bath_entertainment" text="wine" type="participant"/>
            <label from="7-12" id="28" name="ScrPart_in-bath_entertainment" text="magazine" type="participant"/>
            <label from="8-2" id="29" name="ScrPart_bather" text="I" type="participant"/>
            <label from="8-6" id="30" name="ScrPart_bather" text="my" type="participant"/>
            <label from="8-7" id="31" name="ScrPart_bath" text="bath" type="participant"/>
            <label from="8-8" id="32" name="ScrPart_bather" text="I" type="participant"/>
            <label from="8-11" id="33" name="ScrPart_plug" text="plug" type="participant"/>
            <label from="8-15" id="34" name="ScrPart_water" text="water" type="participant"/>
            <label from="9-2" id="35" name="ScrPart_bather" text="I" type="participant"/>
            <label from="9-6" id="36" name="ScrPart_shower" text="shower" type="participant"/>
            <label from="9-9" id="37" name="ScrPart_bather" text="myself" type="participant"/>
            <label from="10-4" id="38" name="ScrPart_washing_tools" text="soap" type="participant"/>
            <label from="10-7" id="39" name="ScrPart_bather" text="I" type="participant"/>
            <label from="11-1" id="40" name="ScrPart_bather" text="I" type="participant"/>
            <label from="11-8" id="41" name="ScrPart_bather" text="my" type="participant"/>
            <label from="11-9" id="42" name="ScrPart_clothes" text="robe" type="participant"/>
            <label from="12-1" id="43" name="ScrPart_bather" text="I" type="participant"/>
            <label from="12-7" id="44" name="SuppVComp" text="bath" type="participant"/>
            <label from="12-12" id="45" name="NPart" text="bed" type="participant"/>
        </participants>
        <events>
            <label from="1-8" id="46" name="UnrelEv" text="decided" type="event"/>
            <label from="1-10" id="47" name="Evoking" text="take a bath" to="1-12" type="event"/>
            <label from="2-3" id="48" name="ScrEv_prepare_bath" text="put on" to="2-4" type="event"/>
            <label from="2-7" id="49" name="ScrEv_relax" text="relaxing" type="event"/>
            <label from="2-11" id="50" name="RelNScrEv" text="listen" type="event"/>
            <label from="2-15" id="51" name="Evoking" text="took the bath" to="2-17" type="event"/>
            <label from="3-3" id="52" name="ScrEv_check_temp" text="got" type="event"/>
            <label from="3-11" id="53" name="ScrEv_close_drain" text="stopped" type="event"/>
            <label from="4-4" id="54" name="Unclear" text="was" type="event"/>
            <label from="4-7" id="55" name="ScrEv_put_bubble_bath_scent" text="added" type="event"/>
            <label from="5-2" id="56" name="ScrEv_prepare_bath" text="got" type="event"/>
            <label from="5-6" id="57" name="ScrEv_prepare_bath" text="place" type="event"/>
            <label from="6-2" id="58" name="ScrEv_sink_water" text="sank" type="event"/>
            <label from="6-7" id="59" name="ScrEv_relax" text="sighed" type="event"/>
            <label from="7-2" id="60" name="RelNScrEv" text="drank" type="event"/>
            <label from="7-9" id="61" name="RelNScrEv" text="paged" type="event"/>
            <label from="8-4" id="62" name="UnrelEv" text="done" type="event"/>
            <label from="8-9" id="63" name="ScrEv_open_drain" text="pulled" type="event"/>
            <label from="8-13" id="64" name="RelNScrEv" text="drained" type="event"/>
            <label from="9-3" id="65" name="RelNScrEv" text="turned on" to="9-4" type="event"/>
            <label from="9-8" id="66" name="RelNScrEv" text="rinse" type="event"/>
            <label from="10-5" id="67" name="UnrelEv" text="was" type="event"/>
            <label from="10-8" id="68" name="ScrEv_get_out_bath" text="stepped out" to="10-9" type="event"/>
            <label from="11-2" id="69" name="ScrEv_dry" text="dried off" to="11-3" type="event"/>
            <label from="11-6" id="70" name="ScrEv_get_dressed" text="put on" to="11-7" type="event"/>
            <label from="12-4" id="71" name="UnrelEv" text="done" type="event"/>
            <label from="12-5" id="72" name="Evoking" text="taking a bath" to="12-7" type="event"/>
            <label from="12-9" id="73" name="UnrelEv" text="was" type="event"/>
        </events>
        <chains>
            <chain elements="2 4 6 8 12 15 18 22 25 29 30 32 35 37 39 40 41 43"/>
            <chain elements="11 17"/>
            <chain elements="9 23 34"/>
            <chain elements="19 27"/>
            <chain elements="20 28"/>
            <chain elements="10 33"/>
        </chains>
    </annotations>
</story>
