<?xml version="1.0" encoding="UTF-8" standalone="no"?>
<!DOCTYPE story SYSTEM "../InScript.dtd">
<story id="030" scenario="bath">
    <text>
        <content>As I was getting ready for bed last night , I took a bath . 
I took off my clothes , then turned on the water in the tub . 
I made sure it was n't hot enough to hurt me , and warm enough to be comfortable . 
Once I had it set , I plugged up the drain and let the tub fill up with water . 
I saw there was enough water , so I turned it off and got in the tub . 
I took the bottle of shampoo and put some in my hair . 
As I scrubbed my hair , there were lots of suds . 
I rinsed my hair real well , then took the bar of soap and started washing my body . 
I made sure to get the soap all over me , then rinsed it off afterwards . 
I got out of the tub and pulled the plug , watching all the soapy water go down the drain . 
I grabbed the towel I had set out earlier , and dried myself off . 
I put on my night clothes and hopped in bed for the night . </content>
        <sentences>
            <sentence id="1">
                <token content="As" id="1-1">
                    <pos type="IN"/>
                    <lemma type="as"/>
                    <dep head="1-4" type="mark"/>
                </token>
                <token content="I" id="1-2">
                    <pos type="PRP"/>
                    <lemma type="I"/>
                    <dep head="1-4" type="nsubj"/>
                </token>
                <token content="was" id="1-3">
                    <pos type="VBD"/>
                    <lemma type="be"/>
                    <dep head="1-4" type="aux"/>
                </token>
                <token content="getting" id="1-4">
                    <pos type="VBG"/>
                    <lemma type="get"/>
                    <dep head="1-12" type="advcl"/>
                </token>
                <token content="ready" id="1-5">
                    <pos type="JJ"/>
                    <lemma type="ready"/>
                    <dep head="1-4" type="xcomp"/>
                </token>
                <token content="for" id="1-6"/>
                <token content="bed" id="1-7">
                    <pos type="NN"/>
                    <lemma type="bed"/>
                </token>
                <token content="last" id="1-8">
                    <pos type="JJ"/>
                    <lemma type="last"/>
                </token>
                <token content="night" id="1-9">
                    <pos type="NN"/>
                    <lemma type="night"/>
                    <dep head="1-4" type="tmod"/>
                </token>
                <token content="," id="1-10"/>
                <token content="I" id="1-11">
                    <pos type="PRP"/>
                    <lemma type="I"/>
                    <dep head="1-12" type="nsubj"/>
                </token>
                <token content="took" id="1-12">
                    <pos type="VBD"/>
                    <lemma type="take"/>
                </token>
                <token content="a" id="1-13">
                    <pos type="DT"/>
                    <lemma type="a"/>
                </token>
                <token content="bath" id="1-14">
                    <pos type="NN"/>
                    <lemma type="bath"/>
                    <dep head="1-12" type="dobj"/>
                </token>
                <token content="." id="1-15"/>
            </sentence>
            <sentence id="2">
                <token content="I" id="2-1">
                    <pos type="PRP"/>
                    <lemma type="I"/>
                    <dep head="2-2" type="nsubj"/>
                </token>
                <token content="took" id="2-2">
                    <pos type="VBD"/>
                    <lemma type="take"/>
                </token>
                <token content="off" id="2-3">
                    <pos type="RP"/>
                    <lemma type="off"/>
                    <dep head="2-2" type="prt"/>
                </token>
                <token content="my" id="2-4">
                    <pos type="PRP$"/>
                    <lemma type="my"/>
                </token>
                <token content="clothes" id="2-5">
                    <pos type="NNS"/>
                    <lemma type="clothes"/>
                    <dep head="2-2" type="dobj"/>
                </token>
                <token content="," id="2-6"/>
                <token content="then" id="2-7">
                    <pos type="RB"/>
                    <lemma type="then"/>
                    <dep head="2-8" type="advmod"/>
                </token>
                <token content="turned" id="2-8">
                    <pos type="VBN"/>
                    <lemma type="turn"/>
                    <dep head="2-2" type="vmod"/>
                </token>
                <token content="on" id="2-9"/>
                <token content="the" id="2-10">
                    <pos type="DT"/>
                    <lemma type="the"/>
                </token>
                <token content="water" id="2-11">
                    <pos type="NN"/>
                    <lemma type="water"/>
                    <dep head="2-8" type="prep"/>
                </token>
                <token content="in" id="2-12"/>
                <token content="the" id="2-13">
                    <pos type="DT"/>
                    <lemma type="the"/>
                </token>
                <token content="tub" id="2-14">
                    <pos type="NN"/>
                    <lemma type="tub"/>
                </token>
                <token content="." id="2-15"/>
            </sentence>
            <sentence id="3">
                <token content="I" id="3-1">
                    <pos type="PRP"/>
                    <lemma type="I"/>
                    <dep head="3-2" type="nsubj"/>
                </token>
                <token content="made" id="3-2">
                    <pos type="VBD"/>
                    <lemma type="make"/>
                </token>
                <token content="sure" id="3-3">
                    <pos type="JJ"/>
                    <lemma type="sure"/>
                    <dep head="3-2" type="acomp"/>
                </token>
                <token content="it" id="3-4">
                    <pos type="PRP"/>
                    <lemma type="it"/>
                </token>
                <token content="was" id="3-5">
                    <pos type="VBD"/>
                    <lemma type="be"/>
                </token>
                <token content="n't" id="3-6">
                    <pos type="RB"/>
                    <lemma type="not"/>
                </token>
                <token content="hot" id="3-7">
                    <pos type="JJ"/>
                    <lemma type="hot"/>
                </token>
                <token content="enough" id="3-8">
                    <pos type="RB"/>
                    <lemma type="enough"/>
                </token>
                <token content="to" id="3-9">
                    <pos type="TO"/>
                    <lemma type="to"/>
                    <dep head="3-10" type="aux"/>
                </token>
                <token content="hurt" id="3-10">
                    <pos type="VB"/>
                    <lemma type="hurt"/>
                </token>
                <token content="me" id="3-11">
                    <pos type="PRP"/>
                    <lemma type="I"/>
                    <dep head="3-10" type="dobj"/>
                </token>
                <token content="," id="3-12"/>
                <token content="and" id="3-13"/>
                <token content="warm" id="3-14">
                    <pos type="JJ"/>
                    <lemma type="warm"/>
                </token>
                <token content="enough" id="3-15">
                    <pos type="RB"/>
                    <lemma type="enough"/>
                </token>
                <token content="to" id="3-16">
                    <pos type="TO"/>
                    <lemma type="to"/>
                </token>
                <token content="be" id="3-17">
                    <pos type="VB"/>
                    <lemma type="be"/>
                </token>
                <token content="comfortable" id="3-18">
                    <pos type="JJ"/>
                    <lemma type="comfortable"/>
                </token>
                <token content="." id="3-19"/>
            </sentence>
            <sentence id="4">
                <token content="Once" id="4-1">
                    <pos type="IN"/>
                    <lemma type="once"/>
                    <dep head="4-3" type="mark"/>
                </token>
                <token content="I" id="4-2">
                    <pos type="PRP"/>
                    <lemma type="I"/>
                    <dep head="4-3" type="nsubj"/>
                </token>
                <token content="had" id="4-3">
                    <pos type="VBD"/>
                    <lemma type="have"/>
                    <dep head="4-8" type="advcl"/>
                </token>
                <token content="it" id="4-4">
                    <pos type="PRP"/>
                    <lemma type="it"/>
                    <dep head="4-5" type="nsubj"/>
                </token>
                <token content="set" id="4-5">
                    <pos type="VBN"/>
                    <lemma type="set"/>
                    <dep head="4-3" type="ccomp"/>
                </token>
                <token content="," id="4-6"/>
                <token content="I" id="4-7">
                    <pos type="PRP"/>
                    <lemma type="I"/>
                    <dep head="4-8" type="nsubj"/>
                </token>
                <token content="plugged" id="4-8">
                    <pos type="VBD"/>
                    <lemma type="plug"/>
                </token>
                <token content="up" id="4-9">
                    <pos type="RP"/>
                    <lemma type="up"/>
                    <dep head="4-8" type="prt"/>
                </token>
                <token content="the" id="4-10">
                    <pos type="DT"/>
                    <lemma type="the"/>
                </token>
                <token content="drain" id="4-11">
                    <pos type="NN"/>
                    <lemma type="drain"/>
                    <dep head="4-8" type="dobj"/>
                </token>
                <token content="and" id="4-12"/>
                <token content="let" id="4-13">
                    <pos type="VBD"/>
                    <lemma type="let"/>
                    <dep head="4-8" type="conj"/>
                </token>
                <token content="the" id="4-14">
                    <pos type="DT"/>
                    <lemma type="the"/>
                </token>
                <token content="tub" id="4-15">
                    <pos type="NN"/>
                    <lemma type="tub"/>
                    <dep head="4-16" type="nsubj"/>
                </token>
                <token content="fill" id="4-16">
                    <pos type="VB"/>
                    <lemma type="fill"/>
                    <dep head="4-13" type="ccomp"/>
                </token>
                <token content="up" id="4-17">
                    <pos type="RP"/>
                    <lemma type="up"/>
                    <dep head="4-16" type="prt"/>
                </token>
                <token content="with" id="4-18"/>
                <token content="water" id="4-19">
                    <pos type="NN"/>
                    <lemma type="water"/>
                    <dep head="4-16" type="prep"/>
                </token>
                <token content="." id="4-20"/>
            </sentence>
            <sentence id="5">
                <token content="I" id="5-1">
                    <pos type="PRP"/>
                    <lemma type="I"/>
                    <dep head="5-2" type="nsubj"/>
                </token>
                <token content="saw" id="5-2">
                    <pos type="VBD"/>
                    <lemma type="see"/>
                </token>
                <token content="there" id="5-3">
                    <pos type="EX"/>
                    <lemma type="there"/>
                    <dep head="5-4" type="expl"/>
                </token>
                <token content="was" id="5-4">
                    <pos type="VBD"/>
                    <lemma type="be"/>
                    <dep head="5-2" type="ccomp"/>
                </token>
                <token content="enough" id="5-5">
                    <pos type="JJ"/>
                    <lemma type="enough"/>
                </token>
                <token content="water" id="5-6">
                    <pos type="NN"/>
                    <lemma type="water"/>
                    <dep head="5-4" type="nsubj"/>
                </token>
                <token content="," id="5-7"/>
                <token content="so" id="5-8">
                    <pos type="IN"/>
                    <lemma type="so"/>
                    <dep head="5-2" type="dep"/>
                </token>
                <token content="I" id="5-9">
                    <pos type="PRP"/>
                    <lemma type="I"/>
                    <dep head="5-10" type="nsubj"/>
                </token>
                <token content="turned" id="5-10">
                    <pos type="VBD"/>
                    <lemma type="turn"/>
                    <dep head="5-2" type="parataxis"/>
                </token>
                <token content="it" id="5-11">
                    <pos type="PRP"/>
                    <lemma type="it"/>
                    <dep head="5-10" type="dobj"/>
                </token>
                <token content="off" id="5-12">
                    <pos type="RP"/>
                    <lemma type="off"/>
                    <dep head="5-10" type="prt"/>
                </token>
                <token content="and" id="5-13"/>
                <token content="got" id="5-14">
                    <pos type="VBD"/>
                    <lemma type="get"/>
                    <dep head="5-10" type="conj"/>
                </token>
                <token content="in" id="5-15"/>
                <token content="the" id="5-16">
                    <pos type="DT"/>
                    <lemma type="the"/>
                </token>
                <token content="tub" id="5-17">
                    <pos type="NN"/>
                    <lemma type="tub"/>
                    <dep head="5-14" type="prep"/>
                </token>
                <token content="." id="5-18"/>
            </sentence>
            <sentence id="6">
                <token content="I" id="6-1">
                    <pos type="PRP"/>
                    <lemma type="I"/>
                    <dep head="6-2" type="nsubj"/>
                </token>
                <token content="took" id="6-2">
                    <pos type="VBD"/>
                    <lemma type="take"/>
                </token>
                <token content="the" id="6-3">
                    <pos type="DT"/>
                    <lemma type="the"/>
                </token>
                <token content="bottle" id="6-4">
                    <pos type="NN"/>
                    <lemma type="bottle"/>
                    <dep head="6-2" type="dobj"/>
                </token>
                <token content="of" id="6-5"/>
                <token content="shampoo" id="6-6">
                    <pos type="NN"/>
                    <lemma type="shampoo"/>
                </token>
                <token content="and" id="6-7"/>
                <token content="put" id="6-8">
                    <pos type="VBD"/>
                    <lemma type="put"/>
                    <dep head="6-2" type="conj"/>
                </token>
                <token content="some" id="6-9">
                    <pos type="DT"/>
                    <lemma type="some"/>
                    <dep head="6-8" type="dobj"/>
                </token>
                <token content="in" id="6-10"/>
                <token content="my" id="6-11">
                    <pos type="PRP$"/>
                    <lemma type="my"/>
                </token>
                <token content="hair" id="6-12">
                    <pos type="NN"/>
                    <lemma type="hair"/>
                </token>
                <token content="." id="6-13"/>
            </sentence>
            <sentence id="7">
                <token content="As" id="7-1">
                    <pos type="IN"/>
                    <lemma type="as"/>
                    <dep head="7-3" type="mark"/>
                </token>
                <token content="I" id="7-2">
                    <pos type="PRP"/>
                    <lemma type="I"/>
                    <dep head="7-3" type="nsubj"/>
                </token>
                <token content="scrubbed" id="7-3">
                    <pos type="VBD"/>
                    <lemma type="scrub"/>
                    <dep head="7-8" type="advcl"/>
                </token>
                <token content="my" id="7-4">
                    <pos type="PRP$"/>
                    <lemma type="my"/>
                </token>
                <token content="hair" id="7-5">
                    <pos type="NN"/>
                    <lemma type="hair"/>
                    <dep head="7-3" type="dobj"/>
                </token>
                <token content="," id="7-6"/>
                <token content="there" id="7-7">
                    <pos type="EX"/>
                    <lemma type="there"/>
                    <dep head="7-8" type="expl"/>
                </token>
                <token content="were" id="7-8">
                    <pos type="VBD"/>
                    <lemma type="be"/>
                </token>
                <token content="lots" id="7-9">
                    <pos type="NNS"/>
                    <lemma type="lot"/>
                    <dep head="7-8" type="nsubj"/>
                </token>
                <token content="of" id="7-10"/>
                <token content="suds" id="7-11">
                    <pos type="NNS"/>
                    <lemma type="suds"/>
                </token>
                <token content="." id="7-12"/>
            </sentence>
            <sentence id="8">
                <token content="I" id="8-1">
                    <pos type="PRP"/>
                    <lemma type="I"/>
                    <dep head="8-2" type="nsubj"/>
                </token>
                <token content="rinsed" id="8-2">
                    <pos type="VBD"/>
                    <lemma type="rinse"/>
                </token>
                <token content="my" id="8-3">
                    <pos type="PRP$"/>
                    <lemma type="my"/>
                </token>
                <token content="hair" id="8-4">
                    <pos type="NN"/>
                    <lemma type="hair"/>
                    <dep head="8-2" type="dobj"/>
                </token>
                <token content="real" id="8-5">
                    <pos type="RB"/>
                    <lemma type="real"/>
                </token>
                <token content="well" id="8-6">
                    <pos type="RB"/>
                    <lemma type="well"/>
                    <dep head="8-2" type="advmod"/>
                </token>
                <token content="," id="8-7"/>
                <token content="then" id="8-8">
                    <pos type="RB"/>
                    <lemma type="then"/>
                    <dep head="8-9" type="advmod"/>
                </token>
                <token content="took" id="8-9">
                    <pos type="VBD"/>
                    <lemma type="take"/>
                    <dep head="8-2" type="conj"/>
                </token>
                <token content="the" id="8-10">
                    <pos type="DT"/>
                    <lemma type="the"/>
                </token>
                <token content="bar" id="8-11">
                    <pos type="NN"/>
                    <lemma type="bar"/>
                    <dep head="8-9" type="dobj"/>
                </token>
                <token content="of" id="8-12"/>
                <token content="soap" id="8-13">
                    <pos type="NN"/>
                    <lemma type="soap"/>
                </token>
                <token content="and" id="8-14"/>
                <token content="started" id="8-15">
                    <pos type="VBD"/>
                    <lemma type="start"/>
                    <dep head="8-2" type="conj"/>
                </token>
                <token content="washing" id="8-16">
                    <pos type="VBG"/>
                    <lemma type="wash"/>
                    <dep head="8-15" type="xcomp"/>
                </token>
                <token content="my" id="8-17">
                    <pos type="PRP$"/>
                    <lemma type="my"/>
                </token>
                <token content="body" id="8-18">
                    <pos type="NN"/>
                    <lemma type="body"/>
                    <dep head="8-16" type="dobj"/>
                </token>
                <token content="." id="8-19"/>
            </sentence>
            <sentence id="9">
                <token content="I" id="9-1">
                    <pos type="PRP"/>
                    <lemma type="I"/>
                    <dep head="9-2" type="nsubj"/>
                </token>
                <token content="made" id="9-2">
                    <pos type="VBD"/>
                    <lemma type="make"/>
                </token>
                <token content="sure" id="9-3">
                    <pos type="JJ"/>
                    <lemma type="sure"/>
                    <dep head="9-2" type="acomp"/>
                </token>
                <token content="to" id="9-4">
                    <pos type="TO"/>
                    <lemma type="to"/>
                    <dep head="9-5" type="aux"/>
                </token>
                <token content="get" id="9-5">
                    <pos type="VB"/>
                    <lemma type="get"/>
                </token>
                <token content="the" id="9-6">
                    <pos type="DT"/>
                    <lemma type="the"/>
                </token>
                <token content="soap" id="9-7">
                    <pos type="NN"/>
                    <lemma type="soap"/>
                    <dep head="9-5" type="dobj"/>
                </token>
                <token content="all" id="9-8">
                    <pos type="DT"/>
                    <lemma type="all"/>
                </token>
                <token content="over" id="9-9">
                    <pos type="RB"/>
                    <lemma type="over"/>
                    <dep head="9-5" type="advmod"/>
                </token>
                <token content="me" id="9-10">
                    <pos type="PRP"/>
                    <lemma type="I"/>
                    <dep head="9-13" type="nsubj"/>
                </token>
                <token content="," id="9-11"/>
                <token content="then" id="9-12">
                    <pos type="RB"/>
                    <lemma type="then"/>
                    <dep head="9-13" type="advmod"/>
                </token>
                <token content="rinsed" id="9-13">
                    <pos type="VBD"/>
                    <lemma type="rinse"/>
                </token>
                <token content="it" id="9-14">
                    <pos type="PRP"/>
                    <lemma type="it"/>
                    <dep head="9-13" type="dobj"/>
                </token>
                <token content="off" id="9-15">
                    <pos type="RP"/>
                    <lemma type="off"/>
                    <dep head="9-13" type="prt"/>
                </token>
                <token content="afterwards" id="9-16">
                    <pos type="RB"/>
                    <lemma type="afterwards"/>
                    <dep head="9-13" type="advmod"/>
                </token>
                <token content="." id="9-17"/>
            </sentence>
            <sentence id="10">
                <token content="I" id="10-1">
                    <pos type="PRP"/>
                    <lemma type="I"/>
                    <dep head="10-2" type="nsubj"/>
                </token>
                <token content="got" id="10-2">
                    <pos type="VBD"/>
                    <lemma type="get"/>
                </token>
                <token content="out" id="10-3"/>
                <token content="of" id="10-4"/>
                <token content="the" id="10-5">
                    <pos type="DT"/>
                    <lemma type="the"/>
                </token>
                <token content="tub" id="10-6">
                    <pos type="NN"/>
                    <lemma type="tub"/>
                    <dep head="10-2" type="prep"/>
                </token>
                <token content="and" id="10-7"/>
                <token content="pulled" id="10-8">
                    <pos type="VBD"/>
                    <lemma type="pull"/>
                    <dep head="10-2" type="conj"/>
                </token>
                <token content="the" id="10-9">
                    <pos type="DT"/>
                    <lemma type="the"/>
                </token>
                <token content="plug" id="10-10">
                    <pos type="NN"/>
                    <lemma type="plug"/>
                    <dep head="10-8" type="dobj"/>
                </token>
                <token content="," id="10-11"/>
                <token content="watching" id="10-12">
                    <pos type="VBG"/>
                    <lemma type="watch"/>
                    <dep head="10-2" type="vmod"/>
                </token>
                <token content="all" id="10-13">
                    <pos type="PDT"/>
                    <lemma type="all"/>
                </token>
                <token content="the" id="10-14">
                    <pos type="DT"/>
                    <lemma type="the"/>
                </token>
                <token content="soapy" id="10-15">
                    <pos type="JJ"/>
                    <lemma type="soapy"/>
                </token>
                <token content="water" id="10-16">
                    <pos type="NN"/>
                    <lemma type="water"/>
                    <dep head="10-17" type="nsubj"/>
                </token>
                <token content="go" id="10-17">
                    <pos type="VB"/>
                    <lemma type="go"/>
                    <dep head="10-12" type="ccomp"/>
                </token>
                <token content="down" id="10-18">
                    <pos type="RP"/>
                    <lemma type="down"/>
                    <dep head="10-17" type="prt"/>
                </token>
                <token content="the" id="10-19">
                    <pos type="DT"/>
                    <lemma type="the"/>
                </token>
                <token content="drain" id="10-20">
                    <pos type="NN"/>
                    <lemma type="drain"/>
                    <dep head="10-17" type="dobj"/>
                </token>
                <token content="." id="10-21"/>
            </sentence>
            <sentence id="11">
                <token content="I" id="11-1">
                    <pos type="PRP"/>
                    <lemma type="I"/>
                    <dep head="11-2" type="nsubj"/>
                </token>
                <token content="grabbed" id="11-2">
                    <pos type="VBD"/>
                    <lemma type="grab"/>
                </token>
                <token content="the" id="11-3">
                    <pos type="DT"/>
                    <lemma type="the"/>
                </token>
                <token content="towel" id="11-4">
                    <pos type="NN"/>
                    <lemma type="towel"/>
                    <dep head="11-2" type="dobj"/>
                </token>
                <token content="I" id="11-5">
                    <pos type="PRP"/>
                    <lemma type="I"/>
                    <dep head="11-7" type="nsubj"/>
                </token>
                <token content="had" id="11-6">
                    <pos type="VBD"/>
                    <lemma type="have"/>
                    <dep head="11-7" type="aux"/>
                </token>
                <token content="set" id="11-7">
                    <pos type="VBN"/>
                    <lemma type="set"/>
                    <dep head="11-2" type="dep"/>
                </token>
                <token content="out" id="11-8">
                    <pos type="IN"/>
                    <lemma type="out"/>
                    <dep head="11-7" type="advmod"/>
                </token>
                <token content="earlier" id="11-9">
                    <pos type="RB"/>
                    <lemma type="earlier"/>
                </token>
                <token content="," id="11-10"/>
                <token content="and" id="11-11"/>
                <token content="dried" id="11-12">
                    <pos type="VBD"/>
                    <lemma type="dry"/>
                    <dep head="11-2" type="conj"/>
                </token>
                <token content="myself" id="11-13">
                    <pos type="PRP"/>
                    <lemma type="myself"/>
                    <dep head="11-12" type="dobj"/>
                </token>
                <token content="off" id="11-14">
                    <pos type="RP"/>
                    <lemma type="off"/>
                    <dep head="11-12" type="prt"/>
                </token>
                <token content="." id="11-15"/>
            </sentence>
            <sentence id="12">
                <token content="I" id="12-1">
                    <pos type="PRP"/>
                    <lemma type="I"/>
                    <dep head="12-2" type="nsubj"/>
                </token>
                <token content="put" id="12-2">
                    <pos type="VBD"/>
                    <lemma type="put"/>
                </token>
                <token content="on" id="12-3"/>
                <token content="my" id="12-4">
                    <pos type="PRP$"/>
                    <lemma type="my"/>
                </token>
                <token content="night" id="12-5">
                    <pos type="NN"/>
                    <lemma type="night"/>
                </token>
                <token content="clothes" id="12-6">
                    <pos type="NNS"/>
                    <lemma type="clothes"/>
                    <dep head="12-2" type="prep"/>
                </token>
                <token content="and" id="12-7"/>
                <token content="hopped" id="12-8">
                    <pos type="VBD"/>
                    <lemma type="hop"/>
                    <dep head="12-2" type="conj"/>
                </token>
                <token content="in" id="12-9"/>
                <token content="bed" id="12-10">
                    <pos type="NN"/>
                    <lemma type="bed"/>
                    <dep head="12-8" type="prep"/>
                </token>
                <token content="for" id="12-11"/>
                <token content="the" id="12-12">
                    <pos type="DT"/>
                    <lemma type="the"/>
                </token>
                <token content="night" id="12-13">
                    <pos type="NN"/>
                    <lemma type="night"/>
                    <dep head="12-8" type="prep"/>
                </token>
                <token content="." id="12-14"/>
            </sentence>
        </sentences>
    </text>
    <annotations>
        <participants>
            <label from="1-2" id="0" name="ScrPart_bather" text="I" type="participant"/>
            <label from="1-7" id="1" name="NPart" text="bed" type="participant"/>
            <label from="1-9" id="2" name="NPart" text="night" type="participant"/>
            <label from="1-11" id="3" name="ScrPart_bather" text="I" type="participant"/>
            <label from="1-14" id="4" name="ScrPart_bath" text="bath" type="participant"/>
            <label from="2-1" id="5" name="ScrPart_bather" text="I" type="participant"/>
            <label from="2-4" id="6" name="ScrPart_bather" text="my" type="participant"/>
            <label from="2-5" id="7" name="ScrPart_clothes" text="clothes" type="participant"/>
            <label from="2-11" id="8" name="ScrPart_water" text="water" type="participant"/>
            <label from="2-14" id="9" name="ScrPart_bathtub" text="tub" type="participant"/>
            <label from="3-1" id="10" name="ScrPart_bather" text="I" type="participant"/>
            <label from="3-4" id="11" name="ScrPart_water" text="it" type="participant"/>
            <label from="3-11" id="12" name="ScrPart_bather" text="me" type="participant"/>
            <label from="4-2" id="13" name="ScrPart_bather" text="I" type="participant"/>
            <label from="4-4" id="14" name="ScrPart_water" text="it" type="participant"/>
            <label from="4-7" id="15" name="ScrPart_bather" text="I" type="participant"/>
            <label from="4-11" id="16" name="ScrPart_drain" text="drain" type="participant"/>
            <label from="4-15" id="17" name="ScrPart_bathtub" text="tub" type="participant"/>
            <label from="4-19" id="18" name="ScrPart_water" text="water" type="participant"/>
            <label from="5-1" id="19" name="ScrPart_bather" text="I" type="participant"/>
            <label from="5-6" id="20" name="ScrPart_water" text="water" type="participant"/>
            <label from="5-9" id="21" name="ScrPart_bather" text="I" type="participant"/>
            <label from="5-11" id="22" name="ScrPart_water" text="it" type="participant"/>
            <label from="5-17" id="23" name="ScrPart_bathtub" text="tub" type="participant"/>
            <label from="6-1" id="24" name="ScrPart_bather" text="I" type="participant"/>
            <label from="6-4" id="25" name="Head_of_Partitive" text="bottle" type="participant"/>
            <label from="6-6" id="26" name="ScrPart_washing_tools" text="shampoo" type="participant"/>
            <label from="6-9" id="27" name="ScrPart_washing_tools" text="some" type="participant"/>
            <label from="6-11" id="28" name="ScrPart_bather" text="my" type="participant"/>
            <label from="6-12" id="29" name="ScrPart_hair" text="hair" type="participant"/>
            <label from="7-2" id="30" name="ScrPart_bather" text="I" type="participant"/>
            <label from="7-4" id="31" name="ScrPart_bather" text="my" type="participant"/>
            <label from="7-5" id="32" name="ScrPart_hair" text="hair" type="participant"/>
            <label from="7-9" id="33" name="Head_of_Partitive" text="lots" type="participant"/>
            <label from="7-11" id="34" name="ScrPart_other" text="suds" type="participant"/>
            <label from="8-1" id="35" name="ScrPart_bather" text="I" type="participant"/>
            <label from="8-3" id="36" name="ScrPart_bather" text="my" type="participant"/>
            <label from="8-4" id="37" name="ScrPart_hair" text="hair" type="participant"/>
            <label from="8-11" id="38" name="Head_of_Partitive" text="bar" type="participant"/>
            <label from="8-13" id="39" name="ScrPart_washing_tools" text="soap" type="participant"/>
            <label from="8-17" id="40" name="ScrPart_bather" text="my" type="participant"/>
            <label from="8-18" id="41" name="ScrPart_body_part" text="body" type="participant"/>
            <label from="9-1" id="42" name="ScrPart_bather" text="I" type="participant"/>
            <label from="9-7" id="43" name="ScrPart_washing_tools" text="soap" type="participant"/>
            <label from="9-10" id="44" name="ScrPart_bather" text="me" type="participant"/>
            <label from="9-14" id="45" name="ScrPart_washing_tools" text="it" type="participant"/>
            <label from="10-1" id="46" name="ScrPart_bather" text="I" type="participant"/>
            <label from="10-6" id="47" name="ScrPart_bathtub" text="tub" type="participant"/>
            <label from="10-10" id="48" name="ScrPart_plug" text="plug" type="participant"/>
            <label from="10-16" id="49" name="ScrPart_water" text="water" type="participant"/>
            <label from="10-20" id="50" name="ScrPart_drain" text="drain" type="participant"/>
            <label from="11-1" id="51" name="ScrPart_bather" text="I" type="participant"/>
            <label from="11-4" id="52" name="ScrPart_towel" text="towel" type="participant"/>
            <label from="11-5" id="53" name="ScrPart_bather" text="I" type="participant"/>
            <label from="11-13" id="54" name="ScrPart_bather" text="myself" type="participant"/>
            <label from="12-1" id="55" name="ScrPart_bather" text="I" type="participant"/>
            <label from="12-4" id="56" name="ScrPart_bather" text="my" type="participant"/>
            <label from="12-5" id="57" name="ScrPart_clothes" text="night clothes" to="12-6" type="participant"/>
            <label from="12-6" id="58" name="ScrPart_clothes" text="clothes" type="participant"/>
            <label from="12-10" id="59" name="NPart" text="bed" type="participant"/>
            <label from="12-13" id="60" name="NPart" text="night" type="participant"/>
        </participants>
        <events>
            <label from="1-4" id="61" name="UnrelEv" text="getting" type="event"/>
            <label from="1-12" id="62" name="Evoking" text="took a bath" to="1-14" type="event"/>
            <label from="2-2" id="63" name="ScrEv_undress" text="took off" to="2-3" type="event"/>
            <label from="2-8" id="64" name="ScrEv_turn_water_on" text="turned on" to="2-9" type="event"/>
            <label from="3-2" id="65" name="ScrEv_check_temp" text="made sure" to="3-3" type="event"/>
            <label from="3-5" id="66" name="UnrelEv" text="was" type="event"/>
            <label from="3-10" id="67" name="UnrelEv" text="hurt" type="event"/>
            <label from="3-17" id="68" name="UnrelEv" text="be" type="event"/>
            <label from="4-3" id="69" name="UnrelEv" text="had" type="event"/>
            <label from="4-5" id="70" name="UnrelEv" text="set" type="event"/>
            <label from="4-8" id="71" name="ScrEv_close_drain" text="plugged up" to="4-9" type="event"/>
            <label from="4-13" id="72" name="UnrelEv" text="let" type="event"/>
            <label from="4-16" id="73" name="ScrEv_fill_water/wait" text="fill up" to="4-17" type="event"/>
            <label from="5-2" id="74" name="UnrelEv" text="saw" type="event"/>
            <label from="5-4" id="75" name="UnrelEv" text="was" type="event"/>
            <label from="5-10" id="76" name="ScrEv_turn_water_off" text="turned" type="event"/>
            <label from="5-14" id="77" name="ScrEv_sink_water" text="got" type="event"/>
            <label from="6-2" id="78" name="RelNScrEv" text="took" type="event"/>
            <label from="6-8" id="79" name="ScrEv_wash" text="put" type="event"/>
            <label from="7-3" id="80" name="ScrEv_wash" text="scrubbed" type="event"/>
            <label from="7-8" id="81" name="UnrelEv" text="were" type="event"/>
            <label from="8-2" id="82" name="RelNScrEv" text="rinsed" type="event"/>
            <label from="8-9" id="83" name="RelNScrEv" text="took" type="event"/>
            <label from="8-15" id="84" name="UnrelEv" text="started" type="event"/>
            <label from="8-16" id="85" name="ScrEv_wash" text="washing" type="event"/>
            <label from="9-2" id="86" name="UnrelEv" text="made sure" to="9-3" type="event"/>
            <label from="9-5" id="87" name="ScrEv_wash" text="get" type="event"/>
            <label from="9-13" id="88" name="RelNScrEv" text="rinsed" type="event"/>
            <label from="10-2" id="89" name="ScrEv_get_out_bath" text="got" type="event"/>
            <label from="10-8" id="90" name="ScrEv_open_drain" text="pulled" type="event"/>
            <label from="10-12" id="91" name="UnrelEv" text="watching" type="event"/>
            <label from="10-17" id="92" name="RelNScrEv" text="go" type="event"/>
            <label from="11-2" id="93" name="RelNScrEv" text="grabbed" type="event"/>
            <label from="11-7" id="94" name="ScrEv_prepare_bath" text="set out" to="11-8" type="event"/>
            <label from="11-12" id="95" name="ScrEv_dry" text="dried" type="event"/>
            <label from="12-2" id="96" name="ScrEv_get_dressed" text="put on" to="12-3" type="event"/>
            <label from="12-8" id="97" name="UnrelEv" text="hopped" type="event"/>
        </events>
        <chains>
            <chain elements="0 3 5 6 10 12 13 15 19 21 24 28 30 31 35 36 40 42 44 46 51 53 54 55 56"/>
            <chain elements="8 11 14 18 20 22 49"/>
            <chain elements="9 17 23 47"/>
            <chain elements="26 27"/>
            <chain elements="29 32 37"/>
            <chain elements="39 43 45"/>
            <chain elements="16 50"/>
        </chains>
    </annotations>
</story>
