<?xml version="1.0" encoding="UTF-8" standalone="no"?>
<!DOCTYPE story SYSTEM "../InScript.dtd">
<story id="069" scenario="bath">
    <text>
        <content>After a long day at work , the thing I want and love the most is a hot bath . 
I like to run the water very hot ! 
I like bubbles added , the kind that smell like mangoes . 
I pour a glass of wine while the water runs , and bring it with me into the bathroom . 
Once the tub is full , I finally allow myself to get in . 
Ah , perfect ! 
I lay back and let the hours of work just slip away . 
Sometimes I 'll bring a book in with me and sink into a good story as the hot water dulls away any aches and pains . 
I sip on my wine and enjoy the soft popping bubbles around me . 
When I have finally had enough , I 'll slowly drain the tub , and then get up and dry off with a huge fluffy towel . 
After taking a bath I always feel refreshed and relaxed ! </content>
        <sentences>
            <sentence id="1">
                <token content="After" id="1-1"/>
                <token content="a" id="1-2">
                    <pos type="DT"/>
                    <lemma type="a"/>
                </token>
                <token content="long" id="1-3">
                    <pos type="JJ"/>
                    <lemma type="long"/>
                </token>
                <token content="day" id="1-4">
                    <pos type="NN"/>
                    <lemma type="day"/>
                </token>
                <token content="at" id="1-5"/>
                <token content="work" id="1-6">
                    <pos type="NN"/>
                    <lemma type="work"/>
                </token>
                <token content="," id="1-7"/>
                <token content="the" id="1-8">
                    <pos type="DT"/>
                    <lemma type="the"/>
                </token>
                <token content="thing" id="1-9">
                    <pos type="NN"/>
                    <lemma type="thing"/>
                </token>
                <token content="I" id="1-10">
                    <pos type="PRP"/>
                    <lemma type="I"/>
                    <dep head="1-11" type="nsubj"/>
                </token>
                <token content="want" id="1-11">
                    <pos type="VBP"/>
                    <lemma type="want"/>
                </token>
                <token content="and" id="1-12"/>
                <token content="love" id="1-13">
                    <pos type="VBP"/>
                    <lemma type="love"/>
                    <dep head="1-11" type="conj"/>
                </token>
                <token content="the" id="1-14">
                    <pos type="DT"/>
                    <lemma type="the"/>
                </token>
                <token content="most" id="1-15">
                    <pos type="JJS"/>
                    <lemma type="most"/>
                    <dep head="1-11" type="dobj"/>
                </token>
                <token content="is" id="1-16">
                    <pos type="VBZ"/>
                    <lemma type="be"/>
                </token>
                <token content="a" id="1-17">
                    <pos type="DT"/>
                    <lemma type="a"/>
                </token>
                <token content="hot" id="1-18">
                    <pos type="JJ"/>
                    <lemma type="hot"/>
                </token>
                <token content="bath" id="1-19">
                    <pos type="NN"/>
                    <lemma type="bath"/>
                </token>
                <token content="." id="1-20"/>
            </sentence>
            <sentence id="2">
                <token content="I" id="2-1">
                    <pos type="PRP"/>
                    <lemma type="I"/>
                    <dep head="2-2" type="nsubj"/>
                </token>
                <token content="like" id="2-2">
                    <pos type="VBP"/>
                    <lemma type="like"/>
                </token>
                <token content="to" id="2-3">
                    <pos type="TO"/>
                    <lemma type="to"/>
                    <dep head="2-4" type="aux"/>
                </token>
                <token content="run" id="2-4">
                    <pos type="VB"/>
                    <lemma type="run"/>
                    <dep head="2-2" type="xcomp"/>
                </token>
                <token content="the" id="2-5">
                    <pos type="DT"/>
                    <lemma type="the"/>
                </token>
                <token content="water" id="2-6">
                    <pos type="NN"/>
                    <lemma type="water"/>
                </token>
                <token content="very" id="2-7">
                    <pos type="RB"/>
                    <lemma type="very"/>
                </token>
                <token content="hot" id="2-8">
                    <pos type="JJ"/>
                    <lemma type="hot"/>
                    <dep head="2-4" type="xcomp"/>
                </token>
                <token content="!" id="2-9"/>
            </sentence>
            <sentence id="3">
                <token content="I" id="3-1">
                    <pos type="PRP"/>
                    <lemma type="I"/>
                    <dep head="3-2" type="nsubj"/>
                </token>
                <token content="like" id="3-2">
                    <pos type="VBP"/>
                    <lemma type="like"/>
                </token>
                <token content="bubbles" id="3-3">
                    <pos type="NNS"/>
                    <lemma type="bubble"/>
                    <dep head="3-4" type="nsubj"/>
                </token>
                <token content="added" id="3-4">
                    <pos type="VBD"/>
                    <lemma type="add"/>
                    <dep head="3-2" type="ccomp"/>
                </token>
                <token content="," id="3-5"/>
                <token content="the" id="3-6">
                    <pos type="DT"/>
                    <lemma type="the"/>
                </token>
                <token content="kind" id="3-7">
                    <pos type="NN"/>
                    <lemma type="kind"/>
                    <dep head="3-4" type="dobj"/>
                </token>
                <token content="that" id="3-8">
                    <pos type="WDT"/>
                    <lemma type="that"/>
                    <dep head="3-9" type="nsubj"/>
                </token>
                <token content="smell" id="3-9">
                    <pos type="VBP"/>
                    <lemma type="smell"/>
                </token>
                <token content="like" id="3-10"/>
                <token content="mangoes" id="3-11">
                    <pos type="NNS"/>
                    <lemma type="mango"/>
                    <dep head="3-9" type="prep"/>
                </token>
                <token content="." id="3-12"/>
            </sentence>
            <sentence id="4">
                <token content="I" id="4-1">
                    <pos type="PRP"/>
                    <lemma type="I"/>
                    <dep head="4-2" type="nsubj"/>
                </token>
                <token content="pour" id="4-2">
                    <pos type="VBP"/>
                    <lemma type="pour"/>
                </token>
                <token content="a" id="4-3">
                    <pos type="DT"/>
                    <lemma type="a"/>
                </token>
                <token content="glass" id="4-4">
                    <pos type="NN"/>
                    <lemma type="glass"/>
                    <dep head="4-2" type="dobj"/>
                </token>
                <token content="of" id="4-5"/>
                <token content="wine" id="4-6">
                    <pos type="NN"/>
                    <lemma type="wine"/>
                </token>
                <token content="while" id="4-7">
                    <pos type="IN"/>
                    <lemma type="while"/>
                    <dep head="4-10" type="mark"/>
                </token>
                <token content="the" id="4-8">
                    <pos type="DT"/>
                    <lemma type="the"/>
                </token>
                <token content="water" id="4-9">
                    <pos type="NN"/>
                    <lemma type="water"/>
                    <dep head="4-10" type="nsubj"/>
                </token>
                <token content="runs" id="4-10">
                    <pos type="VBZ"/>
                    <lemma type="run"/>
                    <dep head="4-2" type="advcl"/>
                </token>
                <token content="," id="4-11"/>
                <token content="and" id="4-12"/>
                <token content="bring" id="4-13">
                    <pos type="VBP"/>
                    <lemma type="bring"/>
                    <dep head="4-10" type="conj"/>
                </token>
                <token content="it" id="4-14">
                    <pos type="PRP"/>
                    <lemma type="it"/>
                    <dep head="4-13" type="dobj"/>
                </token>
                <token content="with" id="4-15"/>
                <token content="me" id="4-16">
                    <pos type="PRP"/>
                    <lemma type="I"/>
                    <dep head="4-13" type="prep"/>
                </token>
                <token content="into" id="4-17"/>
                <token content="the" id="4-18">
                    <pos type="DT"/>
                    <lemma type="the"/>
                </token>
                <token content="bathroom" id="4-19">
                    <pos type="NN"/>
                    <lemma type="bathroom"/>
                    <dep head="4-13" type="prep"/>
                </token>
                <token content="." id="4-20"/>
            </sentence>
            <sentence id="5">
                <token content="Once" id="5-1">
                    <pos type="IN"/>
                    <lemma type="once"/>
                </token>
                <token content="the" id="5-2">
                    <pos type="DT"/>
                    <lemma type="the"/>
                </token>
                <token content="tub" id="5-3">
                    <pos type="NN"/>
                    <lemma type="tub"/>
                </token>
                <token content="is" id="5-4">
                    <pos type="VBZ"/>
                    <lemma type="be"/>
                </token>
                <token content="full" id="5-5">
                    <pos type="JJ"/>
                    <lemma type="full"/>
                    <dep head="5-9" type="advcl"/>
                </token>
                <token content="," id="5-6"/>
                <token content="I" id="5-7">
                    <pos type="PRP"/>
                    <lemma type="I"/>
                    <dep head="5-9" type="nsubj"/>
                </token>
                <token content="finally" id="5-8">
                    <pos type="RB"/>
                    <lemma type="finally"/>
                    <dep head="5-9" type="advmod"/>
                </token>
                <token content="allow" id="5-9">
                    <pos type="VBP"/>
                    <lemma type="allow"/>
                </token>
                <token content="myself" id="5-10">
                    <pos type="PRP"/>
                    <lemma type="myself"/>
                    <dep head="5-9" type="dobj"/>
                </token>
                <token content="to" id="5-11">
                    <pos type="TO"/>
                    <lemma type="to"/>
                    <dep head="5-12" type="aux"/>
                </token>
                <token content="get" id="5-12">
                    <pos type="VB"/>
                    <lemma type="get"/>
                    <dep head="5-9" type="xcomp"/>
                </token>
                <token content="in" id="5-13">
                    <pos type="RP"/>
                    <lemma type="in"/>
                    <dep head="5-12" type="prt"/>
                </token>
                <token content="." id="5-14"/>
            </sentence>
            <sentence id="6">
                <token content="Ah" id="6-1">
                    <pos type="UH"/>
                    <lemma type="ah"/>
                </token>
                <token content="," id="6-2"/>
                <token content="perfect" id="6-3">
                    <pos type="UH"/>
                    <lemma type="perfect"/>
                </token>
                <token content="!" id="6-4"/>
            </sentence>
            <sentence id="7">
                <token content="I" id="7-1">
                    <pos type="PRP"/>
                    <lemma type="I"/>
                    <dep head="7-2" type="nsubj"/>
                </token>
                <token content="lay" id="7-2">
                    <pos type="VBD"/>
                    <lemma type="lay"/>
                </token>
                <token content="back" id="7-3">
                    <pos type="RB"/>
                    <lemma type="back"/>
                    <dep head="7-2" type="advmod"/>
                </token>
                <token content="and" id="7-4"/>
                <token content="let" id="7-5">
                    <pos type="VBD"/>
                    <lemma type="let"/>
                    <dep head="7-2" type="conj"/>
                </token>
                <token content="the" id="7-6">
                    <pos type="DT"/>
                    <lemma type="the"/>
                </token>
                <token content="hours" id="7-7">
                    <pos type="NNS"/>
                    <lemma type="hour"/>
                    <dep head="7-11" type="nsubj"/>
                </token>
                <token content="of" id="7-8"/>
                <token content="work" id="7-9">
                    <pos type="NN"/>
                    <lemma type="work"/>
                </token>
                <token content="just" id="7-10">
                    <pos type="RB"/>
                    <lemma type="just"/>
                    <dep head="7-11" type="advmod"/>
                </token>
                <token content="slip" id="7-11">
                    <pos type="VBP"/>
                    <lemma type="slip"/>
                    <dep head="7-5" type="ccomp"/>
                </token>
                <token content="away" id="7-12">
                    <pos type="RP"/>
                    <lemma type="away"/>
                    <dep head="7-11" type="prt"/>
                </token>
                <token content="." id="7-13"/>
            </sentence>
            <sentence id="8">
                <token content="Sometimes" id="8-1">
                    <pos type="RB"/>
                    <lemma type="sometimes"/>
                    <dep head="8-4" type="advmod"/>
                </token>
                <token content="I" id="8-2">
                    <pos type="PRP"/>
                    <lemma type="I"/>
                    <dep head="8-4" type="nsubj"/>
                </token>
                <token content="'ll" id="8-3">
                    <pos type="MD"/>
                    <lemma type="'ll"/>
                    <dep head="8-4" type="aux"/>
                </token>
                <token content="bring" id="8-4">
                    <pos type="VB"/>
                    <lemma type="bring"/>
                </token>
                <token content="a" id="8-5">
                    <pos type="DT"/>
                    <lemma type="a"/>
                </token>
                <token content="book" id="8-6">
                    <pos type="NN"/>
                    <lemma type="book"/>
                    <dep head="8-4" type="dobj"/>
                </token>
                <token content="in" id="8-7">
                    <pos type="IN"/>
                    <lemma type="in"/>
                    <dep head="8-4" type="prep"/>
                </token>
                <token content="with" id="8-8">
                    <pos type="IN"/>
                    <lemma type="with"/>
                </token>
                <token content="me" id="8-9">
                    <pos type="PRP"/>
                    <lemma type="I"/>
                </token>
                <token content="and" id="8-10"/>
                <token content="sink" id="8-11">
                    <pos type="VB"/>
                    <lemma type="sink"/>
                    <dep head="8-4" type="conj"/>
                </token>
                <token content="into" id="8-12"/>
                <token content="a" id="8-13">
                    <pos type="DT"/>
                    <lemma type="a"/>
                </token>
                <token content="good" id="8-14">
                    <pos type="JJ"/>
                    <lemma type="good"/>
                </token>
                <token content="story" id="8-15">
                    <pos type="NN"/>
                    <lemma type="story"/>
                    <dep head="8-11" type="prep"/>
                </token>
                <token content="as" id="8-16">
                    <pos type="IN"/>
                    <lemma type="as"/>
                    <dep head="8-20" type="mark"/>
                </token>
                <token content="the" id="8-17">
                    <pos type="DT"/>
                    <lemma type="the"/>
                </token>
                <token content="hot" id="8-18">
                    <pos type="JJ"/>
                    <lemma type="hot"/>
                </token>
                <token content="water" id="8-19">
                    <pos type="NN"/>
                    <lemma type="water"/>
                    <dep head="8-20" type="nsubj"/>
                </token>
                <token content="dulls" id="8-20">
                    <pos type="VBZ"/>
                    <lemma type="dull"/>
                    <dep head="8-11" type="advcl"/>
                </token>
                <token content="away" id="8-21">
                    <pos type="RP"/>
                    <lemma type="away"/>
                    <dep head="8-20" type="prt"/>
                </token>
                <token content="any" id="8-22">
                    <pos type="DT"/>
                    <lemma type="any"/>
                </token>
                <token content="aches" id="8-23">
                    <pos type="NNS"/>
                    <lemma type="ache"/>
                    <dep head="8-20" type="dobj"/>
                </token>
                <token content="and" id="8-24"/>
                <token content="pains" id="8-25">
                    <pos type="NNS"/>
                    <lemma type="pain"/>
                </token>
                <token content="." id="8-26"/>
            </sentence>
            <sentence id="9">
                <token content="I" id="9-1">
                    <pos type="PRP"/>
                    <lemma type="I"/>
                    <dep head="9-2" type="nsubj"/>
                </token>
                <token content="sip" id="9-2">
                    <pos type="VBP"/>
                    <lemma type="sip"/>
                </token>
                <token content="on" id="9-3"/>
                <token content="my" id="9-4">
                    <pos type="PRP$"/>
                    <lemma type="my"/>
                </token>
                <token content="wine" id="9-5">
                    <pos type="NN"/>
                    <lemma type="wine"/>
                    <dep head="9-2" type="prep"/>
                </token>
                <token content="and" id="9-6"/>
                <token content="enjoy" id="9-7">
                    <pos type="VBP"/>
                    <lemma type="enjoy"/>
                    <dep head="9-2" type="conj"/>
                </token>
                <token content="the" id="9-8">
                    <pos type="DT"/>
                    <lemma type="the"/>
                </token>
                <token content="soft" id="9-9">
                    <pos type="JJ"/>
                    <lemma type="soft"/>
                </token>
                <token content="popping" id="9-10">
                    <pos type="CD"/>
                    <lemma type="popping"/>
                </token>
                <token content="bubbles" id="9-11">
                    <pos type="NNS"/>
                    <lemma type="bubble"/>
                    <dep head="9-7" type="dobj"/>
                </token>
                <token content="around" id="9-12"/>
                <token content="me" id="9-13">
                    <pos type="PRP"/>
                    <lemma type="I"/>
                </token>
                <token content="." id="9-14"/>
            </sentence>
            <sentence id="10">
                <token content="When" id="10-1">
                    <pos type="WRB"/>
                    <lemma type="when"/>
                    <dep head="10-5" type="advmod"/>
                </token>
                <token content="I" id="10-2">
                    <pos type="PRP"/>
                    <lemma type="I"/>
                    <dep head="10-5" type="nsubj"/>
                </token>
                <token content="have" id="10-3">
                    <pos type="VBP"/>
                    <lemma type="have"/>
                    <dep head="10-5" type="aux"/>
                </token>
                <token content="finally" id="10-4">
                    <pos type="RB"/>
                    <lemma type="finally"/>
                    <dep head="10-5" type="advmod"/>
                </token>
                <token content="had" id="10-5">
                    <pos type="VBN"/>
                    <lemma type="have"/>
                    <dep head="10-11" type="advcl"/>
                </token>
                <token content="enough" id="10-6">
                    <pos type="RB"/>
                    <lemma type="enough"/>
                    <dep head="10-5" type="dobj"/>
                </token>
                <token content="," id="10-7"/>
                <token content="I" id="10-8">
                    <pos type="PRP"/>
                    <lemma type="I"/>
                    <dep head="10-11" type="nsubj"/>
                </token>
                <token content="'ll" id="10-9">
                    <pos type="MD"/>
                    <lemma type="'ll"/>
                    <dep head="10-11" type="aux"/>
                </token>
                <token content="slowly" id="10-10">
                    <pos type="RB"/>
                    <lemma type="slowly"/>
                    <dep head="10-11" type="advmod"/>
                </token>
                <token content="drain" id="10-11">
                    <pos type="VB"/>
                    <lemma type="drain"/>
                </token>
                <token content="the" id="10-12">
                    <pos type="DT"/>
                    <lemma type="the"/>
                </token>
                <token content="tub" id="10-13">
                    <pos type="NN"/>
                    <lemma type="tub"/>
                    <dep head="10-11" type="dobj"/>
                </token>
                <token content="," id="10-14"/>
                <token content="and" id="10-15"/>
                <token content="then" id="10-16">
                    <pos type="RB"/>
                    <lemma type="then"/>
                    <dep head="10-17" type="advmod"/>
                </token>
                <token content="get" id="10-17">
                    <pos type="VB"/>
                    <lemma type="get"/>
                    <dep head="10-11" type="conj"/>
                </token>
                <token content="up" id="10-18">
                    <pos type="RP"/>
                    <lemma type="up"/>
                    <dep head="10-17" type="prt"/>
                </token>
                <token content="and" id="10-19"/>
                <token content="dry" id="10-20">
                    <pos type="VB"/>
                    <lemma type="dry"/>
                    <dep head="10-17" type="conj"/>
                </token>
                <token content="off" id="10-21">
                    <pos type="RP"/>
                    <lemma type="off"/>
                    <dep head="10-20" type="prt"/>
                </token>
                <token content="with" id="10-22"/>
                <token content="a" id="10-23">
                    <pos type="DT"/>
                    <lemma type="a"/>
                </token>
                <token content="huge" id="10-24">
                    <pos type="JJ"/>
                    <lemma type="huge"/>
                </token>
                <token content="fluffy" id="10-25">
                    <pos type="JJ"/>
                    <lemma type="fluffy"/>
                </token>
                <token content="towel" id="10-26">
                    <pos type="NN"/>
                    <lemma type="towel"/>
                    <dep head="10-20" type="prep"/>
                </token>
                <token content="." id="10-27"/>
            </sentence>
            <sentence id="11">
                <token content="After" id="11-1"/>
                <token content="taking" id="11-2">
                    <pos type="VBG"/>
                    <lemma type="take"/>
                    <dep head="11-7" type="prepc"/>
                </token>
                <token content="a" id="11-3">
                    <pos type="DT"/>
                    <lemma type="a"/>
                </token>
                <token content="bath" id="11-4">
                    <pos type="NN"/>
                    <lemma type="bath"/>
                    <dep head="11-2" type="dobj"/>
                </token>
                <token content="I" id="11-5">
                    <pos type="PRP"/>
                    <lemma type="I"/>
                    <dep head="11-7" type="nsubj"/>
                </token>
                <token content="always" id="11-6">
                    <pos type="RB"/>
                    <lemma type="always"/>
                    <dep head="11-7" type="advmod"/>
                </token>
                <token content="feel" id="11-7">
                    <pos type="VBP"/>
                    <lemma type="feel"/>
                </token>
                <token content="refreshed" id="11-8">
                    <pos type="JJ"/>
                    <lemma type="refreshed"/>
                    <dep head="11-7" type="acomp"/>
                </token>
                <token content="and" id="11-9"/>
                <token content="relaxed" id="11-10">
                    <pos type="VBD"/>
                    <lemma type="relax"/>
                    <dep head="11-7" type="conj"/>
                </token>
                <token content="!" id="11-11"/>
            </sentence>
        </sentences>
    </text>
    <annotations>
        <participants>
            <label from="1-4" id="0" name="NPart" text="day" type="participant"/>
            <label from="1-6" id="1" name="NPart" text="work" type="participant"/>
            <label from="1-9" id="2" name="NPart" text="thing" type="participant"/>
            <label from="1-10" id="3" name="ScrPart_bather" text="I" type="participant"/>
            <label from="1-19" id="4" name="ScrPart_bath" text="bath" type="participant"/>
            <label from="2-1" id="5" name="ScrPart_bather" text="I" type="participant"/>
            <label from="2-6" id="6" name="ScrPart_water" text="water" type="participant"/>
            <label from="3-1" id="7" name="ScrPart_bather" text="I" type="participant"/>
            <label from="3-3" id="8" name="ScrPart_bath_means" text="bubbles" type="participant"/>
            <label from="3-7" id="9" name="ScrPart_bath_means" text="kind" type="participant"/>
            <label from="3-11" id="10" name="NPart" text="mangoes" type="participant"/>
            <label from="4-1" id="11" name="ScrPart_bather" text="I" type="participant"/>
            <label from="4-4" id="12" name="Head_of_Partitive" text="glass" type="participant"/>
            <label from="4-6" id="13" name="ScrPart_in-bath_entertainment" text="wine" type="participant"/>
            <label from="4-9" id="14" name="ScrPart_water" text="water" type="participant"/>
            <label from="4-14" id="15" name="No_label" text="it" type="participant"/>
            <label from="4-16" id="16" name="ScrPart_bather" text="me" type="participant"/>
            <label from="4-19" id="17" name="ScrPart_bathroom" text="bathroom" type="participant"/>
            <label from="5-3" id="18" name="ScrPart_bathtub" text="tub" type="participant"/>
            <label from="5-7" id="19" name="ScrPart_bather" text="I" type="participant"/>
            <label from="5-10" id="20" name="ScrPart_bather" text="myself" type="participant"/>
            <label from="6-1" id="21" name="No_label" text="Ah" type="participant"/>
            <label from="7-1" id="22" name="ScrPart_bather" text="I" type="participant"/>
            <label from="7-7" id="23" name="No_label" text="hours" type="participant"/>
            <label from="7-9" id="24" name="NPart" text="work" type="participant"/>
            <label from="8-2" id="25" name="ScrPart_bather" text="I" type="participant"/>
            <label from="8-6" id="26" name="ScrPart_in-bath_entertainment" text="book" type="participant"/>
            <label from="8-9" id="27" name="ScrPart_bather" text="me" type="participant"/>
            <label from="8-15" id="28" name="NPart" text="story" type="participant"/>
            <label from="8-19" id="29" name="ScrPart_water" text="water" type="participant"/>
            <label from="8-23" id="30" name="NPart" text="aches" type="participant"/>
            <label from="8-25" id="31" name="NPart" text="pains" type="participant"/>
            <label from="9-1" id="32" name="ScrPart_bather" text="I" type="participant"/>
            <label from="9-4" id="33" name="ScrPart_bather" text="my" type="participant"/>
            <label from="9-5" id="34" name="ScrPart_in-bath_entertainment" text="wine" type="participant"/>
            <label from="9-11" id="35" name="ScrPart_bath_means" text="bubbles" type="participant"/>
            <label from="9-13" id="36" name="ScrPart_bather" text="me" type="participant"/>
            <label from="10-2" id="37" name="ScrPart_bather" text="I" type="participant"/>
            <label from="10-8" id="38" name="ScrPart_bather" text="I" type="participant"/>
            <label from="10-13" id="39" name="ScrPart_bathtub" text="tub ," to="10-14" type="participant"/>
            <label from="10-26" id="40" name="ScrPart_towel" text="towel" type="participant"/>
            <label from="11-4" id="41" name="ScrPart_bath" text="bath" type="participant"/>
            <label from="11-5" id="42" name="ScrPart_bather" text="I" type="participant"/>
        </participants>
        <events>
            <label from="1-11" id="43" name="UnrelEv" text="want" type="event"/>
            <label from="1-13" id="44" name="UnrelEv" text="love" type="event"/>
            <label from="2-2" id="45" name="UnrelEv" text="like" type="event"/>
            <label from="2-4" id="46" name="RelNScrEv" text="run" type="event"/>
            <label from="3-2" id="47" name="UnrelEv" text="like" type="event"/>
            <label from="3-4" id="48" name="ScrEv_put_bubble_bath_scent" text="added" type="event"/>
            <label from="3-9" id="49" name="UnrelEv" text="smell" type="event"/>
            <label from="4-2" id="50" name="ScrEv_prepare_bath" text="pour" type="event"/>
            <label from="4-10" id="51" name="RelNScrEv" text="runs" type="event"/>
            <label from="4-13" id="52" name="UnrelEv" text="bring" type="event"/>
            <label from="5-4" id="53" name="UnrelEv" text="is" type="event"/>
            <label from="5-9" id="54" name="UnrelEv" text="allow" type="event"/>
            <label from="5-12" id="55" name="ScrEv_sink_water" text="get in" to="5-13" type="event"/>
            <label from="5-12" id="56" name="ScrEv_sink_water" text="get" type="event"/>
            <label from="7-2" id="57" name="ScrEv_relax" text="lay back" to="7-3" type="event"/>
            <label from="7-2" id="58" name="ScrEv_relax" text="lay" type="event"/>
            <label from="7-5" id="59" name="UnrelEv" text="let" type="event"/>
            <label from="7-11" id="60" name="UnrelEv" text="slip away" to="7-12" type="event"/>
            <label from="7-11" id="61" name="UnrelEv" text="slip" type="event"/>
            <label from="8-4" id="62" name="ScrEv_prepare_bath" text="bring" type="event"/>
            <label from="8-11" id="63" name="UnrelEv" text="sink into" to="8-12" type="event"/>
            <label from="8-11" id="64" name="UnrelEv" text="sink" type="event"/>
            <label from="8-20" id="65" name="RelNScrEv" text="dulls away" to="8-21" type="event"/>
            <label from="8-20" id="66" name="RelNScrEv" text="dulls" type="event"/>
            <label from="9-2" id="67" name="RelNScrEv" text="sip" type="event"/>
            <label from="9-7" id="68" name="UnrelEv" text="enjoy" type="event"/>
            <label from="9-10" id="69" name="RelNScrEv" text="popping" type="event"/>
            <label from="10-5" id="70" name="UnrelEv" text="had" type="event"/>
            <label from="10-11" id="71" name="ScrEv_open_drain" text="drain" type="event"/>
            <label from="10-17" id="72" name="ScrEv_get_out_bath" text="get up" to="10-18" type="event"/>
            <label from="10-17" id="73" name="ScrEv_get_out_bath" text="get" type="event"/>
            <label from="10-20" id="74" name="ScrEv_dry" text="dry off" to="10-21" type="event"/>
            <label from="10-20" id="75" name="ScrEv_dry" text="dry" type="event"/>
            <label from="11-2" id="76" name="Evoking" text="taking a bath" to="11-4" type="event"/>
            <label from="11-7" id="77" name="UnrelEv" text="feel" type="event"/>
            <label from="11-8" id="78" name="UnrelEv" text="refreshed" type="event"/>
            <label from="11-10" id="79" name="UnrelEv" text="relaxed" type="event"/>
        </events>
        <chains>
            <chain elements="3 5 7 11 16 19 20 22 25 27 32 33 36 37 38 42"/>
            <chain elements="8 9 35"/>
            <chain elements="13 34"/>
            <chain elements="4 41"/>
            <chain elements="6 14 29"/>
        </chains>
    </annotations>
</story>
