<?xml version="1.0" encoding="UTF-8" standalone="no"?>
<!DOCTYPE story SYSTEM "../InScript.dtd">
<story id="009" scenario="bath">
    <text>
        <content>Each night after we finish eating our dinner , I go upstairs to take a bath . 
The first thing that I do is get myself a clean towel and wash cloth . 
I put these items on the side of the bath tub in my bathroom . 
I then put the stopper in the drain of the bathtub and turn on the water faucet . 
I wait for the water to warm up and check it with my hand to make sure it is warm and not too hot . 
Once the bath tub is half way full , I turn off the water . 
Then I take off my clothes and climb into the bath tub . 
I get my wash cloth and put it under the water . 
I then get the soap and rub it on my wet wash cloth to make suds . 
The next thing to do is take the wash cloth and wash my entire body , starting with my face and ending with my toes . 
After I have washed everything , I rinse the soap from my body with the water in the tub . 
Finally , I get out of the tub , take the stopper out of the drain to let the water out , and use my towel to dry off . </content>
        <sentences>
            <sentence id="1">
                <token content="Each" id="1-1">
                    <pos type="DT"/>
                    <lemma type="each"/>
                </token>
                <token content="night" id="1-2">
                    <pos type="NN"/>
                    <lemma type="night"/>
                    <dep head="1-11" type="tmod"/>
                </token>
                <token content="after" id="1-3">
                    <pos type="IN"/>
                    <lemma type="after"/>
                    <dep head="1-5" type="mark"/>
                </token>
                <token content="we" id="1-4">
                    <pos type="PRP"/>
                    <lemma type="we"/>
                    <dep head="1-5" type="nsubj"/>
                </token>
                <token content="finish" id="1-5">
                    <pos type="VBP"/>
                    <lemma type="finish"/>
                    <dep head="1-11" type="advcl"/>
                </token>
                <token content="eating" id="1-6">
                    <pos type="VBG"/>
                    <lemma type="eat"/>
                    <dep head="1-5" type="xcomp"/>
                </token>
                <token content="our" id="1-7">
                    <pos type="PRP$"/>
                    <lemma type="we"/>
                </token>
                <token content="dinner" id="1-8">
                    <pos type="NN"/>
                    <lemma type="dinner"/>
                    <dep head="1-6" type="dobj"/>
                </token>
                <token content="," id="1-9"/>
                <token content="I" id="1-10">
                    <pos type="PRP"/>
                    <lemma type="I"/>
                    <dep head="1-11" type="nsubj"/>
                </token>
                <token content="go" id="1-11">
                    <pos type="VBP"/>
                    <lemma type="go"/>
                </token>
                <token content="upstairs" id="1-12">
                    <pos type="NN"/>
                    <lemma type="upstairs"/>
                    <dep head="1-11" type="advmod"/>
                </token>
                <token content="to" id="1-13">
                    <pos type="TO"/>
                    <lemma type="to"/>
                    <dep head="1-14" type="aux"/>
                </token>
                <token content="take" id="1-14">
                    <pos type="VB"/>
                    <lemma type="take"/>
                    <dep head="1-11" type="xcomp"/>
                </token>
                <token content="a" id="1-15">
                    <pos type="DT"/>
                    <lemma type="a"/>
                </token>
                <token content="bath" id="1-16">
                    <pos type="NN"/>
                    <lemma type="bath"/>
                    <dep head="1-14" type="dobj"/>
                </token>
                <token content="." id="1-17"/>
            </sentence>
            <sentence id="2">
                <token content="The" id="2-1">
                    <pos type="DT"/>
                    <lemma type="the"/>
                </token>
                <token content="first" id="2-2">
                    <pos type="JJ"/>
                    <lemma type="first"/>
                </token>
                <token content="thing" id="2-3">
                    <pos type="NN"/>
                    <lemma type="thing"/>
                    <dep head="2-8" type="nsubj"/>
                </token>
                <token content="that" id="2-4">
                    <pos type="IN"/>
                    <lemma type="that"/>
                    <dep head="2-6" type="mark"/>
                </token>
                <token content="I" id="2-5">
                    <pos type="PRP"/>
                    <lemma type="I"/>
                    <dep head="2-6" type="nsubj"/>
                </token>
                <token content="do" id="2-6">
                    <pos type="VBP"/>
                    <lemma type="do"/>
                </token>
                <token content="is" id="2-7">
                    <pos type="VBZ"/>
                    <lemma type="be"/>
                    <dep head="2-8" type="aux"/>
                </token>
                <token content="get" id="2-8">
                    <pos type="VB"/>
                    <lemma type="get"/>
                </token>
                <token content="myself" id="2-9">
                    <pos type="PRP"/>
                    <lemma type="myself"/>
                </token>
                <token content="a" id="2-10">
                    <pos type="DT"/>
                    <lemma type="a"/>
                </token>
                <token content="clean" id="2-11">
                    <pos type="JJ"/>
                    <lemma type="clean"/>
                </token>
                <token content="towel" id="2-12">
                    <pos type="NN"/>
                    <lemma type="towel"/>
                    <dep head="2-8" type="xcomp"/>
                </token>
                <token content="and" id="2-13"/>
                <token content="wash" id="2-14">
                    <pos type="NN"/>
                    <lemma type="wash"/>
                </token>
                <token content="cloth" id="2-15">
                    <pos type="NN"/>
                    <lemma type="cloth"/>
                </token>
                <token content="." id="2-16"/>
            </sentence>
            <sentence id="3">
                <token content="I" id="3-1">
                    <pos type="PRP"/>
                    <lemma type="I"/>
                    <dep head="3-2" type="nsubj"/>
                </token>
                <token content="put" id="3-2">
                    <pos type="VBD"/>
                    <lemma type="put"/>
                </token>
                <token content="these" id="3-3">
                    <pos type="DT"/>
                    <lemma type="these"/>
                </token>
                <token content="items" id="3-4">
                    <pos type="NNS"/>
                    <lemma type="item"/>
                    <dep head="3-2" type="dobj"/>
                </token>
                <token content="on" id="3-5"/>
                <token content="the" id="3-6">
                    <pos type="DT"/>
                    <lemma type="the"/>
                </token>
                <token content="side" id="3-7">
                    <pos type="NN"/>
                    <lemma type="side"/>
                    <dep head="3-2" type="prep"/>
                </token>
                <token content="of" id="3-8"/>
                <token content="the" id="3-9">
                    <pos type="DT"/>
                    <lemma type="the"/>
                </token>
                <token content="bath" id="3-10">
                    <pos type="NN"/>
                    <lemma type="bath"/>
                </token>
                <token content="tub" id="3-11">
                    <pos type="NN"/>
                    <lemma type="tub"/>
                </token>
                <token content="in" id="3-12"/>
                <token content="my" id="3-13">
                    <pos type="PRP$"/>
                    <lemma type="my"/>
                </token>
                <token content="bathroom" id="3-14">
                    <pos type="NN"/>
                    <lemma type="bathroom"/>
                    <dep head="3-2" type="prep"/>
                </token>
                <token content="." id="3-15"/>
            </sentence>
            <sentence id="4">
                <token content="I" id="4-1">
                    <pos type="PRP"/>
                    <lemma type="I"/>
                    <dep head="4-3" type="nsubj"/>
                </token>
                <token content="then" id="4-2">
                    <pos type="RB"/>
                    <lemma type="then"/>
                    <dep head="4-3" type="advmod"/>
                </token>
                <token content="put" id="4-3">
                    <pos type="VBD"/>
                    <lemma type="put"/>
                </token>
                <token content="the" id="4-4">
                    <pos type="DT"/>
                    <lemma type="the"/>
                </token>
                <token content="stopper" id="4-5">
                    <pos type="NN"/>
                    <lemma type="stopper"/>
                    <dep head="4-3" type="dobj"/>
                </token>
                <token content="in" id="4-6"/>
                <token content="the" id="4-7">
                    <pos type="DT"/>
                    <lemma type="the"/>
                </token>
                <token content="drain" id="4-8">
                    <pos type="NN"/>
                    <lemma type="drain"/>
                    <dep head="4-3" type="prep"/>
                </token>
                <token content="of" id="4-9"/>
                <token content="the" id="4-10">
                    <pos type="DT"/>
                    <lemma type="the"/>
                </token>
                <token content="bathtub" id="4-11">
                    <pos type="NN"/>
                    <lemma type="bathtub"/>
                </token>
                <token content="and" id="4-12"/>
                <token content="turn" id="4-13">
                    <pos type="NN"/>
                    <lemma type="turn"/>
                </token>
                <token content="on" id="4-14"/>
                <token content="the" id="4-15">
                    <pos type="DT"/>
                    <lemma type="the"/>
                </token>
                <token content="water" id="4-16">
                    <pos type="NN"/>
                    <lemma type="water"/>
                </token>
                <token content="faucet" id="4-17">
                    <pos type="NN"/>
                    <lemma type="faucet"/>
                    <dep head="4-3" type="prep"/>
                </token>
                <token content="." id="4-18"/>
            </sentence>
            <sentence id="5">
                <token content="I" id="5-1">
                    <pos type="PRP"/>
                    <lemma type="I"/>
                    <dep head="5-2" type="nsubj"/>
                </token>
                <token content="wait" id="5-2">
                    <pos type="VBP"/>
                    <lemma type="wait"/>
                </token>
                <token content="for" id="5-3"/>
                <token content="the" id="5-4">
                    <pos type="DT"/>
                    <lemma type="the"/>
                </token>
                <token content="water" id="5-5">
                    <pos type="NN"/>
                    <lemma type="water"/>
                    <dep head="5-2" type="prep"/>
                </token>
                <token content="to" id="5-6">
                    <pos type="TO"/>
                    <lemma type="to"/>
                    <dep head="5-7" type="aux"/>
                </token>
                <token content="warm" id="5-7">
                    <pos type="VB"/>
                    <lemma type="warm"/>
                </token>
                <token content="up" id="5-8">
                    <pos type="RP"/>
                    <lemma type="up"/>
                    <dep head="5-7" type="prt"/>
                </token>
                <token content="and" id="5-9"/>
                <token content="check" id="5-10">
                    <pos type="VB"/>
                    <lemma type="check"/>
                    <dep head="5-7" type="conj"/>
                </token>
                <token content="it" id="5-11">
                    <pos type="PRP"/>
                    <lemma type="it"/>
                    <dep head="5-10" type="dobj"/>
                </token>
                <token content="with" id="5-12"/>
                <token content="my" id="5-13">
                    <pos type="PRP$"/>
                    <lemma type="my"/>
                </token>
                <token content="hand" id="5-14">
                    <pos type="NN"/>
                    <lemma type="hand"/>
                    <dep head="5-10" type="prep"/>
                </token>
                <token content="to" id="5-15">
                    <pos type="TO"/>
                    <lemma type="to"/>
                    <dep head="5-16" type="aux"/>
                </token>
                <token content="make" id="5-16">
                    <pos type="VB"/>
                    <lemma type="make"/>
                </token>
                <token content="sure" id="5-17">
                    <pos type="JJ"/>
                    <lemma type="sure"/>
                    <dep head="5-16" type="acomp"/>
                </token>
                <token content="it" id="5-18">
                    <pos type="PRP"/>
                    <lemma type="it"/>
                </token>
                <token content="is" id="5-19">
                    <pos type="VBZ"/>
                    <lemma type="be"/>
                </token>
                <token content="warm" id="5-20">
                    <pos type="JJ"/>
                    <lemma type="warm"/>
                </token>
                <token content="and" id="5-21"/>
                <token content="not" id="5-22">
                    <pos type="RB"/>
                    <lemma type="not"/>
                </token>
                <token content="too" id="5-23">
                    <pos type="RB"/>
                    <lemma type="too"/>
                </token>
                <token content="hot" id="5-24">
                    <pos type="JJ"/>
                    <lemma type="hot"/>
                </token>
                <token content="." id="5-25"/>
            </sentence>
            <sentence id="6">
                <token content="Once" id="6-1">
                    <pos type="IN"/>
                    <lemma type="once"/>
                </token>
                <token content="the" id="6-2">
                    <pos type="DT"/>
                    <lemma type="the"/>
                </token>
                <token content="bath" id="6-3">
                    <pos type="NN"/>
                    <lemma type="bath"/>
                </token>
                <token content="tub" id="6-4">
                    <pos type="NN"/>
                    <lemma type="tub"/>
                </token>
                <token content="is" id="6-5">
                    <pos type="VBZ"/>
                    <lemma type="be"/>
                </token>
                <token content="half" id="6-6">
                    <pos type="DT"/>
                    <lemma type="half"/>
                </token>
                <token content="way" id="6-7">
                    <pos type="NN"/>
                    <lemma type="way"/>
                </token>
                <token content="full" id="6-8">
                    <pos type="JJ"/>
                    <lemma type="full"/>
                    <dep head="6-11" type="advcl"/>
                </token>
                <token content="," id="6-9"/>
                <token content="I" id="6-10">
                    <pos type="PRP"/>
                    <lemma type="I"/>
                    <dep head="6-11" type="nsubj"/>
                </token>
                <token content="turn" id="6-11">
                    <pos type="VBP"/>
                    <lemma type="turn"/>
                </token>
                <token content="off" id="6-12">
                    <pos type="RP"/>
                    <lemma type="off"/>
                    <dep head="6-11" type="prt"/>
                </token>
                <token content="the" id="6-13">
                    <pos type="DT"/>
                    <lemma type="the"/>
                </token>
                <token content="water" id="6-14">
                    <pos type="NN"/>
                    <lemma type="water"/>
                    <dep head="6-11" type="dobj"/>
                </token>
                <token content="." id="6-15"/>
            </sentence>
            <sentence id="7">
                <token content="Then" id="7-1">
                    <pos type="RB"/>
                    <lemma type="then"/>
                    <dep head="7-3" type="advmod"/>
                </token>
                <token content="I" id="7-2">
                    <pos type="PRP"/>
                    <lemma type="I"/>
                    <dep head="7-3" type="nsubj"/>
                </token>
                <token content="take" id="7-3">
                    <pos type="VBP"/>
                    <lemma type="take"/>
                </token>
                <token content="off" id="7-4">
                    <pos type="RP"/>
                    <lemma type="off"/>
                    <dep head="7-3" type="prt"/>
                </token>
                <token content="my" id="7-5">
                    <pos type="PRP$"/>
                    <lemma type="my"/>
                </token>
                <token content="clothes" id="7-6">
                    <pos type="NNS"/>
                    <lemma type="clothes"/>
                    <dep head="7-3" type="dobj"/>
                </token>
                <token content="and" id="7-7"/>
                <token content="climb" id="7-8">
                    <pos type="VB"/>
                    <lemma type="climb"/>
                    <dep head="7-3" type="conj"/>
                </token>
                <token content="into" id="7-9"/>
                <token content="the" id="7-10">
                    <pos type="DT"/>
                    <lemma type="the"/>
                </token>
                <token content="bath" id="7-11">
                    <pos type="NN"/>
                    <lemma type="bath"/>
                </token>
                <token content="tub" id="7-12">
                    <pos type="NN"/>
                    <lemma type="tub"/>
                    <dep head="7-8" type="prep"/>
                </token>
                <token content="." id="7-13"/>
            </sentence>
            <sentence id="8">
                <token content="I" id="8-1">
                    <pos type="PRP"/>
                    <lemma type="I"/>
                    <dep head="8-2" type="nsubj"/>
                </token>
                <token content="get" id="8-2">
                    <pos type="VBP"/>
                    <lemma type="get"/>
                </token>
                <token content="my" id="8-3">
                    <pos type="PRP$"/>
                    <lemma type="my"/>
                </token>
                <token content="wash" id="8-4">
                    <pos type="NN"/>
                    <lemma type="wash"/>
                </token>
                <token content="cloth" id="8-5">
                    <pos type="NN"/>
                    <lemma type="cloth"/>
                    <dep head="8-2" type="dobj"/>
                </token>
                <token content="and" id="8-6"/>
                <token content="put" id="8-7">
                    <pos type="VBD"/>
                    <lemma type="put"/>
                    <dep head="8-2" type="conj"/>
                </token>
                <token content="it" id="8-8">
                    <pos type="PRP"/>
                    <lemma type="it"/>
                    <dep head="8-7" type="dobj"/>
                </token>
                <token content="under" id="8-9"/>
                <token content="the" id="8-10">
                    <pos type="DT"/>
                    <lemma type="the"/>
                </token>
                <token content="water" id="8-11">
                    <pos type="NN"/>
                    <lemma type="water"/>
                    <dep head="8-7" type="prep"/>
                </token>
                <token content="." id="8-12"/>
            </sentence>
            <sentence id="9">
                <token content="I" id="9-1">
                    <pos type="PRP"/>
                    <lemma type="I"/>
                    <dep head="9-3" type="nsubj"/>
                </token>
                <token content="then" id="9-2">
                    <pos type="RB"/>
                    <lemma type="then"/>
                    <dep head="9-3" type="advmod"/>
                </token>
                <token content="get" id="9-3">
                    <pos type="VB"/>
                    <lemma type="get"/>
                </token>
                <token content="the" id="9-4">
                    <pos type="DT"/>
                    <lemma type="the"/>
                </token>
                <token content="soap" id="9-5">
                    <pos type="NN"/>
                    <lemma type="soap"/>
                    <dep head="9-3" type="dobj"/>
                </token>
                <token content="and" id="9-6"/>
                <token content="rub" id="9-7">
                    <pos type="VB"/>
                    <lemma type="rub"/>
                    <dep head="9-3" type="conj"/>
                </token>
                <token content="it" id="9-8">
                    <pos type="PRP"/>
                    <lemma type="it"/>
                    <dep head="9-7" type="dobj"/>
                </token>
                <token content="on" id="9-9"/>
                <token content="my" id="9-10">
                    <pos type="PRP$"/>
                    <lemma type="my"/>
                </token>
                <token content="wet" id="9-11">
                    <pos type="JJ"/>
                    <lemma type="wet"/>
                </token>
                <token content="wash" id="9-12">
                    <pos type="NN"/>
                    <lemma type="wash"/>
                </token>
                <token content="cloth" id="9-13">
                    <pos type="NN"/>
                    <lemma type="cloth"/>
                    <dep head="9-7" type="prep"/>
                </token>
                <token content="to" id="9-14">
                    <pos type="TO"/>
                    <lemma type="to"/>
                    <dep head="9-15" type="aux"/>
                </token>
                <token content="make" id="9-15">
                    <pos type="VB"/>
                    <lemma type="make"/>
                    <dep head="9-7" type="vmod"/>
                </token>
                <token content="suds" id="9-16">
                    <pos type="NNS"/>
                    <lemma type="suds"/>
                    <dep head="9-15" type="dobj"/>
                </token>
                <token content="." id="9-17"/>
            </sentence>
            <sentence id="10">
                <token content="The" id="10-1">
                    <pos type="DT"/>
                    <lemma type="the"/>
                </token>
                <token content="next" id="10-2">
                    <pos type="JJ"/>
                    <lemma type="next"/>
                </token>
                <token content="thing" id="10-3">
                    <pos type="NN"/>
                    <lemma type="thing"/>
                    <dep head="10-7" type="nsubj"/>
                </token>
                <token content="to" id="10-4">
                    <pos type="TO"/>
                    <lemma type="to"/>
                    <dep head="10-5" type="aux"/>
                </token>
                <token content="do" id="10-5">
                    <pos type="VB"/>
                    <lemma type="do"/>
                </token>
                <token content="is" id="10-6">
                    <pos type="VBZ"/>
                    <lemma type="be"/>
                    <dep head="10-7" type="aux"/>
                </token>
                <token content="take" id="10-7">
                    <pos type="VB"/>
                    <lemma type="take"/>
                </token>
                <token content="the" id="10-8">
                    <pos type="DT"/>
                    <lemma type="the"/>
                </token>
                <token content="wash" id="10-9">
                    <pos type="NN"/>
                    <lemma type="wash"/>
                </token>
                <token content="cloth" id="10-10">
                    <pos type="NN"/>
                    <lemma type="cloth"/>
                    <dep head="10-7" type="dobj"/>
                </token>
                <token content="and" id="10-11"/>
                <token content="wash" id="10-12">
                    <pos type="VB"/>
                    <lemma type="wash"/>
                    <dep head="10-7" type="conj"/>
                </token>
                <token content="my" id="10-13">
                    <pos type="PRP$"/>
                    <lemma type="my"/>
                </token>
                <token content="entire" id="10-14">
                    <pos type="JJ"/>
                    <lemma type="entire"/>
                </token>
                <token content="body" id="10-15">
                    <pos type="NN"/>
                    <lemma type="body"/>
                    <dep head="10-12" type="dobj"/>
                </token>
                <token content="," id="10-16"/>
                <token content="starting" id="10-17">
                    <pos type="VBG"/>
                    <lemma type="start"/>
                    <dep head="10-12" type="dep"/>
                </token>
                <token content="with" id="10-18"/>
                <token content="my" id="10-19">
                    <pos type="PRP$"/>
                    <lemma type="my"/>
                </token>
                <token content="face" id="10-20">
                    <pos type="NN"/>
                    <lemma type="face"/>
                    <dep head="10-17" type="prep"/>
                </token>
                <token content="and" id="10-21"/>
                <token content="ending" id="10-22">
                    <pos type="VBG"/>
                    <lemma type="end"/>
                    <dep head="10-17" type="conj"/>
                </token>
                <token content="with" id="10-23"/>
                <token content="my" id="10-24">
                    <pos type="PRP$"/>
                    <lemma type="my"/>
                </token>
                <token content="toes" id="10-25">
                    <pos type="NNS"/>
                    <lemma type="toe"/>
                    <dep head="10-22" type="prep"/>
                </token>
                <token content="." id="10-26"/>
            </sentence>
            <sentence id="11">
                <token content="After" id="11-1">
                    <pos type="IN"/>
                    <lemma type="after"/>
                    <dep head="11-4" type="mark"/>
                </token>
                <token content="I" id="11-2">
                    <pos type="PRP"/>
                    <lemma type="I"/>
                    <dep head="11-4" type="nsubj"/>
                </token>
                <token content="have" id="11-3">
                    <pos type="VBP"/>
                    <lemma type="have"/>
                    <dep head="11-4" type="aux"/>
                </token>
                <token content="washed" id="11-4">
                    <pos type="VBN"/>
                    <lemma type="wash"/>
                    <dep head="11-8" type="advcl"/>
                </token>
                <token content="everything" id="11-5">
                    <pos type="NN"/>
                    <lemma type="everything"/>
                    <dep head="11-4" type="dobj"/>
                </token>
                <token content="," id="11-6"/>
                <token content="I" id="11-7">
                    <pos type="PRP"/>
                    <lemma type="I"/>
                    <dep head="11-8" type="nsubj"/>
                </token>
                <token content="rinse" id="11-8">
                    <pos type="VBD"/>
                    <lemma type="rinse"/>
                </token>
                <token content="the" id="11-9">
                    <pos type="DT"/>
                    <lemma type="the"/>
                </token>
                <token content="soap" id="11-10">
                    <pos type="NN"/>
                    <lemma type="soap"/>
                    <dep head="11-8" type="dobj"/>
                </token>
                <token content="from" id="11-11"/>
                <token content="my" id="11-12">
                    <pos type="PRP$"/>
                    <lemma type="my"/>
                </token>
                <token content="body" id="11-13">
                    <pos type="NN"/>
                    <lemma type="body"/>
                    <dep head="11-8" type="prep"/>
                </token>
                <token content="with" id="11-14"/>
                <token content="the" id="11-15">
                    <pos type="DT"/>
                    <lemma type="the"/>
                </token>
                <token content="water" id="11-16">
                    <pos type="NN"/>
                    <lemma type="water"/>
                    <dep head="11-8" type="prep"/>
                </token>
                <token content="in" id="11-17"/>
                <token content="the" id="11-18">
                    <pos type="DT"/>
                    <lemma type="the"/>
                </token>
                <token content="tub" id="11-19">
                    <pos type="NN"/>
                    <lemma type="tub"/>
                </token>
                <token content="." id="11-20"/>
            </sentence>
            <sentence id="12">
                <token content="Finally" id="12-1">
                    <pos type="RB"/>
                    <lemma type="finally"/>
                    <dep head="12-4" type="advmod"/>
                </token>
                <token content="," id="12-2"/>
                <token content="I" id="12-3">
                    <pos type="PRP"/>
                    <lemma type="I"/>
                    <dep head="12-4" type="nsubj"/>
                </token>
                <token content="get" id="12-4">
                    <pos type="VB"/>
                    <lemma type="get"/>
                </token>
                <token content="out" id="12-5">
                    <pos type="RP"/>
                    <lemma type="out"/>
                    <dep head="12-4" type="prt"/>
                </token>
                <token content="of" id="12-6"/>
                <token content="the" id="12-7">
                    <pos type="DT"/>
                    <lemma type="the"/>
                </token>
                <token content="tub" id="12-8">
                    <pos type="NN"/>
                    <lemma type="tub"/>
                    <dep head="12-4" type="prep"/>
                </token>
                <token content="," id="12-9"/>
                <token content="take" id="12-10">
                    <pos type="VB"/>
                    <lemma type="take"/>
                    <dep head="12-4" type="conj"/>
                </token>
                <token content="the" id="12-11">
                    <pos type="DT"/>
                    <lemma type="the"/>
                </token>
                <token content="stopper" id="12-12">
                    <pos type="NN"/>
                    <lemma type="stopper"/>
                    <dep head="12-10" type="dobj"/>
                </token>
                <token content="out" id="12-13">
                    <pos type="RP"/>
                    <lemma type="out"/>
                    <dep head="12-10" type="prt"/>
                </token>
                <token content="of" id="12-14"/>
                <token content="the" id="12-15">
                    <pos type="DT"/>
                    <lemma type="the"/>
                </token>
                <token content="drain" id="12-16">
                    <pos type="NN"/>
                    <lemma type="drain"/>
                    <dep head="12-10" type="prep"/>
                </token>
                <token content="to" id="12-17">
                    <pos type="TO"/>
                    <lemma type="to"/>
                    <dep head="12-18" type="aux"/>
                </token>
                <token content="let" id="12-18">
                    <pos type="VB"/>
                    <lemma type="let"/>
                </token>
                <token content="the" id="12-19">
                    <pos type="DT"/>
                    <lemma type="the"/>
                </token>
                <token content="water" id="12-20">
                    <pos type="NN"/>
                    <lemma type="water"/>
                    <dep head="12-18" type="dobj"/>
                </token>
                <token content="out" id="12-21">
                    <pos type="RP"/>
                    <lemma type="out"/>
                    <dep head="12-18" type="prt"/>
                </token>
                <token content="," id="12-22"/>
                <token content="and" id="12-23"/>
                <token content="use" id="12-24">
                    <pos type="VB"/>
                    <lemma type="use"/>
                    <dep head="12-4" type="conj"/>
                </token>
                <token content="my" id="12-25">
                    <pos type="PRP$"/>
                    <lemma type="my"/>
                </token>
                <token content="towel" id="12-26">
                    <pos type="NN"/>
                    <lemma type="towel"/>
                    <dep head="12-24" type="dobj"/>
                </token>
                <token content="to" id="12-27">
                    <pos type="TO"/>
                    <lemma type="to"/>
                    <dep head="12-28" type="aux"/>
                </token>
                <token content="dry" id="12-28">
                    <pos type="VB"/>
                    <lemma type="dry"/>
                </token>
                <token content="off" id="12-29">
                    <pos type="RP"/>
                    <lemma type="off"/>
                    <dep head="12-28" type="prt"/>
                </token>
                <token content="." id="12-30"/>
            </sentence>
        </sentences>
    </text>
    <annotations>
        <participants>
            <label from="1-2" id="0" name="NPart" text="night" type="participant"/>
            <label from="1-4" id="1" name="Unclear" text="we" type="participant"/>
            <label from="1-7" id="2" name="Unclear" text="our" type="participant"/>
            <label from="1-8" id="3" name="NPart" text="dinner" type="participant"/>
            <label from="1-10" id="4" name="ScrPart_bather" text="I" type="participant"/>
            <label from="1-16" id="5" name="ScrPart_bath" text="bath" type="participant"/>
            <label from="2-3" id="6" name="No_label" text="thing" type="participant"/>
            <label from="2-5" id="7" name="ScrPart_bather" text="I" type="participant"/>
            <label from="2-9" id="8" name="ScrPart_bather" text="myself" type="participant"/>
            <label from="2-12" id="9" name="ScrPart_towel" text="towel" type="participant"/>
            <label from="2-14" id="10" name="ScrPart_washing_tools" text="wash cloth" to="2-15" type="participant"/>
            <label from="2-15" id="11" name="ScrPart_washing_tools" text="cloth" type="participant"/>
            <label from="3-1" id="12" name="ScrPart_bather" text="I" type="participant"/>
            <label from="3-4" id="13" name="Unclear" text="items" type="participant"/>
            <label from="3-7" id="14" name="NPart" text="side" type="participant"/>
            <label from="3-10" id="15" name="ScrPart_bathtub" text="bath tub" to="3-11" type="participant"/>
            <label from="3-11" id="16" name="ScrPart_bathtub" text="tub" type="participant"/>
            <label from="3-13" id="17" name="ScrPart_bather" text="my" type="participant"/>
            <label from="3-14" id="18" name="ScrPart_bathroom" text="bathroom" type="participant"/>
            <label from="4-1" id="19" name="ScrPart_bather" text="I" type="participant"/>
            <label from="4-5" id="20" name="ScrPart_plug" text="stopper" type="participant"/>
            <label from="4-8" id="21" name="ScrPart_drain" text="drain" type="participant"/>
            <label from="4-11" id="22" name="ScrPart_bathtub" text="bathtub" type="participant"/>
            <label from="4-16" id="23" name="ScrPart_tap" text="water faucet" to="4-17" type="participant"/>
            <label from="4-17" id="24" name="ScrPart_tap" text="faucet" type="participant"/>
            <label from="5-1" id="25" name="ScrPart_bather" text="I" type="participant"/>
            <label from="5-5" id="26" name="ScrPart_water" text="water" type="participant"/>
            <label from="5-11" id="27" name="ScrPart_water" text="it" type="participant"/>
            <label from="5-13" id="28" name="ScrPart_bather" text="my" type="participant"/>
            <label from="5-14" id="29" name="ScrPart_body_part" text="hand" type="participant"/>
            <label from="5-18" id="30" name="ScrPart_water" text="it" type="participant"/>
            <label from="6-3" id="31" name="ScrPart_bathtub" text="bath tub" to="6-4" type="participant"/>
            <label from="6-4" id="32" name="ScrPart_bathtub" text="tub" type="participant"/>
            <label from="6-7" id="33" name="No_label" text="way" type="participant"/>
            <label from="6-10" id="34" name="ScrPart_bather" text="I" type="participant"/>
            <label from="6-14" id="35" name="ScrPart_water" text="water" type="participant"/>
            <label from="7-2" id="36" name="ScrPart_bather" text="I" type="participant"/>
            <label from="7-5" id="37" name="ScrPart_bather" text="my" type="participant"/>
            <label from="7-6" id="38" name="ScrPart_clothes" text="clothes" type="participant"/>
            <label from="7-11" id="39" name="ScrPart_bathtub" text="bath tub" to="7-12" type="participant"/>
            <label from="7-12" id="40" name="ScrPart_bathtub" text="tub" type="participant"/>
            <label from="8-1" id="41" name="ScrPart_bather" text="I" type="participant"/>
            <label from="8-3" id="42" name="ScrPart_bather" text="my" type="participant"/>
            <label from="8-4" id="43" name="ScrPart_washing_tools" text="wash cloth" to="8-5" type="participant"/>
            <label from="8-5" id="44" name="ScrPart_washing_tools" text="cloth" type="participant"/>
            <label from="8-8" id="45" name="ScrPart_washing_tools" text="it" type="participant"/>
            <label from="8-11" id="46" name="ScrPart_water" text="water" type="participant"/>
            <label from="9-1" id="47" name="ScrPart_bather" text="I" type="participant"/>
            <label from="9-5" id="48" name="ScrPart_washing_tools" text="soap" type="participant"/>
            <label from="9-8" id="49" name="ScrPart_washing_tools" text="it" type="participant"/>
            <label from="9-10" id="50" name="ScrPart_bather" text="my" type="participant"/>
            <label from="9-12" id="51" name="ScrPart_washing_tools" text="wash cloth" to="9-13" type="participant"/>
            <label from="9-13" id="52" name="ScrPart_washing_tools" text="cloth" type="participant"/>
            <label from="9-16" id="53" name="ScrPart_other" text="suds" type="participant"/>
            <label from="10-3" id="54" name="No_label" text="thing" type="participant"/>
            <label from="10-9" id="55" name="ScrPart_washing_tools" text="wash cloth" to="10-10" type="participant"/>
            <label from="10-10" id="56" name="ScrPart_washing_tools" text="cloth" type="participant"/>
            <label from="10-13" id="57" name="ScrPart_bather" text="my" type="participant"/>
            <label from="10-15" id="58" name="ScrPart_body_part" text="body" type="participant"/>
            <label from="10-19" id="59" name="ScrPart_bather" text="my" type="participant"/>
            <label from="10-20" id="60" name="ScrPart_body_part" text="face" type="participant"/>
            <label from="10-24" id="61" name="ScrPart_bather" text="my" type="participant"/>
            <label from="10-25" id="62" name="ScrPart_body_part" text="toes" type="participant"/>
            <label from="11-2" id="63" name="ScrPart_bather" text="I" type="participant"/>
            <label from="11-5" id="64" name="ScrPart_body_part" text="everything" type="participant"/>
            <label from="11-7" id="65" name="ScrPart_bather" text="I" type="participant"/>
            <label from="11-10" id="66" name="ScrPart_washing_tools" text="soap" type="participant"/>
            <label from="11-12" id="67" name="ScrPart_bather" text="my" type="participant"/>
            <label from="11-13" id="68" name="ScrPart_body_part" text="body" type="participant"/>
            <label from="11-16" id="69" name="ScrPart_water" text="water" type="participant"/>
            <label from="11-19" id="70" name="ScrPart_bathtub" text="tub" type="participant"/>
            <label from="12-3" id="71" name="ScrPart_bather" text="I" type="participant"/>
            <label from="12-8" id="72" name="ScrPart_bathtub" text="tub" type="participant"/>
            <label from="12-12" id="73" name="ScrPart_plug" text="stopper" type="participant"/>
            <label from="12-16" id="74" name="ScrPart_drain" text="drain" type="participant"/>
            <label from="12-20" id="75" name="ScrPart_water" text="water" type="participant"/>
            <label from="12-25" id="76" name="ScrPart_bather" text="my" type="participant"/>
            <label from="12-26" id="77" name="ScrPart_towel" text="towel" type="participant"/>
        </participants>
        <events>
            <label from="1-5" id="78" name="UnrelEv" text="finish" type="event"/>
            <label from="1-6" id="79" name="UnrelEv" text="eating" type="event"/>
            <label from="1-11" id="80" name="UnrelEv" text="go" type="event"/>
            <label from="1-14" id="81" name="Evoking" text="take a bath" to="1-16" type="event"/>
            <label from="2-6" id="82" name="UnrelEv" text="do" type="event"/>
            <label from="2-7" id="83" name="UnrelEv" text="is" type="event"/>
            <label from="2-8" id="84" name="ScrEv_prepare_bath" text="get" type="event"/>
            <label from="3-2" id="85" name="ScrEv_prepare_bath" text="put" type="event"/>
            <label from="4-3" id="86" name="ScrEv_close_drain" text="put" type="event"/>
            <label from="4-13" id="87" name="ScrEv_turn_water_on" text="turn on" to="4-14" type="event"/>
            <label from="5-2" id="88" name="ScrEv_fill_water/wait" text="wait" type="event"/>
            <label from="5-7" id="89" name="RelNScrEv" text="warm up" to="5-8" type="event"/>
            <label from="5-10" id="90" name="ScrEv_check_temp" text="check" type="event"/>
            <label from="5-16" id="91" name="ScrEv_check_temp" text="make sure" to="5-17" type="event"/>
            <label from="5-19" id="92" name="UnrelEv" text="is" type="event"/>
            <label from="6-5" id="93" name="UnrelEv" text="is" type="event"/>
            <label from="6-11" id="94" name="ScrEv_turn_water_on" text="turn off" to="6-12" type="event"/>
            <label from="7-3" id="95" name="ScrEv_undress" text="take off" to="7-4" type="event"/>
            <label from="7-8" id="96" name="ScrEv_sink_water" text="climb" type="event"/>
            <label from="8-2" id="97" name="RelNScrEv" text="get" type="event"/>
            <label from="8-7" id="98" name="RelNScrEv" text="put" type="event"/>
            <label from="9-3" id="99" name="RelNScrEv" text="get" type="event"/>
            <label from="9-7" id="100" name="ScrEv_apply_soap" text="rub" type="event"/>
            <label from="9-15" id="101" name="UnrelEv" text="make" type="event"/>
            <label from="10-5" id="102" name="UnrelEv" text="do" type="event"/>
            <label from="10-7" id="103" name="RelNScrEv" text="take" type="event"/>
            <label from="10-12" id="104" name="ScrEv_wash" text="wash" type="event"/>
            <label from="10-17" id="105" name="UnrelEv" text="starting" type="event"/>
            <label from="10-22" id="106" name="UnrelEv" text="ending" type="event"/>
            <label from="11-4" id="107" name="ScrEv_wash" text="washed" type="event"/>
            <label from="11-8" id="108" name="RelNScrEv" text="rinse" type="event"/>
            <label from="12-4" id="109" name="ScrEv_get_out_bath" text="get" type="event"/>
            <label from="12-10" id="110" name="ScrEv_open_drain" text="take" type="event"/>
            <label from="12-18" id="111" name="UnrelEv" text="let" type="event"/>
            <label from="12-24" id="112" name="UnrelEv" text="use" type="event"/>
            <label from="12-28" id="113" name="ScrEv_dry" text="dry off" to="12-29" type="event"/>
        </events>
        <chains>
            <chain elements="4 7 8 12 17 19 25 28 34 36 37 41 42 47 50 57 59 61 63 65 67 71 76"/>
            <chain elements="13 9 11" name="group_towel_washcloth"/>
            <chain elements="16 22 32 40 70 72"/>
            <chain elements="26 27 30 35 46 69 75"/>
            <chain elements="11 44 45 52 56"/>
            <chain elements="48 49 66"/>
            <chain elements="58 60 62" name="group_body_parts"/>
            <chain elements="58 64 68"/>
            <chain elements="20 73"/>
            <chain elements="21 74"/>
            <chain elements="9 77"/>
            <chain elements="1 2"/>
        </chains>
    </annotations>
</story>
