<?xml version="1.0" encoding="UTF-8" standalone="no"?>
<!DOCTYPE story SYSTEM "../InScript.dtd">
<story id="029" scenario="bicycle">
    <text>
        <content>It 's a major bummer when you are excited to ride your bike only to find that you have somehow ended up with a flat tire . 
I try to keep a repair kit on hand for just such an opportunity . 
The first thing I do is determine what is the cause of the flat . 
Perhaps the tire has been punctured , or perhaps it is an older tire and the seal is failing . 
If it is a puncture , I would do my best to seal the hole with my available materials and then allow the sealant to dry for as long as is required . 
I have my tire pump on hand , so when the tire is ready I can slowly pump air while also watching to see if I am losing air . 
If the seal holds , my bike is good to go . 
If I still feel or see a leak , I know there is a bigger issue to contend with . </content>
        <sentences>
            <sentence id="1">
                <token content="It" id="1-1">
                    <pos type="PRP"/>
                    <lemma type="it"/>
                </token>
                <token content="'s" id="1-2">
                    <pos type="VBZ"/>
                    <lemma type="be"/>
                </token>
                <token content="a" id="1-3">
                    <pos type="DT"/>
                    <lemma type="a"/>
                </token>
                <token content="major" id="1-4">
                    <pos type="JJ"/>
                    <lemma type="major"/>
                </token>
                <token content="bummer" id="1-5">
                    <pos type="NN"/>
                    <lemma type="bummer"/>
                </token>
                <token content="when" id="1-6">
                    <pos type="WRB"/>
                    <lemma type="when"/>
                </token>
                <token content="you" id="1-7">
                    <pos type="PRP"/>
                    <lemma type="you"/>
                </token>
                <token content="are" id="1-8">
                    <pos type="VBP"/>
                    <lemma type="be"/>
                </token>
                <token content="excited" id="1-9">
                    <pos type="JJ"/>
                    <lemma type="excited"/>
                </token>
                <token content="to" id="1-10">
                    <pos type="TO"/>
                    <lemma type="to"/>
                    <dep head="1-11" type="aux"/>
                </token>
                <token content="ride" id="1-11">
                    <pos type="VB"/>
                    <lemma type="ride"/>
                </token>
                <token content="your" id="1-12">
                    <pos type="PRP$"/>
                    <lemma type="you"/>
                </token>
                <token content="bike" id="1-13">
                    <pos type="NN"/>
                    <lemma type="bike"/>
                    <dep head="1-11" type="dobj"/>
                </token>
                <token content="only" id="1-14">
                    <pos type="RB"/>
                    <lemma type="only"/>
                    <dep head="1-11" type="advmod"/>
                </token>
                <token content="to" id="1-15">
                    <pos type="TO"/>
                    <lemma type="to"/>
                    <dep head="1-16" type="aux"/>
                </token>
                <token content="find" id="1-16">
                    <pos type="VB"/>
                    <lemma type="find"/>
                    <dep head="1-11" type="vmod"/>
                </token>
                <token content="that" id="1-17">
                    <pos type="IN"/>
                    <lemma type="that"/>
                    <dep head="1-21" type="mark"/>
                </token>
                <token content="you" id="1-18">
                    <pos type="PRP"/>
                    <lemma type="you"/>
                    <dep head="1-21" type="nsubj"/>
                </token>
                <token content="have" id="1-19">
                    <pos type="VBP"/>
                    <lemma type="have"/>
                    <dep head="1-21" type="aux"/>
                </token>
                <token content="somehow" id="1-20">
                    <pos type="RB"/>
                    <lemma type="somehow"/>
                    <dep head="1-21" type="advmod"/>
                </token>
                <token content="ended" id="1-21">
                    <pos type="VBN"/>
                    <lemma type="end"/>
                    <dep head="1-16" type="ccomp"/>
                </token>
                <token content="up" id="1-22">
                    <pos type="RP"/>
                    <lemma type="up"/>
                    <dep head="1-21" type="prt"/>
                </token>
                <token content="with" id="1-23"/>
                <token content="a" id="1-24">
                    <pos type="DT"/>
                    <lemma type="a"/>
                </token>
                <token content="flat" id="1-25">
                    <pos type="JJ"/>
                    <lemma type="flat"/>
                </token>
                <token content="tire" id="1-26">
                    <pos type="NN"/>
                    <lemma type="tire"/>
                    <dep head="1-21" type="prep"/>
                </token>
                <token content="." id="1-27"/>
            </sentence>
            <sentence id="2">
                <token content="I" id="2-1">
                    <pos type="PRP"/>
                    <lemma type="I"/>
                    <dep head="2-2" type="nsubj"/>
                </token>
                <token content="try" id="2-2">
                    <pos type="VBP"/>
                    <lemma type="try"/>
                </token>
                <token content="to" id="2-3">
                    <pos type="TO"/>
                    <lemma type="to"/>
                    <dep head="2-4" type="aux"/>
                </token>
                <token content="keep" id="2-4">
                    <pos type="VB"/>
                    <lemma type="keep"/>
                    <dep head="2-2" type="xcomp"/>
                </token>
                <token content="a" id="2-5">
                    <pos type="DT"/>
                    <lemma type="a"/>
                </token>
                <token content="repair" id="2-6">
                    <pos type="NN"/>
                    <lemma type="repair"/>
                </token>
                <token content="kit" id="2-7">
                    <pos type="NN"/>
                    <lemma type="kit"/>
                    <dep head="2-4" type="dobj"/>
                </token>
                <token content="on" id="2-8"/>
                <token content="hand" id="2-9">
                    <pos type="NN"/>
                    <lemma type="hand"/>
                    <dep head="2-4" type="prep"/>
                </token>
                <token content="for" id="2-10"/>
                <token content="just" id="2-11">
                    <pos type="RB"/>
                    <lemma type="just"/>
                </token>
                <token content="such" id="2-12">
                    <pos type="PDT"/>
                    <lemma type="such"/>
                </token>
                <token content="an" id="2-13">
                    <pos type="DT"/>
                    <lemma type="a"/>
                </token>
                <token content="opportunity" id="2-14">
                    <pos type="NN"/>
                    <lemma type="opportunity"/>
                </token>
                <token content="." id="2-15"/>
            </sentence>
            <sentence id="3">
                <token content="The" id="3-1">
                    <pos type="DT"/>
                    <lemma type="the"/>
                </token>
                <token content="first" id="3-2">
                    <pos type="JJ"/>
                    <lemma type="first"/>
                </token>
                <token content="thing" id="3-3">
                    <pos type="NN"/>
                    <lemma type="thing"/>
                    <dep head="3-7" type="nsubj"/>
                </token>
                <token content="I" id="3-4">
                    <pos type="PRP"/>
                    <lemma type="I"/>
                    <dep head="3-5" type="nsubj"/>
                </token>
                <token content="do" id="3-5">
                    <pos type="VBP"/>
                    <lemma type="do"/>
                </token>
                <token content="is" id="3-6">
                    <pos type="VBZ"/>
                    <lemma type="be"/>
                    <dep head="3-7" type="aux"/>
                </token>
                <token content="determine" id="3-7">
                    <pos type="VB"/>
                    <lemma type="determine"/>
                </token>
                <token content="what" id="3-8">
                    <pos type="WP"/>
                    <lemma type="what"/>
                </token>
                <token content="is" id="3-9">
                    <pos type="VBZ"/>
                    <lemma type="be"/>
                </token>
                <token content="the" id="3-10">
                    <pos type="DT"/>
                    <lemma type="the"/>
                </token>
                <token content="cause" id="3-11">
                    <pos type="NN"/>
                    <lemma type="cause"/>
                    <dep head="3-7" type="ccomp"/>
                </token>
                <token content="of" id="3-12"/>
                <token content="the" id="3-13">
                    <pos type="DT"/>
                    <lemma type="the"/>
                </token>
                <token content="flat" id="3-14">
                    <pos type="JJ"/>
                    <lemma type="flat"/>
                </token>
                <token content="." id="3-15"/>
            </sentence>
            <sentence id="4">
                <token content="Perhaps" id="4-1">
                    <pos type="RB"/>
                    <lemma type="perhaps"/>
                    <dep head="4-6" type="advmod"/>
                </token>
                <token content="the" id="4-2">
                    <pos type="DT"/>
                    <lemma type="the"/>
                </token>
                <token content="tire" id="4-3">
                    <pos type="NN"/>
                    <lemma type="tire"/>
                    <dep head="4-6" type="nsubjpass"/>
                </token>
                <token content="has" id="4-4">
                    <pos type="VBZ"/>
                    <lemma type="have"/>
                    <dep head="4-6" type="aux"/>
                </token>
                <token content="been" id="4-5">
                    <pos type="VBN"/>
                    <lemma type="be"/>
                    <dep head="4-6" type="auxpass"/>
                </token>
                <token content="punctured" id="4-6">
                    <pos type="VBN"/>
                    <lemma type="puncture"/>
                </token>
                <token content="," id="4-7"/>
                <token content="or" id="4-8"/>
                <token content="perhaps" id="4-9">
                    <pos type="RB"/>
                    <lemma type="perhaps"/>
                </token>
                <token content="it" id="4-10">
                    <pos type="PRP"/>
                    <lemma type="it"/>
                </token>
                <token content="is" id="4-11">
                    <pos type="VBZ"/>
                    <lemma type="be"/>
                </token>
                <token content="an" id="4-12">
                    <pos type="DT"/>
                    <lemma type="a"/>
                </token>
                <token content="older" id="4-13">
                    <pos type="JJR"/>
                    <lemma type="older"/>
                </token>
                <token content="tire" id="4-14">
                    <pos type="NN"/>
                    <lemma type="tire"/>
                    <dep head="4-6" type="conj"/>
                </token>
                <token content="and" id="4-15"/>
                <token content="the" id="4-16">
                    <pos type="DT"/>
                    <lemma type="the"/>
                </token>
                <token content="seal" id="4-17">
                    <pos type="NN"/>
                    <lemma type="seal"/>
                    <dep head="4-19" type="nsubj"/>
                </token>
                <token content="is" id="4-18">
                    <pos type="VBZ"/>
                    <lemma type="be"/>
                    <dep head="4-19" type="aux"/>
                </token>
                <token content="failing" id="4-19">
                    <pos type="VBG"/>
                    <lemma type="fail"/>
                </token>
                <token content="." id="4-20"/>
            </sentence>
            <sentence id="5">
                <token content="If" id="5-1">
                    <pos type="IN"/>
                    <lemma type="if"/>
                </token>
                <token content="it" id="5-2">
                    <pos type="PRP"/>
                    <lemma type="it"/>
                </token>
                <token content="is" id="5-3">
                    <pos type="VBZ"/>
                    <lemma type="be"/>
                </token>
                <token content="a" id="5-4">
                    <pos type="DT"/>
                    <lemma type="a"/>
                </token>
                <token content="puncture" id="5-5">
                    <pos type="NN"/>
                    <lemma type="puncture"/>
                    <dep head="5-9" type="advcl"/>
                </token>
                <token content="," id="5-6"/>
                <token content="I" id="5-7">
                    <pos type="PRP"/>
                    <lemma type="I"/>
                    <dep head="5-9" type="nsubj"/>
                </token>
                <token content="would" id="5-8">
                    <pos type="MD"/>
                    <lemma type="would"/>
                    <dep head="5-9" type="aux"/>
                </token>
                <token content="do" id="5-9">
                    <pos type="VB"/>
                    <lemma type="do"/>
                </token>
                <token content="my" id="5-10">
                    <pos type="PRP$"/>
                    <lemma type="my"/>
                </token>
                <token content="best" id="5-11">
                    <pos type="JJS"/>
                    <lemma type="best"/>
                    <dep head="5-9" type="dobj"/>
                </token>
                <token content="to" id="5-12">
                    <pos type="TO"/>
                    <lemma type="to"/>
                    <dep head="5-13" type="aux"/>
                </token>
                <token content="seal" id="5-13">
                    <pos type="VB"/>
                    <lemma type="seal"/>
                    <dep head="5-9" type="vmod"/>
                </token>
                <token content="the" id="5-14">
                    <pos type="DT"/>
                    <lemma type="the"/>
                </token>
                <token content="hole" id="5-15">
                    <pos type="NN"/>
                    <lemma type="hole"/>
                    <dep head="5-13" type="dobj"/>
                </token>
                <token content="with" id="5-16"/>
                <token content="my" id="5-17">
                    <pos type="PRP$"/>
                    <lemma type="my"/>
                </token>
                <token content="available" id="5-18">
                    <pos type="JJ"/>
                    <lemma type="available"/>
                </token>
                <token content="materials" id="5-19">
                    <pos type="NNS"/>
                    <lemma type="material"/>
                    <dep head="5-13" type="prep"/>
                </token>
                <token content="and" id="5-20"/>
                <token content="then" id="5-21">
                    <pos type="RB"/>
                    <lemma type="then"/>
                    <dep head="5-22" type="advmod"/>
                </token>
                <token content="allow" id="5-22">
                    <pos type="VB"/>
                    <lemma type="allow"/>
                    <dep head="5-13" type="conj"/>
                </token>
                <token content="the" id="5-23">
                    <pos type="DT"/>
                    <lemma type="the"/>
                </token>
                <token content="sealant" id="5-24">
                    <pos type="NN"/>
                    <lemma type="sealant"/>
                    <dep head="5-22" type="dobj"/>
                </token>
                <token content="to" id="5-25">
                    <pos type="TO"/>
                    <lemma type="to"/>
                    <dep head="5-26" type="aux"/>
                </token>
                <token content="dry" id="5-26">
                    <pos type="VB"/>
                    <lemma type="dry"/>
                </token>
                <token content="for" id="5-27">
                    <pos type="IN"/>
                    <lemma type="for"/>
                    <dep head="5-26" type="prep"/>
                </token>
                <token content="as" id="5-28">
                    <pos type="RB"/>
                    <lemma type="as"/>
                    <dep head="5-32" type="advmod"/>
                </token>
                <token content="long" id="5-29">
                    <pos type="RB"/>
                    <lemma type="long"/>
                    <dep head="5-32" type="advmod"/>
                </token>
                <token content="as" id="5-30">
                    <pos type="RB"/>
                    <lemma type="as"/>
                    <dep head="5-32" type="advmod"/>
                </token>
                <token content="is" id="5-31">
                    <pos type="VBZ"/>
                    <lemma type="be"/>
                    <dep head="5-32" type="auxpass"/>
                </token>
                <token content="required" id="5-32">
                    <pos type="VBN"/>
                    <lemma type="require"/>
                    <dep head="5-26" type="ccomp"/>
                </token>
                <token content="." id="5-33"/>
            </sentence>
            <sentence id="6">
                <token content="I" id="6-1">
                    <pos type="PRP"/>
                    <lemma type="I"/>
                    <dep head="6-2" type="nsubj"/>
                </token>
                <token content="have" id="6-2">
                    <pos type="VBP"/>
                    <lemma type="have"/>
                </token>
                <token content="my" id="6-3">
                    <pos type="PRP$"/>
                    <lemma type="my"/>
                </token>
                <token content="tire" id="6-4">
                    <pos type="NN"/>
                    <lemma type="tire"/>
                </token>
                <token content="pump" id="6-5">
                    <pos type="NN"/>
                    <lemma type="pump"/>
                    <dep head="6-2" type="dobj"/>
                </token>
                <token content="on" id="6-6"/>
                <token content="hand" id="6-7">
                    <pos type="NN"/>
                    <lemma type="hand"/>
                    <dep head="6-2" type="prep"/>
                </token>
                <token content="," id="6-8"/>
                <token content="so" id="6-9">
                    <pos type="IN"/>
                    <lemma type="so"/>
                    <dep head="6-2" type="dep"/>
                </token>
                <token content="when" id="6-10">
                    <pos type="WRB"/>
                    <lemma type="when"/>
                </token>
                <token content="the" id="6-11">
                    <pos type="DT"/>
                    <lemma type="the"/>
                </token>
                <token content="tire" id="6-12">
                    <pos type="NN"/>
                    <lemma type="tire"/>
                </token>
                <token content="is" id="6-13">
                    <pos type="VBZ"/>
                    <lemma type="be"/>
                </token>
                <token content="ready" id="6-14">
                    <pos type="JJ"/>
                    <lemma type="ready"/>
                    <dep head="6-18" type="advcl"/>
                </token>
                <token content="I" id="6-15">
                    <pos type="PRP"/>
                    <lemma type="I"/>
                    <dep head="6-18" type="nsubj"/>
                </token>
                <token content="can" id="6-16">
                    <pos type="MD"/>
                    <lemma type="can"/>
                    <dep head="6-18" type="aux"/>
                </token>
                <token content="slowly" id="6-17">
                    <pos type="RB"/>
                    <lemma type="slowly"/>
                    <dep head="6-18" type="advmod"/>
                </token>
                <token content="pump" id="6-18">
                    <pos type="VB"/>
                    <lemma type="pump"/>
                    <dep head="6-2" type="parataxis"/>
                </token>
                <token content="air" id="6-19">
                    <pos type="NN"/>
                    <lemma type="air"/>
                    <dep head="6-18" type="dobj"/>
                </token>
                <token content="while" id="6-20">
                    <pos type="IN"/>
                    <lemma type="while"/>
                    <dep head="6-22" type="mark"/>
                </token>
                <token content="also" id="6-21">
                    <pos type="RB"/>
                    <lemma type="also"/>
                    <dep head="6-22" type="advmod"/>
                </token>
                <token content="watching" id="6-22">
                    <pos type="VBG"/>
                    <lemma type="watch"/>
                    <dep head="6-18" type="advcl"/>
                </token>
                <token content="to" id="6-23">
                    <pos type="TO"/>
                    <lemma type="to"/>
                    <dep head="6-24" type="aux"/>
                </token>
                <token content="see" id="6-24">
                    <pos type="VB"/>
                    <lemma type="see"/>
                    <dep head="6-22" type="xcomp"/>
                </token>
                <token content="if" id="6-25">
                    <pos type="IN"/>
                    <lemma type="if"/>
                    <dep head="6-28" type="mark"/>
                </token>
                <token content="I" id="6-26">
                    <pos type="PRP"/>
                    <lemma type="I"/>
                    <dep head="6-28" type="nsubj"/>
                </token>
                <token content="am" id="6-27">
                    <pos type="VBP"/>
                    <lemma type="be"/>
                    <dep head="6-28" type="aux"/>
                </token>
                <token content="losing" id="6-28">
                    <pos type="VBG"/>
                    <lemma type="lose"/>
                    <dep head="6-24" type="advcl"/>
                </token>
                <token content="air" id="6-29">
                    <pos type="NN"/>
                    <lemma type="air"/>
                    <dep head="6-28" type="dobj"/>
                </token>
                <token content="." id="6-30"/>
            </sentence>
            <sentence id="7">
                <token content="If" id="7-1">
                    <pos type="IN"/>
                    <lemma type="if"/>
                    <dep head="7-4" type="mark"/>
                </token>
                <token content="the" id="7-2">
                    <pos type="DT"/>
                    <lemma type="the"/>
                </token>
                <token content="seal" id="7-3">
                    <pos type="NN"/>
                    <lemma type="seal"/>
                    <dep head="7-4" type="nsubj"/>
                </token>
                <token content="holds" id="7-4">
                    <pos type="VBZ"/>
                    <lemma type="hold"/>
                </token>
                <token content="," id="7-5"/>
                <token content="my" id="7-6">
                    <pos type="PRP$"/>
                    <lemma type="my"/>
                </token>
                <token content="bike" id="7-7">
                    <pos type="NN"/>
                    <lemma type="bike"/>
                </token>
                <token content="is" id="7-8">
                    <pos type="VBZ"/>
                    <lemma type="be"/>
                </token>
                <token content="good" id="7-9">
                    <pos type="JJ"/>
                    <lemma type="good"/>
                </token>
                <token content="to" id="7-10">
                    <pos type="TO"/>
                    <lemma type="to"/>
                    <dep head="7-11" type="aux"/>
                </token>
                <token content="go" id="7-11">
                    <pos type="VB"/>
                    <lemma type="go"/>
                </token>
                <token content="." id="7-12"/>
            </sentence>
            <sentence id="8">
                <token content="If" id="8-1">
                    <pos type="IN"/>
                    <lemma type="if"/>
                    <dep head="8-4" type="mark"/>
                </token>
                <token content="I" id="8-2">
                    <pos type="PRP"/>
                    <lemma type="I"/>
                    <dep head="8-4" type="nsubj"/>
                </token>
                <token content="still" id="8-3">
                    <pos type="RB"/>
                    <lemma type="still"/>
                    <dep head="8-4" type="advmod"/>
                </token>
                <token content="feel" id="8-4">
                    <pos type="VBP"/>
                    <lemma type="feel"/>
                    <dep head="8-11" type="advcl"/>
                </token>
                <token content="or" id="8-5"/>
                <token content="see" id="8-6">
                    <pos type="VBP"/>
                    <lemma type="see"/>
                    <dep head="8-4" type="conj"/>
                </token>
                <token content="a" id="8-7">
                    <pos type="DT"/>
                    <lemma type="a"/>
                </token>
                <token content="leak" id="8-8">
                    <pos type="NN"/>
                    <lemma type="leak"/>
                    <dep head="8-4" type="dobj"/>
                </token>
                <token content="," id="8-9"/>
                <token content="I" id="8-10">
                    <pos type="PRP"/>
                    <lemma type="I"/>
                    <dep head="8-11" type="nsubj"/>
                </token>
                <token content="know" id="8-11">
                    <pos type="VBP"/>
                    <lemma type="know"/>
                </token>
                <token content="there" id="8-12">
                    <pos type="EX"/>
                    <lemma type="there"/>
                    <dep head="8-13" type="expl"/>
                </token>
                <token content="is" id="8-13">
                    <pos type="VBZ"/>
                    <lemma type="be"/>
                    <dep head="8-11" type="ccomp"/>
                </token>
                <token content="a" id="8-14">
                    <pos type="DT"/>
                    <lemma type="a"/>
                </token>
                <token content="bigger" id="8-15">
                    <pos type="JJR"/>
                    <lemma type="bigger"/>
                </token>
                <token content="issue" id="8-16">
                    <pos type="NN"/>
                    <lemma type="issue"/>
                    <dep head="8-13" type="nsubj"/>
                </token>
                <token content="to" id="8-17">
                    <pos type="TO"/>
                    <lemma type="to"/>
                    <dep head="8-18" type="aux"/>
                </token>
                <token content="contend" id="8-18">
                    <pos type="VB"/>
                    <lemma type="contend"/>
                </token>
                <token content="with" id="8-19">
                    <pos type="IN"/>
                    <lemma type="with"/>
                    <dep head="8-18" type="prep"/>
                </token>
                <token content="." id="8-20"/>
            </sentence>
        </sentences>
    </text>
    <annotations>
        <participants>
            <label from="1-1" id="0" name="No_label" text="It" type="participant"/>
            <label from="1-5" id="1" name="No_label" text="bummer" type="participant"/>
            <label from="1-7" id="2" name="ScrPart_rider" text="you" type="participant"/>
            <label from="1-12" id="3" name="ScrPart_rider" text="your" type="participant"/>
            <label from="1-13" id="4" name="ScrPart_bicycle" text="bike" type="participant"/>
            <label from="1-18" id="5" name="ScrPart_rider" text="you" type="participant"/>
            <label from="1-26" id="6" name="ScrPart_tire" text="tire" type="participant"/>
            <label from="2-1" id="7" name="ScrPart_rider" text="I" type="participant"/>
            <label from="2-6" id="8" name="ScrPart_tool" text="repair kit" to="2-7" type="participant"/>
            <label from="2-7" id="9" name="ScrPart_tool" text="kit" type="participant"/>
            <label from="2-9" id="10" name="No_label" text="hand" type="participant"/>
            <label from="2-14" id="11" name="NPart" text="opportunity" type="participant"/>
            <label from="3-3" id="12" name="No_label" text="thing" type="participant"/>
            <label from="3-4" id="13" name="ScrPart_rider" text="I" type="participant"/>
            <label from="3-11" id="14" name="ScrPart_object_damage" text="cause" type="participant"/>
            <label from="3-14" id="15" name="ScrPart_tire" text="flat" type="participant"/>
            <label from="4-3" id="16" name="ScrPart_tire" text="tire" type="participant"/>
            <label from="4-10" id="17" name="ScrPart_tire" text="it" type="participant"/>
            <label from="4-14" id="18" name="ScrPart_tire" text="tire" type="participant"/>
            <label from="4-17" id="19" name="ScrPart_bicycle_small_detail" text="seal" type="participant"/>
            <label from="5-2" id="20" name="ScrPart_object_damage" text="it" type="participant"/>
            <label from="5-5" id="21" name="ScrPart_object_damage" text="puncture" type="participant"/>
            <label from="5-7" id="22" name="ScrPart_rider" text="I" type="participant"/>
            <label from="5-10" id="23" name="ScrPart_rider" text="my" type="participant"/>
            <label from="5-15" id="24" name="ScrPart_object_damage" text="hole" type="participant"/>
            <label from="5-17" id="25" name="ScrPart_rider" text="my" type="participant"/>
            <label from="5-19" id="26" name="ScrPart_tool" text="materials" type="participant"/>
            <label from="5-24" id="27" name="ScrPart_patch" text="sealant" type="participant"/>
            <label from="6-1" id="28" name="ScrPart_rider" text="I" type="participant"/>
            <label from="6-3" id="29" name="ScrPart_rider" text="my" type="participant"/>
            <label from="6-4" id="30" name="ScrPart_tool" text="tire pump" to="6-5" type="participant"/>
            <label from="6-5" id="31" name="ScrPart_tool" text="pump" type="participant"/>
            <label from="6-7" id="32" name="No_label" text="hand" type="participant"/>
            <label from="6-12" id="33" name="ScrPart_tire" text="tire" type="participant"/>
            <label from="6-15" id="34" name="ScrPart_rider" text="I" type="participant"/>
            <label from="6-19" id="35" name="ScrPart_air" text="air" type="participant"/>
            <label from="6-26" id="36" name="ScrPart_rider" text="I" type="participant"/>
            <label from="6-29" id="37" name="ScrPart_air" text="air" type="participant"/>
            <label from="7-3" id="38" name="ScrPart_bicycle_small_detail" text="seal" type="participant"/>
            <label from="7-6" id="39" name="ScrPart_rider" text="my" type="participant"/>
            <label from="7-7" id="40" name="ScrPart_bicycle" text="bike" type="participant"/>
            <label from="8-2" id="41" name="ScrPart_rider" text="I" type="participant"/>
            <label from="8-8" id="42" name="ScrPart_object_damage" text="leak" type="participant"/>
            <label from="8-10" id="43" name="ScrPart_rider" text="I" type="participant"/>
            <label from="8-16" id="44" name="NPart" text="issue" type="participant"/>
        </participants>
        <events>
            <label from="1-2" id="45" name="UnrelEv" text="'s" type="event"/>
            <label from="1-8" id="46" name="UnrelEv" text="are" type="event"/>
            <label from="1-11" id="47" name="ScrEv_ride_bike" text="ride" type="event"/>
            <label from="1-16" id="48" name="ScrEv_notice_problem" text="find" type="event"/>
            <label from="1-21" id="49" name="UnrelEv" text="ended up" to="1-22" type="event"/>
            <label from="2-4" id="50" name="UnrelEv" text="keep" type="event"/>
            <label from="3-5" id="51" name="UnrelEv" text="do" type="event"/>
            <label from="3-6" id="52" name="UnrelEv" text="is" type="event"/>
            <label from="3-7" id="53" name="ScrEv_examine_tire" text="determine" type="event"/>
            <label from="3-9" id="54" name="UnrelEv" text="is" type="event"/>
            <label from="4-6" id="55" name="RelNScrEv" text="punctured" type="event"/>
            <label from="4-11" id="56" name="UnrelEv" text="is" type="event"/>
            <label from="4-19" id="57" name="RelNScrEv" text="failing" type="event"/>
            <label from="5-3" id="58" name="UnrelEv" text="is" type="event"/>
            <label from="5-9" id="59" name="UnrelEv" text="do" type="event"/>
            <label from="5-13" id="60" name="ScrEv_put_patch/seal" text="seal" type="event"/>
            <label from="5-22" id="61" name="UnrelEv" text="allow" type="event"/>
            <label from="5-26" id="62" name="RelNScrEv" text="dry" type="event"/>
            <label from="5-31" id="63" name="UnrelEv" text="is" type="event"/>
            <label from="5-32" id="64" name="UnrelEv" text="required" type="event"/>
            <label from="6-2" id="65" name="UnrelEv" text="have" type="event"/>
            <label from="6-13" id="66" name="UnrelEv" text="is" type="event"/>
            <label from="6-18" id="67" name="ScrEv_refill_tire_air" text="pump" type="event"/>
            <label from="6-22" id="68" name="ScrEv_check_new_tire" text="watching" type="event"/>
            <label from="6-24" id="69" name="ScrEv_check_new_tire" text="see" type="event"/>
            <label from="6-28" id="70" name="UnrelEv" text="losing" type="event"/>
            <label from="7-4" id="71" name="UnrelEv" text="holds" type="event"/>
            <label from="7-8" id="72" name="UnrelEv" text="is" type="event"/>
            <label from="7-11" id="73" name="UnrelEv" text="go" type="event"/>
            <label from="8-4" id="74" name="ScrEv_check_new_tire" text="feel" type="event"/>
            <label from="8-6" id="75" name="ScrEv_check_new_tire" text="see" type="event"/>
            <label from="8-11" id="76" name="UnrelEv" text="know" type="event"/>
            <label from="8-13" id="77" name="UnrelEv" text="is" type="event"/>
            <label from="8-18" id="78" name="UnrelEv" text="contend" type="event"/>
        </events>
        <chains>
            <chain elements="2 3 5 7 13 22 23 25 28 29 34 36 39 41 43"/>
            <chain elements="6 15 16 17 18 33"/>
            <chain elements="21 24 42 20"/>
            <chain elements="35 37"/>
            <chain elements="19 38"/>
            <chain elements="4 40"/>
            <chain elements="14 20"/>
        </chains>
    </annotations>
</story>
