<?xml version="1.0" encoding="UTF-8" standalone="no"?>
<!DOCTYPE story SYSTEM "../InScript.dtd">
<story id="075" scenario="bicycle">
    <text>
        <content>This weekend , I planned to go bike riding . 
I had n't gone in some time and , when I checked my bike beforehand , discovered that one of the tires had gone flat . 
I attempted to pump air back into the tire , first . 
The tire would not hold air , so I knew that I would have to repair the flat tire . 
I turned the bike upside down . 
This would help me by giving me better access to the bike tires . 
I found a wrench of appropriate size and used it to take off the bolts that held the tire on the bike . 
When I had taken off the bolts , I took the tire off the bike frame . 
Then , I let out the rest of the air out of the bike tire . 
When the tire was completely flat , I carefully took the rubber tire off the metal bike spoke frame . 
The inside of a bike tire is hollow and houses the tire tube . 
I knew that the bike tire was probably flat because of a puncture in the bike tube , so I checked that first . 
Sure enough , there was a large hole in my bike tire tube . 
This tube would not hold air . 
I had a small bike tire repair kit in my garage and went to get it . 
I returned with it and took out the rubber patch that I would use to repair the tube . 
I prepared the tube and then applied a rubber patch to the puncture with a bit of glue . 
I then tested the bike tire tube and found that the patch was working . 
So , I replaced the tube and the outer tire on the metal spokes . 
Then , I put the tire back on the bike frame and tightened the bolts that would hold it there . 
Finally , I put the bike right-side up and filled the tire with air . 
I knew this weekend would be fun . </content>
        <sentences>
            <sentence id="1">
                <token content="This" id="1-1">
                    <pos type="DT"/>
                    <lemma type="this"/>
                </token>
                <token content="weekend" id="1-2">
                    <pos type="NN"/>
                    <lemma type="weekend"/>
                    <dep head="1-5" type="nsubj"/>
                </token>
                <token content="," id="1-3"/>
                <token content="I" id="1-4">
                    <pos type="PRP"/>
                    <lemma type="I"/>
                    <dep head="1-5" type="nsubj"/>
                </token>
                <token content="planned" id="1-5">
                    <pos type="VBD"/>
                    <lemma type="plan"/>
                </token>
                <token content="to" id="1-6">
                    <pos type="TO"/>
                    <lemma type="to"/>
                    <dep head="1-7" type="aux"/>
                </token>
                <token content="go" id="1-7">
                    <pos type="VB"/>
                    <lemma type="go"/>
                    <dep head="1-5" type="xcomp"/>
                </token>
                <token content="bike" id="1-8">
                    <pos type="NN"/>
                    <lemma type="bike"/>
                </token>
                <token content="riding" id="1-9">
                    <pos type="NN"/>
                    <lemma type="riding"/>
                    <dep head="1-7" type="dobj"/>
                </token>
                <token content="." id="1-10"/>
            </sentence>
            <sentence id="2">
                <token content="I" id="2-1">
                    <pos type="PRP"/>
                    <lemma type="I"/>
                    <dep head="2-4" type="nsubj"/>
                </token>
                <token content="had" id="2-2">
                    <pos type="VBD"/>
                    <lemma type="have"/>
                    <dep head="2-4" type="aux"/>
                </token>
                <token content="n't" id="2-3">
                    <pos type="RB"/>
                    <lemma type="not"/>
                    <dep head="2-4" type="neg"/>
                </token>
                <token content="gone" id="2-4">
                    <pos type="VBN"/>
                    <lemma type="go"/>
                </token>
                <token content="in" id="2-5"/>
                <token content="some" id="2-6">
                    <pos type="DT"/>
                    <lemma type="some"/>
                </token>
                <token content="time" id="2-7">
                    <pos type="NN"/>
                    <lemma type="time"/>
                    <dep head="2-4" type="prep"/>
                </token>
                <token content="and" id="2-8"/>
                <token content="," id="2-9"/>
                <token content="when" id="2-10">
                    <pos type="WRB"/>
                    <lemma type="when"/>
                    <dep head="2-12" type="advmod"/>
                </token>
                <token content="I" id="2-11">
                    <pos type="PRP"/>
                    <lemma type="I"/>
                    <dep head="2-12" type="nsubj"/>
                </token>
                <token content="checked" id="2-12">
                    <pos type="VBD"/>
                    <lemma type="check"/>
                    <dep head="2-4" type="parataxis"/>
                </token>
                <token content="my" id="2-13">
                    <pos type="PRP$"/>
                    <lemma type="my"/>
                </token>
                <token content="bike" id="2-14">
                    <pos type="NN"/>
                    <lemma type="bike"/>
                    <dep head="2-12" type="dobj"/>
                </token>
                <token content="beforehand" id="2-15">
                    <pos type="RB"/>
                    <lemma type="beforehand"/>
                    <dep head="2-12" type="advmod"/>
                </token>
                <token content="," id="2-16"/>
                <token content="discovered" id="2-17">
                    <pos type="VBN"/>
                    <lemma type="discover"/>
                    <dep head="2-4" type="conj"/>
                </token>
                <token content="that" id="2-18">
                    <pos type="IN"/>
                    <lemma type="that"/>
                    <dep head="2-24" type="mark"/>
                </token>
                <token content="one" id="2-19">
                    <pos type="CD"/>
                    <lemma type="one"/>
                    <dep head="2-24" type="nsubj"/>
                </token>
                <token content="of" id="2-20"/>
                <token content="the" id="2-21">
                    <pos type="DT"/>
                    <lemma type="the"/>
                </token>
                <token content="tires" id="2-22">
                    <pos type="NNS"/>
                    <lemma type="tire"/>
                </token>
                <token content="had" id="2-23">
                    <pos type="VBD"/>
                    <lemma type="have"/>
                    <dep head="2-24" type="aux"/>
                </token>
                <token content="gone" id="2-24">
                    <pos type="VBN"/>
                    <lemma type="go"/>
                    <dep head="2-17" type="ccomp"/>
                </token>
                <token content="flat" id="2-25">
                    <pos type="JJ"/>
                    <lemma type="flat"/>
                    <dep head="2-24" type="acomp"/>
                </token>
                <token content="." id="2-26"/>
            </sentence>
            <sentence id="3">
                <token content="I" id="3-1">
                    <pos type="PRP"/>
                    <lemma type="I"/>
                    <dep head="3-2" type="nsubj"/>
                </token>
                <token content="attempted" id="3-2">
                    <pos type="VBD"/>
                    <lemma type="attempt"/>
                </token>
                <token content="to" id="3-3">
                    <pos type="TO"/>
                    <lemma type="to"/>
                    <dep head="3-4" type="aux"/>
                </token>
                <token content="pump" id="3-4">
                    <pos type="VB"/>
                    <lemma type="pump"/>
                    <dep head="3-2" type="xcomp"/>
                </token>
                <token content="air" id="3-5">
                    <pos type="NN"/>
                    <lemma type="air"/>
                    <dep head="3-4" type="dobj"/>
                </token>
                <token content="back" id="3-6">
                    <pos type="RP"/>
                    <lemma type="back"/>
                    <dep head="3-4" type="prt"/>
                </token>
                <token content="into" id="3-7"/>
                <token content="the" id="3-8">
                    <pos type="DT"/>
                    <lemma type="the"/>
                </token>
                <token content="tire" id="3-9">
                    <pos type="NN"/>
                    <lemma type="tire"/>
                    <dep head="3-4" type="prep"/>
                </token>
                <token content="," id="3-10"/>
                <token content="first" id="3-11">
                    <pos type="RB"/>
                    <lemma type="first"/>
                    <dep head="3-4" type="advmod"/>
                </token>
                <token content="." id="3-12"/>
            </sentence>
            <sentence id="4">
                <token content="The" id="4-1">
                    <pos type="DT"/>
                    <lemma type="the"/>
                </token>
                <token content="tire" id="4-2">
                    <pos type="NN"/>
                    <lemma type="tire"/>
                    <dep head="4-5" type="nsubj"/>
                </token>
                <token content="would" id="4-3">
                    <pos type="MD"/>
                    <lemma type="would"/>
                    <dep head="4-5" type="aux"/>
                </token>
                <token content="not" id="4-4">
                    <pos type="RB"/>
                    <lemma type="not"/>
                    <dep head="4-5" type="neg"/>
                </token>
                <token content="hold" id="4-5">
                    <pos type="VB"/>
                    <lemma type="hold"/>
                </token>
                <token content="air" id="4-6">
                    <pos type="NN"/>
                    <lemma type="air"/>
                    <dep head="4-5" type="dobj"/>
                </token>
                <token content="," id="4-7"/>
                <token content="so" id="4-8">
                    <pos type="IN"/>
                    <lemma type="so"/>
                    <dep head="4-5" type="dep"/>
                </token>
                <token content="I" id="4-9">
                    <pos type="PRP"/>
                    <lemma type="I"/>
                    <dep head="4-10" type="nsubj"/>
                </token>
                <token content="knew" id="4-10">
                    <pos type="VBD"/>
                    <lemma type="know"/>
                    <dep head="4-5" type="parataxis"/>
                </token>
                <token content="that" id="4-11">
                    <pos type="IN"/>
                    <lemma type="that"/>
                    <dep head="4-14" type="mark"/>
                </token>
                <token content="I" id="4-12">
                    <pos type="PRP"/>
                    <lemma type="I"/>
                    <dep head="4-14" type="nsubj"/>
                </token>
                <token content="would" id="4-13">
                    <pos type="MD"/>
                    <lemma type="would"/>
                    <dep head="4-14" type="aux"/>
                </token>
                <token content="have" id="4-14">
                    <pos type="VB"/>
                    <lemma type="have"/>
                    <dep head="4-10" type="ccomp"/>
                </token>
                <token content="to" id="4-15">
                    <pos type="TO"/>
                    <lemma type="to"/>
                    <dep head="4-16" type="aux"/>
                </token>
                <token content="repair" id="4-16">
                    <pos type="VB"/>
                    <lemma type="repair"/>
                    <dep head="4-14" type="xcomp"/>
                </token>
                <token content="the" id="4-17">
                    <pos type="DT"/>
                    <lemma type="the"/>
                </token>
                <token content="flat" id="4-18">
                    <pos type="JJ"/>
                    <lemma type="flat"/>
                </token>
                <token content="tire" id="4-19">
                    <pos type="NN"/>
                    <lemma type="tire"/>
                    <dep head="4-16" type="dobj"/>
                </token>
                <token content="." id="4-20"/>
            </sentence>
            <sentence id="5">
                <token content="I" id="5-1">
                    <pos type="PRP"/>
                    <lemma type="I"/>
                    <dep head="5-2" type="nsubj"/>
                </token>
                <token content="turned" id="5-2">
                    <pos type="VBD"/>
                    <lemma type="turn"/>
                </token>
                <token content="the" id="5-3">
                    <pos type="DT"/>
                    <lemma type="the"/>
                </token>
                <token content="bike" id="5-4">
                    <pos type="NN"/>
                    <lemma type="bike"/>
                    <dep head="5-2" type="dobj"/>
                </token>
                <token content="upside" id="5-5">
                    <pos type="RB"/>
                    <lemma type="upside"/>
                </token>
                <token content="down" id="5-6">
                    <pos type="RB"/>
                    <lemma type="down"/>
                    <dep head="5-2" type="advmod"/>
                </token>
                <token content="." id="5-7"/>
            </sentence>
            <sentence id="6">
                <token content="This" id="6-1">
                    <pos type="DT"/>
                    <lemma type="this"/>
                    <dep head="6-3" type="nsubj"/>
                </token>
                <token content="would" id="6-2">
                    <pos type="MD"/>
                    <lemma type="would"/>
                    <dep head="6-3" type="aux"/>
                </token>
                <token content="help" id="6-3">
                    <pos type="VB"/>
                    <lemma type="help"/>
                </token>
                <token content="me" id="6-4">
                    <pos type="PRP"/>
                    <lemma type="I"/>
                    <dep head="6-3" type="dobj"/>
                </token>
                <token content="by" id="6-5"/>
                <token content="giving" id="6-6">
                    <pos type="VBG"/>
                    <lemma type="give"/>
                    <dep head="6-3" type="prepc"/>
                </token>
                <token content="me" id="6-7">
                    <pos type="PRP"/>
                    <lemma type="I"/>
                    <dep head="6-6" type="iobj"/>
                </token>
                <token content="better" id="6-8">
                    <pos type="JJR"/>
                    <lemma type="better"/>
                </token>
                <token content="access" id="6-9">
                    <pos type="NN"/>
                    <lemma type="access"/>
                    <dep head="6-6" type="dobj"/>
                </token>
                <token content="to" id="6-10"/>
                <token content="the" id="6-11">
                    <pos type="DT"/>
                    <lemma type="the"/>
                </token>
                <token content="bike" id="6-12">
                    <pos type="NN"/>
                    <lemma type="bike"/>
                </token>
                <token content="tires" id="6-13">
                    <pos type="NNS"/>
                    <lemma type="tire"/>
                </token>
                <token content="." id="6-14"/>
            </sentence>
            <sentence id="7">
                <token content="I" id="7-1">
                    <pos type="PRP"/>
                    <lemma type="I"/>
                    <dep head="7-2" type="nsubj"/>
                </token>
                <token content="found" id="7-2">
                    <pos type="VBD"/>
                    <lemma type="find"/>
                </token>
                <token content="a" id="7-3">
                    <pos type="DT"/>
                    <lemma type="a"/>
                </token>
                <token content="wrench" id="7-4">
                    <pos type="NN"/>
                    <lemma type="wrench"/>
                    <dep head="7-2" type="dobj"/>
                </token>
                <token content="of" id="7-5"/>
                <token content="appropriate" id="7-6">
                    <pos type="JJ"/>
                    <lemma type="appropriate"/>
                </token>
                <token content="size" id="7-7">
                    <pos type="NN"/>
                    <lemma type="size"/>
                </token>
                <token content="and" id="7-8"/>
                <token content="used" id="7-9">
                    <pos type="VBD"/>
                    <lemma type="use"/>
                    <dep head="7-2" type="conj"/>
                </token>
                <token content="it" id="7-10">
                    <pos type="PRP"/>
                    <lemma type="it"/>
                    <dep head="7-9" type="dobj"/>
                </token>
                <token content="to" id="7-11">
                    <pos type="TO"/>
                    <lemma type="to"/>
                    <dep head="7-12" type="aux"/>
                </token>
                <token content="take" id="7-12">
                    <pos type="VB"/>
                    <lemma type="take"/>
                    <dep head="7-9" type="xcomp"/>
                </token>
                <token content="off" id="7-13">
                    <pos type="RP"/>
                    <lemma type="off"/>
                    <dep head="7-12" type="prt"/>
                </token>
                <token content="the" id="7-14">
                    <pos type="DT"/>
                    <lemma type="the"/>
                </token>
                <token content="bolts" id="7-15">
                    <pos type="NNS"/>
                    <lemma type="bolt"/>
                    <dep head="7-12" type="dobj"/>
                </token>
                <token content="that" id="7-16">
                    <pos type="WDT"/>
                    <lemma type="that"/>
                    <dep head="7-17" type="nsubj"/>
                </token>
                <token content="held" id="7-17">
                    <pos type="VBD"/>
                    <lemma type="hold"/>
                </token>
                <token content="the" id="7-18">
                    <pos type="DT"/>
                    <lemma type="the"/>
                </token>
                <token content="tire" id="7-19">
                    <pos type="NN"/>
                    <lemma type="tire"/>
                    <dep head="7-17" type="dobj"/>
                </token>
                <token content="on" id="7-20"/>
                <token content="the" id="7-21">
                    <pos type="DT"/>
                    <lemma type="the"/>
                </token>
                <token content="bike" id="7-22">
                    <pos type="NN"/>
                    <lemma type="bike"/>
                    <dep head="7-17" type="prep"/>
                </token>
                <token content="." id="7-23"/>
            </sentence>
            <sentence id="8">
                <token content="When" id="8-1">
                    <pos type="WRB"/>
                    <lemma type="when"/>
                    <dep head="8-4" type="advmod"/>
                </token>
                <token content="I" id="8-2">
                    <pos type="PRP"/>
                    <lemma type="I"/>
                    <dep head="8-4" type="nsubj"/>
                </token>
                <token content="had" id="8-3">
                    <pos type="VBD"/>
                    <lemma type="have"/>
                    <dep head="8-4" type="aux"/>
                </token>
                <token content="taken" id="8-4">
                    <pos type="VBN"/>
                    <lemma type="take"/>
                    <dep head="8-10" type="advcl"/>
                </token>
                <token content="off" id="8-5">
                    <pos type="RP"/>
                    <lemma type="off"/>
                    <dep head="8-4" type="prt"/>
                </token>
                <token content="the" id="8-6">
                    <pos type="DT"/>
                    <lemma type="the"/>
                </token>
                <token content="bolts" id="8-7">
                    <pos type="NNS"/>
                    <lemma type="bolt"/>
                    <dep head="8-4" type="dobj"/>
                </token>
                <token content="," id="8-8"/>
                <token content="I" id="8-9">
                    <pos type="PRP"/>
                    <lemma type="I"/>
                    <dep head="8-10" type="nsubj"/>
                </token>
                <token content="took" id="8-10">
                    <pos type="VBD"/>
                    <lemma type="take"/>
                </token>
                <token content="the" id="8-11">
                    <pos type="DT"/>
                    <lemma type="the"/>
                </token>
                <token content="tire" id="8-12">
                    <pos type="NN"/>
                    <lemma type="tire"/>
                    <dep head="8-10" type="dobj"/>
                </token>
                <token content="off" id="8-13"/>
                <token content="the" id="8-14">
                    <pos type="DT"/>
                    <lemma type="the"/>
                </token>
                <token content="bike" id="8-15">
                    <pos type="NN"/>
                    <lemma type="bike"/>
                </token>
                <token content="frame" id="8-16">
                    <pos type="NN"/>
                    <lemma type="frame"/>
                    <dep head="8-10" type="prep"/>
                </token>
                <token content="." id="8-17"/>
            </sentence>
            <sentence id="9">
                <token content="Then" id="9-1">
                    <pos type="RB"/>
                    <lemma type="then"/>
                    <dep head="9-4" type="advmod"/>
                </token>
                <token content="," id="9-2"/>
                <token content="I" id="9-3">
                    <pos type="PRP"/>
                    <lemma type="I"/>
                    <dep head="9-4" type="nsubj"/>
                </token>
                <token content="let" id="9-4">
                    <pos type="VBD"/>
                    <lemma type="let"/>
                </token>
                <token content="out" id="9-5">
                    <pos type="RP"/>
                    <lemma type="out"/>
                    <dep head="9-4" type="prt"/>
                </token>
                <token content="the" id="9-6">
                    <pos type="DT"/>
                    <lemma type="the"/>
                </token>
                <token content="rest" id="9-7">
                    <pos type="NN"/>
                    <lemma type="rest"/>
                    <dep head="9-4" type="dobj"/>
                </token>
                <token content="of" id="9-8"/>
                <token content="the" id="9-9">
                    <pos type="DT"/>
                    <lemma type="the"/>
                </token>
                <token content="air" id="9-10">
                    <pos type="NN"/>
                    <lemma type="air"/>
                </token>
                <token content="out" id="9-11"/>
                <token content="of" id="9-12"/>
                <token content="the" id="9-13">
                    <pos type="DT"/>
                    <lemma type="the"/>
                </token>
                <token content="bike" id="9-14">
                    <pos type="NN"/>
                    <lemma type="bike"/>
                </token>
                <token content="tire" id="9-15">
                    <pos type="NN"/>
                    <lemma type="tire"/>
                </token>
                <token content="." id="9-16"/>
            </sentence>
            <sentence id="10">
                <token content="When" id="10-1">
                    <pos type="WRB"/>
                    <lemma type="when"/>
                </token>
                <token content="the" id="10-2">
                    <pos type="DT"/>
                    <lemma type="the"/>
                </token>
                <token content="tire" id="10-3">
                    <pos type="NN"/>
                    <lemma type="tire"/>
                </token>
                <token content="was" id="10-4">
                    <pos type="VBD"/>
                    <lemma type="be"/>
                </token>
                <token content="completely" id="10-5">
                    <pos type="RB"/>
                    <lemma type="completely"/>
                </token>
                <token content="flat" id="10-6">
                    <pos type="JJ"/>
                    <lemma type="flat"/>
                    <dep head="10-10" type="advcl"/>
                </token>
                <token content="," id="10-7"/>
                <token content="I" id="10-8">
                    <pos type="PRP"/>
                    <lemma type="I"/>
                    <dep head="10-10" type="nsubj"/>
                </token>
                <token content="carefully" id="10-9">
                    <pos type="RB"/>
                    <lemma type="carefully"/>
                    <dep head="10-10" type="advmod"/>
                </token>
                <token content="took" id="10-10">
                    <pos type="VBD"/>
                    <lemma type="take"/>
                </token>
                <token content="the" id="10-11">
                    <pos type="DT"/>
                    <lemma type="the"/>
                </token>
                <token content="rubber" id="10-12">
                    <pos type="NN"/>
                    <lemma type="rubber"/>
                </token>
                <token content="tire" id="10-13">
                    <pos type="NN"/>
                    <lemma type="tire"/>
                    <dep head="10-18" type="nsubj"/>
                </token>
                <token content="off" id="10-14"/>
                <token content="the" id="10-15">
                    <pos type="DT"/>
                    <lemma type="the"/>
                </token>
                <token content="metal" id="10-16">
                    <pos type="NN"/>
                    <lemma type="metal"/>
                </token>
                <token content="bike" id="10-17">
                    <pos type="NN"/>
                    <lemma type="bike"/>
                </token>
                <token content="spoke" id="10-18">
                    <pos type="VBD"/>
                    <lemma type="speak"/>
                    <dep head="10-10" type="ccomp"/>
                </token>
                <token content="frame" id="10-19">
                    <pos type="NN"/>
                    <lemma type="frame"/>
                    <dep head="10-18" type="dobj"/>
                </token>
                <token content="." id="10-20"/>
            </sentence>
            <sentence id="11">
                <token content="The" id="11-1">
                    <pos type="DT"/>
                    <lemma type="the"/>
                </token>
                <token content="inside" id="11-2">
                    <pos type="NN"/>
                    <lemma type="inside"/>
                </token>
                <token content="of" id="11-3"/>
                <token content="a" id="11-4">
                    <pos type="DT"/>
                    <lemma type="a"/>
                </token>
                <token content="bike" id="11-5">
                    <pos type="NN"/>
                    <lemma type="bike"/>
                </token>
                <token content="tire" id="11-6">
                    <pos type="NN"/>
                    <lemma type="tire"/>
                </token>
                <token content="is" id="11-7">
                    <pos type="VBZ"/>
                    <lemma type="be"/>
                </token>
                <token content="hollow" id="11-8">
                    <pos type="JJ"/>
                    <lemma type="hollow"/>
                </token>
                <token content="and" id="11-9"/>
                <token content="houses" id="11-10">
                    <pos type="VBZ"/>
                    <lemma type="house"/>
                </token>
                <token content="the" id="11-11">
                    <pos type="DT"/>
                    <lemma type="the"/>
                </token>
                <token content="tire" id="11-12">
                    <pos type="NN"/>
                    <lemma type="tire"/>
                </token>
                <token content="tube" id="11-13">
                    <pos type="NN"/>
                    <lemma type="tube"/>
                    <dep head="11-10" type="dobj"/>
                </token>
                <token content="." id="11-14"/>
            </sentence>
            <sentence id="12">
                <token content="I" id="12-1">
                    <pos type="PRP"/>
                    <lemma type="I"/>
                    <dep head="12-2" type="nsubj"/>
                </token>
                <token content="knew" id="12-2">
                    <pos type="VBD"/>
                    <lemma type="know"/>
                </token>
                <token content="that" id="12-3">
                    <pos type="IN"/>
                    <lemma type="that"/>
                </token>
                <token content="the" id="12-4">
                    <pos type="DT"/>
                    <lemma type="the"/>
                </token>
                <token content="bike" id="12-5">
                    <pos type="NN"/>
                    <lemma type="bike"/>
                </token>
                <token content="tire" id="12-6">
                    <pos type="NN"/>
                    <lemma type="tire"/>
                </token>
                <token content="was" id="12-7">
                    <pos type="VBD"/>
                    <lemma type="be"/>
                </token>
                <token content="probably" id="12-8">
                    <pos type="RB"/>
                    <lemma type="probably"/>
                </token>
                <token content="flat" id="12-9">
                    <pos type="JJ"/>
                    <lemma type="flat"/>
                    <dep head="12-2" type="ccomp"/>
                </token>
                <token content="because" id="12-10"/>
                <token content="of" id="12-11"/>
                <token content="a" id="12-12">
                    <pos type="DT"/>
                    <lemma type="a"/>
                </token>
                <token content="puncture" id="12-13">
                    <pos type="NN"/>
                    <lemma type="puncture"/>
                </token>
                <token content="in" id="12-14"/>
                <token content="the" id="12-15">
                    <pos type="DT"/>
                    <lemma type="the"/>
                </token>
                <token content="bike" id="12-16">
                    <pos type="NN"/>
                    <lemma type="bike"/>
                </token>
                <token content="tube" id="12-17">
                    <pos type="NN"/>
                    <lemma type="tube"/>
                </token>
                <token content="," id="12-18"/>
                <token content="so" id="12-19">
                    <pos type="IN"/>
                    <lemma type="so"/>
                    <dep head="12-2" type="dep"/>
                </token>
                <token content="I" id="12-20">
                    <pos type="PRP"/>
                    <lemma type="I"/>
                    <dep head="12-21" type="nsubj"/>
                </token>
                <token content="checked" id="12-21">
                    <pos type="VBD"/>
                    <lemma type="check"/>
                    <dep head="12-2" type="parataxis"/>
                </token>
                <token content="that" id="12-22">
                    <pos type="DT"/>
                    <lemma type="that"/>
                </token>
                <token content="first" id="12-23">
                    <pos type="JJ"/>
                    <lemma type="first"/>
                    <dep head="12-21" type="dobj"/>
                </token>
                <token content="." id="12-24"/>
            </sentence>
            <sentence id="13">
                <token content="Sure" id="13-1">
                    <pos type="RB"/>
                    <lemma type="sure"/>
                </token>
                <token content="enough" id="13-2">
                    <pos type="RB"/>
                    <lemma type="enough"/>
                    <dep head="13-5" type="advmod"/>
                </token>
                <token content="," id="13-3"/>
                <token content="there" id="13-4">
                    <pos type="EX"/>
                    <lemma type="there"/>
                    <dep head="13-5" type="expl"/>
                </token>
                <token content="was" id="13-5">
                    <pos type="VBD"/>
                    <lemma type="be"/>
                </token>
                <token content="a" id="13-6">
                    <pos type="DT"/>
                    <lemma type="a"/>
                </token>
                <token content="large" id="13-7">
                    <pos type="JJ"/>
                    <lemma type="large"/>
                </token>
                <token content="hole" id="13-8">
                    <pos type="NN"/>
                    <lemma type="hole"/>
                    <dep head="13-5" type="nsubj"/>
                </token>
                <token content="in" id="13-9"/>
                <token content="my" id="13-10">
                    <pos type="PRP$"/>
                    <lemma type="my"/>
                </token>
                <token content="bike" id="13-11">
                    <pos type="NN"/>
                    <lemma type="bike"/>
                </token>
                <token content="tire" id="13-12">
                    <pos type="NN"/>
                    <lemma type="tire"/>
                </token>
                <token content="tube" id="13-13">
                    <pos type="NN"/>
                    <lemma type="tube"/>
                </token>
                <token content="." id="13-14"/>
            </sentence>
            <sentence id="14">
                <token content="This" id="14-1">
                    <pos type="DT"/>
                    <lemma type="this"/>
                </token>
                <token content="tube" id="14-2">
                    <pos type="NN"/>
                    <lemma type="tube"/>
                    <dep head="14-5" type="nsubj"/>
                </token>
                <token content="would" id="14-3">
                    <pos type="MD"/>
                    <lemma type="would"/>
                    <dep head="14-5" type="aux"/>
                </token>
                <token content="not" id="14-4">
                    <pos type="RB"/>
                    <lemma type="not"/>
                    <dep head="14-5" type="neg"/>
                </token>
                <token content="hold" id="14-5">
                    <pos type="VB"/>
                    <lemma type="hold"/>
                </token>
                <token content="air" id="14-6">
                    <pos type="NN"/>
                    <lemma type="air"/>
                    <dep head="14-5" type="dobj"/>
                </token>
                <token content="." id="14-7"/>
            </sentence>
            <sentence id="15">
                <token content="I" id="15-1">
                    <pos type="PRP"/>
                    <lemma type="I"/>
                    <dep head="15-2" type="nsubj"/>
                </token>
                <token content="had" id="15-2">
                    <pos type="VBD"/>
                    <lemma type="have"/>
                </token>
                <token content="a" id="15-3">
                    <pos type="DT"/>
                    <lemma type="a"/>
                </token>
                <token content="small" id="15-4">
                    <pos type="JJ"/>
                    <lemma type="small"/>
                </token>
                <token content="bike" id="15-5">
                    <pos type="NN"/>
                    <lemma type="bike"/>
                </token>
                <token content="tire" id="15-6">
                    <pos type="NN"/>
                    <lemma type="tire"/>
                </token>
                <token content="repair" id="15-7">
                    <pos type="NN"/>
                    <lemma type="repair"/>
                </token>
                <token content="kit" id="15-8">
                    <pos type="NN"/>
                    <lemma type="kit"/>
                    <dep head="15-2" type="dobj"/>
                </token>
                <token content="in" id="15-9"/>
                <token content="my" id="15-10">
                    <pos type="PRP$"/>
                    <lemma type="my"/>
                </token>
                <token content="garage" id="15-11">
                    <pos type="NN"/>
                    <lemma type="garage"/>
                </token>
                <token content="and" id="15-12"/>
                <token content="went" id="15-13">
                    <pos type="VBD"/>
                    <lemma type="go"/>
                    <dep head="15-2" type="conj"/>
                </token>
                <token content="to" id="15-14">
                    <pos type="TO"/>
                    <lemma type="to"/>
                    <dep head="15-15" type="aux"/>
                </token>
                <token content="get" id="15-15">
                    <pos type="VB"/>
                    <lemma type="get"/>
                    <dep head="15-13" type="xcomp"/>
                </token>
                <token content="it" id="15-16">
                    <pos type="PRP"/>
                    <lemma type="it"/>
                    <dep head="15-15" type="dobj"/>
                </token>
                <token content="." id="15-17"/>
            </sentence>
            <sentence id="16">
                <token content="I" id="16-1">
                    <pos type="PRP"/>
                    <lemma type="I"/>
                    <dep head="16-2" type="nsubj"/>
                </token>
                <token content="returned" id="16-2">
                    <pos type="VBD"/>
                    <lemma type="return"/>
                </token>
                <token content="with" id="16-3"/>
                <token content="it" id="16-4">
                    <pos type="PRP"/>
                    <lemma type="it"/>
                    <dep head="16-2" type="prep"/>
                </token>
                <token content="and" id="16-5"/>
                <token content="took" id="16-6">
                    <pos type="VBD"/>
                    <lemma type="take"/>
                    <dep head="16-2" type="conj"/>
                </token>
                <token content="out" id="16-7">
                    <pos type="RP"/>
                    <lemma type="out"/>
                    <dep head="16-6" type="prt"/>
                </token>
                <token content="the" id="16-8">
                    <pos type="DT"/>
                    <lemma type="the"/>
                </token>
                <token content="rubber" id="16-9">
                    <pos type="NN"/>
                    <lemma type="rubber"/>
                </token>
                <token content="patch" id="16-10">
                    <pos type="NN"/>
                    <lemma type="patch"/>
                    <dep head="16-6" type="dobj"/>
                </token>
                <token content="that" id="16-11">
                    <pos type="IN"/>
                    <lemma type="that"/>
                    <dep head="16-14" type="mark"/>
                </token>
                <token content="I" id="16-12">
                    <pos type="PRP"/>
                    <lemma type="I"/>
                    <dep head="16-14" type="nsubj"/>
                </token>
                <token content="would" id="16-13">
                    <pos type="MD"/>
                    <lemma type="would"/>
                    <dep head="16-14" type="aux"/>
                </token>
                <token content="use" id="16-14">
                    <pos type="VB"/>
                    <lemma type="use"/>
                    <dep head="16-2" type="ccomp"/>
                </token>
                <token content="to" id="16-15">
                    <pos type="TO"/>
                    <lemma type="to"/>
                    <dep head="16-16" type="aux"/>
                </token>
                <token content="repair" id="16-16">
                    <pos type="VB"/>
                    <lemma type="repair"/>
                    <dep head="16-14" type="xcomp"/>
                </token>
                <token content="the" id="16-17">
                    <pos type="DT"/>
                    <lemma type="the"/>
                </token>
                <token content="tube" id="16-18">
                    <pos type="NN"/>
                    <lemma type="tube"/>
                    <dep head="16-16" type="dobj"/>
                </token>
                <token content="." id="16-19"/>
            </sentence>
            <sentence id="17">
                <token content="I" id="17-1">
                    <pos type="PRP"/>
                    <lemma type="I"/>
                    <dep head="17-2" type="nsubj"/>
                </token>
                <token content="prepared" id="17-2">
                    <pos type="VBD"/>
                    <lemma type="prepare"/>
                </token>
                <token content="the" id="17-3">
                    <pos type="DT"/>
                    <lemma type="the"/>
                </token>
                <token content="tube" id="17-4">
                    <pos type="NN"/>
                    <lemma type="tube"/>
                    <dep head="17-2" type="dobj"/>
                </token>
                <token content="and" id="17-5"/>
                <token content="then" id="17-6">
                    <pos type="RB"/>
                    <lemma type="then"/>
                    <dep head="17-7" type="advmod"/>
                </token>
                <token content="applied" id="17-7">
                    <pos type="VBD"/>
                    <lemma type="apply"/>
                    <dep head="17-2" type="conj"/>
                </token>
                <token content="a" id="17-8">
                    <pos type="DT"/>
                    <lemma type="a"/>
                </token>
                <token content="rubber" id="17-9">
                    <pos type="NN"/>
                    <lemma type="rubber"/>
                </token>
                <token content="patch" id="17-10">
                    <pos type="NN"/>
                    <lemma type="patch"/>
                    <dep head="17-7" type="dobj"/>
                </token>
                <token content="to" id="17-11"/>
                <token content="the" id="17-12">
                    <pos type="DT"/>
                    <lemma type="the"/>
                </token>
                <token content="puncture" id="17-13">
                    <pos type="NN"/>
                    <lemma type="puncture"/>
                    <dep head="17-7" type="prep"/>
                </token>
                <token content="with" id="17-14"/>
                <token content="a" id="17-15">
                    <pos type="DT"/>
                    <lemma type="a"/>
                </token>
                <token content="bit" id="17-16">
                    <pos type="NN"/>
                    <lemma type="bit"/>
                </token>
                <token content="of" id="17-17"/>
                <token content="glue" id="17-18">
                    <pos type="NN"/>
                    <lemma type="glue"/>
                </token>
                <token content="." id="17-19"/>
            </sentence>
            <sentence id="18">
                <token content="I" id="18-1">
                    <pos type="PRP"/>
                    <lemma type="I"/>
                    <dep head="18-3" type="nsubj"/>
                </token>
                <token content="then" id="18-2">
                    <pos type="RB"/>
                    <lemma type="then"/>
                    <dep head="18-3" type="advmod"/>
                </token>
                <token content="tested" id="18-3">
                    <pos type="VBD"/>
                    <lemma type="test"/>
                </token>
                <token content="the" id="18-4">
                    <pos type="DT"/>
                    <lemma type="the"/>
                </token>
                <token content="bike" id="18-5">
                    <pos type="NN"/>
                    <lemma type="bike"/>
                </token>
                <token content="tire" id="18-6">
                    <pos type="NN"/>
                    <lemma type="tire"/>
                </token>
                <token content="tube" id="18-7">
                    <pos type="NN"/>
                    <lemma type="tube"/>
                    <dep head="18-3" type="dobj"/>
                </token>
                <token content="and" id="18-8"/>
                <token content="found" id="18-9">
                    <pos type="VBD"/>
                    <lemma type="find"/>
                    <dep head="18-3" type="conj"/>
                </token>
                <token content="that" id="18-10">
                    <pos type="IN"/>
                    <lemma type="that"/>
                    <dep head="18-14" type="mark"/>
                </token>
                <token content="the" id="18-11">
                    <pos type="DT"/>
                    <lemma type="the"/>
                </token>
                <token content="patch" id="18-12">
                    <pos type="NN"/>
                    <lemma type="patch"/>
                    <dep head="18-14" type="nsubj"/>
                </token>
                <token content="was" id="18-13">
                    <pos type="VBD"/>
                    <lemma type="be"/>
                    <dep head="18-14" type="aux"/>
                </token>
                <token content="working" id="18-14">
                    <pos type="VBG"/>
                    <lemma type="work"/>
                    <dep head="18-9" type="ccomp"/>
                </token>
                <token content="." id="18-15"/>
            </sentence>
            <sentence id="19">
                <token content="So" id="19-1">
                    <pos type="RB"/>
                    <lemma type="so"/>
                    <dep head="19-4" type="advmod"/>
                </token>
                <token content="," id="19-2"/>
                <token content="I" id="19-3">
                    <pos type="PRP"/>
                    <lemma type="I"/>
                    <dep head="19-4" type="nsubj"/>
                </token>
                <token content="replaced" id="19-4">
                    <pos type="VBD"/>
                    <lemma type="replace"/>
                </token>
                <token content="the" id="19-5">
                    <pos type="DT"/>
                    <lemma type="the"/>
                </token>
                <token content="tube" id="19-6">
                    <pos type="NN"/>
                    <lemma type="tube"/>
                    <dep head="19-4" type="dobj"/>
                </token>
                <token content="and" id="19-7"/>
                <token content="the" id="19-8">
                    <pos type="DT"/>
                    <lemma type="the"/>
                </token>
                <token content="outer" id="19-9">
                    <pos type="JJ"/>
                    <lemma type="outer"/>
                </token>
                <token content="tire" id="19-10">
                    <pos type="NN"/>
                    <lemma type="tire"/>
                </token>
                <token content="on" id="19-11"/>
                <token content="the" id="19-12">
                    <pos type="DT"/>
                    <lemma type="the"/>
                </token>
                <token content="metal" id="19-13">
                    <pos type="NN"/>
                    <lemma type="metal"/>
                </token>
                <token content="spokes" id="19-14">
                    <pos type="NNS"/>
                    <lemma type="spoke"/>
                    <dep head="19-4" type="prep"/>
                </token>
                <token content="." id="19-15"/>
            </sentence>
            <sentence id="20">
                <token content="Then" id="20-1">
                    <pos type="RB"/>
                    <lemma type="then"/>
                    <dep head="20-4" type="advmod"/>
                </token>
                <token content="," id="20-2"/>
                <token content="I" id="20-3">
                    <pos type="PRP"/>
                    <lemma type="I"/>
                    <dep head="20-4" type="nsubj"/>
                </token>
                <token content="put" id="20-4">
                    <pos type="VBD"/>
                    <lemma type="put"/>
                </token>
                <token content="the" id="20-5">
                    <pos type="DT"/>
                    <lemma type="the"/>
                </token>
                <token content="tire" id="20-6">
                    <pos type="NN"/>
                    <lemma type="tire"/>
                    <dep head="20-4" type="dobj"/>
                </token>
                <token content="back" id="20-7">
                    <pos type="RP"/>
                    <lemma type="back"/>
                    <dep head="20-4" type="prt"/>
                </token>
                <token content="on" id="20-8"/>
                <token content="the" id="20-9">
                    <pos type="DT"/>
                    <lemma type="the"/>
                </token>
                <token content="bike" id="20-10">
                    <pos type="NN"/>
                    <lemma type="bike"/>
                </token>
                <token content="frame" id="20-11">
                    <pos type="NN"/>
                    <lemma type="frame"/>
                    <dep head="20-4" type="prep"/>
                </token>
                <token content="and" id="20-12"/>
                <token content="tightened" id="20-13">
                    <pos type="VBD"/>
                    <lemma type="tighten"/>
                    <dep head="20-4" type="conj"/>
                </token>
                <token content="the" id="20-14">
                    <pos type="DT"/>
                    <lemma type="the"/>
                </token>
                <token content="bolts" id="20-15">
                    <pos type="NNS"/>
                    <lemma type="bolt"/>
                    <dep head="20-13" type="dobj"/>
                </token>
                <token content="that" id="20-16">
                    <pos type="WDT"/>
                    <lemma type="that"/>
                    <dep head="20-18" type="nsubj"/>
                </token>
                <token content="would" id="20-17">
                    <pos type="MD"/>
                    <lemma type="would"/>
                    <dep head="20-18" type="aux"/>
                </token>
                <token content="hold" id="20-18">
                    <pos type="VB"/>
                    <lemma type="hold"/>
                </token>
                <token content="it" id="20-19">
                    <pos type="PRP"/>
                    <lemma type="it"/>
                    <dep head="20-18" type="dobj"/>
                </token>
                <token content="there" id="20-20">
                    <pos type="RB"/>
                    <lemma type="there"/>
                    <dep head="20-18" type="advmod"/>
                </token>
                <token content="." id="20-21"/>
            </sentence>
            <sentence id="21">
                <token content="Finally" id="21-1">
                    <pos type="RB"/>
                    <lemma type="finally"/>
                    <dep head="21-4" type="advmod"/>
                </token>
                <token content="," id="21-2"/>
                <token content="I" id="21-3">
                    <pos type="PRP"/>
                    <lemma type="I"/>
                    <dep head="21-4" type="nsubj"/>
                </token>
                <token content="put" id="21-4">
                    <pos type="VBP"/>
                    <lemma type="put"/>
                </token>
                <token content="the" id="21-5">
                    <pos type="DT"/>
                    <lemma type="the"/>
                </token>
                <token content="bike" id="21-6">
                    <pos type="NN"/>
                    <lemma type="bike"/>
                </token>
                <token content="right-side" id="21-7">
                    <pos type="NN"/>
                    <lemma type="right-side"/>
                    <dep head="21-4" type="dobj"/>
                </token>
                <token content="up" id="21-8">
                    <pos type="RP"/>
                    <lemma type="up"/>
                    <dep head="21-4" type="prt"/>
                </token>
                <token content="and" id="21-9"/>
                <token content="filled" id="21-10">
                    <pos type="VBD"/>
                    <lemma type="fill"/>
                    <dep head="21-4" type="conj"/>
                </token>
                <token content="the" id="21-11">
                    <pos type="DT"/>
                    <lemma type="the"/>
                </token>
                <token content="tire" id="21-12">
                    <pos type="NN"/>
                    <lemma type="tire"/>
                    <dep head="21-10" type="dobj"/>
                </token>
                <token content="with" id="21-13"/>
                <token content="air" id="21-14">
                    <pos type="NN"/>
                    <lemma type="air"/>
                    <dep head="21-10" type="prep"/>
                </token>
                <token content="." id="21-15"/>
            </sentence>
            <sentence id="22">
                <token content="I" id="22-1">
                    <pos type="PRP"/>
                    <lemma type="I"/>
                    <dep head="22-2" type="nsubj"/>
                </token>
                <token content="knew" id="22-2">
                    <pos type="VBD"/>
                    <lemma type="know"/>
                </token>
                <token content="this" id="22-3">
                    <pos type="DT"/>
                    <lemma type="this"/>
                </token>
                <token content="weekend" id="22-4">
                    <pos type="NN"/>
                    <lemma type="weekend"/>
                </token>
                <token content="would" id="22-5">
                    <pos type="MD"/>
                    <lemma type="would"/>
                </token>
                <token content="be" id="22-6">
                    <pos type="VB"/>
                    <lemma type="be"/>
                </token>
                <token content="fun" id="22-7">
                    <pos type="NN"/>
                    <lemma type="fun"/>
                    <dep head="22-2" type="ccomp"/>
                </token>
                <token content="." id="22-8"/>
            </sentence>
        </sentences>
    </text>
    <annotations>
        <participants>
            <label from="1-2" id="0" name="NPart" text="weekend" type="participant"/>
            <label from="1-4" id="1" name="ScrPart_rider" text="I" type="participant"/>
            <label from="2-1" id="2" name="ScrPart_rider" text="I" type="participant"/>
            <label from="2-7" id="3" name="NPart" text="time" type="participant"/>
            <label from="2-11" id="4" name="ScrPart_rider" text="I" type="participant"/>
            <label from="2-13" id="5" name="ScrPart_rider" text="my" type="participant"/>
            <label from="2-14" id="6" name="ScrPart_bicycle" text="bike" type="participant"/>
            <label from="2-22" id="7" name="ScrPart_tire" text="tires" type="participant"/>
            <label from="3-1" id="8" name="ScrPart_rider" text="I" type="participant"/>
            <label from="3-5" id="9" name="ScrPart_air" text="air" type="participant"/>
            <label from="3-9" id="10" name="ScrPart_tire" text="tire" type="participant"/>
            <label from="4-2" id="11" name="ScrPart_tire" text="tire" type="participant"/>
            <label from="4-6" id="12" name="ScrPart_air" text="air" type="participant"/>
            <label from="4-9" id="13" name="ScrPart_rider" text="I" type="participant"/>
            <label from="4-12" id="14" name="ScrPart_rider" text="I" type="participant"/>
            <label from="4-19" id="15" name="ScrPart_tire" text="tire" type="participant"/>
            <label from="5-1" id="16" name="ScrPart_rider" text="I" type="participant"/>
            <label from="5-4" id="17" name="ScrPart_bicycle" text="bike" type="participant"/>
            <label from="6-4" id="18" name="ScrPart_rider" text="me" type="participant"/>
            <label from="6-7" id="19" name="ScrPart_rider" text="me" type="participant"/>
            <label from="6-9" id="20" name="NPart" text="access" type="participant"/>
            <label from="6-12" id="21" name="ScrPart_tire" text="bike tires" to="6-13" type="participant"/>
            <label from="6-13" id="22" name="ScrPart_tire" text="tires" type="participant"/>
            <label from="7-1" id="23" name="ScrPart_rider" text="I" type="participant"/>
            <label from="7-4" id="24" name="ScrPart_tool" text="wrench" type="participant"/>
            <label from="7-7" id="25" name="NPart" text="size" type="participant"/>
            <label from="7-10" id="26" name="ScrPart_tool" text="it" type="participant"/>
            <label from="7-15" id="27" name="ScrPart_bicycle_small_detail" text="bolts" type="participant"/>
            <label from="7-19" id="28" name="ScrPart_tire" text="tire" type="participant"/>
            <label from="7-22" id="29" name="ScrPart_bicycle" text="bike" type="participant"/>
            <label from="8-2" id="30" name="ScrPart_rider" text="I" type="participant"/>
            <label from="8-7" id="31" name="ScrPart_bicycle_small_detail" text="bolts" type="participant"/>
            <label from="8-9" id="32" name="ScrPart_rider" text="I" type="participant"/>
            <label from="8-12" id="33" name="ScrPart_tire" text="tire" type="participant"/>
            <label from="8-15" id="34" name="ScrPart_rim" text="bike frame" to="8-16" type="participant"/>
            <label from="8-16" id="35" name="ScrPart_rim" text="frame" type="participant"/>
            <label from="9-3" id="36" name="ScrPart_rider" text="I" type="participant"/>
            <label from="9-7" id="37" name="Head_of_Partitive" text="rest" type="participant"/>
            <label from="9-10" id="38" name="ScrPart_air" text="air" type="participant"/>
            <label from="9-14" id="39" name="ScrPart_tire" text="bike tire" to="9-15" type="participant"/>
            <label from="9-15" id="40" name="ScrPart_tire" text="tire" type="participant"/>
            <label from="10-3" id="41" name="ScrPart_tire" text="tire" type="participant"/>
            <label from="10-8" id="42" name="ScrPart_rider" text="I" type="participant"/>
            <label from="10-13" id="43" name="ScrPart_tire" text="tire" type="participant"/>
            <label from="10-19" id="44" name="ScrPart_rim" text="frame" type="participant"/>
            <label from="11-2" id="45" name="NPart" text="inside" type="participant"/>
            <label from="11-5" id="46" name="ScrPart_tire" text="bike tire" to="11-6" type="participant"/>
            <label from="11-6" id="47" name="ScrPart_tire" text="tire" type="participant"/>
            <label from="11-12" id="48" name="ScrPart_tire" text="tire tube" to="11-13" type="participant"/>
            <label from="11-13" id="49" name="ScrPart_tire" text="tube" type="participant"/>
            <label from="12-1" id="50" name="ScrPart_rider" text="I" type="participant"/>
            <label from="12-5" id="51" name="ScrPart_tire" text="bike tire" to="12-6" type="participant"/>
            <label from="12-6" id="52" name="ScrPart_tire" text="tire" type="participant"/>
            <label from="12-13" id="53" name="ScrPart_damage" text="puncture" type="participant"/>
            <label from="12-16" id="54" name="ScrPart_tire" text="bike tube" to="12-17" type="participant"/>
            <label from="12-17" id="55" name="ScrPart_tire" text="tube" type="participant"/>
            <label from="12-20" id="56" name="ScrPart_rider" text="I" type="participant"/>
            <label from="13-8" id="57" name="ScrPart_damage" text="hole" type="participant"/>
            <label from="13-10" id="58" name="ScrPart_rider" text="my" type="participant"/>
            <label from="13-11" id="59" name="ScrPart_tire" text="bike tire tube" to="13-13" type="participant"/>
            <label from="13-13" id="60" name="ScrPart_tire" text="tube" type="participant"/>
            <label from="14-2" id="61" name="ScrPart_tire" text="tube" type="participant"/>
            <label from="14-6" id="62" name="ScrPart_air" text="air" type="participant"/>
            <label from="15-1" id="63" name="ScrPart_rider" text="I" type="participant"/>
            <label from="15-5" id="64" name="ScrPart_bicycle" text="bike" type="participant"/>
            <label from="15-6" id="65" name="ScrPart_tire" text="tire" type="participant"/>
            <label from="15-7" id="66" name="ScrPart_tool" text="repair kit" to="15-8" type="participant"/>
            <label from="15-8" id="67" name="ScrPart_tool" text="kit" type="participant"/>
            <label from="15-10" id="68" name="ScrPart_rider" text="my" type="participant"/>
            <label from="15-11" id="69" name="NPart" text="garage" type="participant"/>
            <label from="15-16" id="70" name="ScrPart_tool" text="it" type="participant"/>
            <label from="16-1" id="71" name="ScrPart_rider" text="I" type="participant"/>
            <label from="16-4" id="72" name="ScrPart_tool" text="it" type="participant"/>
            <label from="16-9" id="73" name="ScrPart_patch" text="rubber patch" to="16-10" type="participant"/>
            <label from="16-10" id="74" name="ScrPart_patch" text="patch" type="participant"/>
            <label from="16-12" id="75" name="ScrPart_rider" text="I" type="participant"/>
            <label from="16-18" id="76" name="ScrPart_tire" text="tube" type="participant"/>
            <label from="17-1" id="77" name="ScrPart_rider" text="I" type="participant"/>
            <label from="17-4" id="78" name="ScrPart_tire" text="tube" type="participant"/>
            <label from="17-9" id="79" name="ScrPart_patch" text="rubber patch" to="17-10" type="participant"/>
            <label from="17-10" id="80" name="ScrPart_patch" text="patch" type="participant"/>
            <label from="17-13" id="81" name="ScrPart_damage" text="puncture" type="participant"/>
            <label from="17-16" id="82" name="Head_of_Partitive" text="bit" type="participant"/>
            <label from="17-18" id="83" name="ScrPart_tool" text="glue" type="participant"/>
            <label from="18-1" id="84" name="ScrPart_rider" text="I" type="participant"/>
            <label from="18-7" id="85" name="ScrPart_tire" text="tube" type="participant"/>
            <label from="18-12" id="86" name="ScrPart_patch" text="patch" type="participant"/>
            <label from="19-3" id="87" name="ScrPart_rider" text="I" type="participant"/>
            <label from="19-6" id="88" name="ScrPart_tire" text="tube" type="participant"/>
            <label from="19-10" id="89" name="ScrPart_tire" text="tire" type="participant"/>
            <label from="19-14" id="90" name="ScrPart_bicycle_small_detail" text="spokes" type="participant"/>
            <label from="20-3" id="91" name="ScrPart_rider" text="I" type="participant"/>
            <label from="20-6" id="92" name="ScrPart_tire" text="tire" type="participant"/>
            <label from="20-10" id="93" name="ScrPart_rim" text="bike frame" to="20-11" type="participant"/>
            <label from="20-11" id="94" name="ScrPart_rim" text="frame" type="participant"/>
            <label from="20-15" id="95" name="ScrPart_bicycle_small_detail" text="bolts" type="participant"/>
            <label from="20-19" id="96" name="ScrPart_tire" text="it" type="participant"/>
            <label from="21-3" id="97" name="ScrPart_rider" text="I" type="participant"/>
            <label from="21-6" id="98" name="ScrPart_bicycle" text="bike" type="participant"/>
            <label from="21-12" id="99" name="ScrPart_tire" text="tire" type="participant"/>
            <label from="21-14" id="100" name="ScrPart_air" text="air" type="participant"/>
            <label from="22-1" id="101" name="ScrPart_rider" text="I" type="participant"/>
            <label from="22-4" id="102" name="NPart" text="weekend" type="participant"/>
            <label from="22-7" id="103" name="No_label" text="fun" type="participant"/>
        </participants>
        <events>
            <label from="1-5" id="104" name="UnrelEv" text="planned" type="event"/>
            <label from="1-9" id="105" name="ScrEv_ride_bike" text="riding" type="event"/>
            <label from="2-4" id="106" name="ScrEv_ride_bike" text="gone" type="event"/>
            <label from="2-12" id="107" name="ScrEv_other" text="checked" type="event"/>
            <label from="2-17" id="108" name="ScrEv_notice_problem" text="discovered" type="event"/>
            <label from="2-24" id="109" name="RelNScrEv" text="gone" type="event"/>
            <label from="3-2" id="110" name="UnrelEv" text="attempted" type="event"/>
            <label from="3-4" id="111" name="ScrEv_other" text="pump" type="event"/>
            <label from="4-5" id="112" name="RelNScrEv" text="hold" type="event"/>
            <label from="4-10" id="113" name="UnrelEv" text="knew" type="event"/>
            <label from="4-16" id="114" name="Evoking" text="repair the flat tire" to="4-19" type="event"/>
            <label from="5-2" id="115" name="ScrEv_lay_bike_down" text="turned" type="event"/>
            <label from="6-3" id="116" name="UnrelEv" text="help" type="event"/>
            <label from="6-6" id="117" name="UnrelEv" text="giving" type="event"/>
            <label from="7-2" id="118" name="ScrEv_get_tools" text="found" type="event"/>
            <label from="7-9" id="119" name="RelNScrEv" text="used" type="event"/>
            <label from="7-12" id="120" name="ScrEv_other" text="take off" to="7-13" type="event"/>
            <label from="7-12" id="121" name="ScrEv_other" text="take" type="event"/>
            <label from="8-4" id="122" name="ScrEv_other" text="taken off" to="8-5" type="event"/>
            <label from="8-4" id="123" name="ScrEv_other" text="taken" type="event"/>
            <label from="8-10" id="124" name="ScrEv_take_tire_off" text="took" type="event"/>
            <label from="9-4" id="125" name="ScrEv_other" text="let out" to="9-5" type="event"/>
            <label from="9-4" id="126" name="ScrEv_other" text="let" type="event"/>
            <label from="10-4" id="127" name="UnrelEv" text="was" type="event"/>
            <label from="10-10" id="128" name="ScrEv_take_tire_off" text="took" type="event"/>
            <label from="11-7" id="129" name="UnrelEv" text="is" type="event"/>
            <label from="11-10" id="130" name="UnrelEv" text="houses" type="event"/>
            <label from="12-2" id="131" name="UnrelEv" text="knew" type="event"/>
            <label from="12-7" id="132" name="UnrelEv" text="was" type="event"/>
            <label from="12-21" id="133" name="RelNScrEv" text="checked" type="event"/>
            <label from="13-5" id="134" name="UnrelEv" text="was" type="event"/>
            <label from="14-5" id="135" name="RelNScrEv" text="hold" type="event"/>
            <label from="15-2" id="136" name="UnrelEv" text="had" type="event"/>
            <label from="15-15" id="137" name="ScrEv_get_tools" text="get" type="event"/>
            <label from="16-2" id="138" name="UnrelEv" text="returned" type="event"/>
            <label from="16-6" id="139" name="ScrEv_get_tools" text="took out" to="16-7" type="event"/>
            <label from="16-6" id="140" name="ScrEv_get_tools" text="took" type="event"/>
            <label from="16-14" id="141" name="UnrelEv" text="use" type="event"/>
            <label from="16-16" id="142" name="Evoking" text="repair" type="event"/>
            <label from="17-2" id="143" name="ScrEv_other" text="prepared" type="event"/>
            <label from="17-7" id="144" name="ScrEv_put_patch/seal" text="applied" type="event"/>
            <label from="18-3" id="145" name="ScrEv_check_new_tire" text="tested" type="event"/>
            <label from="18-9" id="146" name="UnrelEv" text="found" type="event"/>
            <label from="18-14" id="147" name="UnrelEv" text="working" type="event"/>
            <label from="19-4" id="148" name="ScrEv_put_new_tire" text="replaced" type="event"/>
            <label from="20-4" id="149" name="ScrEv_put_new_tire" text="put" type="event"/>
            <label from="20-13" id="150" name="ScrEv_other" text="tightened" type="event"/>
            <label from="20-18" id="151" name="RelNScrEv" text="hold" type="event"/>
            <label from="21-4" id="152" name="ScrEv_other" text="put" type="event"/>
            <label from="21-10" id="153" name="ScrEv_refill_tire_air" text="filled" type="event"/>
            <label from="22-6" id="154" name="UnrelEv" text="be" type="event"/>
        </events>
        <chains>
            <chain elements="1 2 4 5 8 13 14 16 18 19 23 30 32 36 42 50 56 58 63 68 71 75 77 84 87 91 97 101"/>
            <chain elements="7 10 11 15 22 28 33 40 41 43 47 49 52"/>
            <chain elements="6 17 29"/>
            <chain elements="24 26"/>
            <chain elements="35 44"/>
            <chain elements="55 60 61 76 78 85 88 89 92 96 99"/>
            <chain elements="67 70"/>
            <chain elements="74 80"/>
            <chain elements="53 81 57"/>
        </chains>
    </annotations>
</story>
