<?xml version="1.0" encoding="UTF-8" standalone="no"?>
<!DOCTYPE story SYSTEM "../InScript.dtd">
<story id="060" scenario="bicycle">
    <text>
        <content>Riding my bike through the park , I was enjoying the beautiful spring scenery . 
A family of squirrels caught my attention and I was looking at them when I hit some broken glass . 
My bike 's tire immediately deflated . 
I walked it back to my car , loaded up , and headed for a local department store . 
Sure enough , they had bike tire repair kits in the sporting goods section . 
I bought one , and then headed on home . 
Once there I removed a wheel from the bike . 
From it I took out the inner tube . 
I rubbed some soapy water on it and quickly found the problem spot . 
From my new repair kit I found a special patch . 
I applied the sealant and then stuck the patch on . 
I used a hair dryer to heat and set it . 
Next , I took out the air compressor and reinflated the inner tube . 
After reassembling everything , I sat on the bike and tested it out . 
Good as new ! </content>
        <sentences>
            <sentence id="1">
                <token content="Riding" id="1-1">
                    <pos type="VBG"/>
                    <lemma type="ride"/>
                    <dep head="1-10" type="vmod"/>
                </token>
                <token content="my" id="1-2">
                    <pos type="PRP$"/>
                    <lemma type="my"/>
                </token>
                <token content="bike" id="1-3">
                    <pos type="NN"/>
                    <lemma type="bike"/>
                    <dep head="1-1" type="dobj"/>
                </token>
                <token content="through" id="1-4"/>
                <token content="the" id="1-5">
                    <pos type="DT"/>
                    <lemma type="the"/>
                </token>
                <token content="park" id="1-6">
                    <pos type="NN"/>
                    <lemma type="park"/>
                    <dep head="1-1" type="prep"/>
                </token>
                <token content="," id="1-7"/>
                <token content="I" id="1-8">
                    <pos type="PRP"/>
                    <lemma type="I"/>
                    <dep head="1-10" type="nsubj"/>
                </token>
                <token content="was" id="1-9">
                    <pos type="VBD"/>
                    <lemma type="be"/>
                    <dep head="1-10" type="aux"/>
                </token>
                <token content="enjoying" id="1-10">
                    <pos type="VBG"/>
                    <lemma type="enjoy"/>
                </token>
                <token content="the" id="1-11">
                    <pos type="DT"/>
                    <lemma type="the"/>
                </token>
                <token content="beautiful" id="1-12">
                    <pos type="JJ"/>
                    <lemma type="beautiful"/>
                </token>
                <token content="spring" id="1-13">
                    <pos type="NN"/>
                    <lemma type="spring"/>
                </token>
                <token content="scenery" id="1-14">
                    <pos type="NN"/>
                    <lemma type="scenery"/>
                    <dep head="1-10" type="dobj"/>
                </token>
                <token content="." id="1-15"/>
            </sentence>
            <sentence id="2">
                <token content="A" id="2-1">
                    <pos type="DT"/>
                    <lemma type="a"/>
                </token>
                <token content="family" id="2-2">
                    <pos type="NN"/>
                    <lemma type="family"/>
                    <dep head="2-5" type="nsubj"/>
                </token>
                <token content="of" id="2-3"/>
                <token content="squirrels" id="2-4">
                    <pos type="NNS"/>
                    <lemma type="squirrel"/>
                </token>
                <token content="caught" id="2-5">
                    <pos type="VBD"/>
                    <lemma type="catch"/>
                </token>
                <token content="my" id="2-6">
                    <pos type="PRP$"/>
                    <lemma type="my"/>
                </token>
                <token content="attention" id="2-7">
                    <pos type="NN"/>
                    <lemma type="attention"/>
                    <dep head="2-5" type="dobj"/>
                </token>
                <token content="and" id="2-8"/>
                <token content="I" id="2-9">
                    <pos type="PRP"/>
                    <lemma type="I"/>
                    <dep head="2-11" type="nsubj"/>
                </token>
                <token content="was" id="2-10">
                    <pos type="VBD"/>
                    <lemma type="be"/>
                    <dep head="2-11" type="aux"/>
                </token>
                <token content="looking" id="2-11">
                    <pos type="VBG"/>
                    <lemma type="look"/>
                    <dep head="2-5" type="conj"/>
                </token>
                <token content="at" id="2-12"/>
                <token content="them" id="2-13">
                    <pos type="PRP"/>
                    <lemma type="they"/>
                    <dep head="2-11" type="prep"/>
                </token>
                <token content="when" id="2-14">
                    <pos type="WRB"/>
                    <lemma type="when"/>
                    <dep head="2-16" type="advmod"/>
                </token>
                <token content="I" id="2-15">
                    <pos type="PRP"/>
                    <lemma type="I"/>
                    <dep head="2-16" type="nsubj"/>
                </token>
                <token content="hit" id="2-16">
                    <pos type="VBD"/>
                    <lemma type="hit"/>
                    <dep head="2-11" type="advcl"/>
                </token>
                <token content="some" id="2-17">
                    <pos type="DT"/>
                    <lemma type="some"/>
                </token>
                <token content="broken" id="2-18">
                    <pos type="JJ"/>
                    <lemma type="broken"/>
                </token>
                <token content="glass" id="2-19">
                    <pos type="NN"/>
                    <lemma type="glass"/>
                    <dep head="2-16" type="dobj"/>
                </token>
                <token content="." id="2-20"/>
            </sentence>
            <sentence id="3">
                <token content="My" id="3-1">
                    <pos type="PRP$"/>
                    <lemma type="my"/>
                </token>
                <token content="bike" id="3-2">
                    <pos type="NN"/>
                    <lemma type="bike"/>
                </token>
                <token content="'s" id="3-3"/>
                <token content="tire" id="3-4">
                    <pos type="NN"/>
                    <lemma type="tire"/>
                    <dep head="3-6" type="nsubj"/>
                </token>
                <token content="immediately" id="3-5">
                    <pos type="RB"/>
                    <lemma type="immediately"/>
                    <dep head="3-6" type="advmod"/>
                </token>
                <token content="deflated" id="3-6">
                    <pos type="VBD"/>
                    <lemma type="deflate"/>
                </token>
                <token content="." id="3-7"/>
            </sentence>
            <sentence id="4">
                <token content="I" id="4-1">
                    <pos type="PRP"/>
                    <lemma type="I"/>
                    <dep head="4-2" type="nsubj"/>
                </token>
                <token content="walked" id="4-2">
                    <pos type="VBD"/>
                    <lemma type="walk"/>
                </token>
                <token content="it" id="4-3">
                    <pos type="PRP"/>
                    <lemma type="it"/>
                    <dep head="4-2" type="dobj"/>
                </token>
                <token content="back" id="4-4">
                    <pos type="RP"/>
                    <lemma type="back"/>
                    <dep head="4-2" type="prt"/>
                </token>
                <token content="to" id="4-5"/>
                <token content="my" id="4-6">
                    <pos type="PRP$"/>
                    <lemma type="my"/>
                </token>
                <token content="car" id="4-7">
                    <pos type="NN"/>
                    <lemma type="car"/>
                    <dep head="4-2" type="prep"/>
                </token>
                <token content="," id="4-8"/>
                <token content="loaded" id="4-9">
                    <pos type="VBD"/>
                    <lemma type="load"/>
                    <dep head="4-2" type="conj"/>
                </token>
                <token content="up" id="4-10">
                    <pos type="RP"/>
                    <lemma type="up"/>
                    <dep head="4-9" type="prt"/>
                </token>
                <token content="," id="4-11"/>
                <token content="and" id="4-12"/>
                <token content="headed" id="4-13">
                    <pos type="VBD"/>
                    <lemma type="head"/>
                    <dep head="4-2" type="conj"/>
                </token>
                <token content="for" id="4-14"/>
                <token content="a" id="4-15">
                    <pos type="DT"/>
                    <lemma type="a"/>
                </token>
                <token content="local" id="4-16">
                    <pos type="JJ"/>
                    <lemma type="local"/>
                </token>
                <token content="department" id="4-17">
                    <pos type="NN"/>
                    <lemma type="department"/>
                </token>
                <token content="store" id="4-18">
                    <pos type="NN"/>
                    <lemma type="store"/>
                    <dep head="4-13" type="prep"/>
                </token>
                <token content="." id="4-19"/>
            </sentence>
            <sentence id="5">
                <token content="Sure" id="5-1">
                    <pos type="RB"/>
                    <lemma type="sure"/>
                </token>
                <token content="enough" id="5-2">
                    <pos type="RB"/>
                    <lemma type="enough"/>
                    <dep head="5-5" type="advmod"/>
                </token>
                <token content="," id="5-3"/>
                <token content="they" id="5-4">
                    <pos type="PRP"/>
                    <lemma type="they"/>
                    <dep head="5-5" type="nsubj"/>
                </token>
                <token content="had" id="5-5">
                    <pos type="VBD"/>
                    <lemma type="have"/>
                </token>
                <token content="bike" id="5-6">
                    <pos type="NN"/>
                    <lemma type="bike"/>
                </token>
                <token content="tire" id="5-7">
                    <pos type="NN"/>
                    <lemma type="tire"/>
                </token>
                <token content="repair" id="5-8">
                    <pos type="NN"/>
                    <lemma type="repair"/>
                </token>
                <token content="kits" id="5-9">
                    <pos type="NNS"/>
                    <lemma type="kit"/>
                    <dep head="5-5" type="dobj"/>
                </token>
                <token content="in" id="5-10"/>
                <token content="the" id="5-11">
                    <pos type="DT"/>
                    <lemma type="the"/>
                </token>
                <token content="sporting" id="5-12">
                    <pos type="NN"/>
                    <lemma type="sporting"/>
                </token>
                <token content="goods" id="5-13">
                    <pos type="NNS"/>
                    <lemma type="goods"/>
                </token>
                <token content="section" id="5-14">
                    <pos type="NN"/>
                    <lemma type="section"/>
                </token>
                <token content="." id="5-15"/>
            </sentence>
            <sentence id="6">
                <token content="I" id="6-1">
                    <pos type="PRP"/>
                    <lemma type="I"/>
                    <dep head="6-2" type="nsubj"/>
                </token>
                <token content="bought" id="6-2">
                    <pos type="VBD"/>
                    <lemma type="buy"/>
                </token>
                <token content="one" id="6-3">
                    <pos type="CD"/>
                    <lemma type="one"/>
                    <dep head="6-2" type="dobj"/>
                </token>
                <token content="," id="6-4"/>
                <token content="and" id="6-5"/>
                <token content="then" id="6-6">
                    <pos type="RB"/>
                    <lemma type="then"/>
                    <dep head="6-7" type="advmod"/>
                </token>
                <token content="headed" id="6-7">
                    <pos type="VBD"/>
                    <lemma type="head"/>
                    <dep head="6-2" type="conj"/>
                </token>
                <token content="on" id="6-8"/>
                <token content="home" id="6-9">
                    <pos type="NN"/>
                    <lemma type="home"/>
                    <dep head="6-7" type="prep"/>
                </token>
                <token content="." id="6-10"/>
            </sentence>
            <sentence id="7">
                <token content="Once" id="7-1">
                    <pos type="RB"/>
                    <lemma type="once"/>
                </token>
                <token content="there" id="7-2">
                    <pos type="RB"/>
                    <lemma type="there"/>
                    <dep head="7-4" type="advmod"/>
                </token>
                <token content="I" id="7-3">
                    <pos type="PRP"/>
                    <lemma type="I"/>
                    <dep head="7-4" type="nsubj"/>
                </token>
                <token content="removed" id="7-4">
                    <pos type="VBD"/>
                    <lemma type="remove"/>
                </token>
                <token content="a" id="7-5">
                    <pos type="DT"/>
                    <lemma type="a"/>
                </token>
                <token content="wheel" id="7-6">
                    <pos type="NN"/>
                    <lemma type="wheel"/>
                    <dep head="7-4" type="dobj"/>
                </token>
                <token content="from" id="7-7"/>
                <token content="the" id="7-8">
                    <pos type="DT"/>
                    <lemma type="the"/>
                </token>
                <token content="bike" id="7-9">
                    <pos type="NN"/>
                    <lemma type="bike"/>
                    <dep head="7-4" type="prep"/>
                </token>
                <token content="." id="7-10"/>
            </sentence>
            <sentence id="8">
                <token content="From" id="8-1"/>
                <token content="it" id="8-2">
                    <pos type="PRP"/>
                    <lemma type="it"/>
                    <dep head="8-4" type="prep"/>
                </token>
                <token content="I" id="8-3">
                    <pos type="PRP"/>
                    <lemma type="I"/>
                    <dep head="8-4" type="nsubj"/>
                </token>
                <token content="took" id="8-4">
                    <pos type="VBD"/>
                    <lemma type="take"/>
                </token>
                <token content="out" id="8-5">
                    <pos type="RP"/>
                    <lemma type="out"/>
                    <dep head="8-4" type="prt"/>
                </token>
                <token content="the" id="8-6">
                    <pos type="DT"/>
                    <lemma type="the"/>
                </token>
                <token content="inner" id="8-7">
                    <pos type="JJ"/>
                    <lemma type="inner"/>
                </token>
                <token content="tube" id="8-8">
                    <pos type="NN"/>
                    <lemma type="tube"/>
                    <dep head="8-4" type="dobj"/>
                </token>
                <token content="." id="8-9"/>
            </sentence>
            <sentence id="9">
                <token content="I" id="9-1">
                    <pos type="PRP"/>
                    <lemma type="I"/>
                    <dep head="9-2" type="nsubj"/>
                </token>
                <token content="rubbed" id="9-2">
                    <pos type="VBD"/>
                    <lemma type="rub"/>
                </token>
                <token content="some" id="9-3">
                    <pos type="DT"/>
                    <lemma type="some"/>
                </token>
                <token content="soapy" id="9-4">
                    <pos type="JJ"/>
                    <lemma type="soapy"/>
                </token>
                <token content="water" id="9-5">
                    <pos type="NN"/>
                    <lemma type="water"/>
                    <dep head="9-2" type="dobj"/>
                </token>
                <token content="on" id="9-6"/>
                <token content="it" id="9-7">
                    <pos type="PRP"/>
                    <lemma type="it"/>
                    <dep head="9-2" type="prep"/>
                </token>
                <token content="and" id="9-8"/>
                <token content="quickly" id="9-9">
                    <pos type="RB"/>
                    <lemma type="quickly"/>
                    <dep head="9-10" type="advmod"/>
                </token>
                <token content="found" id="9-10">
                    <pos type="VBD"/>
                    <lemma type="find"/>
                    <dep head="9-2" type="conj"/>
                </token>
                <token content="the" id="9-11">
                    <pos type="DT"/>
                    <lemma type="the"/>
                </token>
                <token content="problem" id="9-12">
                    <pos type="NN"/>
                    <lemma type="problem"/>
                </token>
                <token content="spot" id="9-13">
                    <pos type="NN"/>
                    <lemma type="spot"/>
                    <dep head="9-10" type="dobj"/>
                </token>
                <token content="." id="9-14"/>
            </sentence>
            <sentence id="10">
                <token content="From" id="10-1"/>
                <token content="my" id="10-2">
                    <pos type="PRP$"/>
                    <lemma type="my"/>
                </token>
                <token content="new" id="10-3">
                    <pos type="JJ"/>
                    <lemma type="new"/>
                </token>
                <token content="repair" id="10-4">
                    <pos type="NN"/>
                    <lemma type="repair"/>
                </token>
                <token content="kit" id="10-5">
                    <pos type="NN"/>
                    <lemma type="kit"/>
                    <dep head="10-7" type="prep"/>
                </token>
                <token content="I" id="10-6">
                    <pos type="PRP"/>
                    <lemma type="I"/>
                    <dep head="10-7" type="nsubj"/>
                </token>
                <token content="found" id="10-7">
                    <pos type="VBD"/>
                    <lemma type="find"/>
                </token>
                <token content="a" id="10-8">
                    <pos type="DT"/>
                    <lemma type="a"/>
                </token>
                <token content="special" id="10-9">
                    <pos type="JJ"/>
                    <lemma type="special"/>
                </token>
                <token content="patch" id="10-10">
                    <pos type="NN"/>
                    <lemma type="patch"/>
                    <dep head="10-7" type="dobj"/>
                </token>
                <token content="." id="10-11"/>
            </sentence>
            <sentence id="11">
                <token content="I" id="11-1">
                    <pos type="PRP"/>
                    <lemma type="I"/>
                    <dep head="11-2" type="nsubj"/>
                </token>
                <token content="applied" id="11-2">
                    <pos type="VBD"/>
                    <lemma type="apply"/>
                </token>
                <token content="the" id="11-3">
                    <pos type="DT"/>
                    <lemma type="the"/>
                </token>
                <token content="sealant" id="11-4">
                    <pos type="NN"/>
                    <lemma type="sealant"/>
                    <dep head="11-2" type="dobj"/>
                </token>
                <token content="and" id="11-5"/>
                <token content="then" id="11-6">
                    <pos type="RB"/>
                    <lemma type="then"/>
                    <dep head="11-7" type="advmod"/>
                </token>
                <token content="stuck" id="11-7">
                    <pos type="VBD"/>
                    <lemma type="stick"/>
                    <dep head="11-2" type="conj"/>
                </token>
                <token content="the" id="11-8">
                    <pos type="DT"/>
                    <lemma type="the"/>
                </token>
                <token content="patch" id="11-9">
                    <pos type="NN"/>
                    <lemma type="patch"/>
                    <dep head="11-7" type="dobj"/>
                </token>
                <token content="on" id="11-10">
                    <pos type="RP"/>
                    <lemma type="on"/>
                    <dep head="11-7" type="prt"/>
                </token>
                <token content="." id="11-11"/>
            </sentence>
            <sentence id="12">
                <token content="I" id="12-1">
                    <pos type="PRP"/>
                    <lemma type="I"/>
                    <dep head="12-2" type="nsubj"/>
                </token>
                <token content="used" id="12-2">
                    <pos type="VBD"/>
                    <lemma type="use"/>
                </token>
                <token content="a" id="12-3">
                    <pos type="DT"/>
                    <lemma type="a"/>
                </token>
                <token content="hair" id="12-4">
                    <pos type="NN"/>
                    <lemma type="hair"/>
                </token>
                <token content="dryer" id="12-5">
                    <pos type="NN"/>
                    <lemma type="dryer"/>
                    <dep head="12-2" type="dobj"/>
                </token>
                <token content="to" id="12-6">
                    <pos type="TO"/>
                    <lemma type="to"/>
                    <dep head="12-7" type="aux"/>
                </token>
                <token content="heat" id="12-7">
                    <pos type="VB"/>
                    <lemma type="heat"/>
                    <dep head="12-2" type="vmod"/>
                </token>
                <token content="and" id="12-8"/>
                <token content="set" id="12-9">
                    <pos type="VB"/>
                    <lemma type="set"/>
                    <dep head="12-7" type="conj"/>
                </token>
                <token content="it" id="12-10">
                    <pos type="PRP"/>
                    <lemma type="it"/>
                    <dep head="12-7" type="dobj"/>
                </token>
                <token content="." id="12-11"/>
            </sentence>
            <sentence id="13">
                <token content="Next" id="13-1">
                    <pos type="RB"/>
                    <lemma type="next"/>
                    <dep head="13-4" type="advmod"/>
                </token>
                <token content="," id="13-2"/>
                <token content="I" id="13-3">
                    <pos type="PRP"/>
                    <lemma type="I"/>
                    <dep head="13-4" type="nsubj"/>
                </token>
                <token content="took" id="13-4">
                    <pos type="VBD"/>
                    <lemma type="take"/>
                </token>
                <token content="out" id="13-5">
                    <pos type="RP"/>
                    <lemma type="out"/>
                    <dep head="13-4" type="prt"/>
                </token>
                <token content="the" id="13-6">
                    <pos type="DT"/>
                    <lemma type="the"/>
                </token>
                <token content="air" id="13-7">
                    <pos type="NN"/>
                    <lemma type="air"/>
                </token>
                <token content="compressor" id="13-8">
                    <pos type="NN"/>
                    <lemma type="compressor"/>
                    <dep head="13-4" type="dobj"/>
                </token>
                <token content="and" id="13-9"/>
                <token content="reinflated" id="13-10">
                    <pos type="VBD"/>
                    <lemma type="reinflate"/>
                    <dep head="13-4" type="conj"/>
                </token>
                <token content="the" id="13-11">
                    <pos type="DT"/>
                    <lemma type="the"/>
                </token>
                <token content="inner" id="13-12">
                    <pos type="JJ"/>
                    <lemma type="inner"/>
                </token>
                <token content="tube" id="13-13">
                    <pos type="NN"/>
                    <lemma type="tube"/>
                    <dep head="13-10" type="dobj"/>
                </token>
                <token content="." id="13-14"/>
            </sentence>
            <sentence id="14">
                <token content="After" id="14-1"/>
                <token content="reassembling" id="14-2">
                    <pos type="VBG"/>
                    <lemma type="reassemble"/>
                    <dep head="14-6" type="prepc"/>
                </token>
                <token content="everything" id="14-3">
                    <pos type="NN"/>
                    <lemma type="everything"/>
                    <dep head="14-2" type="dobj"/>
                </token>
                <token content="," id="14-4"/>
                <token content="I" id="14-5">
                    <pos type="PRP"/>
                    <lemma type="I"/>
                    <dep head="14-6" type="nsubj"/>
                </token>
                <token content="sat" id="14-6">
                    <pos type="VBD"/>
                    <lemma type="sit"/>
                </token>
                <token content="on" id="14-7"/>
                <token content="the" id="14-8">
                    <pos type="DT"/>
                    <lemma type="the"/>
                </token>
                <token content="bike" id="14-9">
                    <pos type="NN"/>
                    <lemma type="bike"/>
                    <dep head="14-6" type="prep"/>
                </token>
                <token content="and" id="14-10"/>
                <token content="tested" id="14-11">
                    <pos type="VBD"/>
                    <lemma type="test"/>
                    <dep head="14-6" type="conj"/>
                </token>
                <token content="it" id="14-12">
                    <pos type="PRP"/>
                    <lemma type="it"/>
                    <dep head="14-11" type="dobj"/>
                </token>
                <token content="out" id="14-13">
                    <pos type="RP"/>
                    <lemma type="out"/>
                    <dep head="14-11" type="prt"/>
                </token>
                <token content="." id="14-14"/>
            </sentence>
            <sentence id="15">
                <token content="Good" id="15-1">
                    <pos type="NNP"/>
                    <lemma type="Good"/>
                </token>
                <token content="as" id="15-2">
                    <pos type="RB"/>
                    <lemma type="as"/>
                </token>
                <token content="new" id="15-3">
                    <pos type="JJ"/>
                    <lemma type="new"/>
                </token>
                <token content="!" id="15-4"/>
            </sentence>
        </sentences>
    </text>
    <annotations>
        <participants>
            <label from="1-2" id="0" name="ScrPart_rider" text="my" type="participant"/>
            <label from="1-3" id="1" name="ScrPart_bicycle" text="bike" type="participant"/>
            <label from="1-6" id="2" name="NPart" text="park" type="participant"/>
            <label from="1-8" id="3" name="ScrPart_rider" text="I" type="participant"/>
            <label from="1-13" id="4" name="NPart" text="spring scenery" to="1-14" type="participant"/>
            <label from="1-14" id="5" name="NPart" text="scenery" type="participant"/>
            <label from="2-2" id="6" name="Head_of_Partitive" text="family" type="participant"/>
            <label from="2-4" id="7" name="NPart" text="squirrels" type="participant"/>
            <label from="2-6" id="8" name="ScrPart_rider" text="my" type="participant"/>
            <label from="2-7" id="9" name="NPart" text="attention" type="participant"/>
            <label from="2-9" id="10" name="ScrPart_rider" text="I" type="participant"/>
            <label from="2-13" id="11" name="NPart" text="them" type="participant"/>
            <label from="2-15" id="12" name="ScrPart_rider" text="I" type="participant"/>
            <label from="2-19" id="13" name="ScrPart_object_damage" text="glass" type="participant"/>
            <label from="3-1" id="14" name="ScrPart_rider" text="My" type="participant"/>
            <label from="3-2" id="15" name="ScrPart_bicycle" text="bike" type="participant"/>
            <label from="3-4" id="16" name="ScrPart_tire" text="tire" type="participant"/>
            <label from="4-1" id="17" name="ScrPart_rider" text="I" type="participant"/>
            <label from="4-3" id="18" name="ScrPart_bicycle" text="it" type="participant"/>
            <label from="4-6" id="19" name="ScrPart_rider" text="my" type="participant"/>
            <label from="4-7" id="20" name="NPart" text="car" type="participant"/>
            <label from="4-17" id="21" name="ScrPart_shop" text="department store" to="4-18" type="participant"/>
            <label from="4-18" id="22" name="ScrPart_shop" text="store" type="participant"/>
            <label from="5-4" id="23" name="ScrPart_shop" text="they" type="participant"/>
            <label from="5-6" id="24" name="ScrPart_tool" text="bike tire repair kits" to="5-9" type="participant"/>
            <label from="5-9" id="25" name="ScrPart_tool" text="kits" type="participant"/>
            <label from="5-12" id="26" name="NPart" text="sporting goods section" to="5-14" type="participant"/>
            <label from="5-14" id="27" name="NPart" text="section" type="participant"/>
            <label from="6-1" id="28" name="ScrPart_rider" text="I" type="participant"/>
            <label from="6-3" id="29" name="ScrPart_tool" text="one" type="participant"/>
            <label from="6-9" id="30" name="NPart" text="home" type="participant"/>
            <label from="7-3" id="31" name="ScrPart_rider" text="I" type="participant"/>
            <label from="7-6" id="32" name="ScrPart_wheel" text="wheel" type="participant"/>
            <label from="7-9" id="33" name="ScrPart_bicycle" text="bike" type="participant"/>
            <label from="8-2" id="34" name="ScrPart_wheel" text="it" type="participant"/>
            <label from="8-3" id="35" name="ScrPart_rider" text="I" type="participant"/>
            <label from="8-8" id="36" name="ScrPart_tire" text="tube" type="participant"/>
            <label from="9-1" id="37" name="ScrPart_rider" text="I" type="participant"/>
            <label from="9-5" id="38" name="NPart" text="water" type="participant"/>
            <label from="9-7" id="39" name="ScrPart_tire" text="it" type="participant"/>
            <label from="9-12" id="40" name="ScrPart_damage" text="problem spot" to="9-13" type="participant"/>
            <label from="9-13" id="41" name="ScrPart_damage" text="spot" type="participant"/>
            <label from="10-2" id="42" name="ScrPart_rider" text="my" type="participant"/>
            <label from="10-4" id="43" name="ScrPart_tool" text="repair kit" to="10-5" type="participant"/>
            <label from="10-5" id="44" name="ScrPart_tool" text="kit" type="participant"/>
            <label from="10-6" id="45" name="ScrPart_rider" text="I" type="participant"/>
            <label from="10-10" id="46" name="ScrPart_patch" text="patch" type="participant"/>
            <label from="11-1" id="47" name="ScrPart_rider" text="I" type="participant"/>
            <label from="11-4" id="48" name="ScrPart_tool" text="sealant" type="participant"/>
            <label from="11-9" id="49" name="ScrPart_patch" text="patch" type="participant"/>
            <label from="12-1" id="50" name="ScrPart_rider" text="I" type="participant"/>
            <label from="12-4" id="51" name="ScrPart_tool" text="hair dryer" to="12-5" type="participant"/>
            <label from="12-5" id="52" name="ScrPart_tool" text="dryer" type="participant"/>
            <label from="12-10" id="53" name="ScrPart_patch" text="it" type="participant"/>
            <label from="13-3" id="54" name="ScrPart_rider" text="I" type="participant"/>
            <label from="13-7" id="55" name="ScrPart_tool" text="air compressor" to="13-8" type="participant"/>
            <label from="13-8" id="56" name="ScrPart_tool" text="compressor" type="participant"/>
            <label from="13-13" id="57" name="ScrPart_tire" text="tube" type="participant"/>
            <label from="14-3" id="58" name="NPart" text="everything" type="participant"/>
            <label from="14-5" id="59" name="ScrPart_rider" text="I" type="participant"/>
            <label from="14-9" id="60" name="ScrPart_bicycle" text="bike" type="participant"/>
            <label from="14-12" id="61" name="ScrPart_tire" text="it" type="participant"/>
        </participants>
        <events>
            <label from="1-1" id="62" name="ScrEv_ride_bike" text="Riding" type="event"/>
            <label from="1-10" id="63" name="UnrelEv" text="enjoying" type="event"/>
            <label from="2-5" id="64" name="UnrelEv" text="caught" type="event"/>
            <label from="2-11" id="65" name="UnrelEv" text="looking" type="event"/>
            <label from="2-16" id="66" name="RelNScrEv" text="hit" type="event"/>
            <label from="2-18" id="67" name="UnrelEv" text="broken" type="event"/>
            <label from="3-6" id="68" name="Evoking" text="deflated" type="event"/>
            <label from="4-2" id="69" name="ScrEv_get_off" text="walked" type="event"/>
            <label from="4-9" id="70" name="RelNScrEv" text="loaded up" to="4-10" type="event"/>
            <label from="4-13" id="71" name="RelNScrEv" text="headed" type="event"/>
            <label from="5-5" id="72" name="RelNScrEv" text="had" type="event"/>
            <label from="6-2" id="73" name="ScrEv_get_tools" text="bought" type="event"/>
            <label from="6-7" id="74" name="RelNScrEv" text="headed on" to="6-8" type="event"/>
            <label from="7-4" id="75" name="ScrEv_free_wheel" text="removed" type="event"/>
            <label from="8-4" id="76" name="ScrEv_remove_tire" text="took out" to="8-5" type="event"/>
            <label from="9-2" id="77" name="RelNScrEv" text="rubbed" type="event"/>
            <label from="9-10" id="78" name="ScrEv_examine_tire" text="found" type="event"/>
            <label from="10-7" id="79" name="ScrEv_get_tools" text="found" type="event"/>
            <label from="11-2" id="80" name="RelNScrEv" text="applied" type="event"/>
            <label from="11-7" id="81" name="ScrEv_put_patch/seal" text="stuck" type="event"/>
            <label from="12-2" id="82" name="RelNScrEv" text="used" type="event"/>
            <label from="12-7" id="83" name="RelNScrEv" text="heat" type="event"/>
            <label from="12-9" id="84" name="RelNScrEv" text="set" type="event"/>
            <label from="13-4" id="85" name="ScrEv_get_tools" text="took out" to="13-5" type="event"/>
            <label from="13-10" id="86" name="ScrEv_refill_tire_air" text="reinflated" type="event"/>
            <label from="14-2" id="87" name="ScrEv_put_new_tire" text="reassembling" type="event"/>
            <label from="14-6" id="88" name="RelNScrEv" text="sat" type="event"/>
            <label from="14-11" id="89" name="ScrEv_check_new_tire" text="tested" type="event"/>
        </events>
        <chains>
            <chain elements="0 3 8 10 12 14 17 19 28 31 35 37 42 45 47 50 54 59"/>
            <chain elements="1 15 18 33 60"/>
            <chain elements="22 23"/>
            <chain elements="25 29 44"/>
            <chain elements="32 34"/>
            <chain elements="16 36 39 57 61"/>
            <chain elements="46 49 53"/>
        </chains>
    </annotations>
</story>
