<?xml version="1.0" encoding="UTF-8" standalone="no"?>
<!DOCTYPE story SYSTEM "../InScript.dtd">
<story id="070" scenario="bicycle">
    <text>
        <content>It was a sunny afternoon so my friend and I went decided to go for a ride on our bicycles in the woods . 
I did n't check the air pressure beforehand and thought it would be okay . 
As we were riding through the trails in the woods the terrain was more rough than I had expected and the the tire went flat . 
I got off my bicycle and knelt down to check the condition of the tire to see if there were any punctures . 
There were n't any and it was just out of air . 
It was a good thing my friend packed an air pump . 
I stuck the needle from the air pump into the tire and started to pump air . 
The bicycle tire started to inflate and it was good as new . 
I packed the air pump and handed it back to my friend and continued our bicycle adventure in the woods . </content>
        <sentences>
            <sentence id="1">
                <token content="It" id="1-1">
                    <pos type="PRP"/>
                    <lemma type="it"/>
                </token>
                <token content="was" id="1-2">
                    <pos type="VBD"/>
                    <lemma type="be"/>
                </token>
                <token content="a" id="1-3">
                    <pos type="DT"/>
                    <lemma type="a"/>
                </token>
                <token content="sunny" id="1-4">
                    <pos type="JJ"/>
                    <lemma type="sunny"/>
                </token>
                <token content="afternoon" id="1-5">
                    <pos type="NN"/>
                    <lemma type="afternoon"/>
                </token>
                <token content="so" id="1-6">
                    <pos type="IN"/>
                    <lemma type="so"/>
                    <dep head="1-11" type="mark"/>
                </token>
                <token content="my" id="1-7">
                    <pos type="PRP$"/>
                    <lemma type="my"/>
                </token>
                <token content="friend" id="1-8">
                    <pos type="NN"/>
                    <lemma type="friend"/>
                    <dep head="1-11" type="nsubj"/>
                </token>
                <token content="and" id="1-9"/>
                <token content="I" id="1-10">
                    <pos type="PRP"/>
                    <lemma type="I"/>
                </token>
                <token content="went" id="1-11">
                    <pos type="VBD"/>
                    <lemma type="go"/>
                </token>
                <token content="decided" id="1-12">
                    <pos type="VBN"/>
                    <lemma type="decide"/>
                    <dep head="1-11" type="dep"/>
                </token>
                <token content="to" id="1-13">
                    <pos type="TO"/>
                    <lemma type="to"/>
                    <dep head="1-14" type="aux"/>
                </token>
                <token content="go" id="1-14">
                    <pos type="VB"/>
                    <lemma type="go"/>
                    <dep head="1-12" type="xcomp"/>
                </token>
                <token content="for" id="1-15"/>
                <token content="a" id="1-16">
                    <pos type="DT"/>
                    <lemma type="a"/>
                </token>
                <token content="ride" id="1-17">
                    <pos type="NN"/>
                    <lemma type="ride"/>
                    <dep head="1-14" type="prep"/>
                </token>
                <token content="on" id="1-18"/>
                <token content="our" id="1-19">
                    <pos type="PRP$"/>
                    <lemma type="we"/>
                </token>
                <token content="bicycles" id="1-20">
                    <pos type="NNS"/>
                    <lemma type="bicycle"/>
                </token>
                <token content="in" id="1-21"/>
                <token content="the" id="1-22">
                    <pos type="DT"/>
                    <lemma type="the"/>
                </token>
                <token content="woods" id="1-23">
                    <pos type="NNS"/>
                    <lemma type="wood"/>
                    <dep head="1-14" type="prep"/>
                </token>
                <token content="." id="1-24"/>
            </sentence>
            <sentence id="2">
                <token content="I" id="2-1">
                    <pos type="PRP"/>
                    <lemma type="I"/>
                    <dep head="2-4" type="nsubj"/>
                </token>
                <token content="did" id="2-2">
                    <pos type="VBD"/>
                    <lemma type="do"/>
                    <dep head="2-4" type="aux"/>
                </token>
                <token content="n't" id="2-3">
                    <pos type="RB"/>
                    <lemma type="not"/>
                    <dep head="2-4" type="neg"/>
                </token>
                <token content="check" id="2-4">
                    <pos type="VB"/>
                    <lemma type="check"/>
                </token>
                <token content="the" id="2-5">
                    <pos type="DT"/>
                    <lemma type="the"/>
                </token>
                <token content="air" id="2-6">
                    <pos type="NN"/>
                    <lemma type="air"/>
                </token>
                <token content="pressure" id="2-7">
                    <pos type="NN"/>
                    <lemma type="pressure"/>
                    <dep head="2-4" type="dobj"/>
                </token>
                <token content="beforehand" id="2-8">
                    <pos type="RB"/>
                    <lemma type="beforehand"/>
                    <dep head="2-4" type="advmod"/>
                </token>
                <token content="and" id="2-9"/>
                <token content="thought" id="2-10">
                    <pos type="VBD"/>
                    <lemma type="think"/>
                    <dep head="2-4" type="conj"/>
                </token>
                <token content="it" id="2-11">
                    <pos type="PRP"/>
                    <lemma type="it"/>
                </token>
                <token content="would" id="2-12">
                    <pos type="MD"/>
                    <lemma type="would"/>
                </token>
                <token content="be" id="2-13">
                    <pos type="VB"/>
                    <lemma type="be"/>
                </token>
                <token content="okay" id="2-14">
                    <pos type="JJ"/>
                    <lemma type="okay"/>
                    <dep head="2-10" type="ccomp"/>
                </token>
                <token content="." id="2-15"/>
            </sentence>
            <sentence id="3">
                <token content="As" id="3-1">
                    <pos type="IN"/>
                    <lemma type="as"/>
                    <dep head="3-4" type="mark"/>
                </token>
                <token content="we" id="3-2">
                    <pos type="PRP"/>
                    <lemma type="we"/>
                    <dep head="3-4" type="nsubj"/>
                </token>
                <token content="were" id="3-3">
                    <pos type="VBD"/>
                    <lemma type="be"/>
                    <dep head="3-4" type="aux"/>
                </token>
                <token content="riding" id="3-4">
                    <pos type="VBG"/>
                    <lemma type="ride"/>
                </token>
                <token content="through" id="3-5"/>
                <token content="the" id="3-6">
                    <pos type="DT"/>
                    <lemma type="the"/>
                </token>
                <token content="trails" id="3-7">
                    <pos type="NNS"/>
                    <lemma type="trail"/>
                    <dep head="3-4" type="prep"/>
                </token>
                <token content="in" id="3-8"/>
                <token content="the" id="3-9">
                    <pos type="DT"/>
                    <lemma type="the"/>
                </token>
                <token content="woods" id="3-10">
                    <pos type="NNS"/>
                    <lemma type="wood"/>
                </token>
                <token content="the" id="3-11">
                    <pos type="DT"/>
                    <lemma type="the"/>
                </token>
                <token content="terrain" id="3-12">
                    <pos type="NN"/>
                    <lemma type="terrain"/>
                </token>
                <token content="was" id="3-13">
                    <pos type="VBD"/>
                    <lemma type="be"/>
                </token>
                <token content="more" id="3-14">
                    <pos type="RBR"/>
                    <lemma type="more"/>
                </token>
                <token content="rough" id="3-15">
                    <pos type="JJ"/>
                    <lemma type="rough"/>
                </token>
                <token content="than" id="3-16">
                    <pos type="IN"/>
                    <lemma type="than"/>
                    <dep head="3-19" type="mark"/>
                </token>
                <token content="I" id="3-17">
                    <pos type="PRP"/>
                    <lemma type="I"/>
                    <dep head="3-19" type="nsubj"/>
                </token>
                <token content="had" id="3-18">
                    <pos type="VBD"/>
                    <lemma type="have"/>
                    <dep head="3-19" type="aux"/>
                </token>
                <token content="expected" id="3-19">
                    <pos type="VBN"/>
                    <lemma type="expect"/>
                </token>
                <token content="and" id="3-20"/>
                <token content="the" id="3-21">
                    <pos type="DT"/>
                    <lemma type="the"/>
                </token>
                <token content="the" id="3-22">
                    <pos type="DT"/>
                    <lemma type="the"/>
                </token>
                <token content="tire" id="3-23">
                    <pos type="NN"/>
                    <lemma type="tire"/>
                    <dep head="3-24" type="nsubj"/>
                </token>
                <token content="went" id="3-24">
                    <pos type="VBD"/>
                    <lemma type="go"/>
                </token>
                <token content="flat" id="3-25">
                    <pos type="JJ"/>
                    <lemma type="flat"/>
                    <dep head="3-24" type="acomp"/>
                </token>
                <token content="." id="3-26"/>
            </sentence>
            <sentence id="4">
                <token content="I" id="4-1">
                    <pos type="PRP"/>
                    <lemma type="I"/>
                    <dep head="4-2" type="nsubj"/>
                </token>
                <token content="got" id="4-2">
                    <pos type="VBD"/>
                    <lemma type="get"/>
                </token>
                <token content="off" id="4-3">
                    <pos type="RP"/>
                    <lemma type="off"/>
                    <dep head="4-2" type="prt"/>
                </token>
                <token content="my" id="4-4">
                    <pos type="PRP$"/>
                    <lemma type="my"/>
                </token>
                <token content="bicycle" id="4-5">
                    <pos type="NN"/>
                    <lemma type="bicycle"/>
                    <dep head="4-2" type="dobj"/>
                </token>
                <token content="and" id="4-6"/>
                <token content="knelt" id="4-7">
                    <pos type="VBP"/>
                    <lemma type="kneel"/>
                    <dep head="4-2" type="conj"/>
                </token>
                <token content="down" id="4-8">
                    <pos type="RP"/>
                    <lemma type="down"/>
                    <dep head="4-7" type="prt"/>
                </token>
                <token content="to" id="4-9">
                    <pos type="TO"/>
                    <lemma type="to"/>
                    <dep head="4-10" type="aux"/>
                </token>
                <token content="check" id="4-10">
                    <pos type="VB"/>
                    <lemma type="check"/>
                    <dep head="4-7" type="xcomp"/>
                </token>
                <token content="the" id="4-11">
                    <pos type="DT"/>
                    <lemma type="the"/>
                </token>
                <token content="condition" id="4-12">
                    <pos type="NN"/>
                    <lemma type="condition"/>
                    <dep head="4-10" type="dobj"/>
                </token>
                <token content="of" id="4-13"/>
                <token content="the" id="4-14">
                    <pos type="DT"/>
                    <lemma type="the"/>
                </token>
                <token content="tire" id="4-15">
                    <pos type="NN"/>
                    <lemma type="tire"/>
                </token>
                <token content="to" id="4-16">
                    <pos type="TO"/>
                    <lemma type="to"/>
                    <dep head="4-17" type="aux"/>
                </token>
                <token content="see" id="4-17">
                    <pos type="VB"/>
                    <lemma type="see"/>
                </token>
                <token content="if" id="4-18">
                    <pos type="IN"/>
                    <lemma type="if"/>
                    <dep head="4-20" type="mark"/>
                </token>
                <token content="there" id="4-19">
                    <pos type="EX"/>
                    <lemma type="there"/>
                    <dep head="4-20" type="expl"/>
                </token>
                <token content="were" id="4-20">
                    <pos type="VBD"/>
                    <lemma type="be"/>
                    <dep head="4-17" type="advcl"/>
                </token>
                <token content="any" id="4-21">
                    <pos type="DT"/>
                    <lemma type="any"/>
                </token>
                <token content="punctures" id="4-22">
                    <pos type="NNS"/>
                    <lemma type="puncture"/>
                    <dep head="4-20" type="nsubj"/>
                </token>
                <token content="." id="4-23"/>
            </sentence>
            <sentence id="5">
                <token content="There" id="5-1">
                    <pos type="EX"/>
                    <lemma type="there"/>
                    <dep head="5-2" type="expl"/>
                </token>
                <token content="were" id="5-2">
                    <pos type="VBD"/>
                    <lemma type="be"/>
                </token>
                <token content="n't" id="5-3">
                    <pos type="RB"/>
                    <lemma type="not"/>
                    <dep head="5-2" type="neg"/>
                </token>
                <token content="any" id="5-4">
                    <pos type="DT"/>
                    <lemma type="any"/>
                    <dep head="5-2" type="nsubj"/>
                </token>
                <token content="and" id="5-5"/>
                <token content="it" id="5-6">
                    <pos type="PRP"/>
                    <lemma type="it"/>
                    <dep head="5-7" type="nsubj"/>
                </token>
                <token content="was" id="5-7">
                    <pos type="VBD"/>
                    <lemma type="be"/>
                    <dep head="5-2" type="conj"/>
                </token>
                <token content="just" id="5-8">
                    <pos type="RB"/>
                    <lemma type="just"/>
                    <dep head="5-7" type="advmod"/>
                </token>
                <token content="out" id="5-9"/>
                <token content="of" id="5-10"/>
                <token content="air" id="5-11">
                    <pos type="NN"/>
                    <lemma type="air"/>
                    <dep head="5-7" type="prep"/>
                </token>
                <token content="." id="5-12"/>
            </sentence>
            <sentence id="6">
                <token content="It" id="6-1">
                    <pos type="PRP"/>
                    <lemma type="it"/>
                </token>
                <token content="was" id="6-2">
                    <pos type="VBD"/>
                    <lemma type="be"/>
                </token>
                <token content="a" id="6-3">
                    <pos type="DT"/>
                    <lemma type="a"/>
                </token>
                <token content="good" id="6-4">
                    <pos type="JJ"/>
                    <lemma type="good"/>
                </token>
                <token content="thing" id="6-5">
                    <pos type="NN"/>
                    <lemma type="thing"/>
                </token>
                <token content="my" id="6-6">
                    <pos type="PRP$"/>
                    <lemma type="my"/>
                </token>
                <token content="friend" id="6-7">
                    <pos type="NN"/>
                    <lemma type="friend"/>
                    <dep head="6-8" type="nsubj"/>
                </token>
                <token content="packed" id="6-8">
                    <pos type="VBD"/>
                    <lemma type="pack"/>
                </token>
                <token content="an" id="6-9">
                    <pos type="DT"/>
                    <lemma type="a"/>
                </token>
                <token content="air" id="6-10">
                    <pos type="NN"/>
                    <lemma type="air"/>
                </token>
                <token content="pump" id="6-11">
                    <pos type="NN"/>
                    <lemma type="pump"/>
                    <dep head="6-8" type="dobj"/>
                </token>
                <token content="." id="6-12"/>
            </sentence>
            <sentence id="7">
                <token content="I" id="7-1">
                    <pos type="PRP"/>
                    <lemma type="I"/>
                    <dep head="7-2" type="nsubj"/>
                </token>
                <token content="stuck" id="7-2">
                    <pos type="VBD"/>
                    <lemma type="stick"/>
                </token>
                <token content="the" id="7-3">
                    <pos type="DT"/>
                    <lemma type="the"/>
                </token>
                <token content="needle" id="7-4">
                    <pos type="NN"/>
                    <lemma type="needle"/>
                    <dep head="7-2" type="dobj"/>
                </token>
                <token content="from" id="7-5"/>
                <token content="the" id="7-6">
                    <pos type="DT"/>
                    <lemma type="the"/>
                </token>
                <token content="air" id="7-7">
                    <pos type="NN"/>
                    <lemma type="air"/>
                </token>
                <token content="pump" id="7-8">
                    <pos type="NN"/>
                    <lemma type="pump"/>
                    <dep head="7-2" type="prep"/>
                </token>
                <token content="into" id="7-9"/>
                <token content="the" id="7-10">
                    <pos type="DT"/>
                    <lemma type="the"/>
                </token>
                <token content="tire" id="7-11">
                    <pos type="NN"/>
                    <lemma type="tire"/>
                    <dep head="7-2" type="prep"/>
                </token>
                <token content="and" id="7-12"/>
                <token content="started" id="7-13">
                    <pos type="VBD"/>
                    <lemma type="start"/>
                    <dep head="7-2" type="conj"/>
                </token>
                <token content="to" id="7-14">
                    <pos type="TO"/>
                    <lemma type="to"/>
                    <dep head="7-15" type="aux"/>
                </token>
                <token content="pump" id="7-15">
                    <pos type="VB"/>
                    <lemma type="pump"/>
                    <dep head="7-13" type="xcomp"/>
                </token>
                <token content="air" id="7-16">
                    <pos type="NN"/>
                    <lemma type="air"/>
                    <dep head="7-15" type="dobj"/>
                </token>
                <token content="." id="7-17"/>
            </sentence>
            <sentence id="8">
                <token content="The" id="8-1">
                    <pos type="DT"/>
                    <lemma type="the"/>
                </token>
                <token content="bicycle" id="8-2">
                    <pos type="NN"/>
                    <lemma type="bicycle"/>
                </token>
                <token content="tire" id="8-3">
                    <pos type="NN"/>
                    <lemma type="tire"/>
                    <dep head="8-4" type="nsubj"/>
                </token>
                <token content="started" id="8-4">
                    <pos type="VBD"/>
                    <lemma type="start"/>
                </token>
                <token content="to" id="8-5">
                    <pos type="TO"/>
                    <lemma type="to"/>
                    <dep head="8-6" type="aux"/>
                </token>
                <token content="inflate" id="8-6">
                    <pos type="VB"/>
                    <lemma type="inflate"/>
                    <dep head="8-4" type="xcomp"/>
                </token>
                <token content="and" id="8-7"/>
                <token content="it" id="8-8">
                    <pos type="PRP"/>
                    <lemma type="it"/>
                </token>
                <token content="was" id="8-9">
                    <pos type="VBD"/>
                    <lemma type="be"/>
                </token>
                <token content="good" id="8-10">
                    <pos type="JJ"/>
                    <lemma type="good"/>
                    <dep head="8-4" type="conj"/>
                </token>
                <token content="as" id="8-11"/>
                <token content="new" id="8-12">
                    <pos type="JJ"/>
                    <lemma type="new"/>
                </token>
                <token content="." id="8-13"/>
            </sentence>
            <sentence id="9">
                <token content="I" id="9-1">
                    <pos type="PRP"/>
                    <lemma type="I"/>
                    <dep head="9-2" type="nsubj"/>
                </token>
                <token content="packed" id="9-2">
                    <pos type="VBD"/>
                    <lemma type="pack"/>
                </token>
                <token content="the" id="9-3">
                    <pos type="DT"/>
                    <lemma type="the"/>
                </token>
                <token content="air" id="9-4">
                    <pos type="NN"/>
                    <lemma type="air"/>
                    <dep head="9-5" type="nsubj"/>
                </token>
                <token content="pump" id="9-5">
                    <pos type="VBP"/>
                    <lemma type="pump"/>
                    <dep head="9-2" type="ccomp"/>
                </token>
                <token content="and" id="9-6"/>
                <token content="handed" id="9-7">
                    <pos type="VBD"/>
                    <lemma type="hand"/>
                    <dep head="9-5" type="conj"/>
                </token>
                <token content="it" id="9-8">
                    <pos type="PRP"/>
                    <lemma type="it"/>
                    <dep head="9-7" type="dobj"/>
                </token>
                <token content="back" id="9-9">
                    <pos type="RP"/>
                    <lemma type="back"/>
                    <dep head="9-7" type="prt"/>
                </token>
                <token content="to" id="9-10"/>
                <token content="my" id="9-11">
                    <pos type="PRP$"/>
                    <lemma type="my"/>
                </token>
                <token content="friend" id="9-12">
                    <pos type="NN"/>
                    <lemma type="friend"/>
                    <dep head="9-7" type="prep"/>
                </token>
                <token content="and" id="9-13"/>
                <token content="continued" id="9-14">
                    <pos type="VBD"/>
                    <lemma type="continue"/>
                    <dep head="9-2" type="conj"/>
                </token>
                <token content="our" id="9-15">
                    <pos type="PRP$"/>
                    <lemma type="we"/>
                </token>
                <token content="bicycle" id="9-16">
                    <pos type="NN"/>
                    <lemma type="bicycle"/>
                </token>
                <token content="adventure" id="9-17">
                    <pos type="NN"/>
                    <lemma type="adventure"/>
                    <dep head="9-14" type="dobj"/>
                </token>
                <token content="in" id="9-18"/>
                <token content="the" id="9-19">
                    <pos type="DT"/>
                    <lemma type="the"/>
                </token>
                <token content="woods" id="9-20">
                    <pos type="NNS"/>
                    <lemma type="wood"/>
                    <dep head="9-14" type="prep"/>
                </token>
                <token content="." id="9-21"/>
            </sentence>
        </sentences>
    </text>
    <annotations>
        <participants>
            <label from="1-1" id="0" name="No_label" text="It" type="participant"/>
            <label from="1-5" id="1" name="NPart" text="afternoon" type="participant"/>
            <label from="1-7" id="2" name="ScrPart_rider" text="my" type="participant"/>
            <label from="1-8" id="3" name="ScrPart_rider" text="friend" type="participant"/>
            <label from="1-10" id="4" name="ScrPart_rider" text="I" type="participant"/>
            <label from="1-17" id="5" name="ScrPart_ride" text="ride" type="participant"/>
            <label from="1-19" id="6" name="ScrPart_rider" text="our" type="participant"/>
            <label from="1-20" id="7" name="ScrPart_bicycle" text="bicycles" type="participant"/>
            <label from="1-23" id="8" name="NPart" text="woods" type="participant"/>
            <label from="2-1" id="9" name="ScrPart_rider" text="I" type="participant"/>
            <label from="2-6" id="10" name="ScrPart_pressure" text="air pressure" to="2-7" type="participant"/>
            <label from="2-7" id="11" name="ScrPart_pressure" text="pressure" type="participant"/>
            <label from="2-11" id="12" name="No_label" text="it" type="participant"/>
            <label from="3-2" id="13" name="ScrPart_rider" text="we" type="participant"/>
            <label from="3-7" id="14" name="NPart" text="trails" type="participant"/>
            <label from="3-10" id="15" name="NPart" text="woods" type="participant"/>
            <label from="3-12" id="16" name="NPart" text="terrain" type="participant"/>
            <label from="3-17" id="17" name="ScrPart_rider" text="I" type="participant"/>
            <label from="3-23" id="18" name="ScrPart_tire" text="tire" type="participant"/>
            <label from="4-1" id="19" name="ScrPart_rider" text="I" type="participant"/>
            <label from="4-4" id="20" name="ScrPart_rider" text="my" type="participant"/>
            <label from="4-5" id="21" name="ScrPart_bicycle" text="bicycle" type="participant"/>
            <label from="4-12" id="22" name="NPart" text="condition" type="participant"/>
            <label from="4-15" id="23" name="ScrPart_tire" text="tire" type="participant"/>
            <label from="4-22" id="24" name="NPart" text="punctures" type="participant"/>
            <label from="5-6" id="25" name="ScrPart_tire" text="it" type="participant"/>
            <label from="5-11" id="26" name="ScrPart_air" text="air" type="participant"/>
            <label from="6-1" id="27" name="No_label" text="It" type="participant"/>
            <label from="6-5" id="28" name="No_label" text="thing" type="participant"/>
            <label from="6-6" id="29" name="ScrPart_rider" text="my" type="participant"/>
            <label from="6-7" id="30" name="ScrPart_rider" text="friend" type="participant"/>
            <label from="6-10" id="31" name="ScrPart_tool" text="air pump" to="6-11" type="participant"/>
            <label from="6-11" id="32" name="ScrPart_tool" text="pump" type="participant"/>
            <label from="7-1" id="33" name="ScrPart_rider" text="I" type="participant"/>
            <label from="7-4" id="34" name="ScrPart_other" text="needle" type="participant"/>
            <label from="7-7" id="35" name="ScrPart_tool" text="air pump" to="7-8" type="participant"/>
            <label from="7-8" id="36" name="ScrPart_tool" text="pump" type="participant"/>
            <label from="7-11" id="37" name="ScrPart_tire" text="tire" type="participant"/>
            <label from="7-16" id="38" name="ScrPart_air" text="air" type="participant"/>
            <label from="8-2" id="39" name="ScrPart_tire" text="bicycle tire" to="8-3" type="participant"/>
            <label from="8-3" id="40" name="ScrPart_tire" text="tire" type="participant"/>
            <label from="8-8" id="41" name="ScrPart_tire" text="it" type="participant"/>
            <label from="9-1" id="42" name="ScrPart_rider" text="I" type="participant"/>
            <label from="9-4" id="43" name="ScrPart_tool" text="air pump" to="9-5" type="participant"/>
            <label from="9-5" id="44" name="ScrPart_tool" text="pump" type="participant"/>
            <label from="9-8" id="45" name="ScrPart_tool" text="it" type="participant"/>
            <label from="9-11" id="46" name="ScrPart_rider" text="my" type="participant"/>
            <label from="9-12" id="47" name="ScrPart_rider" text="friend" type="participant"/>
            <label from="9-15" id="48" name="ScrPart_rider" text="our" type="participant"/>
            <label from="9-16" id="49" name="NPart" text="bicycle adventure" to="9-17" type="participant"/>
            <label from="9-17" id="50" name="NPart" text="adventure" type="participant"/>
            <label from="9-20" id="51" name="NPart" text="woods" type="participant"/>
        </participants>
        <events>
            <label from="1-2" id="52" name="UnrelEv" text="was" type="event"/>
            <label from="1-12" id="53" name="UnrelEv" text="decided" type="event"/>
            <label from="1-14" id="54" name="ScrEv_ride_bike" text="go" type="event"/>
            <label from="2-4" id="55" name="RelNScrEv" text="check" type="event"/>
            <label from="2-10" id="56" name="UnrelEv" text="thought" type="event"/>
            <label from="2-13" id="57" name="UnrelEv" text="be" type="event"/>
            <label from="3-4" id="58" name="ScrEv_ride_bike" text="riding" type="event"/>
            <label from="3-13" id="59" name="UnrelEv" text="was" type="event"/>
            <label from="3-19" id="60" name="UnrelEv" text="expected" type="event"/>
            <label from="3-24" id="61" name="ScrEv_other" text="went" type="event"/>
            <label from="4-2" id="62" name="ScrEv_get_off" text="got off" to="4-3" type="event"/>
            <label from="4-2" id="63" name="ScrEv_get_off" text="got" type="event"/>
            <label from="4-7" id="64" name="UnrelEv" text="knelt down" to="4-8" type="event"/>
            <label from="4-7" id="65" name="UnrelEv" text="knelt" type="event"/>
            <label from="4-10" id="66" name="ScrEv_notice_problem" text="check" type="event"/>
            <label from="4-17" id="67" name="ScrEv_notice_problem" text="see" type="event"/>
            <label from="4-20" id="68" name="UnrelEv" text="were" type="event"/>
            <label from="5-2" id="69" name="UnrelEv" text="were" type="event"/>
            <label from="5-7" id="70" name="UnrelEv" text="was" type="event"/>
            <label from="6-2" id="71" name="UnrelEv" text="was" type="event"/>
            <label from="6-8" id="72" name="ScrEv_get_tools" text="packed" type="event"/>
            <label from="7-2" id="73" name="ScrEv_refill_tire_air" text="stuck" type="event"/>
            <label from="7-13" id="74" name="UnrelEv" text="started" type="event"/>
            <label from="7-15" id="75" name="ScrEv_refill_tire_air" text="pump" type="event"/>
            <label from="8-4" id="76" name="UnrelEv" text="started" type="event"/>
            <label from="8-6" id="77" name="RelNScrEv" text="inflate" type="event"/>
            <label from="8-9" id="78" name="UnrelEv" text="was" type="event"/>
            <label from="9-2" id="79" name="UnrelEv" text="packed" type="event"/>
            <label from="9-7" id="80" name="UnrelEv" text="handed" type="event"/>
            <label from="9-14" id="81" name="ScrEv_ride_bike" text="continued" type="event"/>
        </events>
        <chains>
            <chain elements="2 4 9 17 19 20 29 33 42 46"/>
            <chain elements="3 4 6" name="group_I_friend"/>
            <chain elements="6 13 48"/>
            <chain elements="18 23 25 37 40 41"/>
            <chain elements="3 30"/>
            <chain elements="32 36 44 45"/>
            <chain elements="26 38"/>
        </chains>
    </annotations>
</story>
