<?xml version="1.0" encoding="UTF-8" standalone="no"?>
<!DOCTYPE story SYSTEM "../InScript.dtd">
<story id="073" scenario="bicycle">
    <text>
        <content>After getting a flat tire on my bicycle , I took my bike into the garage and placed it on my bike repair stand . 
I got all the necessary tools and items ready for repair : my air compressor -LRB- smaller air compressor which serves as my air pump -RRB- , my Alan Key -LRB- Hex Key -RRB- , my spare tire , and tube repair just in case my tire could be saved by patching the inner tube . 
After placing my bike on the stand , I was able to remove the back tire off of the rim and I noticed how the inner tube of the tire could not be saved . 
As a result , I tossed the damaged tire to the side and picked up the spare tire to place it on empty rim . 
After a few moments of fitting the tire to the rim and placing it correctly on , I was able to test to see if the tire would spin and roll correctly . 
I rode the tire around for a few minutes to get a feel for the tire . 
The air was low , so I had to pump it up an additional few pounds of air in order to get it correct . 
The entire process only took me about ten-to-fifteen minutes to complete , and I had my new tire on my bike in no time . </content>
        <sentences>
            <sentence id="1">
                <token content="After" id="1-1"/>
                <token content="getting" id="1-2">
                    <pos type="VBG"/>
                    <lemma type="get"/>
                    <dep head="1-11" type="prepc"/>
                </token>
                <token content="a" id="1-3">
                    <pos type="DT"/>
                    <lemma type="a"/>
                </token>
                <token content="flat" id="1-4">
                    <pos type="JJ"/>
                    <lemma type="flat"/>
                </token>
                <token content="tire" id="1-5">
                    <pos type="NN"/>
                    <lemma type="tire"/>
                    <dep head="1-2" type="dobj"/>
                </token>
                <token content="on" id="1-6"/>
                <token content="my" id="1-7">
                    <pos type="PRP$"/>
                    <lemma type="my"/>
                </token>
                <token content="bicycle" id="1-8">
                    <pos type="NN"/>
                    <lemma type="bicycle"/>
                    <dep head="1-2" type="prep"/>
                </token>
                <token content="," id="1-9"/>
                <token content="I" id="1-10">
                    <pos type="PRP"/>
                    <lemma type="I"/>
                    <dep head="1-11" type="nsubj"/>
                </token>
                <token content="took" id="1-11">
                    <pos type="VBD"/>
                    <lemma type="take"/>
                </token>
                <token content="my" id="1-12">
                    <pos type="PRP$"/>
                    <lemma type="my"/>
                </token>
                <token content="bike" id="1-13">
                    <pos type="NN"/>
                    <lemma type="bike"/>
                    <dep head="1-11" type="dobj"/>
                </token>
                <token content="into" id="1-14"/>
                <token content="the" id="1-15">
                    <pos type="DT"/>
                    <lemma type="the"/>
                </token>
                <token content="garage" id="1-16">
                    <pos type="NN"/>
                    <lemma type="garage"/>
                    <dep head="1-11" type="prep"/>
                </token>
                <token content="and" id="1-17"/>
                <token content="placed" id="1-18">
                    <pos type="VBD"/>
                    <lemma type="place"/>
                    <dep head="1-11" type="conj"/>
                </token>
                <token content="it" id="1-19">
                    <pos type="PRP"/>
                    <lemma type="it"/>
                    <dep head="1-18" type="dobj"/>
                </token>
                <token content="on" id="1-20"/>
                <token content="my" id="1-21">
                    <pos type="PRP$"/>
                    <lemma type="my"/>
                </token>
                <token content="bike" id="1-22">
                    <pos type="NN"/>
                    <lemma type="bike"/>
                </token>
                <token content="repair" id="1-23">
                    <pos type="NN"/>
                    <lemma type="repair"/>
                </token>
                <token content="stand" id="1-24">
                    <pos type="NN"/>
                    <lemma type="stand"/>
                    <dep head="1-18" type="prep"/>
                </token>
                <token content="." id="1-25"/>
            </sentence>
            <sentence id="2">
                <token content="I" id="2-1">
                    <pos type="PRP"/>
                    <lemma type="I"/>
                    <dep head="2-2" type="nsubj"/>
                </token>
                <token content="got" id="2-2">
                    <pos type="VBD"/>
                    <lemma type="get"/>
                </token>
                <token content="all" id="2-3">
                    <pos type="PDT"/>
                    <lemma type="all"/>
                </token>
                <token content="the" id="2-4">
                    <pos type="DT"/>
                    <lemma type="the"/>
                </token>
                <token content="necessary" id="2-5">
                    <pos type="JJ"/>
                    <lemma type="necessary"/>
                </token>
                <token content="tools" id="2-6">
                    <pos type="NNS"/>
                    <lemma type="tool"/>
                </token>
                <token content="and" id="2-7"/>
                <token content="items" id="2-8">
                    <pos type="NNS"/>
                    <lemma type="item"/>
                </token>
                <token content="ready" id="2-9">
                    <pos type="JJ"/>
                    <lemma type="ready"/>
                    <dep head="2-2" type="xcomp"/>
                </token>
                <token content="for" id="2-10"/>
                <token content="repair" id="2-11">
                    <pos type="NN"/>
                    <lemma type="repair"/>
                </token>
                <token content=":" id="2-12"/>
                <token content="my" id="2-13">
                    <pos type="PRP$"/>
                    <lemma type="my"/>
                </token>
                <token content="air" id="2-14">
                    <pos type="NN"/>
                    <lemma type="air"/>
                </token>
                <token content="compressor" id="2-15">
                    <pos type="NN"/>
                    <lemma type="compressor"/>
                </token>
                <token content="-LRB-" id="2-16"/>
                <token content="smaller" id="2-17">
                    <pos type="JJR"/>
                    <lemma type="smaller"/>
                </token>
                <token content="air" id="2-18">
                    <pos type="NN"/>
                    <lemma type="air"/>
                </token>
                <token content="compressor" id="2-19">
                    <pos type="NN"/>
                    <lemma type="compressor"/>
                </token>
                <token content="which" id="2-20">
                    <pos type="WDT"/>
                    <lemma type="which"/>
                    <dep head="2-21" type="nsubj"/>
                </token>
                <token content="serves" id="2-21">
                    <pos type="VBZ"/>
                    <lemma type="serve"/>
                </token>
                <token content="as" id="2-22"/>
                <token content="my" id="2-23">
                    <pos type="PRP$"/>
                    <lemma type="my"/>
                </token>
                <token content="air" id="2-24">
                    <pos type="NN"/>
                    <lemma type="air"/>
                </token>
                <token content="pump" id="2-25">
                    <pos type="NN"/>
                    <lemma type="pump"/>
                    <dep head="2-21" type="prep"/>
                </token>
                <token content="-RRB-" id="2-26"/>
                <token content="," id="2-27"/>
                <token content="my" id="2-28">
                    <pos type="PRP$"/>
                    <lemma type="my"/>
                </token>
                <token content="Alan" id="2-29">
                    <pos type="NNP"/>
                    <lemma type="Alan"/>
                </token>
                <token content="Key" id="2-30">
                    <pos type="NN"/>
                    <lemma type="key"/>
                </token>
                <token content="-LRB-" id="2-31"/>
                <token content="Hex" id="2-32">
                    <pos type="NNP"/>
                    <lemma type="Hex"/>
                </token>
                <token content="Key" id="2-33">
                    <pos type="NNP"/>
                    <lemma type="Key"/>
                </token>
                <token content="-RRB-" id="2-34"/>
                <token content="," id="2-35"/>
                <token content="my" id="2-36">
                    <pos type="PRP$"/>
                    <lemma type="my"/>
                </token>
                <token content="spare" id="2-37">
                    <pos type="JJ"/>
                    <lemma type="spare"/>
                </token>
                <token content="tire" id="2-38">
                    <pos type="NN"/>
                    <lemma type="tire"/>
                </token>
                <token content="," id="2-39"/>
                <token content="and" id="2-40"/>
                <token content="tube" id="2-41">
                    <pos type="NN"/>
                    <lemma type="tube"/>
                </token>
                <token content="repair" id="2-42">
                    <pos type="NN"/>
                    <lemma type="repair"/>
                </token>
                <token content="just" id="2-43">
                    <pos type="RB"/>
                    <lemma type="just"/>
                </token>
                <token content="in" id="2-44"/>
                <token content="case" id="2-45">
                    <pos type="NN"/>
                    <lemma type="case"/>
                </token>
                <token content="my" id="2-46">
                    <pos type="PRP$"/>
                    <lemma type="my"/>
                </token>
                <token content="tire" id="2-47">
                    <pos type="NN"/>
                    <lemma type="tire"/>
                    <dep head="2-50" type="nsubjpass"/>
                </token>
                <token content="could" id="2-48">
                    <pos type="MD"/>
                    <lemma type="could"/>
                    <dep head="2-50" type="aux"/>
                </token>
                <token content="be" id="2-49">
                    <pos type="VB"/>
                    <lemma type="be"/>
                    <dep head="2-50" type="auxpass"/>
                </token>
                <token content="saved" id="2-50">
                    <pos type="VBN"/>
                    <lemma type="save"/>
                </token>
                <token content="by" id="2-51"/>
                <token content="patching" id="2-52">
                    <pos type="VBG"/>
                    <lemma type="patch"/>
                    <dep head="2-50" type="agent"/>
                </token>
                <token content="the" id="2-53">
                    <pos type="DT"/>
                    <lemma type="the"/>
                </token>
                <token content="inner" id="2-54">
                    <pos type="JJ"/>
                    <lemma type="inner"/>
                </token>
                <token content="tube" id="2-55">
                    <pos type="NN"/>
                    <lemma type="tube"/>
                    <dep head="2-52" type="dobj"/>
                </token>
                <token content="." id="2-56"/>
            </sentence>
            <sentence id="3">
                <token content="After" id="3-1"/>
                <token content="placing" id="3-2">
                    <pos type="VBG"/>
                    <lemma type="place"/>
                </token>
                <token content="my" id="3-3">
                    <pos type="PRP$"/>
                    <lemma type="my"/>
                </token>
                <token content="bike" id="3-4">
                    <pos type="NN"/>
                    <lemma type="bike"/>
                    <dep head="3-2" type="dobj"/>
                </token>
                <token content="on" id="3-5"/>
                <token content="the" id="3-6">
                    <pos type="DT"/>
                    <lemma type="the"/>
                </token>
                <token content="stand" id="3-7">
                    <pos type="NN"/>
                    <lemma type="stand"/>
                    <dep head="3-2" type="prep"/>
                </token>
                <token content="," id="3-8"/>
                <token content="I" id="3-9">
                    <pos type="PRP"/>
                    <lemma type="I"/>
                </token>
                <token content="was" id="3-10">
                    <pos type="VBD"/>
                    <lemma type="be"/>
                </token>
                <token content="able" id="3-11">
                    <pos type="JJ"/>
                    <lemma type="able"/>
                </token>
                <token content="to" id="3-12">
                    <pos type="TO"/>
                    <lemma type="to"/>
                    <dep head="3-13" type="aux"/>
                </token>
                <token content="remove" id="3-13">
                    <pos type="VB"/>
                    <lemma type="remove"/>
                </token>
                <token content="the" id="3-14">
                    <pos type="DT"/>
                    <lemma type="the"/>
                </token>
                <token content="back" id="3-15">
                    <pos type="JJ"/>
                    <lemma type="back"/>
                </token>
                <token content="tire" id="3-16">
                    <pos type="NN"/>
                    <lemma type="tire"/>
                    <dep head="3-13" type="dobj"/>
                </token>
                <token content="off" id="3-17"/>
                <token content="of" id="3-18"/>
                <token content="the" id="3-19">
                    <pos type="DT"/>
                    <lemma type="the"/>
                </token>
                <token content="rim" id="3-20">
                    <pos type="NN"/>
                    <lemma type="rim"/>
                    <dep head="3-13" type="prep"/>
                </token>
                <token content="and" id="3-21"/>
                <token content="I" id="3-22">
                    <pos type="PRP"/>
                    <lemma type="I"/>
                    <dep head="3-23" type="nsubj"/>
                </token>
                <token content="noticed" id="3-23">
                    <pos type="VBD"/>
                    <lemma type="notice"/>
                </token>
                <token content="how" id="3-24">
                    <pos type="WRB"/>
                    <lemma type="how"/>
                    <dep head="3-34" type="advmod"/>
                </token>
                <token content="the" id="3-25">
                    <pos type="DT"/>
                    <lemma type="the"/>
                </token>
                <token content="inner" id="3-26">
                    <pos type="JJ"/>
                    <lemma type="inner"/>
                </token>
                <token content="tube" id="3-27">
                    <pos type="NN"/>
                    <lemma type="tube"/>
                    <dep head="3-34" type="nsubjpass"/>
                </token>
                <token content="of" id="3-28"/>
                <token content="the" id="3-29">
                    <pos type="DT"/>
                    <lemma type="the"/>
                </token>
                <token content="tire" id="3-30">
                    <pos type="NN"/>
                    <lemma type="tire"/>
                </token>
                <token content="could" id="3-31">
                    <pos type="MD"/>
                    <lemma type="could"/>
                    <dep head="3-34" type="aux"/>
                </token>
                <token content="not" id="3-32">
                    <pos type="RB"/>
                    <lemma type="not"/>
                    <dep head="3-34" type="neg"/>
                </token>
                <token content="be" id="3-33">
                    <pos type="VB"/>
                    <lemma type="be"/>
                    <dep head="3-34" type="auxpass"/>
                </token>
                <token content="saved" id="3-34">
                    <pos type="VBN"/>
                    <lemma type="save"/>
                    <dep head="3-23" type="ccomp"/>
                </token>
                <token content="." id="3-35"/>
            </sentence>
            <sentence id="4">
                <token content="As" id="4-1"/>
                <token content="a" id="4-2">
                    <pos type="DT"/>
                    <lemma type="a"/>
                </token>
                <token content="result" id="4-3">
                    <pos type="NN"/>
                    <lemma type="result"/>
                    <dep head="4-6" type="prep"/>
                </token>
                <token content="," id="4-4"/>
                <token content="I" id="4-5">
                    <pos type="PRP"/>
                    <lemma type="I"/>
                    <dep head="4-6" type="nsubj"/>
                </token>
                <token content="tossed" id="4-6">
                    <pos type="VBD"/>
                    <lemma type="toss"/>
                </token>
                <token content="the" id="4-7">
                    <pos type="DT"/>
                    <lemma type="the"/>
                </token>
                <token content="damaged" id="4-8">
                    <pos type="VBN"/>
                    <lemma type="damage"/>
                </token>
                <token content="tire" id="4-9">
                    <pos type="NN"/>
                    <lemma type="tire"/>
                    <dep head="4-6" type="dobj"/>
                </token>
                <token content="to" id="4-10"/>
                <token content="the" id="4-11">
                    <pos type="DT"/>
                    <lemma type="the"/>
                </token>
                <token content="side" id="4-12">
                    <pos type="NN"/>
                    <lemma type="side"/>
                    <dep head="4-6" type="prep"/>
                </token>
                <token content="and" id="4-13"/>
                <token content="picked" id="4-14">
                    <pos type="VBD"/>
                    <lemma type="pick"/>
                    <dep head="4-6" type="conj"/>
                </token>
                <token content="up" id="4-15">
                    <pos type="RP"/>
                    <lemma type="up"/>
                    <dep head="4-14" type="prt"/>
                </token>
                <token content="the" id="4-16">
                    <pos type="DT"/>
                    <lemma type="the"/>
                </token>
                <token content="spare" id="4-17">
                    <pos type="JJ"/>
                    <lemma type="spare"/>
                </token>
                <token content="tire" id="4-18">
                    <pos type="NN"/>
                    <lemma type="tire"/>
                    <dep head="4-14" type="dobj"/>
                </token>
                <token content="to" id="4-19">
                    <pos type="TO"/>
                    <lemma type="to"/>
                    <dep head="4-20" type="aux"/>
                </token>
                <token content="place" id="4-20">
                    <pos type="VB"/>
                    <lemma type="place"/>
                </token>
                <token content="it" id="4-21">
                    <pos type="PRP"/>
                    <lemma type="it"/>
                    <dep head="4-20" type="dobj"/>
                </token>
                <token content="on" id="4-22"/>
                <token content="empty" id="4-23">
                    <pos type="JJ"/>
                    <lemma type="empty"/>
                </token>
                <token content="rim" id="4-24">
                    <pos type="NN"/>
                    <lemma type="rim"/>
                    <dep head="4-20" type="prep"/>
                </token>
                <token content="." id="4-25"/>
            </sentence>
            <sentence id="5">
                <token content="After" id="5-1"/>
                <token content="a" id="5-2">
                    <pos type="DT"/>
                    <lemma type="a"/>
                </token>
                <token content="few" id="5-3">
                    <pos type="JJ"/>
                    <lemma type="few"/>
                </token>
                <token content="moments" id="5-4">
                    <pos type="NNS"/>
                    <lemma type="moment"/>
                </token>
                <token content="of" id="5-5"/>
                <token content="fitting" id="5-6">
                    <pos type="VBG"/>
                    <lemma type="fit"/>
                </token>
                <token content="the" id="5-7">
                    <pos type="DT"/>
                    <lemma type="the"/>
                </token>
                <token content="tire" id="5-8">
                    <pos type="NN"/>
                    <lemma type="tire"/>
                    <dep head="5-6" type="dobj"/>
                </token>
                <token content="to" id="5-9"/>
                <token content="the" id="5-10">
                    <pos type="DT"/>
                    <lemma type="the"/>
                </token>
                <token content="rim" id="5-11">
                    <pos type="NN"/>
                    <lemma type="rim"/>
                    <dep head="5-6" type="prep"/>
                </token>
                <token content="and" id="5-12"/>
                <token content="placing" id="5-13">
                    <pos type="VBG"/>
                    <lemma type="place"/>
                    <dep head="5-6" type="conj"/>
                </token>
                <token content="it" id="5-14">
                    <pos type="PRP"/>
                    <lemma type="it"/>
                    <dep head="5-13" type="dobj"/>
                </token>
                <token content="correctly" id="5-15">
                    <pos type="RB"/>
                    <lemma type="correctly"/>
                    <dep head="5-13" type="advmod"/>
                </token>
                <token content="on" id="5-16">
                    <pos type="IN"/>
                    <lemma type="on"/>
                    <dep head="5-13" type="prep"/>
                </token>
                <token content="," id="5-17"/>
                <token content="I" id="5-18">
                    <pos type="PRP"/>
                    <lemma type="I"/>
                </token>
                <token content="was" id="5-19">
                    <pos type="VBD"/>
                    <lemma type="be"/>
                </token>
                <token content="able" id="5-20">
                    <pos type="JJ"/>
                    <lemma type="able"/>
                </token>
                <token content="to" id="5-21">
                    <pos type="TO"/>
                    <lemma type="to"/>
                    <dep head="5-22" type="aux"/>
                </token>
                <token content="test" id="5-22">
                    <pos type="VB"/>
                    <lemma type="test"/>
                </token>
                <token content="to" id="5-23">
                    <pos type="TO"/>
                    <lemma type="to"/>
                    <dep head="5-24" type="aux"/>
                </token>
                <token content="see" id="5-24">
                    <pos type="VB"/>
                    <lemma type="see"/>
                    <dep head="5-22" type="xcomp"/>
                </token>
                <token content="if" id="5-25">
                    <pos type="IN"/>
                    <lemma type="if"/>
                    <dep head="5-29" type="mark"/>
                </token>
                <token content="the" id="5-26">
                    <pos type="DT"/>
                    <lemma type="the"/>
                </token>
                <token content="tire" id="5-27">
                    <pos type="NN"/>
                    <lemma type="tire"/>
                    <dep head="5-29" type="nsubj"/>
                </token>
                <token content="would" id="5-28">
                    <pos type="MD"/>
                    <lemma type="would"/>
                    <dep head="5-29" type="aux"/>
                </token>
                <token content="spin" id="5-29">
                    <pos type="VB"/>
                    <lemma type="spin"/>
                    <dep head="5-24" type="advcl"/>
                </token>
                <token content="and" id="5-30"/>
                <token content="roll" id="5-31">
                    <pos type="VB"/>
                    <lemma type="roll"/>
                    <dep head="5-29" type="conj"/>
                </token>
                <token content="correctly" id="5-32">
                    <pos type="RB"/>
                    <lemma type="correctly"/>
                    <dep head="5-29" type="advmod"/>
                </token>
                <token content="." id="5-33"/>
            </sentence>
            <sentence id="6">
                <token content="I" id="6-1">
                    <pos type="PRP"/>
                    <lemma type="I"/>
                    <dep head="6-2" type="nsubj"/>
                </token>
                <token content="rode" id="6-2">
                    <pos type="VBD"/>
                    <lemma type="ride"/>
                </token>
                <token content="the" id="6-3">
                    <pos type="DT"/>
                    <lemma type="the"/>
                </token>
                <token content="tire" id="6-4">
                    <pos type="NN"/>
                    <lemma type="tire"/>
                </token>
                <token content="around" id="6-5">
                    <pos type="IN"/>
                    <lemma type="around"/>
                    <dep head="6-2" type="advmod"/>
                </token>
                <token content="for" id="6-6"/>
                <token content="a" id="6-7">
                    <pos type="DT"/>
                    <lemma type="a"/>
                </token>
                <token content="few" id="6-8">
                    <pos type="JJ"/>
                    <lemma type="few"/>
                </token>
                <token content="minutes" id="6-9">
                    <pos type="NNS"/>
                    <lemma type="minute"/>
                    <dep head="6-2" type="prep"/>
                </token>
                <token content="to" id="6-10">
                    <pos type="TO"/>
                    <lemma type="to"/>
                    <dep head="6-11" type="aux"/>
                </token>
                <token content="get" id="6-11">
                    <pos type="VB"/>
                    <lemma type="get"/>
                    <dep head="6-2" type="xcomp"/>
                </token>
                <token content="a" id="6-12">
                    <pos type="DT"/>
                    <lemma type="a"/>
                </token>
                <token content="feel" id="6-13">
                    <pos type="NN"/>
                    <lemma type="feel"/>
                    <dep head="6-11" type="dobj"/>
                </token>
                <token content="for" id="6-14"/>
                <token content="the" id="6-15">
                    <pos type="DT"/>
                    <lemma type="the"/>
                </token>
                <token content="tire" id="6-16">
                    <pos type="NN"/>
                    <lemma type="tire"/>
                </token>
                <token content="." id="6-17"/>
            </sentence>
            <sentence id="7">
                <token content="The" id="7-1">
                    <pos type="DT"/>
                    <lemma type="the"/>
                </token>
                <token content="air" id="7-2">
                    <pos type="NN"/>
                    <lemma type="air"/>
                </token>
                <token content="was" id="7-3">
                    <pos type="VBD"/>
                    <lemma type="be"/>
                </token>
                <token content="low" id="7-4">
                    <pos type="JJ"/>
                    <lemma type="low"/>
                </token>
                <token content="," id="7-5"/>
                <token content="so" id="7-6">
                    <pos type="IN"/>
                    <lemma type="so"/>
                </token>
                <token content="I" id="7-7">
                    <pos type="PRP"/>
                    <lemma type="I"/>
                    <dep head="7-8" type="nsubj"/>
                </token>
                <token content="had" id="7-8">
                    <pos type="VBD"/>
                    <lemma type="have"/>
                </token>
                <token content="to" id="7-9">
                    <pos type="TO"/>
                    <lemma type="to"/>
                    <dep head="7-10" type="aux"/>
                </token>
                <token content="pump" id="7-10">
                    <pos type="VB"/>
                    <lemma type="pump"/>
                    <dep head="7-8" type="xcomp"/>
                </token>
                <token content="it" id="7-11">
                    <pos type="PRP"/>
                    <lemma type="it"/>
                    <dep head="7-10" type="dobj"/>
                </token>
                <token content="up" id="7-12"/>
                <token content="an" id="7-13">
                    <pos type="DT"/>
                    <lemma type="a"/>
                </token>
                <token content="additional" id="7-14">
                    <pos type="JJ"/>
                    <lemma type="additional"/>
                </token>
                <token content="few" id="7-15">
                    <pos type="JJ"/>
                    <lemma type="few"/>
                </token>
                <token content="pounds" id="7-16">
                    <pos type="NNS"/>
                    <lemma type="pound"/>
                    <dep head="7-10" type="prep"/>
                </token>
                <token content="of" id="7-17"/>
                <token content="air" id="7-18">
                    <pos type="NN"/>
                    <lemma type="air"/>
                </token>
                <token content="in" id="7-19">
                    <pos type="IN"/>
                    <lemma type="in"/>
                    <dep head="7-22" type="mark"/>
                </token>
                <token content="order" id="7-20">
                    <pos type="NN"/>
                    <lemma type="order"/>
                    <dep head="7-22" type="dep"/>
                </token>
                <token content="to" id="7-21">
                    <pos type="TO"/>
                    <lemma type="to"/>
                    <dep head="7-22" type="aux"/>
                </token>
                <token content="get" id="7-22">
                    <pos type="VB"/>
                    <lemma type="get"/>
                    <dep head="7-8" type="advcl"/>
                </token>
                <token content="it" id="7-23">
                    <pos type="PRP"/>
                    <lemma type="it"/>
                </token>
                <token content="correct" id="7-24">
                    <pos type="JJ"/>
                    <lemma type="correct"/>
                    <dep head="7-22" type="xcomp"/>
                </token>
                <token content="." id="7-25"/>
            </sentence>
            <sentence id="8">
                <token content="The" id="8-1">
                    <pos type="DT"/>
                    <lemma type="the"/>
                </token>
                <token content="entire" id="8-2">
                    <pos type="JJ"/>
                    <lemma type="entire"/>
                </token>
                <token content="process" id="8-3">
                    <pos type="NN"/>
                    <lemma type="process"/>
                    <dep head="8-5" type="nsubj"/>
                </token>
                <token content="only" id="8-4">
                    <pos type="RB"/>
                    <lemma type="only"/>
                    <dep head="8-5" type="advmod"/>
                </token>
                <token content="took" id="8-5">
                    <pos type="VBD"/>
                    <lemma type="take"/>
                </token>
                <token content="me" id="8-6">
                    <pos type="PRP"/>
                    <lemma type="I"/>
                    <dep head="8-5" type="dobj"/>
                </token>
                <token content="about" id="8-7"/>
                <token content="ten-to-fifteen" id="8-8">
                    <pos type="JJ"/>
                    <lemma type="ten-to-fifteen"/>
                </token>
                <token content="minutes" id="8-9">
                    <pos type="NNS"/>
                    <lemma type="minute"/>
                    <dep head="8-5" type="prep"/>
                </token>
                <token content="to" id="8-10">
                    <pos type="TO"/>
                    <lemma type="to"/>
                    <dep head="8-11" type="aux"/>
                </token>
                <token content="complete" id="8-11">
                    <pos type="VB"/>
                    <lemma type="complete"/>
                    <dep head="8-5" type="vmod"/>
                </token>
                <token content="," id="8-12"/>
                <token content="and" id="8-13"/>
                <token content="I" id="8-14">
                    <pos type="PRP"/>
                    <lemma type="I"/>
                    <dep head="8-15" type="nsubj"/>
                </token>
                <token content="had" id="8-15">
                    <pos type="VBD"/>
                    <lemma type="have"/>
                    <dep head="8-5" type="conj"/>
                </token>
                <token content="my" id="8-16">
                    <pos type="PRP$"/>
                    <lemma type="my"/>
                </token>
                <token content="new" id="8-17">
                    <pos type="JJ"/>
                    <lemma type="new"/>
                </token>
                <token content="tire" id="8-18">
                    <pos type="NN"/>
                    <lemma type="tire"/>
                    <dep head="8-15" type="dobj"/>
                </token>
                <token content="on" id="8-19"/>
                <token content="my" id="8-20">
                    <pos type="PRP$"/>
                    <lemma type="my"/>
                </token>
                <token content="bike" id="8-21">
                    <pos type="NN"/>
                    <lemma type="bike"/>
                </token>
                <token content="in" id="8-22"/>
                <token content="no" id="8-23">
                    <pos type="DT"/>
                    <lemma type="no"/>
                </token>
                <token content="time" id="8-24">
                    <pos type="NN"/>
                    <lemma type="time"/>
                    <dep head="8-15" type="prep"/>
                </token>
                <token content="." id="8-25"/>
            </sentence>
        </sentences>
    </text>
    <annotations>
        <participants>
            <label from="1-5" id="0" name="ScrPart_tire" text="tire" type="participant"/>
            <label from="1-7" id="1" name="ScrPart_rider" text="my" type="participant"/>
            <label from="1-8" id="2" name="ScrPart_bicycle" text="bicycle" type="participant"/>
            <label from="1-10" id="3" name="ScrPart_rider" text="I" type="participant"/>
            <label from="1-12" id="4" name="ScrPart_rider" text="my" type="participant"/>
            <label from="1-13" id="5" name="ScrPart_bicycle" text="bike" type="participant"/>
            <label from="1-16" id="6" name="ScrPart_location_repair" text="garage" type="participant"/>
            <label from="1-19" id="7" name="ScrPart_bicycle" text="it" type="participant"/>
            <label from="1-21" id="8" name="ScrPart_rider" text="my" type="participant"/>
            <label from="1-24" id="9" name="ScrPart_other" text="stand" type="participant"/>
            <label from="2-1" id="10" name="ScrPart_rider" text="I" type="participant"/>
            <label from="2-6" id="11" name="ScrPart_tool" text="tools" type="participant"/>
            <label from="2-8" id="12" name="ScrPart_tool" text="items" type="participant"/>
            <label from="2-13" id="13" name="ScrPart_rider" text="my" type="participant"/>
            <label from="2-14" id="14" name="ScrPart_tool" text="air compressor" to="2-15" type="participant"/>
            <label from="2-15" id="15" name="ScrPart_tool" text="compressor" type="participant"/>
            <label from="2-18" id="16" name="ScrPart_tool" text="air compressor" to="2-19" type="participant"/>
            <label from="2-19" id="17" name="ScrPart_tool" text="compressor" type="participant"/>
            <label from="2-23" id="18" name="ScrPart_rider" text="my" type="participant"/>
            <label from="2-24" id="19" name="ScrPart_tool" text="air pump" to="2-25" type="participant"/>
            <label from="2-25" id="20" name="ScrPart_tool" text="pump" type="participant"/>
            <label from="2-28" id="21" name="ScrPart_rider" text="my" type="participant"/>
            <label from="2-30" id="22" name="ScrPart_tool" text="Key" type="participant"/>
            <label from="2-32" id="23" name="ScrPart_tool" text="Hex Key" to="2-33" type="participant"/>
            <label from="2-33" id="24" name="ScrPart_tool" text="Key" type="participant"/>
            <label from="2-36" id="25" name="ScrPart_rider" text="my" type="participant"/>
            <label from="2-37" id="26" name="ScrPart_spare_tube" text="spare tire" to="2-38" type="participant"/>
            <label from="2-38" id="27" name="ScrPart_spare_tube" text="tire" type="participant"/>
            <label from="2-41" id="28" name="ScrPart_tool" text="tube repair" to="2-42" type="participant"/>
            <label from="2-42" id="29" name="ScrPart_tool" text="repair" type="participant"/>
            <label from="2-45" id="30" name="NPart" text="case" type="participant"/>
            <label from="2-46" id="31" name="ScrPart_rider" text="my" type="participant"/>
            <label from="2-47" id="32" name="ScrPart_tire" text="tire" type="participant"/>
            <label from="2-55" id="33" name="ScrPart_tire" text="tube" type="participant"/>
            <label from="3-3" id="34" name="ScrPart_rider" text="my" type="participant"/>
            <label from="3-4" id="35" name="ScrPart_bicycle" text="bike" type="participant"/>
            <label from="3-7" id="36" name="ScrPart_other" text="stand" type="participant"/>
            <label from="3-9" id="37" name="ScrPart_rider" text="I" type="participant"/>
            <label from="3-15" id="38" name="ScrPart_tire" text="back tire" to="3-16" type="participant"/>
            <label from="3-16" id="39" name="ScrPart_tire" text="tire" type="participant"/>
            <label from="3-20" id="40" name="ScrPart_rim" text="rim" type="participant"/>
            <label from="3-22" id="41" name="ScrPart_rider" text="I" type="participant"/>
            <label from="3-27" id="42" name="ScrPart_tire" text="tube" type="participant"/>
            <label from="3-30" id="43" name="ScrPart_tire" text="tire" type="participant"/>
            <label from="4-3" id="44" name="NPart" text="result" type="participant"/>
            <label from="4-5" id="45" name="ScrPart_rider" text="I" type="participant"/>
            <label from="4-9" id="46" name="ScrPart_tire" text="tire" type="participant"/>
            <label from="4-12" id="47" name="NPart" text="side" type="participant"/>
            <label from="4-17" id="48" name="ScrPart_spare_tube" text="spare tire" to="4-18" type="participant"/>
            <label from="4-18" id="49" name="ScrPart_spare_tube" text="tire" type="participant"/>
            <label from="4-21" id="50" name="ScrPart_spare_tube" text="it" type="participant"/>
            <label from="4-24" id="51" name="ScrPart_rim" text="rim" type="participant"/>
            <label from="5-4" id="52" name="NPart" text="moments" type="participant"/>
            <label from="5-8" id="53" name="ScrPart_spare_tube" text="tire" type="participant"/>
            <label from="5-11" id="54" name="ScrPart_rim" text="rim" type="participant"/>
            <label from="5-14" id="55" name="ScrPart_spare_tube" text="it" type="participant"/>
            <label from="5-18" id="56" name="ScrPart_rider" text="I" type="participant"/>
            <label from="5-27" id="57" name="ScrPart_spare_tube" text="tire" type="participant"/>
            <label from="6-1" id="58" name="ScrPart_rider" text="I" type="participant"/>
            <label from="6-4" id="59" name="ScrPart_spare_tube" text="tire" type="participant"/>
            <label from="6-9" id="60" name="NPart" text="minutes" type="participant"/>
            <label from="6-13" id="61" name="NPart" text="feel" type="participant"/>
            <label from="6-16" id="62" name="ScrPart_spare_tube" text="tire" type="participant"/>
            <label from="7-2" id="63" name="ScrPart_air" text="air" type="participant"/>
            <label from="7-7" id="64" name="ScrPart_rider" text="I" type="participant"/>
            <label from="7-11" id="65" name="ScrPart_spare_tube" text="it" type="participant"/>
            <label from="7-16" id="66" name="NPart" text="pounds" type="participant"/>
            <label from="7-18" id="67" name="ScrPart_air" text="air" type="participant"/>
            <label from="7-20" id="68" name="No_label" text="order" type="participant"/>
            <label from="7-23" id="69" name="No_label" text="it" type="participant"/>
            <label from="8-3" id="70" name="NPart" text="process" type="participant"/>
            <label from="8-6" id="71" name="ScrPart_rider" text="me" type="participant"/>
            <label from="8-9" id="72" name="NPart" text="minutes" type="participant"/>
            <label from="8-14" id="73" name="ScrPart_rider" text="I" type="participant"/>
            <label from="8-16" id="74" name="ScrPart_rider" text="my" type="participant"/>
            <label from="8-18" id="75" name="ScrPart_spare_tube" text="tire" type="participant"/>
            <label from="8-20" id="76" name="ScrPart_rider" text="my" type="participant"/>
            <label from="8-21" id="77" name="ScrPart_bicycle" text="bike" type="participant"/>
            <label from="8-24" id="78" name="No_label" text="time" type="participant"/>
        </participants>
        <events>
            <label from="1-2" id="79" name="RelNScrEv" text="getting" type="event"/>
            <label from="1-11" id="80" name="ScrEv_other" text="took" type="event"/>
            <label from="1-18" id="81" name="ScrEv_other" text="placed" type="event"/>
            <label from="1-22" id="82" name="Evoking" text="bike repair" to="1-23" type="event"/>
            <label from="2-2" id="83" name="ScrEv_get_tools" text="got" type="event"/>
            <label from="2-11" id="84" name="Evoking" text="repair" type="event"/>
            <label from="2-21" id="85" name="RelNScrEv" text="serves" type="event"/>
            <label from="2-50" id="86" name="UnrelEv" text="saved" type="event"/>
            <label from="2-52" id="87" name="RelNScrEv" text="patching" type="event"/>
            <label from="3-2" id="88" name="ScrEv_other" text="placing" type="event"/>
            <label from="3-13" id="89" name="ScrEv_take_tire_off" text="remove" type="event"/>
            <label from="3-23" id="90" name="ScrEv_notice_problem" text="noticed" type="event"/>
            <label from="3-34" id="91" name="UnrelEv" text="saved" type="event"/>
            <label from="4-6" id="92" name="ScrEv_remove_tire" text="tossed" type="event"/>
            <label from="4-14" id="93" name="ScrEv_get_tire" text="picked up" to="4-15" type="event"/>
            <label from="4-14" id="94" name="ScrEv_get_tire" text="picked" type="event"/>
            <label from="4-20" id="95" name="ScrEv_put_new_tire" text="place" type="event"/>
            <label from="5-6" id="96" name="ScrEv_put_new_tire" text="fitting" type="event"/>
            <label from="5-13" id="97" name="ScrEv_put_new_tire" text="placing" type="event"/>
            <label from="5-22" id="98" name="ScrEv_check_new_tire" text="test" type="event"/>
            <label from="5-24" id="99" name="UnrelEv" text="see" type="event"/>
            <label from="5-29" id="100" name="RelNScrEv" text="spin" type="event"/>
            <label from="5-31" id="101" name="RelNScrEv" text="roll" type="event"/>
            <label from="6-2" id="102" name="RelNScrEv" text="rode" type="event"/>
            <label from="6-11" id="103" name="UnrelEv" text="get" type="event"/>
            <label from="7-3" id="104" name="UnrelEv" text="was" type="event"/>
            <label from="7-10" id="105" name="ScrEv_refill_tire_air" text="pump" type="event"/>
            <label from="7-22" id="106" name="UnrelEv" text="get" type="event"/>
            <label from="8-5" id="107" name="RelNScrEv" text="took" type="event"/>
            <label from="8-11" id="108" name="UnrelEv" text="complete" type="event"/>
            <label from="8-15" id="109" name="UnrelEv" text="had" type="event"/>
        </events>
        <chains>
            <chain elements="1 3 4 8 10 13 18 21 25 31 34 37 41 45 56 58 64 71 73 74 76"/>
            <chain elements="2 5 7 35 77"/>
            <chain elements="15 17 20"/>
            <chain elements="22 24"/>
            <chain elements="0 32 33 39 42 43 46"/>
            <chain elements="9 36"/>
            <chain elements="27 49 50 53 55 57 59 62 65 75"/>
            <chain elements="40 51 54"/>
            <chain elements="63 67"/>
        </chains>
    </annotations>
</story>
