<?xml version="1.0" encoding="UTF-8" standalone="no"?>
<!DOCTYPE story SYSTEM "../InScript.dtd">
<story id="002" scenario="bus">
    <text>
        <content>I live near Blacksburg , Virginia and often stay with friends who live near Virginia Tech . 
A bus route stops at their apartment complex and we often ride it downtown to eat brunch after a late night . 
Nothing unusual ever happens . 
We get ready and go to the bus stop . 
There 's a bench and it 's covered but there 's no doors . 
The bus is always on time and we hop on . 
It 's never crowded so we can always find a seat . 
The varying bus drivers are nice and we hop on , pay , and take our seats . 
The ride downtown takes about 10 minutes because of other stops . 
No other passengers ever talk to each other and honestly groups of friends from different races stick together . 
Being near a college such as Virginia Tech makes for a very diverse area where different cultures intermingle but the bus seems to have the most obviously segregated groups . 
We get to our stop and enjoy brunch . 
I like riding the bus because of the convenience factor , no parking , and it feels like we are doing something to help the environment . </content>
        <sentences>
            <sentence id="1">
                <token content="I" id="1-1">
                    <pos type="PRP"/>
                    <lemma type="I"/>
                    <dep head="1-2" type="nsubj"/>
                </token>
                <token content="live" id="1-2">
                    <pos type="VBP"/>
                    <lemma type="live"/>
                </token>
                <token content="near" id="1-3"/>
                <token content="Blacksburg" id="1-4">
                    <pos type="NNP"/>
                    <lemma type="Blacksburg"/>
                </token>
                <token content="," id="1-5"/>
                <token content="Virginia" id="1-6">
                    <pos type="NNP"/>
                    <lemma type="Virginia"/>
                    <dep head="1-2" type="prep"/>
                </token>
                <token content="and" id="1-7"/>
                <token content="often" id="1-8">
                    <pos type="RB"/>
                    <lemma type="often"/>
                    <dep head="1-9" type="advmod"/>
                </token>
                <token content="stay" id="1-9">
                    <pos type="VB"/>
                    <lemma type="stay"/>
                    <dep head="1-2" type="conj"/>
                </token>
                <token content="with" id="1-10"/>
                <token content="friends" id="1-11">
                    <pos type="NNS"/>
                    <lemma type="friend"/>
                    <dep head="1-9" type="prep"/>
                </token>
                <token content="who" id="1-12">
                    <pos type="WP"/>
                    <lemma type="who"/>
                    <dep head="1-13" type="nsubj"/>
                </token>
                <token content="live" id="1-13">
                    <pos type="VBP"/>
                    <lemma type="live"/>
                </token>
                <token content="near" id="1-14"/>
                <token content="Virginia" id="1-15">
                    <pos type="NNP"/>
                    <lemma type="Virginia"/>
                </token>
                <token content="Tech" id="1-16">
                    <pos type="NNP"/>
                    <lemma type="Tech"/>
                    <dep head="1-13" type="prep"/>
                </token>
                <token content="." id="1-17"/>
            </sentence>
            <sentence id="2">
                <token content="A" id="2-1">
                    <pos type="DT"/>
                    <lemma type="a"/>
                </token>
                <token content="bus" id="2-2">
                    <pos type="NN"/>
                    <lemma type="bus"/>
                </token>
                <token content="route" id="2-3">
                    <pos type="NN"/>
                    <lemma type="route"/>
                    <dep head="2-4" type="nsubj"/>
                </token>
                <token content="stops" id="2-4">
                    <pos type="VBZ"/>
                    <lemma type="stop"/>
                </token>
                <token content="at" id="2-5"/>
                <token content="their" id="2-6">
                    <pos type="PRP$"/>
                    <lemma type="they"/>
                </token>
                <token content="apartment" id="2-7">
                    <pos type="NN"/>
                    <lemma type="apartment"/>
                </token>
                <token content="complex" id="2-8">
                    <pos type="NN"/>
                    <lemma type="complex"/>
                    <dep head="2-4" type="prep"/>
                </token>
                <token content="and" id="2-9"/>
                <token content="we" id="2-10">
                    <pos type="PRP"/>
                    <lemma type="we"/>
                    <dep head="2-12" type="nsubj"/>
                </token>
                <token content="often" id="2-11">
                    <pos type="RB"/>
                    <lemma type="often"/>
                    <dep head="2-12" type="advmod"/>
                </token>
                <token content="ride" id="2-12">
                    <pos type="VBP"/>
                    <lemma type="ride"/>
                    <dep head="2-4" type="conj"/>
                </token>
                <token content="it" id="2-13">
                    <pos type="PRP"/>
                    <lemma type="it"/>
                </token>
                <token content="downtown" id="2-14">
                    <pos type="JJ"/>
                    <lemma type="downtown"/>
                    <dep head="2-12" type="xcomp"/>
                </token>
                <token content="to" id="2-15">
                    <pos type="TO"/>
                    <lemma type="to"/>
                    <dep head="2-16" type="aux"/>
                </token>
                <token content="eat" id="2-16">
                    <pos type="VB"/>
                    <lemma type="eat"/>
                </token>
                <token content="brunch" id="2-17">
                    <pos type="NN"/>
                    <lemma type="brunch"/>
                    <dep head="2-16" type="dobj"/>
                </token>
                <token content="after" id="2-18"/>
                <token content="a" id="2-19">
                    <pos type="DT"/>
                    <lemma type="a"/>
                </token>
                <token content="late" id="2-20">
                    <pos type="JJ"/>
                    <lemma type="late"/>
                </token>
                <token content="night" id="2-21">
                    <pos type="NN"/>
                    <lemma type="night"/>
                    <dep head="2-16" type="prep"/>
                </token>
                <token content="." id="2-22"/>
            </sentence>
            <sentence id="3">
                <token content="Nothing" id="3-1">
                    <pos type="NN"/>
                    <lemma type="nothing"/>
                    <dep head="3-4" type="nsubj"/>
                </token>
                <token content="unusual" id="3-2">
                    <pos type="JJ"/>
                    <lemma type="unusual"/>
                </token>
                <token content="ever" id="3-3">
                    <pos type="RB"/>
                    <lemma type="ever"/>
                    <dep head="3-4" type="advmod"/>
                </token>
                <token content="happens" id="3-4">
                    <pos type="VBZ"/>
                    <lemma type="happen"/>
                </token>
                <token content="." id="3-5"/>
            </sentence>
            <sentence id="4">
                <token content="We" id="4-1">
                    <pos type="PRP"/>
                    <lemma type="we"/>
                </token>
                <token content="get" id="4-2">
                    <pos type="VBP"/>
                    <lemma type="get"/>
                </token>
                <token content="ready" id="4-3">
                    <pos type="JJ"/>
                    <lemma type="ready"/>
                </token>
                <token content="and" id="4-4"/>
                <token content="go" id="4-5">
                    <pos type="VBP"/>
                    <lemma type="go"/>
                </token>
                <token content="to" id="4-6"/>
                <token content="the" id="4-7">
                    <pos type="DT"/>
                    <lemma type="the"/>
                </token>
                <token content="bus" id="4-8">
                    <pos type="NN"/>
                    <lemma type="bus"/>
                </token>
                <token content="stop" id="4-9">
                    <pos type="NN"/>
                    <lemma type="stop"/>
                    <dep head="4-5" type="prep"/>
                </token>
                <token content="." id="4-10"/>
            </sentence>
            <sentence id="5">
                <token content="There" id="5-1">
                    <pos type="EX"/>
                    <lemma type="there"/>
                    <dep head="5-2" type="expl"/>
                </token>
                <token content="'s" id="5-2">
                    <pos type="VBZ"/>
                    <lemma type="be"/>
                </token>
                <token content="a" id="5-3">
                    <pos type="DT"/>
                    <lemma type="a"/>
                </token>
                <token content="bench" id="5-4">
                    <pos type="NN"/>
                    <lemma type="bench"/>
                    <dep head="5-2" type="nsubj"/>
                </token>
                <token content="and" id="5-5"/>
                <token content="it" id="5-6">
                    <pos type="PRP"/>
                    <lemma type="it"/>
                    <dep head="5-8" type="nsubjpass"/>
                </token>
                <token content="'s" id="5-7">
                    <pos type="VBZ"/>
                    <lemma type="be"/>
                    <dep head="5-8" type="auxpass"/>
                </token>
                <token content="covered" id="5-8">
                    <pos type="VBN"/>
                    <lemma type="cover"/>
                    <dep head="5-2" type="conj"/>
                </token>
                <token content="but" id="5-9"/>
                <token content="there" id="5-10">
                    <pos type="EX"/>
                    <lemma type="there"/>
                    <dep head="5-11" type="expl"/>
                </token>
                <token content="'s" id="5-11">
                    <pos type="VBZ"/>
                    <lemma type="be"/>
                    <dep head="5-2" type="conj"/>
                </token>
                <token content="no" id="5-12">
                    <pos type="DT"/>
                    <lemma type="no"/>
                </token>
                <token content="doors" id="5-13">
                    <pos type="NNS"/>
                    <lemma type="door"/>
                    <dep head="5-11" type="nsubj"/>
                </token>
                <token content="." id="5-14"/>
            </sentence>
            <sentence id="6">
                <token content="The" id="6-1">
                    <pos type="DT"/>
                    <lemma type="the"/>
                </token>
                <token content="bus" id="6-2">
                    <pos type="NN"/>
                    <lemma type="bus"/>
                    <dep head="6-3" type="nsubj"/>
                </token>
                <token content="is" id="6-3">
                    <pos type="VBZ"/>
                    <lemma type="be"/>
                </token>
                <token content="always" id="6-4">
                    <pos type="RB"/>
                    <lemma type="always"/>
                    <dep head="6-3" type="advmod"/>
                </token>
                <token content="on" id="6-5"/>
                <token content="time" id="6-6">
                    <pos type="NN"/>
                    <lemma type="time"/>
                    <dep head="6-3" type="prep"/>
                </token>
                <token content="and" id="6-7"/>
                <token content="we" id="6-8">
                    <pos type="PRP"/>
                    <lemma type="we"/>
                    <dep head="6-9" type="nsubj"/>
                </token>
                <token content="hop" id="6-9">
                    <pos type="VBZ"/>
                    <lemma type="hop"/>
                    <dep head="6-3" type="conj"/>
                </token>
                <token content="on" id="6-10">
                    <pos type="RP"/>
                    <lemma type="on"/>
                    <dep head="6-9" type="prt"/>
                </token>
                <token content="." id="6-11"/>
            </sentence>
            <sentence id="7">
                <token content="It" id="7-1">
                    <pos type="PRP"/>
                    <lemma type="it"/>
                </token>
                <token content="'s" id="7-2">
                    <pos type="VBZ"/>
                    <lemma type="be"/>
                </token>
                <token content="never" id="7-3">
                    <pos type="RB"/>
                    <lemma type="never"/>
                </token>
                <token content="crowded" id="7-4">
                    <pos type="JJ"/>
                    <lemma type="crowded"/>
                </token>
                <token content="so" id="7-5">
                    <pos type="IN"/>
                    <lemma type="so"/>
                    <dep head="7-9" type="mark"/>
                </token>
                <token content="we" id="7-6">
                    <pos type="PRP"/>
                    <lemma type="we"/>
                    <dep head="7-9" type="nsubj"/>
                </token>
                <token content="can" id="7-7">
                    <pos type="MD"/>
                    <lemma type="can"/>
                    <dep head="7-9" type="aux"/>
                </token>
                <token content="always" id="7-8">
                    <pos type="RB"/>
                    <lemma type="always"/>
                    <dep head="7-9" type="advmod"/>
                </token>
                <token content="find" id="7-9">
                    <pos type="VB"/>
                    <lemma type="find"/>
                </token>
                <token content="a" id="7-10">
                    <pos type="DT"/>
                    <lemma type="a"/>
                </token>
                <token content="seat" id="7-11">
                    <pos type="NN"/>
                    <lemma type="seat"/>
                    <dep head="7-9" type="dobj"/>
                </token>
                <token content="." id="7-12"/>
            </sentence>
            <sentence id="8">
                <token content="The" id="8-1">
                    <pos type="DT"/>
                    <lemma type="the"/>
                </token>
                <token content="varying" id="8-2">
                    <pos type="VBG"/>
                    <lemma type="vary"/>
                </token>
                <token content="bus" id="8-3">
                    <pos type="NN"/>
                    <lemma type="bus"/>
                </token>
                <token content="drivers" id="8-4">
                    <pos type="NNS"/>
                    <lemma type="driver"/>
                </token>
                <token content="are" id="8-5">
                    <pos type="VBP"/>
                    <lemma type="be"/>
                </token>
                <token content="nice" id="8-6">
                    <pos type="JJ"/>
                    <lemma type="nice"/>
                </token>
                <token content="and" id="8-7"/>
                <token content="we" id="8-8">
                    <pos type="PRP"/>
                    <lemma type="we"/>
                    <dep head="8-9" type="nsubj"/>
                </token>
                <token content="hop" id="8-9">
                    <pos type="VB"/>
                    <lemma type="hop"/>
                </token>
                <token content="on" id="8-10">
                    <pos type="RP"/>
                    <lemma type="on"/>
                    <dep head="8-9" type="prt"/>
                </token>
                <token content="," id="8-11"/>
                <token content="pay" id="8-12">
                    <pos type="VB"/>
                    <lemma type="pay"/>
                    <dep head="8-9" type="conj"/>
                </token>
                <token content="," id="8-13"/>
                <token content="and" id="8-14"/>
                <token content="take" id="8-15">
                    <pos type="VB"/>
                    <lemma type="take"/>
                    <dep head="8-9" type="conj"/>
                </token>
                <token content="our" id="8-16">
                    <pos type="PRP$"/>
                    <lemma type="we"/>
                </token>
                <token content="seats" id="8-17">
                    <pos type="NNS"/>
                    <lemma type="seat"/>
                    <dep head="8-15" type="dobj"/>
                </token>
                <token content="." id="8-18"/>
            </sentence>
            <sentence id="9">
                <token content="The" id="9-1">
                    <pos type="DT"/>
                    <lemma type="the"/>
                </token>
                <token content="ride" id="9-2">
                    <pos type="NN"/>
                    <lemma type="ride"/>
                </token>
                <token content="downtown" id="9-3">
                    <pos type="NN"/>
                    <lemma type="downtown"/>
                    <dep head="9-4" type="nsubj"/>
                </token>
                <token content="takes" id="9-4">
                    <pos type="VBZ"/>
                    <lemma type="take"/>
                </token>
                <token content="about" id="9-5">
                    <pos type="RB"/>
                    <lemma type="about"/>
                </token>
                <token content="10" id="9-6">
                    <pos type="CD"/>
                    <lemma type="10"/>
                </token>
                <token content="minutes" id="9-7">
                    <pos type="NNS"/>
                    <lemma type="minute"/>
                    <dep head="9-4" type="dobj"/>
                </token>
                <token content="because" id="9-8"/>
                <token content="of" id="9-9"/>
                <token content="other" id="9-10">
                    <pos type="JJ"/>
                    <lemma type="other"/>
                </token>
                <token content="stops" id="9-11">
                    <pos type="NNS"/>
                    <lemma type="stop"/>
                </token>
                <token content="." id="9-12"/>
            </sentence>
            <sentence id="10">
                <token content="No" id="10-1">
                    <pos type="DT"/>
                    <lemma type="no"/>
                </token>
                <token content="other" id="10-2">
                    <pos type="JJ"/>
                    <lemma type="other"/>
                </token>
                <token content="passengers" id="10-3">
                    <pos type="NNS"/>
                    <lemma type="passenger"/>
                    <dep head="10-5" type="nsubj"/>
                </token>
                <token content="ever" id="10-4">
                    <pos type="RB"/>
                    <lemma type="ever"/>
                    <dep head="10-5" type="advmod"/>
                </token>
                <token content="talk" id="10-5">
                    <pos type="VBP"/>
                    <lemma type="talk"/>
                </token>
                <token content="to" id="10-6"/>
                <token content="each" id="10-7">
                    <pos type="DT"/>
                    <lemma type="each"/>
                </token>
                <token content="other" id="10-8">
                    <pos type="JJ"/>
                    <lemma type="other"/>
                    <dep head="10-5" type="prep"/>
                </token>
                <token content="and" id="10-9"/>
                <token content="honestly" id="10-10">
                    <pos type="RB"/>
                    <lemma type="honestly"/>
                    <dep head="10-17" type="advmod"/>
                </token>
                <token content="groups" id="10-11">
                    <pos type="NNS"/>
                    <lemma type="group"/>
                    <dep head="10-17" type="nsubj"/>
                </token>
                <token content="of" id="10-12"/>
                <token content="friends" id="10-13">
                    <pos type="NNS"/>
                    <lemma type="friend"/>
                </token>
                <token content="from" id="10-14"/>
                <token content="different" id="10-15">
                    <pos type="JJ"/>
                    <lemma type="different"/>
                </token>
                <token content="races" id="10-16">
                    <pos type="NNS"/>
                    <lemma type="race"/>
                </token>
                <token content="stick" id="10-17">
                    <pos type="VBP"/>
                    <lemma type="stick"/>
                    <dep head="10-5" type="conj"/>
                </token>
                <token content="together" id="10-18">
                    <pos type="RB"/>
                    <lemma type="together"/>
                    <dep head="10-17" type="advmod"/>
                </token>
                <token content="." id="10-19"/>
            </sentence>
            <sentence id="11">
                <token content="Being" id="11-1">
                    <pos type="VBG"/>
                    <lemma type="be"/>
                    <dep head="11-9" type="csubj"/>
                </token>
                <token content="near" id="11-2"/>
                <token content="a" id="11-3">
                    <pos type="DT"/>
                    <lemma type="a"/>
                </token>
                <token content="college" id="11-4">
                    <pos type="NN"/>
                    <lemma type="college"/>
                    <dep head="11-1" type="prep"/>
                </token>
                <token content="such" id="11-5"/>
                <token content="as" id="11-6"/>
                <token content="Virginia" id="11-7">
                    <pos type="NNP"/>
                    <lemma type="Virginia"/>
                </token>
                <token content="Tech" id="11-8">
                    <pos type="NNP"/>
                    <lemma type="Tech"/>
                </token>
                <token content="makes" id="11-9">
                    <pos type="VBZ"/>
                    <lemma type="make"/>
                </token>
                <token content="for" id="11-10"/>
                <token content="a" id="11-11">
                    <pos type="DT"/>
                    <lemma type="a"/>
                </token>
                <token content="very" id="11-12">
                    <pos type="RB"/>
                    <lemma type="very"/>
                </token>
                <token content="diverse" id="11-13">
                    <pos type="JJ"/>
                    <lemma type="diverse"/>
                </token>
                <token content="area" id="11-14">
                    <pos type="NN"/>
                    <lemma type="area"/>
                    <dep head="11-9" type="prep"/>
                </token>
                <token content="where" id="11-15">
                    <pos type="WRB"/>
                    <lemma type="where"/>
                    <dep head="11-18" type="advmod"/>
                </token>
                <token content="different" id="11-16">
                    <pos type="JJ"/>
                    <lemma type="different"/>
                </token>
                <token content="cultures" id="11-17">
                    <pos type="NNS"/>
                    <lemma type="culture"/>
                    <dep head="11-18" type="nsubj"/>
                </token>
                <token content="intermingle" id="11-18">
                    <pos type="VBP"/>
                    <lemma type="intermingle"/>
                </token>
                <token content="but" id="11-19">
                    <pos type="CC"/>
                    <lemma type="but"/>
                    <dep head="11-22" type="cc"/>
                </token>
                <token content="the" id="11-20">
                    <pos type="DT"/>
                    <lemma type="the"/>
                </token>
                <token content="bus" id="11-21">
                    <pos type="NN"/>
                    <lemma type="bus"/>
                    <dep head="11-22" type="nsubj"/>
                </token>
                <token content="seems" id="11-22">
                    <pos type="VBZ"/>
                    <lemma type="seem"/>
                    <dep head="11-18" type="ccomp"/>
                </token>
                <token content="to" id="11-23">
                    <pos type="TO"/>
                    <lemma type="to"/>
                    <dep head="11-24" type="aux"/>
                </token>
                <token content="have" id="11-24">
                    <pos type="VB"/>
                    <lemma type="have"/>
                    <dep head="11-22" type="xcomp"/>
                </token>
                <token content="the" id="11-25">
                    <pos type="DT"/>
                    <lemma type="the"/>
                </token>
                <token content="most" id="11-26">
                    <pos type="RBS"/>
                    <lemma type="most"/>
                    <dep head="11-28" type="advmod"/>
                </token>
                <token content="obviously" id="11-27">
                    <pos type="RB"/>
                    <lemma type="obviously"/>
                    <dep head="11-28" type="advmod"/>
                </token>
                <token content="segregated" id="11-28">
                    <pos type="VBN"/>
                    <lemma type="segregate"/>
                </token>
                <token content="groups" id="11-29">
                    <pos type="NNS"/>
                    <lemma type="group"/>
                    <dep head="11-24" type="dobj"/>
                </token>
                <token content="." id="11-30"/>
            </sentence>
            <sentence id="12">
                <token content="We" id="12-1">
                    <pos type="PRP"/>
                    <lemma type="we"/>
                    <dep head="12-2" type="nsubj"/>
                </token>
                <token content="get" id="12-2">
                    <pos type="VBP"/>
                    <lemma type="get"/>
                </token>
                <token content="to" id="12-3"/>
                <token content="our" id="12-4">
                    <pos type="PRP$"/>
                    <lemma type="we"/>
                </token>
                <token content="stop" id="12-5">
                    <pos type="NN"/>
                    <lemma type="stop"/>
                    <dep head="12-2" type="prep"/>
                </token>
                <token content="and" id="12-6"/>
                <token content="enjoy" id="12-7">
                    <pos type="VBP"/>
                    <lemma type="enjoy"/>
                    <dep head="12-2" type="conj"/>
                </token>
                <token content="brunch" id="12-8">
                    <pos type="NN"/>
                    <lemma type="brunch"/>
                    <dep head="12-7" type="dobj"/>
                </token>
                <token content="." id="12-9"/>
            </sentence>
            <sentence id="13">
                <token content="I" id="13-1">
                    <pos type="PRP"/>
                    <lemma type="I"/>
                    <dep head="13-2" type="nsubj"/>
                </token>
                <token content="like" id="13-2">
                    <pos type="VBP"/>
                    <lemma type="like"/>
                </token>
                <token content="riding" id="13-3">
                    <pos type="VBG"/>
                    <lemma type="ride"/>
                    <dep head="13-2" type="xcomp"/>
                </token>
                <token content="the" id="13-4">
                    <pos type="DT"/>
                    <lemma type="the"/>
                </token>
                <token content="bus" id="13-5">
                    <pos type="NN"/>
                    <lemma type="bus"/>
                    <dep head="13-3" type="dobj"/>
                </token>
                <token content="because" id="13-6"/>
                <token content="of" id="13-7"/>
                <token content="the" id="13-8">
                    <pos type="DT"/>
                    <lemma type="the"/>
                </token>
                <token content="convenience" id="13-9">
                    <pos type="NN"/>
                    <lemma type="convenience"/>
                </token>
                <token content="factor" id="13-10">
                    <pos type="NN"/>
                    <lemma type="factor"/>
                </token>
                <token content="," id="13-11"/>
                <token content="no" id="13-12">
                    <pos type="DT"/>
                    <lemma type="no"/>
                </token>
                <token content="parking" id="13-13">
                    <pos type="NN"/>
                    <lemma type="parking"/>
                </token>
                <token content="," id="13-14"/>
                <token content="and" id="13-15"/>
                <token content="it" id="13-16">
                    <pos type="PRP"/>
                    <lemma type="it"/>
                    <dep head="13-17" type="nsubj"/>
                </token>
                <token content="feels" id="13-17">
                    <pos type="VBZ"/>
                    <lemma type="feel"/>
                    <dep head="13-2" type="conj"/>
                </token>
                <token content="like" id="13-18">
                    <pos type="IN"/>
                    <lemma type="like"/>
                    <dep head="13-21" type="mark"/>
                </token>
                <token content="we" id="13-19">
                    <pos type="PRP"/>
                    <lemma type="we"/>
                    <dep head="13-21" type="nsubj"/>
                </token>
                <token content="are" id="13-20">
                    <pos type="VBP"/>
                    <lemma type="be"/>
                    <dep head="13-21" type="aux"/>
                </token>
                <token content="doing" id="13-21">
                    <pos type="VBG"/>
                    <lemma type="do"/>
                    <dep head="13-17" type="advcl"/>
                </token>
                <token content="something" id="13-22">
                    <pos type="NN"/>
                    <lemma type="something"/>
                    <dep head="13-21" type="dobj"/>
                </token>
                <token content="to" id="13-23">
                    <pos type="TO"/>
                    <lemma type="to"/>
                    <dep head="13-24" type="aux"/>
                </token>
                <token content="help" id="13-24">
                    <pos type="VB"/>
                    <lemma type="help"/>
                    <dep head="13-21" type="vmod"/>
                </token>
                <token content="the" id="13-25">
                    <pos type="DT"/>
                    <lemma type="the"/>
                </token>
                <token content="environment" id="13-26">
                    <pos type="NN"/>
                    <lemma type="environment"/>
                    <dep head="13-24" type="dobj"/>
                </token>
                <token content="." id="13-27"/>
            </sentence>
        </sentences>
    </text>
    <annotations>
        <participants>
            <label from="1-1" id="0" name="ScrPart_passenger" text="I" type="participant"/>
            <label from="1-4" id="1" name="NPart" text="Blacksburg" type="participant"/>
            <label from="1-6" id="2" name="NPart" text="Virginia" type="participant"/>
            <label from="1-11" id="3" name="ScrPart_passenger" text="friends" type="participant"/>
            <label from="1-15" id="4" name="NPart" text="Virginia Tech" to="1-16" type="participant"/>
            <label from="2-2" id="5" name="ScrPart_bus" text="bus" type="participant"/>
            <label from="2-3" id="6" name="ScrPart_route" text="route" type="participant"/>
            <label from="2-6" id="7" name="ScrPart_passenger" text="their" type="participant"/>
            <label from="2-7" id="8" name="NPart" text="apartment complex" to="2-8" type="participant"/>
            <label from="2-10" id="9" name="ScrPart_passenger" text="we" type="participant"/>
            <label from="2-13" id="10" name="ScrPart_bus" text="it" type="participant"/>
            <label from="2-14" id="11" name="NPart" text="downtown" type="participant"/>
            <label from="2-17" id="12" name="NPart" text="brunch" type="participant"/>
            <label from="2-21" id="13" name="NPart" text="night" type="participant"/>
            <label from="3-1" id="14" name="No_label" text="Nothing" type="participant"/>
            <label from="4-1" id="15" name="ScrPart_passenger" text="We" type="participant"/>
            <label from="4-8" id="16" name="ScrPart_bus_stop" text="bus stop" to="4-9" type="participant"/>
            <label from="4-9" id="17" name="ScrPart_bus_stop" text="stop" type="participant"/>
            <label from="5-1" id="18" name="ScrPart_bus_stop" text="There" type="participant"/>
            <label from="5-4" id="19" name="NPart" text="bench" type="participant"/>
            <label from="5-6" id="20" name="NPart" text="it" type="participant"/>
            <label from="5-13" id="21" name="NPart" text="doors" type="participant"/>
            <label from="6-2" id="22" name="ScrPart_bus" text="bus" type="participant"/>
            <label from="6-6" id="23" name="ScrPart_time/date" text="time" type="participant"/>
            <label from="6-8" id="24" name="ScrPart_passenger" text="we" type="participant"/>
            <label from="7-1" id="25" name="ScrPart_bus" text="It" type="participant"/>
            <label from="7-6" id="26" name="ScrPart_passenger" text="we" type="participant"/>
            <label from="7-11" id="27" name="ScrPart_seat_in_bus" text="seat" type="participant"/>
            <label from="8-3" id="28" name="ScrPart_bus_staff" text="bus drivers" to="8-4" type="participant"/>
            <label from="8-4" id="29" name="ScrPart_bus_staff" text="drivers" type="participant"/>
            <label from="8-8" id="30" name="ScrPart_passenger" text="we" type="participant"/>
            <label from="8-16" id="31" name="ScrPart_passenger" text="our" type="participant"/>
            <label from="8-17" id="32" name="ScrPart_seat_in_bus" text="seats" type="participant"/>
            <label from="9-2" id="33" name="ScrPart_ride" text="ride" type="participant"/>
            <label from="9-3" id="34" name="NPart" text="downtown" type="participant"/>
            <label from="9-7" id="35" name="ScrPart_time/date" text="minutes" type="participant"/>
            <label from="9-11" id="36" name="ScrPart_bus_stop" text="stops" type="participant"/>
            <label from="10-3" id="37" name="ScrPart_passenger" text="passengers" type="participant"/>
            <label from="10-11" id="38" name="Head_of_Partitive" text="groups" type="participant"/>
            <label from="10-13" id="39" name="NPart" text="friends" type="participant"/>
            <label from="10-16" id="40" name="NPart" text="races" type="participant"/>
            <label from="11-4" id="41" name="NPart" text="college" type="participant"/>
            <label from="11-7" id="42" name="NPart" text="Virginia Tech" to="11-8" type="participant"/>
            <label from="11-14" id="43" name="NPart" text="area" type="participant"/>
            <label from="11-17" id="44" name="NPart" text="cultures" type="participant"/>
            <label from="11-21" id="45" name="ScrPart_bus" text="bus" type="participant"/>
            <label from="11-29" id="46" name="ScrPart_passenger" text="groups" type="participant"/>
            <label from="12-1" id="47" name="ScrPart_passenger" text="We" type="participant"/>
            <label from="12-4" id="48" name="ScrPart_passenger" text="our" type="participant"/>
            <label from="12-5" id="49" name="ScrPart_bus_stop" text="stop" type="participant"/>
            <label from="12-8" id="50" name="NPart" text="brunch" type="participant"/>
            <label from="13-1" id="51" name="ScrPart_passenger" text="I" type="participant"/>
            <label from="13-5" id="52" name="ScrPart_bus" text="bus" type="participant"/>
            <label from="13-9" id="53" name="NPart" text="convenience factor" to="13-10" type="participant"/>
            <label from="13-10" id="54" name="NPart" text="factor" type="participant"/>
            <label from="13-16" id="55" name="No_label" text="it" type="participant"/>
            <label from="13-19" id="56" name="NPart" text="we" type="participant"/>
            <label from="13-22" id="57" name="No_label" text="something" type="participant"/>
            <label from="13-26" id="58" name="NPart" text="environment" type="participant"/>
        </participants>
        <events>
            <label from="1-2" id="59" name="UnrelEv" text="live" type="event"/>
            <label from="1-9" id="60" name="UnrelEv" text="stay" type="event"/>
            <label from="1-13" id="61" name="UnrelEv" text="live" type="event"/>
            <label from="2-2" id="62" name="Evoking" text="bus route" to="2-3" type="event"/>
            <label from="2-4" id="63" name="UnrelEv" text="stops" type="event"/>
            <label from="2-12" id="64" name="Evoking" text="ride it" to="2-13" type="event"/>
            <label from="2-12" id="65" name="ScrEv_ride" text="ride" type="event"/>
            <label from="2-16" id="66" name="UnrelEv" text="eat" type="event"/>
            <label from="3-4" id="67" name="UnrelEv" text="happens" type="event"/>
            <label from="4-2" id="68" name="UnrelEv" text="get" type="event"/>
            <label from="4-5" id="69" name="ScrEv_get_bus_stop" text="go" type="event"/>
            <label from="5-2" id="70" name="UnrelEv" text="'s" type="event"/>
            <label from="5-7" id="71" name="UnrelEv" text="'s" type="event"/>
            <label from="5-8" id="72" name="UnrelEv" text="covered" type="event"/>
            <label from="5-11" id="73" name="UnrelEv" text="'s" type="event"/>
            <label from="6-3" id="74" name="ScrEv_bus_comes" text="is" type="event"/>
            <label from="6-9" id="75" name="ScrEv_board_bus" text="hop on" to="6-10" type="event"/>
            <label from="6-9" id="76" name="ScrEv_board_bus" text="hop" type="event"/>
            <label from="7-2" id="77" name="RelNScrEv" text="'s" type="event"/>
            <label from="7-4" id="78" name="UnrelEv" text="crowded" type="event"/>
            <label from="7-7" id="79" name="UnrelEv" text="can" type="event"/>
            <label from="7-9" id="80" name="ScrEv_find_place" text="find" type="event"/>
            <label from="8-5" id="81" name="RelNScrEv" text="are" type="event"/>
            <label from="8-9" id="82" name="ScrEv_board_bus" text="hop on" to="8-10" type="event"/>
            <label from="8-9" id="83" name="ScrEv_board_bus" text="hop" type="event"/>
            <label from="8-12" id="84" name="ScrEv_get_ticket" text="pay" type="event"/>
            <label from="8-15" id="85" name="ScrEv_find_place" text="take" type="event"/>
            <label from="9-4" id="86" name="RelNScrEv" text="takes" type="event"/>
            <label from="10-5" id="87" name="UnrelEv" text="talk" type="event"/>
            <label from="10-17" id="88" name="UnrelEv" text="stick" type="event"/>
            <label from="11-1" id="89" name="UnrelEv" text="Being" type="event"/>
            <label from="11-9" id="90" name="UnrelEv" text="makes for" to="11-10" type="event"/>
            <label from="11-9" id="91" name="UnrelEv" text="makes" type="event"/>
            <label from="11-18" id="92" name="UnrelEv" text="intermingle" type="event"/>
            <label from="11-22" id="93" name="UnrelEv" text="seems" type="event"/>
            <label from="11-24" id="94" name="RelNScrEv" text="have" type="event"/>
            <label from="11-28" id="95" name="UnrelEv" text="segregated" type="event"/>
            <label from="12-2" id="96" name="ScrEv_ride" text="get to" to="12-3" type="event"/>
            <label from="12-2" id="97" name="ScrEv_ride" text="get" type="event"/>
            <label from="12-7" id="98" name="UnrelEv" text="enjoy" type="event"/>
            <label from="13-2" id="99" name="UnrelEv" text="like" type="event"/>
            <label from="13-3" id="100" name="ScrEv_ride" text="riding" type="event"/>
            <label from="13-13" id="101" name="UnrelEv" text="parking" type="event"/>
            <label from="13-17" id="102" name="UnrelEv" text="feels" type="event"/>
            <label from="13-21" id="103" name="UnrelEv" text="doing" type="event"/>
            <label from="13-24" id="104" name="UnrelEv" text="help" type="event"/>
        </events>
        <chains>
            <chain elements="0 3 9 15 24 26 30 31 47 48" name="group_I_friends"/>
            <chain elements="3 7"/>
            <chain elements="5 10 22 25 45"/>
            <chain elements="17 18"/>
            <chain elements="0 51"/>
            <chain elements="45 52" name="group_I_friends"/>
        </chains>
    </annotations>
</story>
