<?xml version="1.0" encoding="UTF-8" standalone="no"?>
<!DOCTYPE story SYSTEM "../InScript.dtd">
<story id="038" scenario="bus">
    <text>
        <content>I waited at the bus stop for my bus to come pick me up . 
It seemed to be running a little behind today . 
Finally , at 8:03 , the bus pulled up . 
There were other people at the stop as well , so I waited in lined for my turn to get on . 
I climbed the three steps up into the bus , and then deposited my change to pay for the trip . 
The fare was $ 1.50 so I put six quarters into the box . 
Then I walked down the aisle of the bus and looked for an empty seat . 
I found one next to a young person listening to music on their headphones . 
The bus pulled away from the curb . 
As we rode , I looked out the window and watched the stores and houses pass by . 
After about 10 minutes , we reached my stop . 
I waited for the bus to come to a complete stop and then exited , steeping down and then stepping back up the curb onto the sidewalk . 
Time to start another day ! </content>
        <sentences>
            <sentence id="1">
                <token content="I" id="1-1">
                    <pos type="PRP"/>
                    <lemma type="I"/>
                    <dep head="1-2" type="nsubj"/>
                </token>
                <token content="waited" id="1-2">
                    <pos type="VBD"/>
                    <lemma type="wait"/>
                </token>
                <token content="at" id="1-3"/>
                <token content="the" id="1-4">
                    <pos type="DT"/>
                    <lemma type="the"/>
                </token>
                <token content="bus" id="1-5">
                    <pos type="NN"/>
                    <lemma type="bus"/>
                </token>
                <token content="stop" id="1-6">
                    <pos type="NN"/>
                    <lemma type="stop"/>
                    <dep head="1-2" type="prep"/>
                </token>
                <token content="for" id="1-7"/>
                <token content="my" id="1-8">
                    <pos type="PRP$"/>
                    <lemma type="my"/>
                </token>
                <token content="bus" id="1-9">
                    <pos type="NN"/>
                    <lemma type="bus"/>
                    <dep head="1-2" type="prep"/>
                </token>
                <token content="to" id="1-10">
                    <pos type="TO"/>
                    <lemma type="to"/>
                    <dep head="1-11" type="aux"/>
                </token>
                <token content="come" id="1-11">
                    <pos type="VB"/>
                    <lemma type="come"/>
                </token>
                <token content="pick" id="1-12">
                    <pos type="VB"/>
                    <lemma type="pick"/>
                    <dep head="1-11" type="xcomp"/>
                </token>
                <token content="me" id="1-13">
                    <pos type="PRP"/>
                    <lemma type="I"/>
                    <dep head="1-12" type="dobj"/>
                </token>
                <token content="up" id="1-14">
                    <pos type="RP"/>
                    <lemma type="up"/>
                    <dep head="1-12" type="prt"/>
                </token>
                <token content="." id="1-15"/>
            </sentence>
            <sentence id="2">
                <token content="It" id="2-1">
                    <pos type="PRP"/>
                    <lemma type="it"/>
                    <dep head="2-2" type="nsubj"/>
                </token>
                <token content="seemed" id="2-2">
                    <pos type="VBD"/>
                    <lemma type="seem"/>
                </token>
                <token content="to" id="2-3">
                    <pos type="TO"/>
                    <lemma type="to"/>
                    <dep head="2-5" type="aux"/>
                </token>
                <token content="be" id="2-4">
                    <pos type="VB"/>
                    <lemma type="be"/>
                    <dep head="2-5" type="aux"/>
                </token>
                <token content="running" id="2-5">
                    <pos type="VBG"/>
                    <lemma type="run"/>
                    <dep head="2-2" type="xcomp"/>
                </token>
                <token content="a" id="2-6">
                    <pos type="DT"/>
                    <lemma type="a"/>
                </token>
                <token content="little" id="2-7">
                    <pos type="JJ"/>
                    <lemma type="little"/>
                </token>
                <token content="behind" id="2-8">
                    <pos type="NN"/>
                    <lemma type="behind"/>
                    <dep head="2-5" type="dobj"/>
                </token>
                <token content="today" id="2-9">
                    <pos type="NN"/>
                    <lemma type="today"/>
                    <dep head="2-5" type="tmod"/>
                </token>
                <token content="." id="2-10"/>
            </sentence>
            <sentence id="3">
                <token content="Finally" id="3-1">
                    <pos type="RB"/>
                    <lemma type="finally"/>
                    <dep head="3-8" type="advmod"/>
                </token>
                <token content="," id="3-2"/>
                <token content="at" id="3-3"/>
                <token content="8:03" id="3-4">
                    <pos type="CD"/>
                    <lemma type="8:03"/>
                    <dep head="3-8" type="prep"/>
                </token>
                <token content="," id="3-5"/>
                <token content="the" id="3-6">
                    <pos type="DT"/>
                    <lemma type="the"/>
                </token>
                <token content="bus" id="3-7">
                    <pos type="NN"/>
                    <lemma type="bus"/>
                    <dep head="3-8" type="nsubj"/>
                </token>
                <token content="pulled" id="3-8">
                    <pos type="VBD"/>
                    <lemma type="pull"/>
                </token>
                <token content="up" id="3-9">
                    <pos type="RP"/>
                    <lemma type="up"/>
                    <dep head="3-8" type="prt"/>
                </token>
                <token content="." id="3-10"/>
            </sentence>
            <sentence id="4">
                <token content="There" id="4-1">
                    <pos type="EX"/>
                    <lemma type="there"/>
                    <dep head="4-2" type="expl"/>
                </token>
                <token content="were" id="4-2">
                    <pos type="VBD"/>
                    <lemma type="be"/>
                </token>
                <token content="other" id="4-3">
                    <pos type="JJ"/>
                    <lemma type="other"/>
                </token>
                <token content="people" id="4-4">
                    <pos type="NNS"/>
                    <lemma type="people"/>
                    <dep head="4-2" type="nsubj"/>
                </token>
                <token content="at" id="4-5"/>
                <token content="the" id="4-6">
                    <pos type="DT"/>
                    <lemma type="the"/>
                </token>
                <token content="stop" id="4-7">
                    <pos type="NN"/>
                    <lemma type="stop"/>
                </token>
                <token content="as" id="4-8">
                    <pos type="RB"/>
                    <lemma type="as"/>
                </token>
                <token content="well" id="4-9">
                    <pos type="RB"/>
                    <lemma type="well"/>
                    <dep head="4-2" type="advmod"/>
                </token>
                <token content="," id="4-10"/>
                <token content="so" id="4-11">
                    <pos type="IN"/>
                    <lemma type="so"/>
                    <dep head="4-13" type="mark"/>
                </token>
                <token content="I" id="4-12">
                    <pos type="PRP"/>
                    <lemma type="I"/>
                    <dep head="4-13" type="nsubj"/>
                </token>
                <token content="waited" id="4-13">
                    <pos type="VBD"/>
                    <lemma type="wait"/>
                </token>
                <token content="in" id="4-14"/>
                <token content="lined" id="4-15">
                    <pos type="VBN"/>
                    <lemma type="line"/>
                    <dep head="4-13" type="prepc"/>
                </token>
                <token content="for" id="4-16"/>
                <token content="my" id="4-17">
                    <pos type="PRP$"/>
                    <lemma type="my"/>
                </token>
                <token content="turn" id="4-18">
                    <pos type="NN"/>
                    <lemma type="turn"/>
                    <dep head="4-15" type="prep"/>
                </token>
                <token content="to" id="4-19">
                    <pos type="TO"/>
                    <lemma type="to"/>
                    <dep head="4-20" type="aux"/>
                </token>
                <token content="get" id="4-20">
                    <pos type="VB"/>
                    <lemma type="get"/>
                </token>
                <token content="on" id="4-21">
                    <pos type="RP"/>
                    <lemma type="on"/>
                    <dep head="4-20" type="prt"/>
                </token>
                <token content="." id="4-22"/>
            </sentence>
            <sentence id="5">
                <token content="I" id="5-1">
                    <pos type="PRP"/>
                    <lemma type="I"/>
                    <dep head="5-2" type="nsubj"/>
                </token>
                <token content="climbed" id="5-2">
                    <pos type="VBD"/>
                    <lemma type="climb"/>
                </token>
                <token content="the" id="5-3">
                    <pos type="DT"/>
                    <lemma type="the"/>
                </token>
                <token content="three" id="5-4">
                    <pos type="CD"/>
                    <lemma type="three"/>
                </token>
                <token content="steps" id="5-5">
                    <pos type="NNS"/>
                    <lemma type="step"/>
                    <dep head="5-2" type="dobj"/>
                </token>
                <token content="up" id="5-6">
                    <pos type="RP"/>
                    <lemma type="up"/>
                    <dep head="5-2" type="prt"/>
                </token>
                <token content="into" id="5-7"/>
                <token content="the" id="5-8">
                    <pos type="DT"/>
                    <lemma type="the"/>
                </token>
                <token content="bus" id="5-9">
                    <pos type="NN"/>
                    <lemma type="bus"/>
                    <dep head="5-2" type="prep"/>
                </token>
                <token content="," id="5-10"/>
                <token content="and" id="5-11"/>
                <token content="then" id="5-12">
                    <pos type="RB"/>
                    <lemma type="then"/>
                    <dep head="5-13" type="advmod"/>
                </token>
                <token content="deposited" id="5-13">
                    <pos type="VBD"/>
                    <lemma type="deposit"/>
                    <dep head="5-2" type="conj"/>
                </token>
                <token content="my" id="5-14">
                    <pos type="PRP$"/>
                    <lemma type="my"/>
                </token>
                <token content="change" id="5-15">
                    <pos type="NN"/>
                    <lemma type="change"/>
                    <dep head="5-13" type="dobj"/>
                </token>
                <token content="to" id="5-16">
                    <pos type="TO"/>
                    <lemma type="to"/>
                    <dep head="5-17" type="aux"/>
                </token>
                <token content="pay" id="5-17">
                    <pos type="VB"/>
                    <lemma type="pay"/>
                    <dep head="5-13" type="vmod"/>
                </token>
                <token content="for" id="5-18"/>
                <token content="the" id="5-19">
                    <pos type="DT"/>
                    <lemma type="the"/>
                </token>
                <token content="trip" id="5-20">
                    <pos type="NN"/>
                    <lemma type="trip"/>
                    <dep head="5-17" type="prep"/>
                </token>
                <token content="." id="5-21"/>
            </sentence>
            <sentence id="6">
                <token content="The" id="6-1">
                    <pos type="DT"/>
                    <lemma type="the"/>
                </token>
                <token content="fare" id="6-2">
                    <pos type="NN"/>
                    <lemma type="fare"/>
                </token>
                <token content="was" id="6-3">
                    <pos type="VBD"/>
                    <lemma type="be"/>
                </token>
                <token content="$" id="6-4">
                    <pos type="$"/>
                    <lemma type="$"/>
                </token>
                <token content="1.50" id="6-5">
                    <pos type="CD"/>
                    <lemma type="1.50"/>
                </token>
                <token content="so" id="6-6">
                    <pos type="IN"/>
                    <lemma type="so"/>
                    <dep head="6-8" type="mark"/>
                </token>
                <token content="I" id="6-7">
                    <pos type="PRP"/>
                    <lemma type="I"/>
                    <dep head="6-8" type="nsubj"/>
                </token>
                <token content="put" id="6-8">
                    <pos type="VBD"/>
                    <lemma type="put"/>
                </token>
                <token content="six" id="6-9">
                    <pos type="CD"/>
                    <lemma type="six"/>
                </token>
                <token content="quarters" id="6-10">
                    <pos type="NNS"/>
                    <lemma type="quarter"/>
                    <dep head="6-8" type="dobj"/>
                </token>
                <token content="into" id="6-11"/>
                <token content="the" id="6-12">
                    <pos type="DT"/>
                    <lemma type="the"/>
                </token>
                <token content="box" id="6-13">
                    <pos type="NN"/>
                    <lemma type="box"/>
                    <dep head="6-8" type="prep"/>
                </token>
                <token content="." id="6-14"/>
            </sentence>
            <sentence id="7">
                <token content="Then" id="7-1">
                    <pos type="RB"/>
                    <lemma type="then"/>
                    <dep head="7-3" type="advmod"/>
                </token>
                <token content="I" id="7-2">
                    <pos type="PRP"/>
                    <lemma type="I"/>
                    <dep head="7-3" type="nsubj"/>
                </token>
                <token content="walked" id="7-3">
                    <pos type="VBD"/>
                    <lemma type="walk"/>
                </token>
                <token content="down" id="7-4">
                    <pos type="RP"/>
                    <lemma type="down"/>
                    <dep head="7-3" type="prt"/>
                </token>
                <token content="the" id="7-5">
                    <pos type="DT"/>
                    <lemma type="the"/>
                </token>
                <token content="aisle" id="7-6">
                    <pos type="NN"/>
                    <lemma type="aisle"/>
                    <dep head="7-3" type="dobj"/>
                </token>
                <token content="of" id="7-7"/>
                <token content="the" id="7-8">
                    <pos type="DT"/>
                    <lemma type="the"/>
                </token>
                <token content="bus" id="7-9">
                    <pos type="NN"/>
                    <lemma type="bus"/>
                </token>
                <token content="and" id="7-10"/>
                <token content="looked" id="7-11">
                    <pos type="VBD"/>
                    <lemma type="look"/>
                    <dep head="7-3" type="conj"/>
                </token>
                <token content="for" id="7-12"/>
                <token content="an" id="7-13">
                    <pos type="DT"/>
                    <lemma type="a"/>
                </token>
                <token content="empty" id="7-14">
                    <pos type="JJ"/>
                    <lemma type="empty"/>
                </token>
                <token content="seat" id="7-15">
                    <pos type="NN"/>
                    <lemma type="seat"/>
                    <dep head="7-11" type="prep"/>
                </token>
                <token content="." id="7-16"/>
            </sentence>
            <sentence id="8">
                <token content="I" id="8-1">
                    <pos type="PRP"/>
                    <lemma type="I"/>
                    <dep head="8-2" type="nsubj"/>
                </token>
                <token content="found" id="8-2">
                    <pos type="VBD"/>
                    <lemma type="find"/>
                </token>
                <token content="one" id="8-3">
                    <pos type="CD"/>
                    <lemma type="one"/>
                    <dep head="8-2" type="dobj"/>
                </token>
                <token content="next" id="8-4"/>
                <token content="to" id="8-5"/>
                <token content="a" id="8-6">
                    <pos type="DT"/>
                    <lemma type="a"/>
                </token>
                <token content="young" id="8-7">
                    <pos type="JJ"/>
                    <lemma type="young"/>
                </token>
                <token content="person" id="8-8">
                    <pos type="NN"/>
                    <lemma type="person"/>
                    <dep head="8-2" type="prep"/>
                </token>
                <token content="listening" id="8-9">
                    <pos type="VBG"/>
                    <lemma type="listen"/>
                </token>
                <token content="to" id="8-10"/>
                <token content="music" id="8-11">
                    <pos type="NN"/>
                    <lemma type="music"/>
                    <dep head="8-9" type="prep"/>
                </token>
                <token content="on" id="8-12"/>
                <token content="their" id="8-13">
                    <pos type="PRP$"/>
                    <lemma type="they"/>
                </token>
                <token content="headphones" id="8-14">
                    <pos type="NNS"/>
                    <lemma type="headphone"/>
                    <dep head="8-9" type="prep"/>
                </token>
                <token content="." id="8-15"/>
            </sentence>
            <sentence id="9">
                <token content="The" id="9-1">
                    <pos type="DT"/>
                    <lemma type="the"/>
                </token>
                <token content="bus" id="9-2">
                    <pos type="NN"/>
                    <lemma type="bus"/>
                    <dep head="9-3" type="nsubj"/>
                </token>
                <token content="pulled" id="9-3">
                    <pos type="VBD"/>
                    <lemma type="pull"/>
                </token>
                <token content="away" id="9-4"/>
                <token content="from" id="9-5"/>
                <token content="the" id="9-6">
                    <pos type="DT"/>
                    <lemma type="the"/>
                </token>
                <token content="curb" id="9-7">
                    <pos type="NN"/>
                    <lemma type="curb"/>
                    <dep head="9-3" type="prep"/>
                </token>
                <token content="." id="9-8"/>
            </sentence>
            <sentence id="10">
                <token content="As" id="10-1">
                    <pos type="IN"/>
                    <lemma type="as"/>
                    <dep head="10-3" type="mark"/>
                </token>
                <token content="we" id="10-2">
                    <pos type="PRP"/>
                    <lemma type="we"/>
                    <dep head="10-3" type="nsubj"/>
                </token>
                <token content="rode" id="10-3">
                    <pos type="VBD"/>
                    <lemma type="ride"/>
                    <dep head="10-6" type="advcl"/>
                </token>
                <token content="," id="10-4"/>
                <token content="I" id="10-5">
                    <pos type="PRP"/>
                    <lemma type="I"/>
                    <dep head="10-6" type="nsubj"/>
                </token>
                <token content="looked" id="10-6">
                    <pos type="VBD"/>
                    <lemma type="look"/>
                </token>
                <token content="out" id="10-7">
                    <pos type="RP"/>
                    <lemma type="out"/>
                    <dep head="10-6" type="prt"/>
                </token>
                <token content="the" id="10-8">
                    <pos type="DT"/>
                    <lemma type="the"/>
                </token>
                <token content="window" id="10-9">
                    <pos type="NN"/>
                    <lemma type="window"/>
                    <dep head="10-6" type="dobj"/>
                </token>
                <token content="and" id="10-10"/>
                <token content="watched" id="10-11">
                    <pos type="VBD"/>
                    <lemma type="watch"/>
                    <dep head="10-6" type="conj"/>
                </token>
                <token content="the" id="10-12">
                    <pos type="DT"/>
                    <lemma type="the"/>
                </token>
                <token content="stores" id="10-13">
                    <pos type="NNS"/>
                    <lemma type="store"/>
                    <dep head="10-16" type="nsubj"/>
                </token>
                <token content="and" id="10-14"/>
                <token content="houses" id="10-15">
                    <pos type="NNS"/>
                    <lemma type="house"/>
                </token>
                <token content="pass" id="10-16">
                    <pos type="VBP"/>
                    <lemma type="pass"/>
                    <dep head="10-11" type="ccomp"/>
                </token>
                <token content="by" id="10-17">
                    <pos type="IN"/>
                    <lemma type="by"/>
                    <dep head="10-16" type="prep"/>
                </token>
                <token content="." id="10-18"/>
            </sentence>
            <sentence id="11">
                <token content="After" id="11-1"/>
                <token content="about" id="11-2">
                    <pos type="RB"/>
                    <lemma type="about"/>
                </token>
                <token content="10" id="11-3">
                    <pos type="CD"/>
                    <lemma type="10"/>
                </token>
                <token content="minutes" id="11-4">
                    <pos type="NNS"/>
                    <lemma type="minute"/>
                    <dep head="11-7" type="prep"/>
                </token>
                <token content="," id="11-5"/>
                <token content="we" id="11-6">
                    <pos type="PRP"/>
                    <lemma type="we"/>
                    <dep head="11-7" type="nsubj"/>
                </token>
                <token content="reached" id="11-7">
                    <pos type="VBD"/>
                    <lemma type="reach"/>
                </token>
                <token content="my" id="11-8">
                    <pos type="PRP$"/>
                    <lemma type="my"/>
                </token>
                <token content="stop" id="11-9">
                    <pos type="NN"/>
                    <lemma type="stop"/>
                    <dep head="11-7" type="dobj"/>
                </token>
                <token content="." id="11-10"/>
            </sentence>
            <sentence id="12">
                <token content="I" id="12-1">
                    <pos type="PRP"/>
                    <lemma type="I"/>
                    <dep head="12-2" type="nsubj"/>
                </token>
                <token content="waited" id="12-2">
                    <pos type="VBD"/>
                    <lemma type="wait"/>
                </token>
                <token content="for" id="12-3"/>
                <token content="the" id="12-4">
                    <pos type="DT"/>
                    <lemma type="the"/>
                </token>
                <token content="bus" id="12-5">
                    <pos type="NN"/>
                    <lemma type="bus"/>
                    <dep head="12-2" type="prep"/>
                </token>
                <token content="to" id="12-6">
                    <pos type="TO"/>
                    <lemma type="to"/>
                    <dep head="12-7" type="aux"/>
                </token>
                <token content="come" id="12-7">
                    <pos type="VB"/>
                    <lemma type="come"/>
                    <dep head="12-2" type="xcomp"/>
                </token>
                <token content="to" id="12-8"/>
                <token content="a" id="12-9">
                    <pos type="DT"/>
                    <lemma type="a"/>
                </token>
                <token content="complete" id="12-10">
                    <pos type="JJ"/>
                    <lemma type="complete"/>
                </token>
                <token content="stop" id="12-11">
                    <pos type="NN"/>
                    <lemma type="stop"/>
                    <dep head="12-7" type="prep"/>
                </token>
                <token content="and" id="12-12"/>
                <token content="then" id="12-13">
                    <pos type="RB"/>
                    <lemma type="then"/>
                    <dep head="12-14" type="advmod"/>
                </token>
                <token content="exited" id="12-14">
                    <pos type="VBD"/>
                    <lemma type="exit"/>
                    <dep head="12-2" type="conj"/>
                </token>
                <token content="," id="12-15"/>
                <token content="steeping" id="12-16">
                    <pos type="VBG"/>
                    <lemma type="steep"/>
                    <dep head="12-2" type="ccomp"/>
                </token>
                <token content="down" id="12-17">
                    <pos type="RP"/>
                    <lemma type="down"/>
                    <dep head="12-16" type="prt"/>
                </token>
                <token content="and" id="12-18"/>
                <token content="then" id="12-19">
                    <pos type="RB"/>
                    <lemma type="then"/>
                    <dep head="12-20" type="advmod"/>
                </token>
                <token content="stepping" id="12-20">
                    <pos type="VBG"/>
                    <lemma type="step"/>
                    <dep head="12-16" type="conj"/>
                </token>
                <token content="back" id="12-21">
                    <pos type="RP"/>
                    <lemma type="back"/>
                    <dep head="12-20" type="prt"/>
                </token>
                <token content="up" id="12-22">
                    <pos type="RB"/>
                    <lemma type="up"/>
                    <dep head="12-20" type="advmod"/>
                </token>
                <token content="the" id="12-23">
                    <pos type="DT"/>
                    <lemma type="the"/>
                </token>
                <token content="curb" id="12-24">
                    <pos type="NN"/>
                    <lemma type="curb"/>
                </token>
                <token content="onto" id="12-25"/>
                <token content="the" id="12-26">
                    <pos type="DT"/>
                    <lemma type="the"/>
                </token>
                <token content="sidewalk" id="12-27">
                    <pos type="NN"/>
                    <lemma type="sidewalk"/>
                </token>
                <token content="." id="12-28"/>
            </sentence>
            <sentence id="13">
                <token content="Time" id="13-1">
                    <pos type="NNP"/>
                    <lemma type="Time"/>
                </token>
                <token content="to" id="13-2">
                    <pos type="TO"/>
                    <lemma type="to"/>
                    <dep head="13-3" type="aux"/>
                </token>
                <token content="start" id="13-3">
                    <pos type="VB"/>
                    <lemma type="start"/>
                </token>
                <token content="another" id="13-4">
                    <pos type="DT"/>
                    <lemma type="another"/>
                </token>
                <token content="day" id="13-5">
                    <pos type="NN"/>
                    <lemma type="day"/>
                    <dep head="13-3" type="tmod"/>
                </token>
                <token content="!" id="13-6"/>
            </sentence>
        </sentences>
    </text>
    <annotations>
        <participants>
            <label from="1-1" id="0" name="ScrPart_passenger" text="I" type="participant"/>
            <label from="1-5" id="1" name="ScrPart_bus_stop" text="bus stop" to="1-6" type="participant"/>
            <label from="1-6" id="2" name="ScrPart_bus_stop" text="stop" type="participant"/>
            <label from="1-8" id="3" name="ScrPart_passenger" text="my" type="participant"/>
            <label from="1-9" id="4" name="ScrPart_bus" text="bus" type="participant"/>
            <label from="1-13" id="5" name="ScrPart_passenger" text="me" type="participant"/>
            <label from="2-1" id="6" name="ScrPart_bus" text="It" type="participant"/>
            <label from="3-4" id="7" name="ScrPart_time/date" text="8:03" type="participant"/>
            <label from="3-7" id="8" name="ScrPart_bus" text="bus" type="participant"/>
            <label from="4-4" id="9" name="ScrPart_passenger" text="people" type="participant"/>
            <label from="4-7" id="10" name="ScrPart_bus_stop" text="stop" type="participant"/>
            <label from="4-12" id="11" name="ScrPart_passenger" text="I" type="participant"/>
            <label from="4-15" id="12" name="No_label" text="lined" type="participant"/>
            <label from="4-17" id="13" name="ScrPart_passenger" text="my" type="participant"/>
            <label from="4-18" id="14" name="No_label" text="turn" type="participant"/>
            <label from="5-1" id="15" name="ScrPart_passenger" text="I" type="participant"/>
            <label from="5-5" id="16" name="NPart" text="steps" type="participant"/>
            <label from="5-9" id="17" name="ScrPart_bus" text="bus" type="participant"/>
            <label from="5-14" id="18" name="ScrPart_passenger" text="my" type="participant"/>
            <label from="5-15" id="19" name="ScrPart_money" text="change" type="participant"/>
            <label from="5-20" id="20" name="ScrPart_ride" text="trip" type="participant"/>
            <label from="6-2" id="21" name="ScrPart_money" text="fare" type="participant"/>
            <label from="6-5" id="22" name="ScrPart_money" text="1.50" type="participant"/>
            <label from="6-7" id="23" name="ScrPart_passenger" text="I" type="participant"/>
            <label from="6-9" id="24" name="ScrPart_money" text="six quarters" to="6-10" type="participant"/>
            <label from="6-13" id="25" name="ScrPart_payment_machine" text="box" type="participant"/>
            <label from="7-2" id="26" name="ScrPart_passenger" text="I" type="participant"/>
            <label from="7-6" id="27" name="NPart" text="aisle" type="participant"/>
            <label from="7-9" id="28" name="ScrPart_bus" text="bus" type="participant"/>
            <label from="7-15" id="29" name="ScrPart_seat_in_bus" text="seat" type="participant"/>
            <label from="8-1" id="30" name="ScrPart_passenger" text="I" type="participant"/>
            <label from="8-3" id="31" name="ScrPart_seat_in_bus" text="one" type="participant"/>
            <label from="8-8" id="32" name="ScrPart_passenger" text="person" type="participant"/>
            <label from="8-11" id="33" name="ScrPart_in-bus_entertainment" text="music" type="participant"/>
            <label from="8-13" id="34" name="ScrPart_passenger" text="their" type="participant"/>
            <label from="8-14" id="35" name="ScrPart_in-bus_entertainment" text="headphones" type="participant"/>
            <label from="9-2" id="36" name="ScrPart_bus" text="bus" type="participant"/>
            <label from="9-7" id="37" name="NPart" text="curb" type="participant"/>
            <label from="10-2" id="38" name="ScrPart_bus" text="we" type="participant"/>
            <label from="10-5" id="39" name="ScrPart_passenger" text="I" type="participant"/>
            <label from="10-9" id="40" name="ScrPart_in-bus_entertainment" text="window" type="participant"/>
            <label from="10-13" id="41" name="ScrPart_in-bus_entertainment" text="stores" type="participant"/>
            <label from="10-15" id="42" name="ScrPart_in-bus_entertainment" text="houses" type="participant"/>
            <label from="11-3" id="43" name="ScrPart_time/date" text="10 minutes" to="11-4" type="participant"/>
            <label from="11-6" id="44" name="ScrPart_bus" text="we" type="participant"/>
            <label from="11-8" id="45" name="ScrPart_passenger" text="my" type="participant"/>
            <label from="11-9" id="46" name="ScrPart_destination" text="stop" type="participant"/>
            <label from="12-1" id="47" name="ScrPart_passenger" text="I" type="participant"/>
            <label from="12-5" id="48" name="ScrPart_bus" text="bus" type="participant"/>
            <label from="12-11" id="49" name="SuppVComp" text="stop" type="participant"/>
            <label from="12-24" id="50" name="NPart" text="curb" type="participant"/>
            <label from="12-27" id="51" name="NPart" text="sidewalk" type="participant"/>
            <label from="13-1" id="52" name="No_label" text="Time" type="participant"/>
            <label from="13-5" id="53" name="NPart" text="day" type="participant"/>
        </participants>
        <events>
            <label from="1-2" id="54" name="ScrEv_wait" text="waited" type="event"/>
            <label from="1-11" id="55" name="ScrEv_bus_comes" text="come" type="event"/>
            <label from="1-12" id="56" name="ScrEv_board_bus" text="pick" type="event"/>
            <label from="2-2" id="57" name="UnrelEv" text="seemed" type="event"/>
            <label from="2-5" id="58" name="RelNScrEv" text="running" type="event"/>
            <label from="3-8" id="59" name="ScrEv_bus_comes" text="pulled up" to="3-9" type="event"/>
            <label from="4-2" id="60" name="UnrelEv" text="were" type="event"/>
            <label from="4-13" id="61" name="RelNScrEv" text="waited" type="event"/>
            <label from="4-20" id="62" name="ScrEv_board_bus" text="get on" to="4-21" type="event"/>
            <label from="5-2" id="63" name="ScrEv_board_bus" text="climbed" type="event"/>
            <label from="5-13" id="64" name="ScrEv_get_ticket" text="deposited" type="event"/>
            <label from="5-17" id="65" name="ScrEv_get_ticket" text="pay" type="event"/>
            <label from="6-3" id="66" name="UnrelEv" text="was" type="event"/>
            <label from="6-8" id="67" name="ScrEv_get_ticket" text="put" type="event"/>
            <label from="7-3" id="68" name="RelNScrEv" text="walked" type="event"/>
            <label from="7-11" id="69" name="ScrEv_find_place" text="looked for" to="7-12" type="event"/>
            <label from="8-2" id="70" name="ScrEv_find_place" text="found" type="event"/>
            <label from="8-9" id="71" name="ScrEv_spend_time_bus" text="listening to" to="8-10" type="event"/>
            <label from="9-3" id="72" name="ScrEv_bus_leaves" text="pulled away" to="9-4" type="event"/>
            <label from="10-3" id="73" name="ScrEv_ride" text="rode" type="event"/>
            <label from="10-6" id="74" name="ScrEv_spend_time_bus" text="looked out" to="10-7" type="event"/>
            <label from="10-11" id="75" name="ScrEv_spend_time_bus" text="watched" type="event"/>
            <label from="10-16" id="76" name="RelNScrEv" text="pass by" to="10-17" type="event"/>
            <label from="11-7" id="77" name="ScrEv_bus_stops" text="reached" type="event"/>
            <label from="12-2" id="78" name="RelNScrEv" text="waited" type="event"/>
            <label from="12-7" id="79" name="ScrEv_bus_stops" text="come" type="event"/>
            <label from="12-14" id="80" name="ScrEv_get_off" text="exited" type="event"/>
            <label from="12-16" id="81" name="ScrEv_get_off" text="steeping down" to="12-17" type="event"/>
            <label from="12-20" id="82" name="ScrEv_get_off" text="stepping" type="event"/>
            <label from="13-3" id="83" name="UnrelEv" text="start" type="event"/>
        </events>
        <chains>
            <chain elements="3 0 5 11 13 15 18"/>
            <chain elements="10 2"/>
            <chain elements="6 4 8 17 28 36 38 44 48"/>
            <chain elements="22 19 24 21"/>
            <chain elements="26 23 30 39 45 47"/>
            <chain elements="31 29"/>
            <chain elements="34 32"/>
        </chains>
    </annotations>
</story>
