<?xml version="1.0" encoding="UTF-8" standalone="no"?>
<!DOCTYPE story SYSTEM "../InScript.dtd">
<story id="007" scenario="bus">
    <text>
        <content>I took a public bus to get the work this morning . 
At around 8 am , I left my apartment and walked to the nearest bus stop which was about a 10 minute walk from home . 
Once I got there , I waited for the bus to arrive along with two other people . 
After about 15 minutes , an express bus heading to Manhattan arrived . 
I boarded the bus and paid the driver my fare . 
I then walked to a window seat near the front of the bus , that was free . 
It was pretty early , and the bus was initially somewhat empty . 
However , several stops later , the bus was filled with fellow commuters heading to work . 
Along the way , the bus passed through about 5 different towns while traveling on local roads , before headed out to the George Washington Bridge to get to Manhattan . 
While getting there , the bus ran into a traffic jam which caused a 20 minute delay . 
After working its way through traffic , the bus made it onto the bridge , and several minutes later , we were at the bus terminal on 178th Street . 
Once we got there , the bus stopped and the driver let us out , whereby I then walked to the office . </content>
        <sentences>
            <sentence id="1">
                <token content="I" id="1-1">
                    <pos type="PRP"/>
                    <lemma type="I"/>
                    <dep head="1-2" type="nsubj"/>
                </token>
                <token content="took" id="1-2">
                    <pos type="VBD"/>
                    <lemma type="take"/>
                </token>
                <token content="a" id="1-3">
                    <pos type="DT"/>
                    <lemma type="a"/>
                </token>
                <token content="public" id="1-4">
                    <pos type="JJ"/>
                    <lemma type="public"/>
                </token>
                <token content="bus" id="1-5">
                    <pos type="NN"/>
                    <lemma type="bus"/>
                    <dep head="1-2" type="dobj"/>
                </token>
                <token content="to" id="1-6">
                    <pos type="TO"/>
                    <lemma type="to"/>
                    <dep head="1-7" type="aux"/>
                </token>
                <token content="get" id="1-7">
                    <pos type="VB"/>
                    <lemma type="get"/>
                    <dep head="1-2" type="vmod"/>
                </token>
                <token content="the" id="1-8">
                    <pos type="DT"/>
                    <lemma type="the"/>
                </token>
                <token content="work" id="1-9">
                    <pos type="NN"/>
                    <lemma type="work"/>
                    <dep head="1-7" type="dobj"/>
                </token>
                <token content="this" id="1-10">
                    <pos type="DT"/>
                    <lemma type="this"/>
                </token>
                <token content="morning" id="1-11">
                    <pos type="NN"/>
                    <lemma type="morning"/>
                    <dep head="1-7" type="tmod"/>
                </token>
                <token content="." id="1-12"/>
            </sentence>
            <sentence id="2">
                <token content="At" id="2-1"/>
                <token content="around" id="2-2">
                    <pos type="RB"/>
                    <lemma type="around"/>
                </token>
                <token content="8" id="2-3">
                    <pos type="CD"/>
                    <lemma type="8"/>
                    <dep head="2-7" type="prep"/>
                </token>
                <token content="am" id="2-4">
                    <pos type="RB"/>
                    <lemma type="am"/>
                </token>
                <token content="," id="2-5"/>
                <token content="I" id="2-6">
                    <pos type="PRP"/>
                    <lemma type="I"/>
                    <dep head="2-7" type="nsubj"/>
                </token>
                <token content="left" id="2-7">
                    <pos type="VBD"/>
                    <lemma type="leave"/>
                </token>
                <token content="my" id="2-8">
                    <pos type="PRP$"/>
                    <lemma type="my"/>
                </token>
                <token content="apartment" id="2-9">
                    <pos type="NN"/>
                    <lemma type="apartment"/>
                    <dep head="2-7" type="dobj"/>
                </token>
                <token content="and" id="2-10"/>
                <token content="walked" id="2-11">
                    <pos type="VBD"/>
                    <lemma type="walk"/>
                    <dep head="2-7" type="conj"/>
                </token>
                <token content="to" id="2-12"/>
                <token content="the" id="2-13">
                    <pos type="DT"/>
                    <lemma type="the"/>
                </token>
                <token content="nearest" id="2-14">
                    <pos type="JJS"/>
                    <lemma type="nearest"/>
                </token>
                <token content="bus" id="2-15">
                    <pos type="NN"/>
                    <lemma type="bus"/>
                </token>
                <token content="stop" id="2-16">
                    <pos type="NN"/>
                    <lemma type="stop"/>
                    <dep head="2-11" type="prep"/>
                </token>
                <token content="which" id="2-17">
                    <pos type="WDT"/>
                    <lemma type="which"/>
                    <dep head="2-18" type="nsubj"/>
                </token>
                <token content="was" id="2-18">
                    <pos type="VBD"/>
                    <lemma type="be"/>
                </token>
                <token content="about" id="2-19"/>
                <token content="a" id="2-20">
                    <pos type="DT"/>
                    <lemma type="a"/>
                </token>
                <token content="10" id="2-21">
                    <pos type="CD"/>
                    <lemma type="10"/>
                </token>
                <token content="minute" id="2-22">
                    <pos type="NN"/>
                    <lemma type="minute"/>
                </token>
                <token content="walk" id="2-23">
                    <pos type="NN"/>
                    <lemma type="walk"/>
                    <dep head="2-18" type="prep"/>
                </token>
                <token content="from" id="2-24"/>
                <token content="home" id="2-25">
                    <pos type="NN"/>
                    <lemma type="home"/>
                </token>
                <token content="." id="2-26"/>
            </sentence>
            <sentence id="3">
                <token content="Once" id="3-1">
                    <pos type="IN"/>
                    <lemma type="once"/>
                    <dep head="3-3" type="mark"/>
                </token>
                <token content="I" id="3-2">
                    <pos type="PRP"/>
                    <lemma type="I"/>
                    <dep head="3-3" type="nsubj"/>
                </token>
                <token content="got" id="3-3">
                    <pos type="VBD"/>
                    <lemma type="get"/>
                    <dep head="3-7" type="advcl"/>
                </token>
                <token content="there" id="3-4">
                    <pos type="RB"/>
                    <lemma type="there"/>
                    <dep head="3-3" type="advmod"/>
                </token>
                <token content="," id="3-5"/>
                <token content="I" id="3-6">
                    <pos type="PRP"/>
                    <lemma type="I"/>
                    <dep head="3-7" type="nsubj"/>
                </token>
                <token content="waited" id="3-7">
                    <pos type="VBD"/>
                    <lemma type="wait"/>
                </token>
                <token content="for" id="3-8"/>
                <token content="the" id="3-9">
                    <pos type="DT"/>
                    <lemma type="the"/>
                </token>
                <token content="bus" id="3-10">
                    <pos type="NN"/>
                    <lemma type="bus"/>
                    <dep head="3-7" type="prep"/>
                </token>
                <token content="to" id="3-11">
                    <pos type="TO"/>
                    <lemma type="to"/>
                    <dep head="3-12" type="aux"/>
                </token>
                <token content="arrive" id="3-12">
                    <pos type="VB"/>
                    <lemma type="arrive"/>
                    <dep head="3-7" type="xcomp"/>
                </token>
                <token content="along" id="3-13"/>
                <token content="with" id="3-14"/>
                <token content="two" id="3-15">
                    <pos type="CD"/>
                    <lemma type="two"/>
                </token>
                <token content="other" id="3-16">
                    <pos type="JJ"/>
                    <lemma type="other"/>
                </token>
                <token content="people" id="3-17">
                    <pos type="NNS"/>
                    <lemma type="people"/>
                    <dep head="3-12" type="prep"/>
                </token>
                <token content="." id="3-18"/>
            </sentence>
            <sentence id="4">
                <token content="After" id="4-1"/>
                <token content="about" id="4-2">
                    <pos type="RB"/>
                    <lemma type="about"/>
                </token>
                <token content="15" id="4-3">
                    <pos type="CD"/>
                    <lemma type="15"/>
                </token>
                <token content="minutes" id="4-4">
                    <pos type="NNS"/>
                    <lemma type="minute"/>
                    <dep head="4-12" type="prep"/>
                </token>
                <token content="," id="4-5"/>
                <token content="an" id="4-6">
                    <pos type="DT"/>
                    <lemma type="a"/>
                </token>
                <token content="express" id="4-7">
                    <pos type="JJ"/>
                    <lemma type="express"/>
                </token>
                <token content="bus" id="4-8">
                    <pos type="NN"/>
                    <lemma type="bus"/>
                    <dep head="4-12" type="nsubj"/>
                </token>
                <token content="heading" id="4-9">
                    <pos type="VBG"/>
                    <lemma type="head"/>
                </token>
                <token content="to" id="4-10"/>
                <token content="Manhattan" id="4-11">
                    <pos type="NNP"/>
                    <lemma type="Manhattan"/>
                    <dep head="4-9" type="prep"/>
                </token>
                <token content="arrived" id="4-12">
                    <pos type="VBD"/>
                    <lemma type="arrive"/>
                </token>
                <token content="." id="4-13"/>
            </sentence>
            <sentence id="5">
                <token content="I" id="5-1">
                    <pos type="PRP"/>
                    <lemma type="I"/>
                    <dep head="5-2" type="nsubj"/>
                </token>
                <token content="boarded" id="5-2">
                    <pos type="VBD"/>
                    <lemma type="board"/>
                </token>
                <token content="the" id="5-3">
                    <pos type="DT"/>
                    <lemma type="the"/>
                </token>
                <token content="bus" id="5-4">
                    <pos type="NN"/>
                    <lemma type="bus"/>
                    <dep head="5-2" type="dobj"/>
                </token>
                <token content="and" id="5-5"/>
                <token content="paid" id="5-6">
                    <pos type="VBD"/>
                    <lemma type="pay"/>
                    <dep head="5-2" type="conj"/>
                </token>
                <token content="the" id="5-7">
                    <pos type="DT"/>
                    <lemma type="the"/>
                </token>
                <token content="driver" id="5-8">
                    <pos type="NN"/>
                    <lemma type="driver"/>
                    <dep head="5-6" type="iobj"/>
                </token>
                <token content="my" id="5-9">
                    <pos type="PRP$"/>
                    <lemma type="my"/>
                </token>
                <token content="fare" id="5-10">
                    <pos type="NN"/>
                    <lemma type="fare"/>
                    <dep head="5-6" type="dobj"/>
                </token>
                <token content="." id="5-11"/>
            </sentence>
            <sentence id="6">
                <token content="I" id="6-1">
                    <pos type="PRP"/>
                    <lemma type="I"/>
                    <dep head="6-3" type="nsubj"/>
                </token>
                <token content="then" id="6-2">
                    <pos type="RB"/>
                    <lemma type="then"/>
                    <dep head="6-3" type="advmod"/>
                </token>
                <token content="walked" id="6-3">
                    <pos type="VBD"/>
                    <lemma type="walk"/>
                </token>
                <token content="to" id="6-4"/>
                <token content="a" id="6-5">
                    <pos type="DT"/>
                    <lemma type="a"/>
                </token>
                <token content="window" id="6-6">
                    <pos type="NN"/>
                    <lemma type="window"/>
                </token>
                <token content="seat" id="6-7">
                    <pos type="NN"/>
                    <lemma type="seat"/>
                    <dep head="6-3" type="prep"/>
                </token>
                <token content="near" id="6-8"/>
                <token content="the" id="6-9">
                    <pos type="DT"/>
                    <lemma type="the"/>
                </token>
                <token content="front" id="6-10">
                    <pos type="NN"/>
                    <lemma type="front"/>
                    <dep head="6-3" type="prep"/>
                </token>
                <token content="of" id="6-11"/>
                <token content="the" id="6-12">
                    <pos type="DT"/>
                    <lemma type="the"/>
                </token>
                <token content="bus" id="6-13">
                    <pos type="NN"/>
                    <lemma type="bus"/>
                </token>
                <token content="," id="6-14"/>
                <token content="that" id="6-15">
                    <pos type="WDT"/>
                    <lemma type="that"/>
                </token>
                <token content="was" id="6-16">
                    <pos type="VBD"/>
                    <lemma type="be"/>
                </token>
                <token content="free" id="6-17">
                    <pos type="JJ"/>
                    <lemma type="free"/>
                </token>
                <token content="." id="6-18"/>
            </sentence>
            <sentence id="7">
                <token content="It" id="7-1">
                    <pos type="PRP"/>
                    <lemma type="it"/>
                </token>
                <token content="was" id="7-2">
                    <pos type="VBD"/>
                    <lemma type="be"/>
                </token>
                <token content="pretty" id="7-3">
                    <pos type="RB"/>
                    <lemma type="pretty"/>
                </token>
                <token content="early" id="7-4">
                    <pos type="JJ"/>
                    <lemma type="early"/>
                </token>
                <token content="," id="7-5"/>
                <token content="and" id="7-6"/>
                <token content="the" id="7-7">
                    <pos type="DT"/>
                    <lemma type="the"/>
                </token>
                <token content="bus" id="7-8">
                    <pos type="NN"/>
                    <lemma type="bus"/>
                </token>
                <token content="was" id="7-9">
                    <pos type="VBD"/>
                    <lemma type="be"/>
                </token>
                <token content="initially" id="7-10">
                    <pos type="RB"/>
                    <lemma type="initially"/>
                </token>
                <token content="somewhat" id="7-11">
                    <pos type="RB"/>
                    <lemma type="somewhat"/>
                </token>
                <token content="empty" id="7-12">
                    <pos type="JJ"/>
                    <lemma type="empty"/>
                </token>
                <token content="." id="7-13"/>
            </sentence>
            <sentence id="8">
                <token content="However" id="8-1">
                    <pos type="RB"/>
                    <lemma type="however"/>
                    <dep head="8-10" type="advmod"/>
                </token>
                <token content="," id="8-2"/>
                <token content="several" id="8-3">
                    <pos type="JJ"/>
                    <lemma type="several"/>
                </token>
                <token content="stops" id="8-4">
                    <pos type="NNS"/>
                    <lemma type="stop"/>
                </token>
                <token content="later" id="8-5">
                    <pos type="RB"/>
                    <lemma type="later"/>
                    <dep head="8-10" type="advmod"/>
                </token>
                <token content="," id="8-6"/>
                <token content="the" id="8-7">
                    <pos type="DT"/>
                    <lemma type="the"/>
                </token>
                <token content="bus" id="8-8">
                    <pos type="NN"/>
                    <lemma type="bus"/>
                    <dep head="8-10" type="nsubjpass"/>
                </token>
                <token content="was" id="8-9">
                    <pos type="VBD"/>
                    <lemma type="be"/>
                    <dep head="8-10" type="auxpass"/>
                </token>
                <token content="filled" id="8-10">
                    <pos type="VBN"/>
                    <lemma type="fill"/>
                </token>
                <token content="with" id="8-11"/>
                <token content="fellow" id="8-12">
                    <pos type="JJ"/>
                    <lemma type="fellow"/>
                </token>
                <token content="commuters" id="8-13">
                    <pos type="NNS"/>
                    <lemma type="commuter"/>
                    <dep head="8-10" type="prep"/>
                </token>
                <token content="heading" id="8-14">
                    <pos type="VBG"/>
                    <lemma type="head"/>
                </token>
                <token content="to" id="8-15">
                    <pos type="TO"/>
                    <lemma type="to"/>
                    <dep head="8-16" type="aux"/>
                </token>
                <token content="work" id="8-16">
                    <pos type="VB"/>
                    <lemma type="work"/>
                    <dep head="8-14" type="xcomp"/>
                </token>
                <token content="." id="8-17"/>
            </sentence>
            <sentence id="9">
                <token content="Along" id="9-1"/>
                <token content="the" id="9-2">
                    <pos type="DT"/>
                    <lemma type="the"/>
                </token>
                <token content="way" id="9-3">
                    <pos type="NN"/>
                    <lemma type="way"/>
                    <dep head="9-7" type="prep"/>
                </token>
                <token content="," id="9-4"/>
                <token content="the" id="9-5">
                    <pos type="DT"/>
                    <lemma type="the"/>
                </token>
                <token content="bus" id="9-6">
                    <pos type="NN"/>
                    <lemma type="bus"/>
                    <dep head="9-7" type="nsubj"/>
                </token>
                <token content="passed" id="9-7">
                    <pos type="VBD"/>
                    <lemma type="pass"/>
                </token>
                <token content="through" id="9-8"/>
                <token content="about" id="9-9">
                    <pos type="RB"/>
                    <lemma type="about"/>
                </token>
                <token content="5" id="9-10">
                    <pos type="CD"/>
                    <lemma type="5"/>
                </token>
                <token content="different" id="9-11">
                    <pos type="JJ"/>
                    <lemma type="different"/>
                </token>
                <token content="towns" id="9-12">
                    <pos type="NNS"/>
                    <lemma type="town"/>
                    <dep head="9-7" type="prep"/>
                </token>
                <token content="while" id="9-13">
                    <pos type="IN"/>
                    <lemma type="while"/>
                    <dep head="9-20" type="mark"/>
                </token>
                <token content="traveling" id="9-14">
                    <pos type="VBG"/>
                    <lemma type="travel"/>
                    <dep head="9-20" type="dep"/>
                </token>
                <token content="on" id="9-15"/>
                <token content="local" id="9-16">
                    <pos type="JJ"/>
                    <lemma type="local"/>
                </token>
                <token content="roads" id="9-17">
                    <pos type="NNS"/>
                    <lemma type="road"/>
                    <dep head="9-14" type="prep"/>
                </token>
                <token content="," id="9-18"/>
                <token content="before" id="9-19">
                    <pos type="RB"/>
                    <lemma type="before"/>
                    <dep head="9-20" type="advmod"/>
                </token>
                <token content="headed" id="9-20">
                    <pos type="VBD"/>
                    <lemma type="head"/>
                    <dep head="9-7" type="advcl"/>
                </token>
                <token content="out" id="9-21">
                    <pos type="RP"/>
                    <lemma type="out"/>
                    <dep head="9-20" type="prt"/>
                </token>
                <token content="to" id="9-22"/>
                <token content="the" id="9-23">
                    <pos type="DT"/>
                    <lemma type="the"/>
                </token>
                <token content="George" id="9-24">
                    <pos type="NNP"/>
                    <lemma type="George"/>
                </token>
                <token content="Washington" id="9-25">
                    <pos type="NNP"/>
                    <lemma type="Washington"/>
                </token>
                <token content="Bridge" id="9-26">
                    <pos type="NNP"/>
                    <lemma type="Bridge"/>
                    <dep head="9-20" type="prep"/>
                </token>
                <token content="to" id="9-27">
                    <pos type="TO"/>
                    <lemma type="to"/>
                    <dep head="9-28" type="aux"/>
                </token>
                <token content="get" id="9-28">
                    <pos type="VB"/>
                    <lemma type="get"/>
                    <dep head="9-20" type="xcomp"/>
                </token>
                <token content="to" id="9-29"/>
                <token content="Manhattan" id="9-30">
                    <pos type="NNP"/>
                    <lemma type="Manhattan"/>
                    <dep head="9-28" type="prep"/>
                </token>
                <token content="." id="9-31"/>
            </sentence>
            <sentence id="10">
                <token content="While" id="10-1">
                    <pos type="IN"/>
                    <lemma type="while"/>
                    <dep head="10-2" type="mark"/>
                </token>
                <token content="getting" id="10-2">
                    <pos type="VBG"/>
                    <lemma type="get"/>
                    <dep head="10-7" type="advcl"/>
                </token>
                <token content="there" id="10-3">
                    <pos type="RB"/>
                    <lemma type="there"/>
                    <dep head="10-2" type="advmod"/>
                </token>
                <token content="," id="10-4"/>
                <token content="the" id="10-5">
                    <pos type="DT"/>
                    <lemma type="the"/>
                </token>
                <token content="bus" id="10-6">
                    <pos type="NN"/>
                    <lemma type="bus"/>
                    <dep head="10-7" type="nsubj"/>
                </token>
                <token content="ran" id="10-7">
                    <pos type="VBD"/>
                    <lemma type="run"/>
                </token>
                <token content="into" id="10-8"/>
                <token content="a" id="10-9">
                    <pos type="DT"/>
                    <lemma type="a"/>
                </token>
                <token content="traffic" id="10-10">
                    <pos type="NN"/>
                    <lemma type="traffic"/>
                </token>
                <token content="jam" id="10-11">
                    <pos type="NN"/>
                    <lemma type="jam"/>
                    <dep head="10-7" type="prep"/>
                </token>
                <token content="which" id="10-12">
                    <pos type="WDT"/>
                    <lemma type="which"/>
                    <dep head="10-13" type="nsubj"/>
                </token>
                <token content="caused" id="10-13">
                    <pos type="VBD"/>
                    <lemma type="cause"/>
                </token>
                <token content="a" id="10-14">
                    <pos type="DT"/>
                    <lemma type="a"/>
                </token>
                <token content="20" id="10-15">
                    <pos type="CD"/>
                    <lemma type="20"/>
                </token>
                <token content="minute" id="10-16">
                    <pos type="NN"/>
                    <lemma type="minute"/>
                </token>
                <token content="delay" id="10-17">
                    <pos type="NN"/>
                    <lemma type="delay"/>
                    <dep head="10-13" type="dobj"/>
                </token>
                <token content="." id="10-18"/>
            </sentence>
            <sentence id="11">
                <token content="After" id="11-1"/>
                <token content="working" id="11-2">
                    <pos type="VBG"/>
                    <lemma type="work"/>
                    <dep head="11-10" type="prepc"/>
                </token>
                <token content="its" id="11-3">
                    <pos type="PRP$"/>
                    <lemma type="its"/>
                </token>
                <token content="way" id="11-4">
                    <pos type="NN"/>
                    <lemma type="way"/>
                    <dep head="11-2" type="dobj"/>
                </token>
                <token content="through" id="11-5"/>
                <token content="traffic" id="11-6">
                    <pos type="NN"/>
                    <lemma type="traffic"/>
                    <dep head="11-2" type="prep"/>
                </token>
                <token content="," id="11-7"/>
                <token content="the" id="11-8">
                    <pos type="DT"/>
                    <lemma type="the"/>
                </token>
                <token content="bus" id="11-9">
                    <pos type="NN"/>
                    <lemma type="bus"/>
                    <dep head="11-10" type="nsubj"/>
                </token>
                <token content="made" id="11-10">
                    <pos type="VBD"/>
                    <lemma type="make"/>
                </token>
                <token content="it" id="11-11">
                    <pos type="PRP"/>
                    <lemma type="it"/>
                    <dep head="11-10" type="dobj"/>
                </token>
                <token content="onto" id="11-12"/>
                <token content="the" id="11-13">
                    <pos type="DT"/>
                    <lemma type="the"/>
                </token>
                <token content="bridge" id="11-14">
                    <pos type="NN"/>
                    <lemma type="bridge"/>
                    <dep head="11-10" type="prep"/>
                </token>
                <token content="," id="11-15"/>
                <token content="and" id="11-16"/>
                <token content="several" id="11-17">
                    <pos type="JJ"/>
                    <lemma type="several"/>
                </token>
                <token content="minutes" id="11-18">
                    <pos type="NNS"/>
                    <lemma type="minute"/>
                </token>
                <token content="later" id="11-19">
                    <pos type="RB"/>
                    <lemma type="later"/>
                    <dep head="11-22" type="advmod"/>
                </token>
                <token content="," id="11-20"/>
                <token content="we" id="11-21">
                    <pos type="PRP"/>
                    <lemma type="we"/>
                    <dep head="11-22" type="nsubj"/>
                </token>
                <token content="were" id="11-22">
                    <pos type="VBD"/>
                    <lemma type="be"/>
                    <dep head="11-10" type="conj"/>
                </token>
                <token content="at" id="11-23"/>
                <token content="the" id="11-24">
                    <pos type="DT"/>
                    <lemma type="the"/>
                </token>
                <token content="bus" id="11-25">
                    <pos type="NN"/>
                    <lemma type="bus"/>
                </token>
                <token content="terminal" id="11-26">
                    <pos type="NN"/>
                    <lemma type="terminal"/>
                    <dep head="11-22" type="prep"/>
                </token>
                <token content="on" id="11-27"/>
                <token content="178th" id="11-28">
                    <pos type="JJ"/>
                    <lemma type="178th"/>
                </token>
                <token content="Street" id="11-29">
                    <pos type="NNP"/>
                    <lemma type="Street"/>
                </token>
                <token content="." id="11-30"/>
            </sentence>
            <sentence id="12">
                <token content="Once" id="12-1">
                    <pos type="IN"/>
                    <lemma type="once"/>
                    <dep head="12-3" type="mark"/>
                </token>
                <token content="we" id="12-2">
                    <pos type="PRP"/>
                    <lemma type="we"/>
                    <dep head="12-3" type="nsubj"/>
                </token>
                <token content="got" id="12-3">
                    <pos type="VBD"/>
                    <lemma type="get"/>
                    <dep head="12-8" type="advcl"/>
                </token>
                <token content="there" id="12-4">
                    <pos type="RB"/>
                    <lemma type="there"/>
                    <dep head="12-3" type="advmod"/>
                </token>
                <token content="," id="12-5"/>
                <token content="the" id="12-6">
                    <pos type="DT"/>
                    <lemma type="the"/>
                </token>
                <token content="bus" id="12-7">
                    <pos type="NN"/>
                    <lemma type="bus"/>
                    <dep head="12-8" type="nsubj"/>
                </token>
                <token content="stopped" id="12-8">
                    <pos type="VBD"/>
                    <lemma type="stop"/>
                </token>
                <token content="and" id="12-9"/>
                <token content="the" id="12-10">
                    <pos type="DT"/>
                    <lemma type="the"/>
                </token>
                <token content="driver" id="12-11">
                    <pos type="NN"/>
                    <lemma type="driver"/>
                    <dep head="12-12" type="nsubj"/>
                </token>
                <token content="let" id="12-12">
                    <pos type="VBD"/>
                    <lemma type="let"/>
                    <dep head="12-8" type="conj"/>
                </token>
                <token content="us" id="12-13">
                    <pos type="PRP"/>
                    <lemma type="we"/>
                    <dep head="12-12" type="dobj"/>
                </token>
                <token content="out" id="12-14">
                    <pos type="RP"/>
                    <lemma type="out"/>
                    <dep head="12-12" type="prt"/>
                </token>
                <token content="," id="12-15"/>
                <token content="whereby" id="12-16">
                    <pos type="WRB"/>
                    <lemma type="whereby"/>
                    <dep head="12-19" type="advmod"/>
                </token>
                <token content="I" id="12-17">
                    <pos type="PRP"/>
                    <lemma type="I"/>
                    <dep head="12-19" type="nsubj"/>
                </token>
                <token content="then" id="12-18">
                    <pos type="RB"/>
                    <lemma type="then"/>
                    <dep head="12-19" type="advmod"/>
                </token>
                <token content="walked" id="12-19">
                    <pos type="VBD"/>
                    <lemma type="walk"/>
                    <dep head="12-12" type="advcl"/>
                </token>
                <token content="to" id="12-20"/>
                <token content="the" id="12-21">
                    <pos type="DT"/>
                    <lemma type="the"/>
                </token>
                <token content="office" id="12-22">
                    <pos type="NN"/>
                    <lemma type="office"/>
                    <dep head="12-19" type="prep"/>
                </token>
                <token content="." id="12-23"/>
            </sentence>
        </sentences>
    </text>
    <annotations>
        <participants>
            <label from="1-1" id="0" name="ScrPart_passenger" text="I" type="participant"/>
            <label from="1-5" id="1" name="ScrPart_bus" text="bus" type="participant"/>
            <label from="1-9" id="2" name="NPart" text="work" type="participant"/>
            <label from="1-11" id="3" name="NPart" text="morning" type="participant"/>
            <label from="2-3" id="4" name="ScrPart_time/date" text="8 am" to="2-4" type="participant"/>
            <label from="2-6" id="5" name="ScrPart_passenger" text="I" type="participant"/>
            <label from="2-8" id="6" name="ScrPart_passenger" text="my" type="participant"/>
            <label from="2-9" id="7" name="NPart" text="apartment" type="participant"/>
            <label from="2-15" id="8" name="ScrPart_bus_stop" text="bus stop" to="2-16" type="participant"/>
            <label from="2-16" id="9" name="ScrPart_bus_stop" text="stop" type="participant"/>
            <label from="2-22" id="10" name="ScrPart_time/date" text="minute" type="participant"/>
            <label from="2-23" id="11" name="NPart" text="walk" type="participant"/>
            <label from="2-25" id="12" name="NPart" text="home" type="participant"/>
            <label from="3-2" id="13" name="ScrPart_passenger" text="I" type="participant"/>
            <label from="3-4" id="14" name="ScrPart_bus_stop" text="there" type="participant"/>
            <label from="3-6" id="15" name="ScrPart_passenger" text="I" type="participant"/>
            <label from="3-10" id="16" name="ScrPart_bus" text="bus" type="participant"/>
            <label from="3-17" id="17" name="ScrPart_passenger" text="people" type="participant"/>
            <label from="4-4" id="18" name="ScrPart_time/date" text="minutes" type="participant"/>
            <label from="4-7" id="19" name="ScrPart_bus" text="express bus" to="4-8" type="participant"/>
            <label from="4-8" id="20" name="ScrPart_bus" text="bus" type="participant"/>
            <label from="4-11" id="21" name="ScrPart_destination" text="Manhattan" type="participant"/>
            <label from="5-1" id="22" name="ScrPart_passenger" text="I" type="participant"/>
            <label from="5-4" id="23" name="ScrPart_bus" text="bus" type="participant"/>
            <label from="5-8" id="24" name="ScrPart_bus_staff" text="driver" type="participant"/>
            <label from="5-9" id="25" name="ScrPart_passenger" text="my" type="participant"/>
            <label from="5-10" id="26" name="ScrPart_other" text="fare" type="participant"/>
            <label from="6-1" id="27" name="ScrPart_passenger" text="I" type="participant"/>
            <label from="6-6" id="28" name="ScrPart_seat_in_bus" text="window seat" to="6-7" type="participant"/>
            <label from="6-7" id="29" name="ScrPart_seat_in_bus" text="seat" type="participant"/>
            <label from="6-10" id="30" name="NPart" text="front" type="participant"/>
            <label from="6-13" id="31" name="ScrPart_bus" text="bus" type="participant"/>
            <label from="7-1" id="32" name="No_label" text="It" type="participant"/>
            <label from="7-8" id="33" name="ScrPart_bus" text="bus" type="participant"/>
            <label from="8-4" id="34" name="ScrPart_bus_stop" text="stops" type="participant"/>
            <label from="8-8" id="35" name="ScrPart_bus" text="bus" type="participant"/>
            <label from="8-13" id="36" name="ScrPart_passenger" text="commuters" type="participant"/>
            <label from="9-3" id="37" name="NPart" text="way" type="participant"/>
            <label from="9-6" id="38" name="ScrPart_bus" text="bus" type="participant"/>
            <label from="9-12" id="39" name="NPart" text="towns" type="participant"/>
            <label from="9-17" id="40" name="ScrPart_route" text="roads" type="participant"/>
            <label from="9-24" id="41" name="NPart" text="George Washington Bridge" to="9-26" type="participant"/>
            <label from="9-30" id="42" name="ScrPart_destination" text="Manhattan" type="participant"/>
            <label from="10-6" id="43" name="ScrPart_bus" text="bus" type="participant"/>
            <label from="10-10" id="44" name="NPart" text="traffic jam" to="10-11" type="participant"/>
            <label from="10-11" id="45" name="NPart" text="jam" type="participant"/>
            <label from="10-15" id="46" name="ScrPart_time/date" text="20 minute delay" to="10-17" type="participant"/>
            <label from="10-17" id="47" name="ScrPart_time/date" text="delay" type="participant"/>
            <label from="11-3" id="48" name="ScrPart_bus" text="its" type="participant"/>
            <label from="11-4" id="49" name="NPart" text="way" type="participant"/>
            <label from="11-6" id="50" name="ScrPart_other" text="traffic" type="participant"/>
            <label from="11-9" id="51" name="ScrPart_bus" text="bus" type="participant"/>
            <label from="11-11" id="52" name="No_label" text="it" type="participant"/>
            <label from="11-14" id="53" name="NPart" text="bridge" type="participant"/>
            <label from="11-18" id="54" name="ScrPart_time/date" text="minutes" type="participant"/>
            <label from="11-21" id="55" name="ScrPart_bus" text="we" type="participant"/>
            <label from="11-25" id="56" name="ScrPart_other" text="bus terminal" to="11-26" type="participant"/>
            <label from="11-26" id="57" name="ScrPart_other" text="terminal" type="participant"/>
            <label from="11-28" id="58" name="NPart" text="178th Street" to="11-29" type="participant"/>
            <label from="11-29" id="59" name="NPart" text="Street" type="participant"/>
            <label from="12-2" id="60" name="ScrPart_bus" text="we" type="participant"/>
            <label from="12-4" id="61" name="No_label" text="there" type="participant"/>
            <label from="12-7" id="62" name="ScrPart_bus" text="bus" type="participant"/>
            <label from="12-11" id="63" name="ScrPart_bus_staff" text="driver" type="participant"/>
            <label from="12-13" id="64" name="ScrPart_passenger" text="us" type="participant"/>
            <label from="12-17" id="65" name="ScrPart_passenger" text="I" type="participant"/>
            <label from="12-22" id="66" name="NPart" text="office" type="participant"/>
        </participants>
        <events>
            <label from="1-2" id="67" name="Evoking" text="took a public bus" to="1-5" type="event"/>
            <label from="1-7" id="68" name="UnrelEv" text="get" type="event"/>
            <label from="2-7" id="69" name="UnrelEv" text="left" type="event"/>
            <label from="2-11" id="70" name="ScrEv_get_bus_stop" text="walked" type="event"/>
            <label from="2-18" id="71" name="UnrelEv" text="was" type="event"/>
            <label from="3-3" id="72" name="ScrEv_get_bus_stop" text="got" type="event"/>
            <label from="3-7" id="73" name="ScrEv_wait" text="waited" type="event"/>
            <label from="3-12" id="74" name="RelNScrEv" text="arrive" type="event"/>
            <label from="4-9" id="75" name="RelNScrEv" text="heading" type="event"/>
            <label from="4-12" id="76" name="ScrEv_bus_comes" text="arrived" type="event"/>
            <label from="5-2" id="77" name="ScrEv_board_bus" text="boarded" type="event"/>
            <label from="5-6" id="78" name="ScrEv_get_ticket" text="paid" type="event"/>
            <label from="6-3" id="79" name="ScrEv_find_place" text="walked" type="event"/>
            <label from="6-16" id="80" name="UnrelEv" text="was" type="event"/>
            <label from="7-2" id="81" name="UnrelEv" text="was" type="event"/>
            <label from="7-9" id="82" name="UnrelEv" text="was" type="event"/>
            <label from="8-9" id="83" name="UnrelEv" text="was" type="event"/>
            <label from="8-10" id="84" name="RelNScrEv" text="filled" type="event"/>
            <label from="8-14" id="85" name="UnrelEv" text="heading" type="event"/>
            <label from="9-7" id="86" name="ScrEv_other" text="passed" type="event"/>
            <label from="9-14" id="87" name="RelNScrEv" text="traveling" type="event"/>
            <label from="9-20" id="88" name="RelNScrEv" text="headed" type="event"/>
            <label from="9-28" id="89" name="RelNScrEv" text="get to" to="9-29" type="event"/>
            <label from="9-28" id="90" name="RelNScrEv" text="get" type="event"/>
            <label from="10-2" id="91" name="RelNScrEv" text="getting" type="event"/>
            <label from="10-7" id="92" name="RelNScrEv" text="ran into" to="10-8" type="event"/>
            <label from="10-7" id="93" name="RelNScrEv" text="ran" type="event"/>
            <label from="10-13" id="94" name="UnrelEv" text="caused" type="event"/>
            <label from="11-2" id="95" name="RelNScrEv" text="working" type="event"/>
            <label from="11-10" id="96" name="RelNScrEv" text="made it" to="11-11" type="event"/>
            <label from="11-10" id="97" name="RelNScrEv" text="made" type="event"/>
            <label from="11-22" id="98" name="ScrEv_other" text="were" type="event"/>
            <label from="12-3" id="99" name="ScrEv_other" text="got" type="event"/>
            <label from="12-8" id="100" name="ScrEv_bus_stops" text="stopped" type="event"/>
            <label from="12-12" id="101" name="ScrEv_get_off" text="let" type="event"/>
            <label from="12-19" id="102" name="UnrelEv" text="walked" type="event"/>
        </events>
        <chains>
            <chain elements="0 5 13 15 22 25 27"/>
            <chain elements="9 14"/>
            <chain elements="1 16 20 31 33 35 38 43 51 55 60 62"/>
            <chain elements="21 42"/>
            <chain elements="45 50"/>
            <chain elements="57 61"/>
            <chain elements="24 63"/>
        </chains>
    </annotations>
</story>
