<?xml version="1.0" encoding="UTF-8" standalone="no"?>
<!DOCTYPE story SYSTEM "../InScript.dtd">
<story id="001" scenario="bus">
    <text>
        <content>'' I wanted to go shopping downtown , so I decided to take the public bus . 
I waited at the bus stop where other people were also waiting . 
The bus came right on time and pulled over to the curb . 
I waited for the people getting off the bus to step down . 
Then I waited in line as each person got on . 
When it was my turn I stepped up the few steps into front of the bus . 
I swiped my bus card to pay , smiled at the driver , and chose a seat . 
The bus was a little crowded , so I stood and held onto the bar . 
An elderly woman got on the bus next , and a younger person got up to give her his seat . 
When everyone was on , the bus put on his turn signal and pulled back into the street . 
As I got closer to my stop , I pulled the cord . 
The cord dinged to signal that I wanted to get off . 
The bus pulled into the stop where other people were waiting to get on . 
They waited until I got off before boarding . </content>
        <sentences>
            <sentence id="1">
                <token content="''" id="1-1"/>
                <token content="I" id="1-2">
                    <pos type="PRP"/>
                    <lemma type="I"/>
                    <dep head="1-3" type="nsubj"/>
                </token>
                <token content="wanted" id="1-3">
                    <pos type="VBD"/>
                    <lemma type="want"/>
                </token>
                <token content="to" id="1-4">
                    <pos type="TO"/>
                    <lemma type="to"/>
                    <dep head="1-5" type="aux"/>
                </token>
                <token content="go" id="1-5">
                    <pos type="VB"/>
                    <lemma type="go"/>
                    <dep head="1-3" type="xcomp"/>
                </token>
                <token content="shopping" id="1-6">
                    <pos type="NN"/>
                    <lemma type="shopping"/>
                </token>
                <token content="downtown" id="1-7">
                    <pos type="NN"/>
                    <lemma type="downtown"/>
                    <dep head="1-5" type="dobj"/>
                </token>
                <token content="," id="1-8"/>
                <token content="so" id="1-9">
                    <pos type="IN"/>
                    <lemma type="so"/>
                    <dep head="1-3" type="dep"/>
                </token>
                <token content="I" id="1-10">
                    <pos type="PRP"/>
                    <lemma type="I"/>
                    <dep head="1-11" type="nsubj"/>
                </token>
                <token content="decided" id="1-11">
                    <pos type="VBD"/>
                    <lemma type="decide"/>
                    <dep head="1-3" type="parataxis"/>
                </token>
                <token content="to" id="1-12">
                    <pos type="TO"/>
                    <lemma type="to"/>
                    <dep head="1-13" type="aux"/>
                </token>
                <token content="take" id="1-13">
                    <pos type="VB"/>
                    <lemma type="take"/>
                    <dep head="1-11" type="xcomp"/>
                </token>
                <token content="the" id="1-14">
                    <pos type="DT"/>
                    <lemma type="the"/>
                </token>
                <token content="public" id="1-15">
                    <pos type="JJ"/>
                    <lemma type="public"/>
                </token>
                <token content="bus" id="1-16">
                    <pos type="NN"/>
                    <lemma type="bus"/>
                    <dep head="1-13" type="dobj"/>
                </token>
                <token content="." id="1-17"/>
            </sentence>
            <sentence id="2">
                <token content="I" id="2-1">
                    <pos type="PRP"/>
                    <lemma type="I"/>
                    <dep head="2-2" type="nsubj"/>
                </token>
                <token content="waited" id="2-2">
                    <pos type="VBD"/>
                    <lemma type="wait"/>
                </token>
                <token content="at" id="2-3"/>
                <token content="the" id="2-4">
                    <pos type="DT"/>
                    <lemma type="the"/>
                </token>
                <token content="bus" id="2-5">
                    <pos type="NN"/>
                    <lemma type="bus"/>
                </token>
                <token content="stop" id="2-6">
                    <pos type="NN"/>
                    <lemma type="stop"/>
                    <dep head="2-2" type="prep"/>
                </token>
                <token content="where" id="2-7">
                    <pos type="WRB"/>
                    <lemma type="where"/>
                    <dep head="2-12" type="advmod"/>
                </token>
                <token content="other" id="2-8">
                    <pos type="JJ"/>
                    <lemma type="other"/>
                </token>
                <token content="people" id="2-9">
                    <pos type="NNS"/>
                    <lemma type="people"/>
                    <dep head="2-12" type="nsubj"/>
                </token>
                <token content="were" id="2-10">
                    <pos type="VBD"/>
                    <lemma type="be"/>
                    <dep head="2-12" type="aux"/>
                </token>
                <token content="also" id="2-11">
                    <pos type="RB"/>
                    <lemma type="also"/>
                    <dep head="2-12" type="advmod"/>
                </token>
                <token content="waiting" id="2-12">
                    <pos type="VBG"/>
                    <lemma type="wait"/>
                    <dep head="2-2" type="advcl"/>
                </token>
                <token content="." id="2-13"/>
            </sentence>
            <sentence id="3">
                <token content="The" id="3-1">
                    <pos type="DT"/>
                    <lemma type="the"/>
                </token>
                <token content="bus" id="3-2">
                    <pos type="NN"/>
                    <lemma type="bus"/>
                    <dep head="3-3" type="nsubj"/>
                </token>
                <token content="came" id="3-3">
                    <pos type="VBD"/>
                    <lemma type="come"/>
                </token>
                <token content="right" id="3-4">
                    <pos type="RB"/>
                    <lemma type="right"/>
                    <dep head="3-3" type="advmod"/>
                </token>
                <token content="on" id="3-5"/>
                <token content="time" id="3-6">
                    <pos type="NN"/>
                    <lemma type="time"/>
                    <dep head="3-3" type="prep"/>
                </token>
                <token content="and" id="3-7"/>
                <token content="pulled" id="3-8">
                    <pos type="VBD"/>
                    <lemma type="pull"/>
                    <dep head="3-3" type="conj"/>
                </token>
                <token content="over" id="3-9">
                    <pos type="RP"/>
                    <lemma type="over"/>
                    <dep head="3-8" type="prt"/>
                </token>
                <token content="to" id="3-10"/>
                <token content="the" id="3-11">
                    <pos type="DT"/>
                    <lemma type="the"/>
                </token>
                <token content="curb" id="3-12">
                    <pos type="NN"/>
                    <lemma type="curb"/>
                    <dep head="3-8" type="prep"/>
                </token>
                <token content="." id="3-13"/>
            </sentence>
            <sentence id="4">
                <token content="I" id="4-1">
                    <pos type="PRP"/>
                    <lemma type="I"/>
                    <dep head="4-2" type="nsubj"/>
                </token>
                <token content="waited" id="4-2">
                    <pos type="VBD"/>
                    <lemma type="wait"/>
                </token>
                <token content="for" id="4-3"/>
                <token content="the" id="4-4">
                    <pos type="DT"/>
                    <lemma type="the"/>
                </token>
                <token content="people" id="4-5">
                    <pos type="NNS"/>
                    <lemma type="people"/>
                    <dep head="4-2" type="prep"/>
                </token>
                <token content="getting" id="4-6">
                    <pos type="VBG"/>
                    <lemma type="get"/>
                    <dep head="4-2" type="xcomp"/>
                </token>
                <token content="off" id="4-7">
                    <pos type="RP"/>
                    <lemma type="off"/>
                    <dep head="4-6" type="prt"/>
                </token>
                <token content="the" id="4-8">
                    <pos type="DT"/>
                    <lemma type="the"/>
                </token>
                <token content="bus" id="4-9">
                    <pos type="NN"/>
                    <lemma type="bus"/>
                    <dep head="4-6" type="dobj"/>
                </token>
                <token content="to" id="4-10">
                    <pos type="TO"/>
                    <lemma type="to"/>
                    <dep head="4-11" type="aux"/>
                </token>
                <token content="step" id="4-11">
                    <pos type="VB"/>
                    <lemma type="step"/>
                </token>
                <token content="down" id="4-12">
                    <pos type="RP"/>
                    <lemma type="down"/>
                    <dep head="4-11" type="prt"/>
                </token>
                <token content="." id="4-13"/>
            </sentence>
            <sentence id="5">
                <token content="Then" id="5-1">
                    <pos type="RB"/>
                    <lemma type="then"/>
                    <dep head="5-3" type="advmod"/>
                </token>
                <token content="I" id="5-2">
                    <pos type="PRP"/>
                    <lemma type="I"/>
                    <dep head="5-3" type="nsubj"/>
                </token>
                <token content="waited" id="5-3">
                    <pos type="VBD"/>
                    <lemma type="wait"/>
                </token>
                <token content="in" id="5-4"/>
                <token content="line" id="5-5">
                    <pos type="NN"/>
                    <lemma type="line"/>
                    <dep head="5-3" type="prep"/>
                </token>
                <token content="as" id="5-6">
                    <pos type="IN"/>
                    <lemma type="as"/>
                    <dep head="5-9" type="mark"/>
                </token>
                <token content="each" id="5-7">
                    <pos type="DT"/>
                    <lemma type="each"/>
                </token>
                <token content="person" id="5-8">
                    <pos type="NN"/>
                    <lemma type="person"/>
                    <dep head="5-9" type="nsubj"/>
                </token>
                <token content="got" id="5-9">
                    <pos type="VBD"/>
                    <lemma type="get"/>
                    <dep head="5-3" type="advcl"/>
                </token>
                <token content="on" id="5-10">
                    <pos type="RP"/>
                    <lemma type="on"/>
                    <dep head="5-9" type="prt"/>
                </token>
                <token content="." id="5-11"/>
            </sentence>
            <sentence id="6">
                <token content="When" id="6-1">
                    <pos type="WRB"/>
                    <lemma type="when"/>
                </token>
                <token content="it" id="6-2">
                    <pos type="PRP"/>
                    <lemma type="it"/>
                </token>
                <token content="was" id="6-3">
                    <pos type="VBD"/>
                    <lemma type="be"/>
                </token>
                <token content="my" id="6-4">
                    <pos type="PRP$"/>
                    <lemma type="my"/>
                </token>
                <token content="turn" id="6-5">
                    <pos type="NN"/>
                    <lemma type="turn"/>
                    <dep head="6-7" type="advcl"/>
                </token>
                <token content="I" id="6-6">
                    <pos type="PRP"/>
                    <lemma type="I"/>
                    <dep head="6-7" type="nsubj"/>
                </token>
                <token content="stepped" id="6-7">
                    <pos type="VBD"/>
                    <lemma type="step"/>
                </token>
                <token content="up" id="6-8">
                    <pos type="RP"/>
                    <lemma type="up"/>
                    <dep head="6-7" type="prt"/>
                </token>
                <token content="the" id="6-9">
                    <pos type="DT"/>
                    <lemma type="the"/>
                </token>
                <token content="few" id="6-10">
                    <pos type="JJ"/>
                    <lemma type="few"/>
                </token>
                <token content="steps" id="6-11">
                    <pos type="NNS"/>
                    <lemma type="step"/>
                    <dep head="6-7" type="dobj"/>
                </token>
                <token content="into" id="6-12"/>
                <token content="front" id="6-13">
                    <pos type="NN"/>
                    <lemma type="front"/>
                    <dep head="6-7" type="prep"/>
                </token>
                <token content="of" id="6-14"/>
                <token content="the" id="6-15">
                    <pos type="DT"/>
                    <lemma type="the"/>
                </token>
                <token content="bus" id="6-16">
                    <pos type="NN"/>
                    <lemma type="bus"/>
                </token>
                <token content="." id="6-17"/>
            </sentence>
            <sentence id="7">
                <token content="I" id="7-1">
                    <pos type="PRP"/>
                    <lemma type="I"/>
                    <dep head="7-2" type="nsubj"/>
                </token>
                <token content="swiped" id="7-2">
                    <pos type="VBD"/>
                    <lemma type="swipe"/>
                </token>
                <token content="my" id="7-3">
                    <pos type="PRP$"/>
                    <lemma type="my"/>
                </token>
                <token content="bus" id="7-4">
                    <pos type="NN"/>
                    <lemma type="bus"/>
                </token>
                <token content="card" id="7-5">
                    <pos type="NN"/>
                    <lemma type="card"/>
                    <dep head="7-2" type="dobj"/>
                </token>
                <token content="to" id="7-6">
                    <pos type="TO"/>
                    <lemma type="to"/>
                    <dep head="7-7" type="aux"/>
                </token>
                <token content="pay" id="7-7">
                    <pos type="VB"/>
                    <lemma type="pay"/>
                    <dep head="7-2" type="vmod"/>
                </token>
                <token content="," id="7-8"/>
                <token content="smiled" id="7-9">
                    <pos type="VBD"/>
                    <lemma type="smile"/>
                    <dep head="7-2" type="conj"/>
                </token>
                <token content="at" id="7-10"/>
                <token content="the" id="7-11">
                    <pos type="DT"/>
                    <lemma type="the"/>
                </token>
                <token content="driver" id="7-12">
                    <pos type="NN"/>
                    <lemma type="driver"/>
                    <dep head="7-9" type="prep"/>
                </token>
                <token content="," id="7-13"/>
                <token content="and" id="7-14"/>
                <token content="chose" id="7-15">
                    <pos type="VBD"/>
                    <lemma type="choose"/>
                    <dep head="7-2" type="conj"/>
                </token>
                <token content="a" id="7-16">
                    <pos type="DT"/>
                    <lemma type="a"/>
                </token>
                <token content="seat" id="7-17">
                    <pos type="NN"/>
                    <lemma type="seat"/>
                    <dep head="7-15" type="dobj"/>
                </token>
                <token content="." id="7-18"/>
            </sentence>
            <sentence id="8">
                <token content="The" id="8-1">
                    <pos type="DT"/>
                    <lemma type="the"/>
                </token>
                <token content="bus" id="8-2">
                    <pos type="NN"/>
                    <lemma type="bus"/>
                </token>
                <token content="was" id="8-3">
                    <pos type="VBD"/>
                    <lemma type="be"/>
                </token>
                <token content="a" id="8-4">
                    <pos type="DT"/>
                    <lemma type="a"/>
                </token>
                <token content="little" id="8-5">
                    <pos type="RB"/>
                    <lemma type="little"/>
                </token>
                <token content="crowded" id="8-6">
                    <pos type="JJ"/>
                    <lemma type="crowded"/>
                </token>
                <token content="," id="8-7"/>
                <token content="so" id="8-8">
                    <pos type="IN"/>
                    <lemma type="so"/>
                </token>
                <token content="I" id="8-9">
                    <pos type="PRP"/>
                    <lemma type="I"/>
                    <dep head="8-10" type="nsubj"/>
                </token>
                <token content="stood" id="8-10">
                    <pos type="VBD"/>
                    <lemma type="stand"/>
                </token>
                <token content="and" id="8-11"/>
                <token content="held" id="8-12">
                    <pos type="VBD"/>
                    <lemma type="hold"/>
                    <dep head="8-10" type="conj"/>
                </token>
                <token content="onto" id="8-13"/>
                <token content="the" id="8-14">
                    <pos type="DT"/>
                    <lemma type="the"/>
                </token>
                <token content="bar" id="8-15">
                    <pos type="NN"/>
                    <lemma type="bar"/>
                    <dep head="8-10" type="prep"/>
                </token>
                <token content="." id="8-16"/>
            </sentence>
            <sentence id="9">
                <token content="An" id="9-1">
                    <pos type="DT"/>
                    <lemma type="a"/>
                </token>
                <token content="elderly" id="9-2">
                    <pos type="JJ"/>
                    <lemma type="elderly"/>
                </token>
                <token content="woman" id="9-3">
                    <pos type="NN"/>
                    <lemma type="woman"/>
                    <dep head="9-4" type="nsubj"/>
                </token>
                <token content="got" id="9-4">
                    <pos type="VBD"/>
                    <lemma type="get"/>
                </token>
                <token content="on" id="9-5"/>
                <token content="the" id="9-6">
                    <pos type="DT"/>
                    <lemma type="the"/>
                </token>
                <token content="bus" id="9-7">
                    <pos type="NN"/>
                    <lemma type="bus"/>
                    <dep head="9-4" type="prep"/>
                </token>
                <token content="next" id="9-8">
                    <pos type="JJ"/>
                    <lemma type="next"/>
                </token>
                <token content="," id="9-9"/>
                <token content="and" id="9-10"/>
                <token content="a" id="9-11">
                    <pos type="DT"/>
                    <lemma type="a"/>
                </token>
                <token content="younger" id="9-12">
                    <pos type="JJR"/>
                    <lemma type="younger"/>
                </token>
                <token content="person" id="9-13">
                    <pos type="NN"/>
                    <lemma type="person"/>
                    <dep head="9-14" type="nsubj"/>
                </token>
                <token content="got" id="9-14">
                    <pos type="VBD"/>
                    <lemma type="get"/>
                    <dep head="9-4" type="conj"/>
                </token>
                <token content="up" id="9-15">
                    <pos type="RP"/>
                    <lemma type="up"/>
                    <dep head="9-14" type="prt"/>
                </token>
                <token content="to" id="9-16">
                    <pos type="TO"/>
                    <lemma type="to"/>
                    <dep head="9-17" type="aux"/>
                </token>
                <token content="give" id="9-17">
                    <pos type="VB"/>
                    <lemma type="give"/>
                    <dep head="9-14" type="xcomp"/>
                </token>
                <token content="her" id="9-18">
                    <pos type="PRP"/>
                    <lemma type="she"/>
                    <dep head="9-17" type="iobj"/>
                </token>
                <token content="his" id="9-19">
                    <pos type="PRP$"/>
                    <lemma type="he"/>
                </token>
                <token content="seat" id="9-20">
                    <pos type="NN"/>
                    <lemma type="seat"/>
                    <dep head="9-17" type="dobj"/>
                </token>
                <token content="." id="9-21"/>
            </sentence>
            <sentence id="10">
                <token content="When" id="10-1">
                    <pos type="WRB"/>
                    <lemma type="when"/>
                    <dep head="10-3" type="advmod"/>
                </token>
                <token content="everyone" id="10-2">
                    <pos type="NN"/>
                    <lemma type="everyone"/>
                    <dep head="10-3" type="nsubj"/>
                </token>
                <token content="was" id="10-3">
                    <pos type="VBD"/>
                    <lemma type="be"/>
                    <dep head="10-8" type="advcl"/>
                </token>
                <token content="on" id="10-4">
                    <pos type="IN"/>
                    <lemma type="on"/>
                    <dep head="10-3" type="prep"/>
                </token>
                <token content="," id="10-5"/>
                <token content="the" id="10-6">
                    <pos type="DT"/>
                    <lemma type="the"/>
                </token>
                <token content="bus" id="10-7">
                    <pos type="NN"/>
                    <lemma type="bus"/>
                    <dep head="10-8" type="nsubj"/>
                </token>
                <token content="put" id="10-8">
                    <pos type="VBD"/>
                    <lemma type="put"/>
                </token>
                <token content="on" id="10-9"/>
                <token content="his" id="10-10">
                    <pos type="PRP$"/>
                    <lemma type="he"/>
                </token>
                <token content="turn" id="10-11">
                    <pos type="NN"/>
                    <lemma type="turn"/>
                </token>
                <token content="signal" id="10-12">
                    <pos type="NN"/>
                    <lemma type="signal"/>
                    <dep head="10-8" type="prep"/>
                </token>
                <token content="and" id="10-13"/>
                <token content="pulled" id="10-14">
                    <pos type="VBD"/>
                    <lemma type="pull"/>
                    <dep head="10-8" type="conj"/>
                </token>
                <token content="back" id="10-15">
                    <pos type="RP"/>
                    <lemma type="back"/>
                    <dep head="10-14" type="prt"/>
                </token>
                <token content="into" id="10-16"/>
                <token content="the" id="10-17">
                    <pos type="DT"/>
                    <lemma type="the"/>
                </token>
                <token content="street" id="10-18">
                    <pos type="NN"/>
                    <lemma type="street"/>
                    <dep head="10-14" type="prep"/>
                </token>
                <token content="." id="10-19"/>
            </sentence>
            <sentence id="11">
                <token content="As" id="11-1">
                    <pos type="IN"/>
                    <lemma type="as"/>
                    <dep head="11-3" type="mark"/>
                </token>
                <token content="I" id="11-2">
                    <pos type="PRP"/>
                    <lemma type="I"/>
                    <dep head="11-3" type="nsubj"/>
                </token>
                <token content="got" id="11-3">
                    <pos type="VBD"/>
                    <lemma type="get"/>
                    <dep head="11-10" type="advcl"/>
                </token>
                <token content="closer" id="11-4">
                    <pos type="RBR"/>
                    <lemma type="closer"/>
                    <dep head="11-3" type="advmod"/>
                </token>
                <token content="to" id="11-5"/>
                <token content="my" id="11-6">
                    <pos type="PRP$"/>
                    <lemma type="my"/>
                </token>
                <token content="stop" id="11-7">
                    <pos type="NN"/>
                    <lemma type="stop"/>
                    <dep head="11-3" type="prep"/>
                </token>
                <token content="," id="11-8"/>
                <token content="I" id="11-9">
                    <pos type="PRP"/>
                    <lemma type="I"/>
                    <dep head="11-10" type="nsubj"/>
                </token>
                <token content="pulled" id="11-10">
                    <pos type="VBD"/>
                    <lemma type="pull"/>
                </token>
                <token content="the" id="11-11">
                    <pos type="DT"/>
                    <lemma type="the"/>
                </token>
                <token content="cord" id="11-12">
                    <pos type="NN"/>
                    <lemma type="cord"/>
                    <dep head="11-10" type="dobj"/>
                </token>
                <token content="." id="11-13"/>
            </sentence>
            <sentence id="12">
                <token content="The" id="12-1">
                    <pos type="DT"/>
                    <lemma type="the"/>
                </token>
                <token content="cord" id="12-2">
                    <pos type="NN"/>
                    <lemma type="cord"/>
                    <dep head="12-3" type="nsubj"/>
                </token>
                <token content="dinged" id="12-3">
                    <pos type="VBD"/>
                    <lemma type="ding"/>
                </token>
                <token content="to" id="12-4">
                    <pos type="TO"/>
                    <lemma type="to"/>
                    <dep head="12-5" type="aux"/>
                </token>
                <token content="signal" id="12-5">
                    <pos type="VB"/>
                    <lemma type="signal"/>
                    <dep head="12-3" type="xcomp"/>
                </token>
                <token content="that" id="12-6">
                    <pos type="IN"/>
                    <lemma type="that"/>
                    <dep head="12-8" type="mark"/>
                </token>
                <token content="I" id="12-7">
                    <pos type="PRP"/>
                    <lemma type="I"/>
                    <dep head="12-8" type="nsubj"/>
                </token>
                <token content="wanted" id="12-8">
                    <pos type="VBD"/>
                    <lemma type="want"/>
                    <dep head="12-5" type="ccomp"/>
                </token>
                <token content="to" id="12-9">
                    <pos type="TO"/>
                    <lemma type="to"/>
                    <dep head="12-10" type="aux"/>
                </token>
                <token content="get" id="12-10">
                    <pos type="VB"/>
                    <lemma type="get"/>
                    <dep head="12-8" type="xcomp"/>
                </token>
                <token content="off" id="12-11">
                    <pos type="RP"/>
                    <lemma type="off"/>
                    <dep head="12-10" type="prt"/>
                </token>
                <token content="." id="12-12"/>
            </sentence>
            <sentence id="13">
                <token content="The" id="13-1">
                    <pos type="DT"/>
                    <lemma type="the"/>
                </token>
                <token content="bus" id="13-2">
                    <pos type="NN"/>
                    <lemma type="bus"/>
                    <dep head="13-3" type="nsubj"/>
                </token>
                <token content="pulled" id="13-3">
                    <pos type="VBD"/>
                    <lemma type="pull"/>
                </token>
                <token content="into" id="13-4"/>
                <token content="the" id="13-5">
                    <pos type="DT"/>
                    <lemma type="the"/>
                </token>
                <token content="stop" id="13-6">
                    <pos type="NN"/>
                    <lemma type="stop"/>
                    <dep head="13-3" type="prep"/>
                </token>
                <token content="where" id="13-7">
                    <pos type="WRB"/>
                    <lemma type="where"/>
                    <dep head="13-11" type="advmod"/>
                </token>
                <token content="other" id="13-8">
                    <pos type="JJ"/>
                    <lemma type="other"/>
                </token>
                <token content="people" id="13-9">
                    <pos type="NNS"/>
                    <lemma type="people"/>
                    <dep head="13-11" type="nsubj"/>
                </token>
                <token content="were" id="13-10">
                    <pos type="VBD"/>
                    <lemma type="be"/>
                    <dep head="13-11" type="aux"/>
                </token>
                <token content="waiting" id="13-11">
                    <pos type="VBG"/>
                    <lemma type="wait"/>
                    <dep head="13-3" type="advcl"/>
                </token>
                <token content="to" id="13-12">
                    <pos type="TO"/>
                    <lemma type="to"/>
                    <dep head="13-13" type="aux"/>
                </token>
                <token content="get" id="13-13">
                    <pos type="VB"/>
                    <lemma type="get"/>
                    <dep head="13-11" type="xcomp"/>
                </token>
                <token content="on" id="13-14">
                    <pos type="RP"/>
                    <lemma type="on"/>
                    <dep head="13-13" type="prt"/>
                </token>
                <token content="." id="13-15"/>
            </sentence>
            <sentence id="14">
                <token content="They" id="14-1">
                    <pos type="PRP"/>
                    <lemma type="they"/>
                    <dep head="14-2" type="nsubj"/>
                </token>
                <token content="waited" id="14-2">
                    <pos type="VBD"/>
                    <lemma type="wait"/>
                </token>
                <token content="until" id="14-3">
                    <pos type="IN"/>
                    <lemma type="until"/>
                    <dep head="14-5" type="mark"/>
                </token>
                <token content="I" id="14-4">
                    <pos type="PRP"/>
                    <lemma type="I"/>
                    <dep head="14-5" type="nsubj"/>
                </token>
                <token content="got" id="14-5">
                    <pos type="VBD"/>
                    <lemma type="get"/>
                    <dep head="14-2" type="advcl"/>
                </token>
                <token content="off" id="14-6">
                    <pos type="RP"/>
                    <lemma type="off"/>
                    <dep head="14-5" type="prt"/>
                </token>
                <token content="before" id="14-7"/>
                <token content="boarding" id="14-8">
                    <pos type="NN"/>
                    <lemma type="boarding"/>
                    <dep head="14-5" type="prep"/>
                </token>
                <token content="." id="14-9"/>
            </sentence>
        </sentences>
    </text>
    <annotations>
        <participants>
            <label from="1-2" id="0" name="ScrPart_passenger" text="I" type="participant"/>
            <label from="1-7" id="1" name="NPart" text="downtown" type="participant"/>
            <label from="1-10" id="2" name="ScrPart_passenger" text="I" type="participant"/>
            <label from="1-16" id="3" name="ScrPart_bus" text="bus" type="participant"/>
            <label from="2-1" id="4" name="ScrPart_passenger" text="I" type="participant"/>
            <label from="2-5" id="5" name="ScrPart_bus_stop" text="bus stop" to="2-6" type="participant"/>
            <label from="2-6" id="6" name="ScrPart_bus_stop" text="stop" type="participant"/>
            <label from="2-9" id="7" name="ScrPart_passenger" text="people" type="participant"/>
            <label from="3-2" id="8" name="ScrPart_bus" text="bus" type="participant"/>
            <label from="3-6" id="9" name="ScrPart_time-table" text="time" type="participant"/>
            <label from="3-12" id="10" name="ScrPart_other" text="curb" type="participant"/>
            <label from="4-1" id="11" name="ScrPart_passenger" text="I" type="participant"/>
            <label from="4-5" id="12" name="ScrPart_passenger" text="people" type="participant"/>
            <label from="4-9" id="13" name="ScrPart_bus" text="bus" type="participant"/>
            <label from="5-2" id="14" name="ScrPart_passenger" text="I" type="participant"/>
            <label from="5-5" id="15" name="SuppVComp" text="line" type="participant"/>
            <label from="5-8" id="16" name="ScrPart_passenger" text="person" type="participant"/>
            <label from="6-2" id="17" name="No_label" text="it" type="participant"/>
            <label from="6-4" id="18" name="ScrPart_passenger" text="my" type="participant"/>
            <label from="6-5" id="19" name="No_label" text="turn" type="participant"/>
            <label from="6-6" id="20" name="ScrPart_passenger" text="I" type="participant"/>
            <label from="6-11" id="21" name="NPart" text="steps" type="participant"/>
            <label from="6-13" id="22" name="NPart" text="front" type="participant"/>
            <label from="6-16" id="23" name="ScrPart_bus" text="bus" type="participant"/>
            <label from="7-1" id="24" name="ScrPart_passenger" text="I" type="participant"/>
            <label from="7-3" id="25" name="ScrPart_passenger" text="my" type="participant"/>
            <label from="7-4" id="26" name="ScrPart_card/ticket" text="bus card" to="7-5" type="participant"/>
            <label from="7-5" id="27" name="ScrPart_card/ticket" text="card" type="participant"/>
            <label from="7-12" id="28" name="ScrPart_bus_staff" text="driver" type="participant"/>
            <label from="7-17" id="29" name="ScrPart_seat_in_bus" text="seat" type="participant"/>
            <label from="8-2" id="30" name="ScrPart_bus" text="bus" type="participant"/>
            <label from="8-9" id="31" name="ScrPart_passenger" text="I" type="participant"/>
            <label from="8-15" id="32" name="ScrPart_rail" text="bar" type="participant"/>
            <label from="9-3" id="33" name="ScrPart_passenger" text="woman" type="participant"/>
            <label from="9-7" id="34" name="ScrPart_bus" text="bus" type="participant"/>
            <label from="9-13" id="35" name="ScrPart_passenger" text="person" type="participant"/>
            <label from="9-18" id="36" name="ScrPart_passenger" text="her" type="participant"/>
            <label from="9-19" id="37" name="ScrPart_passenger" text="his" type="participant"/>
            <label from="9-20" id="38" name="ScrPart_seat_in_bus" text="seat" type="participant"/>
            <label from="10-2" id="39" name="ScrPart_passenger" text="everyone" type="participant"/>
            <label from="10-7" id="40" name="ScrPart_bus" text="bus" type="participant"/>
            <label from="10-10" id="41" name="ScrPart_bus" text="his" type="participant"/>
            <label from="10-11" id="42" name="ScrPart_other" text="turn signal" to="10-12" type="participant"/>
            <label from="10-12" id="43" name="ScrPart_other" text="signal" type="participant"/>
            <label from="10-18" id="44" name="ScrPart_route" text="street" type="participant"/>
            <label from="11-2" id="45" name="ScrPart_passenger" text="I" type="participant"/>
            <label from="11-6" id="46" name="ScrPart_passenger" text="my" type="participant"/>
            <label from="11-7" id="47" name="ScrPart_bus_stop" text="stop" type="participant"/>
            <label from="11-9" id="48" name="ScrPart_passenger" text="I" type="participant"/>
            <label from="11-12" id="49" name="ScrPart_stop_button/door_opener" text="cord" type="participant"/>
            <label from="12-2" id="50" name="ScrPart_stop_button/door_opener" text="cord" type="participant"/>
            <label from="12-7" id="51" name="ScrPart_passenger" text="I" type="participant"/>
            <label from="13-2" id="52" name="ScrPart_bus" text="bus" type="participant"/>
            <label from="13-6" id="53" name="ScrPart_bus_stop" text="stop" type="participant"/>
            <label from="13-9" id="54" name="ScrPart_passenger" text="people" type="participant"/>
            <label from="14-1" id="55" name="ScrPart_passenger" text="They" type="participant"/>
            <label from="14-4" id="56" name="ScrPart_passenger" text="I" type="participant"/>
        </participants>
        <events>
            <label from="1-3" id="57" name="UnrelEv" text="wanted" type="event"/>
            <label from="1-5" id="58" name="UnrelEv" text="go" type="event"/>
            <label from="1-6" id="59" name="UnrelEv" text="shopping" type="event"/>
            <label from="1-11" id="60" name="UnrelEv" text="decided" type="event"/>
            <label from="1-13" id="61" name="Evoking" text="take the public bus" to="1-16" type="event"/>
            <label from="2-2" id="62" name="ScrEv_wait" text="waited" type="event"/>
            <label from="2-12" id="63" name="ScrEv_wait" text="waiting" type="event"/>
            <label from="3-3" id="64" name="ScrEv_bus_comes" text="came" type="event"/>
            <label from="3-8" id="65" name="ScrEv_other" text="pulled over" to="3-9" type="event"/>
            <label from="3-8" id="66" name="ScrEv_other" text="pulled" type="event"/>
            <label from="4-2" id="67" name="ScrEv_wait" text="waited" type="event"/>
            <label from="4-6" id="68" name="ScrEv_get_off" text="getting off" to="4-7" type="event"/>
            <label from="4-6" id="69" name="ScrEv_get_off" text="getting" type="event"/>
            <label from="4-11" id="70" name="RelNScrEv" text="step down" to="4-12" type="event"/>
            <label from="4-11" id="71" name="RelNScrEv" text="step" type="event"/>
            <label from="5-3" id="72" name="ScrEv_wait" text="waited" type="event"/>
            <label from="5-9" id="73" name="ScrEv_board_bus" text="got on" to="5-10" type="event"/>
            <label from="5-9" id="74" name="ScrEv_board_bus" text="got" type="event"/>
            <label from="6-3" id="75" name="UnrelEv" text="was" type="event"/>
            <label from="6-7" id="76" name="ScrEv_board_bus" text="stepped up" to="6-8" type="event"/>
            <label from="6-7" id="77" name="ScrEv_board_bus" text="stepped" type="event"/>
            <label from="7-2" id="78" name="RelNScrEv" text="swiped" type="event"/>
            <label from="7-7" id="79" name="ScrEv_get_ticket" text="pay" type="event"/>
            <label from="7-9" id="80" name="UnrelEv" text="smiled" type="event"/>
            <label from="7-15" id="81" name="ScrEv_find_place" text="chose" type="event"/>
            <label from="8-3" id="82" name="UnrelEv" text="was" type="event"/>
            <label from="8-6" id="83" name="UnrelEv" text="crowded" type="event"/>
            <label from="8-10" id="84" name="UnrelEv" text="stood" type="event"/>
            <label from="8-12" id="85" name="RelNScrEv" text="held onto" to="8-13" type="event"/>
            <label from="8-12" id="86" name="RelNScrEv" text="held" type="event"/>
            <label from="9-4" id="87" name="ScrEv_board_bus" text="got on" to="9-5" type="event"/>
            <label from="9-4" id="88" name="ScrEv_board_bus" text="got" type="event"/>
            <label from="9-14" id="89" name="UnrelEv" text="got up" to="9-15" type="event"/>
            <label from="9-14" id="90" name="UnrelEv" text="got" type="event"/>
            <label from="9-17" id="91" name="RelNScrEv" text="give" type="event"/>
            <label from="10-3" id="92" name="UnrelEv" text="was" type="event"/>
            <label from="10-8" id="93" name="ScrEv_other" text="put on" to="10-9" type="event"/>
            <label from="10-8" id="94" name="ScrEv_other" text="put" type="event"/>
            <label from="10-14" id="95" name="ScrEv_bus_leaves" text="pulled" type="event"/>
            <label from="11-3" id="96" name="UnrelEv" text="got" type="event"/>
            <label from="11-10" id="97" name="ScrEv_press_stop_button" text="pulled" type="event"/>
            <label from="12-3" id="98" name="ScrEv_other" text="dinged" type="event"/>
            <label from="12-5" id="99" name="UnrelEv" text="signal" type="event"/>
            <label from="12-8" id="100" name="UnrelEv" text="wanted" type="event"/>
            <label from="12-10" id="101" name="ScrEv_get_off" text="get off" to="12-11" type="event"/>
            <label from="12-10" id="102" name="ScrEv_get_off" text="get" type="event"/>
            <label from="13-3" id="103" name="ScrEv_bus_stops" text="pulled" type="event"/>
            <label from="13-11" id="104" name="ScrEv_wait" text="waiting" type="event"/>
            <label from="13-13" id="105" name="ScrEv_board_bus" text="get on" to="13-14" type="event"/>
            <label from="13-13" id="106" name="ScrEv_board_bus" text="get" type="event"/>
            <label from="14-2" id="107" name="ScrEv_wait" text="waited" type="event"/>
            <label from="14-5" id="108" name="ScrEv_get_off" text="got off" to="14-6" type="event"/>
            <label from="14-5" id="109" name="ScrEv_get_off" text="got" type="event"/>
            <label from="14-8" id="110" name="ScrEv_board_bus" text="boarding" type="event"/>
        </events>
        <chains>
            <chain elements="0 2 4 11 14 18 20 24 25 31 45 46 48 51 56"/>
            <chain elements="3 8 13 23 30 34 40 52"/>
            <chain elements="33 36"/>
            <chain elements="35 37"/>
            <chain elements="49 50"/>
            <chain elements="47 53"/>
            <chain elements="54 55"/>
        </chains>
    </annotations>
</story>
