<?xml version="1.0" encoding="UTF-8" standalone="no"?>
<!DOCTYPE story SYSTEM "../InScript.dtd">
<story id="063" scenario="bus">
    <text>
        <content>Yesterday I rode the bus to work , because my car had broken down . 
The night before I used the internet to find out what time the bus would be arriving at the stop nearest my house , and made plans to leave the house early so I could be at the bus stop on time . 
I made sure to leave a bit earlier than I thought would be necessary , just in case something came up that might make me late . 
When I arrived at the bus stop , I sat down on the bench and waited for the bus to arrive . 
It was right on time ! 
The doors to the bus opened , and I asked the lady behind the wheel how much an all day pass was . 
She told me it would be $ 2.00 , so I took some money out of my wallet and placed it into the collection tray . 
I then walked to the back of the bus and picked a seat that looked comfortable . 
After everyone else had sat down , the bus began to move . 
When I saw that I was getting close to work , I grabbed the yellow cord above my head and pulled , which caused a light to flash and a bell to ring , signalling the bus driver that I wanted to get off at the next stop . 
The bus then pulled over at the next stop , and I thanked the driver and got off . </content>
        <sentences>
            <sentence id="1">
                <token content="Yesterday" id="1-1">
                    <pos type="NN"/>
                    <lemma type="yesterday"/>
                    <dep head="1-3" type="tmod"/>
                </token>
                <token content="I" id="1-2">
                    <pos type="PRP"/>
                    <lemma type="I"/>
                    <dep head="1-3" type="nsubj"/>
                </token>
                <token content="rode" id="1-3">
                    <pos type="VBD"/>
                    <lemma type="ride"/>
                </token>
                <token content="the" id="1-4">
                    <pos type="DT"/>
                    <lemma type="the"/>
                </token>
                <token content="bus" id="1-5">
                    <pos type="NN"/>
                    <lemma type="bus"/>
                    <dep head="1-3" type="dobj"/>
                </token>
                <token content="to" id="1-6"/>
                <token content="work" id="1-7">
                    <pos type="NN"/>
                    <lemma type="work"/>
                    <dep head="1-3" type="prep"/>
                </token>
                <token content="," id="1-8"/>
                <token content="because" id="1-9">
                    <pos type="IN"/>
                    <lemma type="because"/>
                    <dep head="1-13" type="mark"/>
                </token>
                <token content="my" id="1-10">
                    <pos type="PRP$"/>
                    <lemma type="my"/>
                </token>
                <token content="car" id="1-11">
                    <pos type="NN"/>
                    <lemma type="car"/>
                    <dep head="1-13" type="nsubj"/>
                </token>
                <token content="had" id="1-12">
                    <pos type="VBD"/>
                    <lemma type="have"/>
                    <dep head="1-13" type="aux"/>
                </token>
                <token content="broken" id="1-13">
                    <pos type="VBN"/>
                    <lemma type="break"/>
                    <dep head="1-3" type="advcl"/>
                </token>
                <token content="down" id="1-14">
                    <pos type="RP"/>
                    <lemma type="down"/>
                    <dep head="1-13" type="prt"/>
                </token>
                <token content="." id="1-15"/>
            </sentence>
            <sentence id="2">
                <token content="The" id="2-1">
                    <pos type="DT"/>
                    <lemma type="the"/>
                </token>
                <token content="night" id="2-2">
                    <pos type="NN"/>
                    <lemma type="night"/>
                    <dep head="2-27" type="nsubj"/>
                </token>
                <token content="before" id="2-3"/>
                <token content="I" id="2-4">
                    <pos type="PRP"/>
                    <lemma type="I"/>
                    <dep head="2-5" type="nsubj"/>
                </token>
                <token content="used" id="2-5">
                    <pos type="VBD"/>
                    <lemma type="use"/>
                </token>
                <token content="the" id="2-6">
                    <pos type="DT"/>
                    <lemma type="the"/>
                </token>
                <token content="internet" id="2-7">
                    <pos type="NN"/>
                    <lemma type="internet"/>
                    <dep head="2-5" type="dobj"/>
                </token>
                <token content="to" id="2-8">
                    <pos type="TO"/>
                    <lemma type="to"/>
                    <dep head="2-9" type="aux"/>
                </token>
                <token content="find" id="2-9">
                    <pos type="VB"/>
                    <lemma type="find"/>
                    <dep head="2-5" type="vmod"/>
                </token>
                <token content="out" id="2-10">
                    <pos type="RP"/>
                    <lemma type="out"/>
                    <dep head="2-9" type="prt"/>
                </token>
                <token content="what" id="2-11">
                    <pos type="WP"/>
                    <lemma type="what"/>
                </token>
                <token content="time" id="2-12">
                    <pos type="NN"/>
                    <lemma type="time"/>
                    <dep head="2-17" type="dobj"/>
                </token>
                <token content="the" id="2-13">
                    <pos type="DT"/>
                    <lemma type="the"/>
                </token>
                <token content="bus" id="2-14">
                    <pos type="NN"/>
                    <lemma type="bus"/>
                    <dep head="2-17" type="nsubj"/>
                </token>
                <token content="would" id="2-15">
                    <pos type="MD"/>
                    <lemma type="would"/>
                    <dep head="2-17" type="aux"/>
                </token>
                <token content="be" id="2-16">
                    <pos type="VB"/>
                    <lemma type="be"/>
                    <dep head="2-17" type="aux"/>
                </token>
                <token content="arriving" id="2-17">
                    <pos type="VBG"/>
                    <lemma type="arrive"/>
                    <dep head="2-9" type="ccomp"/>
                </token>
                <token content="at" id="2-18"/>
                <token content="the" id="2-19">
                    <pos type="DT"/>
                    <lemma type="the"/>
                </token>
                <token content="stop" id="2-20">
                    <pos type="NN"/>
                    <lemma type="stop"/>
                    <dep head="2-17" type="prep"/>
                </token>
                <token content="nearest" id="2-21"/>
                <token content="my" id="2-22">
                    <pos type="PRP$"/>
                    <lemma type="my"/>
                </token>
                <token content="house" id="2-23">
                    <pos type="NN"/>
                    <lemma type="house"/>
                </token>
                <token content="," id="2-24"/>
                <token content="and" id="2-25"/>
                <token content="made" id="2-26">
                    <pos type="VBD"/>
                    <lemma type="make"/>
                    <dep head="2-5" type="conj"/>
                </token>
                <token content="plans" id="2-27">
                    <pos type="VBZ"/>
                    <lemma type="plan"/>
                </token>
                <token content="to" id="2-28">
                    <pos type="TO"/>
                    <lemma type="to"/>
                    <dep head="2-29" type="aux"/>
                </token>
                <token content="leave" id="2-29">
                    <pos type="VB"/>
                    <lemma type="leave"/>
                    <dep head="2-27" type="xcomp"/>
                </token>
                <token content="the" id="2-30">
                    <pos type="DT"/>
                    <lemma type="the"/>
                </token>
                <token content="house" id="2-31">
                    <pos type="NN"/>
                    <lemma type="house"/>
                </token>
                <token content="early" id="2-32">
                    <pos type="RB"/>
                    <lemma type="early"/>
                    <dep head="2-29" type="advmod"/>
                </token>
                <token content="so" id="2-33">
                    <pos type="IN"/>
                    <lemma type="so"/>
                    <dep head="2-36" type="mark"/>
                </token>
                <token content="I" id="2-34">
                    <pos type="PRP"/>
                    <lemma type="I"/>
                    <dep head="2-36" type="nsubj"/>
                </token>
                <token content="could" id="2-35">
                    <pos type="MD"/>
                    <lemma type="could"/>
                    <dep head="2-36" type="aux"/>
                </token>
                <token content="be" id="2-36">
                    <pos type="VB"/>
                    <lemma type="be"/>
                    <dep head="2-29" type="advcl"/>
                </token>
                <token content="at" id="2-37"/>
                <token content="the" id="2-38">
                    <pos type="DT"/>
                    <lemma type="the"/>
                </token>
                <token content="bus" id="2-39">
                    <pos type="NN"/>
                    <lemma type="bus"/>
                </token>
                <token content="stop" id="2-40">
                    <pos type="NN"/>
                    <lemma type="stop"/>
                    <dep head="2-36" type="prep"/>
                </token>
                <token content="on" id="2-41"/>
                <token content="time" id="2-42">
                    <pos type="NN"/>
                    <lemma type="time"/>
                </token>
                <token content="." id="2-43"/>
            </sentence>
            <sentence id="3">
                <token content="I" id="3-1">
                    <pos type="PRP"/>
                    <lemma type="I"/>
                    <dep head="3-2" type="nsubj"/>
                </token>
                <token content="made" id="3-2">
                    <pos type="VBD"/>
                    <lemma type="make"/>
                </token>
                <token content="sure" id="3-3">
                    <pos type="JJ"/>
                    <lemma type="sure"/>
                    <dep head="3-2" type="acomp"/>
                </token>
                <token content="to" id="3-4">
                    <pos type="TO"/>
                    <lemma type="to"/>
                    <dep head="3-5" type="aux"/>
                </token>
                <token content="leave" id="3-5">
                    <pos type="VB"/>
                    <lemma type="leave"/>
                </token>
                <token content="a" id="3-6">
                    <pos type="DT"/>
                    <lemma type="a"/>
                </token>
                <token content="bit" id="3-7">
                    <pos type="RB"/>
                    <lemma type="bit"/>
                </token>
                <token content="earlier" id="3-8">
                    <pos type="RBR"/>
                    <lemma type="earlier"/>
                    <dep head="3-5" type="advmod"/>
                </token>
                <token content="than" id="3-9">
                    <pos type="IN"/>
                    <lemma type="than"/>
                    <dep head="3-11" type="mark"/>
                </token>
                <token content="I" id="3-10">
                    <pos type="PRP"/>
                    <lemma type="I"/>
                    <dep head="3-11" type="nsubj"/>
                </token>
                <token content="thought" id="3-11">
                    <pos type="VBD"/>
                    <lemma type="think"/>
                </token>
                <token content="would" id="3-12">
                    <pos type="MD"/>
                    <lemma type="would"/>
                </token>
                <token content="be" id="3-13">
                    <pos type="VB"/>
                    <lemma type="be"/>
                </token>
                <token content="necessary" id="3-14">
                    <pos type="JJ"/>
                    <lemma type="necessary"/>
                    <dep head="3-11" type="ccomp"/>
                </token>
                <token content="," id="3-15"/>
                <token content="just" id="3-16">
                    <pos type="RB"/>
                    <lemma type="just"/>
                    <dep head="3-20" type="advmod"/>
                </token>
                <token content="in" id="3-17">
                    <pos type="IN"/>
                    <lemma type="in"/>
                    <dep head="3-20" type="mark"/>
                </token>
                <token content="case" id="3-18">
                    <pos type="NN"/>
                    <lemma type="case"/>
                </token>
                <token content="something" id="3-19">
                    <pos type="NN"/>
                    <lemma type="something"/>
                    <dep head="3-20" type="nsubj"/>
                </token>
                <token content="came" id="3-20">
                    <pos type="VBD"/>
                    <lemma type="come"/>
                </token>
                <token content="up" id="3-21">
                    <pos type="RP"/>
                    <lemma type="up"/>
                    <dep head="3-20" type="prt"/>
                </token>
                <token content="that" id="3-22">
                    <pos type="IN"/>
                    <lemma type="that"/>
                    <dep head="3-24" type="mark"/>
                </token>
                <token content="might" id="3-23">
                    <pos type="MD"/>
                    <lemma type="might"/>
                    <dep head="3-24" type="aux"/>
                </token>
                <token content="make" id="3-24">
                    <pos type="VB"/>
                    <lemma type="make"/>
                    <dep head="3-20" type="ccomp"/>
                </token>
                <token content="me" id="3-25">
                    <pos type="PRP"/>
                    <lemma type="I"/>
                    <dep head="3-24" type="dobj"/>
                </token>
                <token content="late" id="3-26">
                    <pos type="RB"/>
                    <lemma type="late"/>
                    <dep head="3-24" type="advmod"/>
                </token>
                <token content="." id="3-27"/>
            </sentence>
            <sentence id="4">
                <token content="When" id="4-1">
                    <pos type="WRB"/>
                    <lemma type="when"/>
                    <dep head="4-3" type="advmod"/>
                </token>
                <token content="I" id="4-2">
                    <pos type="PRP"/>
                    <lemma type="I"/>
                    <dep head="4-3" type="nsubj"/>
                </token>
                <token content="arrived" id="4-3">
                    <pos type="VBD"/>
                    <lemma type="arrive"/>
                    <dep head="4-10" type="advcl"/>
                </token>
                <token content="at" id="4-4"/>
                <token content="the" id="4-5">
                    <pos type="DT"/>
                    <lemma type="the"/>
                </token>
                <token content="bus" id="4-6">
                    <pos type="NN"/>
                    <lemma type="bus"/>
                </token>
                <token content="stop" id="4-7">
                    <pos type="NN"/>
                    <lemma type="stop"/>
                    <dep head="4-3" type="prep"/>
                </token>
                <token content="," id="4-8"/>
                <token content="I" id="4-9">
                    <pos type="PRP"/>
                    <lemma type="I"/>
                    <dep head="4-10" type="nsubj"/>
                </token>
                <token content="sat" id="4-10">
                    <pos type="VBD"/>
                    <lemma type="sit"/>
                </token>
                <token content="down" id="4-11">
                    <pos type="RP"/>
                    <lemma type="down"/>
                    <dep head="4-10" type="prt"/>
                </token>
                <token content="on" id="4-12"/>
                <token content="the" id="4-13">
                    <pos type="DT"/>
                    <lemma type="the"/>
                </token>
                <token content="bench" id="4-14">
                    <pos type="NN"/>
                    <lemma type="bench"/>
                    <dep head="4-10" type="prep"/>
                </token>
                <token content="and" id="4-15"/>
                <token content="waited" id="4-16">
                    <pos type="VBD"/>
                    <lemma type="wait"/>
                    <dep head="4-10" type="conj"/>
                </token>
                <token content="for" id="4-17"/>
                <token content="the" id="4-18">
                    <pos type="DT"/>
                    <lemma type="the"/>
                </token>
                <token content="bus" id="4-19">
                    <pos type="NN"/>
                    <lemma type="bus"/>
                    <dep head="4-16" type="prep"/>
                </token>
                <token content="to" id="4-20">
                    <pos type="TO"/>
                    <lemma type="to"/>
                    <dep head="4-21" type="aux"/>
                </token>
                <token content="arrive" id="4-21">
                    <pos type="VB"/>
                    <lemma type="arrive"/>
                    <dep head="4-16" type="xcomp"/>
                </token>
                <token content="." id="4-22"/>
            </sentence>
            <sentence id="5">
                <token content="It" id="5-1">
                    <pos type="PRP"/>
                    <lemma type="it"/>
                </token>
                <token content="was" id="5-2">
                    <pos type="VBD"/>
                    <lemma type="be"/>
                </token>
                <token content="right" id="5-3">
                    <pos type="JJ"/>
                    <lemma type="right"/>
                </token>
                <token content="on" id="5-4"/>
                <token content="time" id="5-5">
                    <pos type="NN"/>
                    <lemma type="time"/>
                </token>
                <token content="!" id="5-6"/>
            </sentence>
            <sentence id="6">
                <token content="The" id="6-1">
                    <pos type="DT"/>
                    <lemma type="the"/>
                </token>
                <token content="doors" id="6-2">
                    <pos type="NNS"/>
                    <lemma type="door"/>
                    <dep head="6-6" type="nsubj"/>
                </token>
                <token content="to" id="6-3"/>
                <token content="the" id="6-4">
                    <pos type="DT"/>
                    <lemma type="the"/>
                </token>
                <token content="bus" id="6-5">
                    <pos type="NN"/>
                    <lemma type="bus"/>
                </token>
                <token content="opened" id="6-6">
                    <pos type="VBD"/>
                    <lemma type="open"/>
                </token>
                <token content="," id="6-7"/>
                <token content="and" id="6-8"/>
                <token content="I" id="6-9">
                    <pos type="PRP"/>
                    <lemma type="I"/>
                    <dep head="6-10" type="nsubj"/>
                </token>
                <token content="asked" id="6-10">
                    <pos type="VBD"/>
                    <lemma type="ask"/>
                    <dep head="6-6" type="conj"/>
                </token>
                <token content="the" id="6-11">
                    <pos type="DT"/>
                    <lemma type="the"/>
                </token>
                <token content="lady" id="6-12">
                    <pos type="NN"/>
                    <lemma type="lady"/>
                    <dep head="6-10" type="dobj"/>
                </token>
                <token content="behind" id="6-13"/>
                <token content="the" id="6-14">
                    <pos type="DT"/>
                    <lemma type="the"/>
                </token>
                <token content="wheel" id="6-15">
                    <pos type="NN"/>
                    <lemma type="wheel"/>
                    <dep head="6-10" type="prep"/>
                </token>
                <token content="how" id="6-16">
                    <pos type="WRB"/>
                    <lemma type="how"/>
                </token>
                <token content="much" id="6-17">
                    <pos type="JJ"/>
                    <lemma type="much"/>
                    <dep head="6-22" type="dep"/>
                </token>
                <token content="an" id="6-18">
                    <pos type="DT"/>
                    <lemma type="a"/>
                </token>
                <token content="all" id="6-19">
                    <pos type="DT"/>
                    <lemma type="all"/>
                </token>
                <token content="day" id="6-20">
                    <pos type="NN"/>
                    <lemma type="day"/>
                </token>
                <token content="pass" id="6-21">
                    <pos type="NN"/>
                    <lemma type="pass"/>
                    <dep head="6-22" type="nsubj"/>
                </token>
                <token content="was" id="6-22">
                    <pos type="VBD"/>
                    <lemma type="be"/>
                    <dep head="6-10" type="dep"/>
                </token>
                <token content="." id="6-23"/>
            </sentence>
            <sentence id="7">
                <token content="She" id="7-1">
                    <pos type="PRP"/>
                    <lemma type="she"/>
                    <dep head="7-2" type="nsubj"/>
                </token>
                <token content="told" id="7-2">
                    <pos type="VBD"/>
                    <lemma type="tell"/>
                </token>
                <token content="me" id="7-3">
                    <pos type="PRP"/>
                    <lemma type="I"/>
                    <dep head="7-2" type="dobj"/>
                </token>
                <token content="it" id="7-4">
                    <pos type="PRP"/>
                    <lemma type="it"/>
                </token>
                <token content="would" id="7-5">
                    <pos type="MD"/>
                    <lemma type="would"/>
                </token>
                <token content="be" id="7-6">
                    <pos type="VB"/>
                    <lemma type="be"/>
                </token>
                <token content="$" id="7-7">
                    <pos type="$"/>
                    <lemma type="$"/>
                    <dep head="7-2" type="dep"/>
                </token>
                <token content="2.00" id="7-8">
                    <pos type="CD"/>
                    <lemma type="2.00"/>
                </token>
                <token content="," id="7-9"/>
                <token content="so" id="7-10">
                    <pos type="IN"/>
                    <lemma type="so"/>
                    <dep head="7-2" type="dep"/>
                </token>
                <token content="I" id="7-11">
                    <pos type="PRP"/>
                    <lemma type="I"/>
                    <dep head="7-12" type="nsubj"/>
                </token>
                <token content="took" id="7-12">
                    <pos type="VBD"/>
                    <lemma type="take"/>
                    <dep head="7-2" type="parataxis"/>
                </token>
                <token content="some" id="7-13">
                    <pos type="DT"/>
                    <lemma type="some"/>
                </token>
                <token content="money" id="7-14">
                    <pos type="NN"/>
                    <lemma type="money"/>
                    <dep head="7-12" type="dobj"/>
                </token>
                <token content="out" id="7-15"/>
                <token content="of" id="7-16"/>
                <token content="my" id="7-17">
                    <pos type="PRP$"/>
                    <lemma type="my"/>
                </token>
                <token content="wallet" id="7-18">
                    <pos type="NN"/>
                    <lemma type="wallet"/>
                    <dep head="7-12" type="prep"/>
                </token>
                <token content="and" id="7-19"/>
                <token content="placed" id="7-20">
                    <pos type="VBD"/>
                    <lemma type="place"/>
                    <dep head="7-12" type="conj"/>
                </token>
                <token content="it" id="7-21">
                    <pos type="PRP"/>
                    <lemma type="it"/>
                    <dep head="7-20" type="dobj"/>
                </token>
                <token content="into" id="7-22"/>
                <token content="the" id="7-23">
                    <pos type="DT"/>
                    <lemma type="the"/>
                </token>
                <token content="collection" id="7-24">
                    <pos type="NN"/>
                    <lemma type="collection"/>
                </token>
                <token content="tray" id="7-25">
                    <pos type="NN"/>
                    <lemma type="tray"/>
                    <dep head="7-20" type="prep"/>
                </token>
                <token content="." id="7-26"/>
            </sentence>
            <sentence id="8">
                <token content="I" id="8-1">
                    <pos type="PRP"/>
                    <lemma type="I"/>
                    <dep head="8-3" type="nsubj"/>
                </token>
                <token content="then" id="8-2">
                    <pos type="RB"/>
                    <lemma type="then"/>
                    <dep head="8-3" type="advmod"/>
                </token>
                <token content="walked" id="8-3">
                    <pos type="VBD"/>
                    <lemma type="walk"/>
                </token>
                <token content="to" id="8-4"/>
                <token content="the" id="8-5">
                    <pos type="DT"/>
                    <lemma type="the"/>
                </token>
                <token content="back" id="8-6">
                    <pos type="NN"/>
                    <lemma type="back"/>
                    <dep head="8-3" type="prep"/>
                </token>
                <token content="of" id="8-7"/>
                <token content="the" id="8-8">
                    <pos type="DT"/>
                    <lemma type="the"/>
                </token>
                <token content="bus" id="8-9">
                    <pos type="NN"/>
                    <lemma type="bus"/>
                </token>
                <token content="and" id="8-10"/>
                <token content="picked" id="8-11">
                    <pos type="VBD"/>
                    <lemma type="pick"/>
                    <dep head="8-3" type="conj"/>
                </token>
                <token content="a" id="8-12">
                    <pos type="DT"/>
                    <lemma type="a"/>
                </token>
                <token content="seat" id="8-13">
                    <pos type="NN"/>
                    <lemma type="seat"/>
                    <dep head="8-11" type="dobj"/>
                </token>
                <token content="that" id="8-14">
                    <pos type="WDT"/>
                    <lemma type="that"/>
                    <dep head="8-15" type="nsubj"/>
                </token>
                <token content="looked" id="8-15">
                    <pos type="VBD"/>
                    <lemma type="look"/>
                </token>
                <token content="comfortable" id="8-16">
                    <pos type="JJ"/>
                    <lemma type="comfortable"/>
                    <dep head="8-15" type="acomp"/>
                </token>
                <token content="." id="8-17"/>
            </sentence>
            <sentence id="9">
                <token content="After" id="9-1">
                    <pos type="IN"/>
                    <lemma type="after"/>
                    <dep head="9-5" type="mark"/>
                </token>
                <token content="everyone" id="9-2">
                    <pos type="NN"/>
                    <lemma type="everyone"/>
                    <dep head="9-5" type="nsubj"/>
                </token>
                <token content="else" id="9-3">
                    <pos type="RB"/>
                    <lemma type="else"/>
                </token>
                <token content="had" id="9-4">
                    <pos type="VBD"/>
                    <lemma type="have"/>
                    <dep head="9-5" type="aux"/>
                </token>
                <token content="sat" id="9-5">
                    <pos type="VBN"/>
                    <lemma type="sit"/>
                    <dep head="9-10" type="advcl"/>
                </token>
                <token content="down" id="9-6">
                    <pos type="RP"/>
                    <lemma type="down"/>
                    <dep head="9-5" type="prt"/>
                </token>
                <token content="," id="9-7"/>
                <token content="the" id="9-8">
                    <pos type="DT"/>
                    <lemma type="the"/>
                </token>
                <token content="bus" id="9-9">
                    <pos type="NN"/>
                    <lemma type="bus"/>
                    <dep head="9-10" type="nsubj"/>
                </token>
                <token content="began" id="9-10">
                    <pos type="VBD"/>
                    <lemma type="begin"/>
                </token>
                <token content="to" id="9-11">
                    <pos type="TO"/>
                    <lemma type="to"/>
                    <dep head="9-12" type="aux"/>
                </token>
                <token content="move" id="9-12">
                    <pos type="VB"/>
                    <lemma type="move"/>
                    <dep head="9-10" type="xcomp"/>
                </token>
                <token content="." id="9-13"/>
            </sentence>
            <sentence id="10">
                <token content="When" id="10-1">
                    <pos type="WRB"/>
                    <lemma type="when"/>
                    <dep head="10-3" type="advmod"/>
                </token>
                <token content="I" id="10-2">
                    <pos type="PRP"/>
                    <lemma type="I"/>
                    <dep head="10-3" type="nsubj"/>
                </token>
                <token content="saw" id="10-3">
                    <pos type="VBD"/>
                    <lemma type="see"/>
                    <dep head="10-13" type="advcl"/>
                </token>
                <token content="that" id="10-4">
                    <pos type="IN"/>
                    <lemma type="that"/>
                </token>
                <token content="I" id="10-5">
                    <pos type="PRP"/>
                    <lemma type="I"/>
                </token>
                <token content="was" id="10-6">
                    <pos type="VBD"/>
                    <lemma type="be"/>
                </token>
                <token content="getting" id="10-7">
                    <pos type="VBG"/>
                    <lemma type="get"/>
                </token>
                <token content="close" id="10-8">
                    <pos type="JJ"/>
                    <lemma type="close"/>
                    <dep head="10-3" type="ccomp"/>
                </token>
                <token content="to" id="10-9">
                    <pos type="TO"/>
                    <lemma type="to"/>
                    <dep head="10-10" type="aux"/>
                </token>
                <token content="work" id="10-10">
                    <pos type="VB"/>
                    <lemma type="work"/>
                </token>
                <token content="," id="10-11"/>
                <token content="I" id="10-12">
                    <pos type="PRP"/>
                    <lemma type="I"/>
                    <dep head="10-13" type="nsubj"/>
                </token>
                <token content="grabbed" id="10-13">
                    <pos type="VBD"/>
                    <lemma type="grab"/>
                </token>
                <token content="the" id="10-14">
                    <pos type="DT"/>
                    <lemma type="the"/>
                </token>
                <token content="yellow" id="10-15">
                    <pos type="JJ"/>
                    <lemma type="yellow"/>
                </token>
                <token content="cord" id="10-16">
                    <pos type="NN"/>
                    <lemma type="cord"/>
                    <dep head="10-13" type="dobj"/>
                </token>
                <token content="above" id="10-17"/>
                <token content="my" id="10-18">
                    <pos type="PRP$"/>
                    <lemma type="my"/>
                </token>
                <token content="head" id="10-19">
                    <pos type="NN"/>
                    <lemma type="head"/>
                    <dep head="10-13" type="prep"/>
                </token>
                <token content="and" id="10-20"/>
                <token content="pulled" id="10-21">
                    <pos type="VBD"/>
                    <lemma type="pull"/>
                    <dep head="10-13" type="conj"/>
                </token>
                <token content="," id="10-22"/>
                <token content="which" id="10-23">
                    <pos type="WDT"/>
                    <lemma type="which"/>
                    <dep head="10-24" type="nsubj"/>
                </token>
                <token content="caused" id="10-24">
                    <pos type="VBD"/>
                    <lemma type="cause"/>
                    <dep head="10-13" type="ccomp"/>
                </token>
                <token content="a" id="10-25">
                    <pos type="DT"/>
                    <lemma type="a"/>
                </token>
                <token content="light" id="10-26">
                    <pos type="NN"/>
                    <lemma type="light"/>
                    <dep head="10-24" type="dobj"/>
                </token>
                <token content="to" id="10-27"/>
                <token content="flash" id="10-28">
                    <pos type="NN"/>
                    <lemma type="flash"/>
                    <dep head="10-24" type="prep"/>
                </token>
                <token content="and" id="10-29"/>
                <token content="a" id="10-30">
                    <pos type="DT"/>
                    <lemma type="a"/>
                </token>
                <token content="bell" id="10-31">
                    <pos type="NN"/>
                    <lemma type="bell"/>
                </token>
                <token content="to" id="10-32"/>
                <token content="ring" id="10-33">
                    <pos type="NN"/>
                    <lemma type="ring"/>
                    <dep head="10-24" type="prep"/>
                </token>
                <token content="," id="10-34"/>
                <token content="signalling" id="10-35">
                    <pos type="VBG"/>
                    <lemma type="signal"/>
                    <dep head="10-24" type="vmod"/>
                </token>
                <token content="the" id="10-36">
                    <pos type="DT"/>
                    <lemma type="the"/>
                </token>
                <token content="bus" id="10-37">
                    <pos type="NN"/>
                    <lemma type="bus"/>
                </token>
                <token content="driver" id="10-38">
                    <pos type="NN"/>
                    <lemma type="driver"/>
                    <dep head="10-35" type="dobj"/>
                </token>
                <token content="that" id="10-39">
                    <pos type="IN"/>
                    <lemma type="that"/>
                    <dep head="10-41" type="mark"/>
                </token>
                <token content="I" id="10-40">
                    <pos type="PRP"/>
                    <lemma type="I"/>
                    <dep head="10-41" type="nsubj"/>
                </token>
                <token content="wanted" id="10-41">
                    <pos type="VBD"/>
                    <lemma type="want"/>
                    <dep head="10-35" type="ccomp"/>
                </token>
                <token content="to" id="10-42">
                    <pos type="TO"/>
                    <lemma type="to"/>
                    <dep head="10-43" type="aux"/>
                </token>
                <token content="get" id="10-43">
                    <pos type="VB"/>
                    <lemma type="get"/>
                    <dep head="10-41" type="xcomp"/>
                </token>
                <token content="off" id="10-44">
                    <pos type="RP"/>
                    <lemma type="off"/>
                    <dep head="10-43" type="prt"/>
                </token>
                <token content="at" id="10-45"/>
                <token content="the" id="10-46">
                    <pos type="DT"/>
                    <lemma type="the"/>
                </token>
                <token content="next" id="10-47">
                    <pos type="JJ"/>
                    <lemma type="next"/>
                </token>
                <token content="stop" id="10-48">
                    <pos type="NN"/>
                    <lemma type="stop"/>
                    <dep head="10-43" type="prep"/>
                </token>
                <token content="." id="10-49"/>
            </sentence>
            <sentence id="11">
                <token content="The" id="11-1">
                    <pos type="DT"/>
                    <lemma type="the"/>
                </token>
                <token content="bus" id="11-2">
                    <pos type="NN"/>
                    <lemma type="bus"/>
                    <dep head="11-4" type="nsubj"/>
                </token>
                <token content="then" id="11-3">
                    <pos type="RB"/>
                    <lemma type="then"/>
                    <dep head="11-4" type="advmod"/>
                </token>
                <token content="pulled" id="11-4">
                    <pos type="VBD"/>
                    <lemma type="pull"/>
                </token>
                <token content="over" id="11-5">
                    <pos type="RP"/>
                    <lemma type="over"/>
                    <dep head="11-4" type="prt"/>
                </token>
                <token content="at" id="11-6"/>
                <token content="the" id="11-7">
                    <pos type="DT"/>
                    <lemma type="the"/>
                </token>
                <token content="next" id="11-8">
                    <pos type="JJ"/>
                    <lemma type="next"/>
                </token>
                <token content="stop" id="11-9">
                    <pos type="NN"/>
                    <lemma type="stop"/>
                    <dep head="11-4" type="prep"/>
                </token>
                <token content="," id="11-10"/>
                <token content="and" id="11-11"/>
                <token content="I" id="11-12">
                    <pos type="PRP"/>
                    <lemma type="I"/>
                    <dep head="11-13" type="nsubj"/>
                </token>
                <token content="thanked" id="11-13">
                    <pos type="VBD"/>
                    <lemma type="thank"/>
                    <dep head="11-4" type="conj"/>
                </token>
                <token content="the" id="11-14">
                    <pos type="DT"/>
                    <lemma type="the"/>
                </token>
                <token content="driver" id="11-15">
                    <pos type="NN"/>
                    <lemma type="driver"/>
                    <dep head="11-13" type="dobj"/>
                </token>
                <token content="and" id="11-16"/>
                <token content="got" id="11-17">
                    <pos type="VBD"/>
                    <lemma type="get"/>
                    <dep head="11-13" type="conj"/>
                </token>
                <token content="off" id="11-18">
                    <pos type="RP"/>
                    <lemma type="off"/>
                    <dep head="11-17" type="prt"/>
                </token>
                <token content="." id="11-19"/>
            </sentence>
        </sentences>
    </text>
    <annotations>
        <participants>
            <label from="1-2" id="0" name="ScrPart_passenger" text="I" type="participant"/>
            <label from="1-5" id="1" name="ScrPart_bus" text="bus" type="participant"/>
            <label from="1-7" id="2" name="ScrPart_destination" text="work" type="participant"/>
            <label from="1-10" id="3" name="ScrPart_passenger" text="my" type="participant"/>
            <label from="1-11" id="4" name="NPart" text="car" type="participant"/>
            <label from="2-2" id="5" name="NPart" text="night" type="participant"/>
            <label from="2-4" id="6" name="ScrPart_passenger" text="I" type="participant"/>
            <label from="2-7" id="7" name="NPart" text="internet" type="participant"/>
            <label from="2-12" id="8" name="ScrPart_time/date" text="time" type="participant"/>
            <label from="2-14" id="9" name="ScrPart_bus" text="bus" type="participant"/>
            <label from="2-20" id="10" name="ScrPart_bus_stop" text="stop" type="participant"/>
            <label from="2-22" id="11" name="ScrPart_passenger" text="my" type="participant"/>
            <label from="2-23" id="12" name="NPart" text="house" type="participant"/>
            <label from="2-27" id="13" name="No_label" text="plans" type="participant"/>
            <label from="2-31" id="14" name="NPart" text="house" type="participant"/>
            <label from="2-34" id="15" name="ScrPart_passenger" text="I" type="participant"/>
            <label from="2-39" id="16" name="ScrPart_bus_stop" text="bus stop" to="2-40" type="participant"/>
            <label from="2-40" id="17" name="ScrPart_bus_stop" text="stop" type="participant"/>
            <label from="2-42" id="18" name="ScrPart_time/date" text="time" type="participant"/>
            <label from="3-1" id="19" name="ScrPart_passenger" text="I" type="participant"/>
            <label from="3-7" id="20" name="No_label" text="bit" type="participant"/>
            <label from="3-10" id="21" name="ScrPart_passenger" text="I" type="participant"/>
            <label from="3-19" id="22" name="NPart" text="something" type="participant"/>
            <label from="3-25" id="23" name="ScrPart_passenger" text="me" type="participant"/>
            <label from="4-2" id="24" name="ScrPart_passenger" text="I" type="participant"/>
            <label from="4-6" id="25" name="ScrPart_bus_stop" text="bus stop" to="4-7" type="participant"/>
            <label from="4-7" id="26" name="ScrPart_bus_stop" text="stop" type="participant"/>
            <label from="4-9" id="27" name="ScrPart_passenger" text="I" type="participant"/>
            <label from="4-14" id="28" name="NPart" text="bench" type="participant"/>
            <label from="4-19" id="29" name="ScrPart_bus" text="bus" type="participant"/>
            <label from="5-1" id="30" name="ScrPart_bus" text="It" type="participant"/>
            <label from="5-5" id="31" name="ScrPart_time/date" text="time" type="participant"/>
            <label from="6-2" id="32" name="ScrPart_door" text="doors" type="participant"/>
            <label from="6-5" id="33" name="ScrPart_bus" text="bus" type="participant"/>
            <label from="6-9" id="34" name="ScrPart_passenger" text="I" type="participant"/>
            <label from="6-12" id="35" name="ScrPart_bus_staff" text="lady" type="participant"/>
            <label from="6-15" id="36" name="NPart" text="wheel" type="participant"/>
            <label from="6-19" id="37" name="ScrPart_card/ticket" text="all day pass" to="6-21" type="participant"/>
            <label from="6-21" id="38" name="ScrPart_card/ticket" text="pass" type="participant"/>
            <label from="7-1" id="39" name="ScrPart_bus_staff" text="She" type="participant"/>
            <label from="7-3" id="40" name="ScrPart_passenger" text="me" type="participant"/>
            <label from="7-4" id="41" name="No_label" text="it" type="participant"/>
            <label from="7-7" id="42" name="ScrPart_money" text="$ 2.00" to="7-8" type="participant"/>
            <label from="7-11" id="43" name="ScrPart_passenger" text="I" type="participant"/>
            <label from="7-14" id="44" name="ScrPart_money" text="money" type="participant"/>
            <label from="7-17" id="45" name="ScrPart_passenger" text="my" type="participant"/>
            <label from="7-18" id="46" name="NPart" text="wallet" type="participant"/>
            <label from="7-21" id="47" name="ScrPart_money" text="it" type="participant"/>
            <label from="7-24" id="48" name="ScrPart_payment_machine" text="collection tray" to="7-25" type="participant"/>
            <label from="7-25" id="49" name="ScrPart_payment_machine" text="tray" type="participant"/>
            <label from="8-1" id="50" name="ScrPart_passenger" text="I" type="participant"/>
            <label from="8-6" id="51" name="NPart" text="back" type="participant"/>
            <label from="8-9" id="52" name="ScrPart_bus" text="bus" type="participant"/>
            <label from="8-13" id="53" name="ScrPart_seat_in_bus" text="seat" type="participant"/>
            <label from="8-14" id="54" name="ScrPart_seat_in_bus" text="that" type="participant"/>
            <label from="9-2" id="55" name="ScrPart_passenger" text="everyone" type="participant"/>
            <label from="9-9" id="56" name="ScrPart_bus" text="bus" type="participant"/>
            <label from="10-2" id="57" name="ScrPart_passenger" text="I" type="participant"/>
            <label from="10-5" id="58" name="ScrPart_passenger" text="I" type="participant"/>
            <label from="10-10" id="59" name="ScrPart_destination" text="work" type="participant"/>
            <label from="10-12" id="60" name="ScrPart_passenger" text="I" type="participant"/>
            <label from="10-16" id="61" name="ScrPart_stop_button/door_opener" text="cord" type="participant"/>
            <label from="10-18" id="62" name="ScrPart_passenger" text="my" type="participant"/>
            <label from="10-19" id="63" name="NPart" text="head" type="participant"/>
            <label from="10-26" id="64" name="NPart" text="light" type="participant"/>
            <label from="10-31" id="65" name="NPart" text="bell" type="participant"/>
            <label from="10-37" id="66" name="ScrPart_bus_staff" text="bus driver" to="10-38" type="participant"/>
            <label from="10-38" id="67" name="ScrPart_bus_staff" text="driver" type="participant"/>
            <label from="10-40" id="68" name="ScrPart_passenger" text="I" type="participant"/>
            <label from="10-48" id="69" name="ScrPart_bus_stop" text="stop" type="participant"/>
            <label from="11-2" id="70" name="ScrPart_bus" text="bus" type="participant"/>
            <label from="11-9" id="71" name="ScrPart_bus_stop" text="stop" type="participant"/>
            <label from="11-12" id="72" name="ScrPart_passenger" text="I" type="participant"/>
            <label from="11-15" id="73" name="ScrPart_bus_staff" text="driver" type="participant"/>
        </participants>
        <events>
            <label from="1-3" id="74" name="Evoking" text="rode the bus" to="1-5" type="event"/>
            <label from="1-13" id="75" name="UnrelEv" text="broken down" to="1-14" type="event"/>
            <label from="2-5" id="76" name="UnrelEv" text="used" type="event"/>
            <label from="2-9" id="77" name="ScrEv_check_time-table" text="find out" to="2-10" type="event"/>
            <label from="2-17" id="78" name="ScrEv_bus_comes" text="arriving" type="event"/>
            <label from="2-26" id="79" name="UnrelEv" text="made" type="event"/>
            <label from="2-29" id="80" name="ScrEv_get_bus_stop" text="leave" type="event"/>
            <label from="2-36" id="81" name="ScrEv_get_bus_stop" text="be at" to="2-37" type="event"/>
            <label from="3-2" id="82" name="UnrelEv" text="made sure" to="3-3" type="event"/>
            <label from="3-5" id="83" name="ScrEv_get_bus_stop" text="leave" type="event"/>
            <label from="3-11" id="84" name="UnrelEv" text="thought" type="event"/>
            <label from="3-13" id="85" name="UnrelEv" text="be" type="event"/>
            <label from="3-20" id="86" name="UnrelEv" text="came up" to="3-21" type="event"/>
            <label from="3-24" id="87" name="UnrelEv" text="make" type="event"/>
            <label from="4-3" id="88" name="ScrEv_get_bus_stop" text="arrived at" to="4-4" type="event"/>
            <label from="4-10" id="89" name="ScrEv_wait" text="sat down" to="4-11" type="event"/>
            <label from="4-16" id="90" name="ScrEv_wait" text="waited for" to="4-17" type="event"/>
            <label from="4-21" id="91" name="ScrEv_bus_comes" text="arrive" type="event"/>
            <label from="5-2" id="92" name="RelNScrEv" text="was" type="event"/>
            <label from="6-6" id="93" name="ScrEv_door_opens" text="opened" type="event"/>
            <label from="6-10" id="94" name="RelNScrEv" text="asked" type="event"/>
            <label from="6-22" id="95" name="UnrelEv" text="was" type="event"/>
            <label from="7-2" id="96" name="RelNScrEv" text="told" type="event"/>
            <label from="7-6" id="97" name="UnrelEv" text="be" type="event"/>
            <label from="7-12" id="98" name="RelNScrEv" text="took" type="event"/>
            <label from="7-20" id="99" name="ScrEv_get_ticket" text="placed" type="event"/>
            <label from="8-3" id="100" name="RelNScrEv" text="walked" type="event"/>
            <label from="8-11" id="101" name="ScrEv_find_place" text="picked" type="event"/>
            <label from="8-15" id="102" name="UnrelEv" text="looked" type="event"/>
            <label from="9-5" id="103" name="ScrEv_find_place" text="sat down" to="9-6" type="event"/>
            <label from="9-10" id="104" name="UnrelEv" text="began" type="event"/>
            <label from="9-12" id="105" name="ScrEv_ride" text="move" type="event"/>
            <label from="10-3" id="106" name="UnrelEv" text="saw" type="event"/>
            <label from="10-7" id="107" name="ScrEv_bus_stops" text="getting close" to="10-8" type="event"/>
            <label from="10-13" id="108" name="ScrEv_press_stop_button" text="grabbed" type="event"/>
            <label from="10-21" id="109" name="ScrEv_press_stop_button" text="pulled" type="event"/>
            <label from="10-24" id="110" name="UnrelEv" text="caused" type="event"/>
            <label from="10-28" id="111" name="RelNScrEv" text="flash" type="event"/>
            <label from="10-33" id="112" name="RelNScrEv" text="ring" type="event"/>
            <label from="10-35" id="113" name="RelNScrEv" text="signalling" type="event"/>
            <label from="10-41" id="114" name="UnrelEv" text="wanted to" to="10-42" type="event"/>
            <label from="10-43" id="115" name="ScrEv_get_off" text="get off" to="10-44" type="event"/>
            <label from="11-4" id="116" name="ScrEv_bus_stops" text="pulled over" to="11-5" type="event"/>
            <label from="11-13" id="117" name="RelNScrEv" text="thanked" type="event"/>
            <label from="11-17" id="118" name="ScrEv_get_off" text="got off" to="11-18" type="event"/>
        </events>
        <chains>
            <chain elements="3 0 6 11 15 19 21 23 24 27 34 40 43 45 50 57 58 60 62 68 72"/>
            <chain elements="9 1 29 30 33 52 56 70"/>
            <chain elements="59 2"/>
            <chain elements="17 10 26"/>
            <chain elements="39 35 67 73"/>
            <chain elements="44 42 47"/>
            <chain elements="54 53"/>
            <chain elements="71 69"/>
        </chains>
    </annotations>
</story>
