<?xml version="1.0" encoding="UTF-8" standalone="no"?>
<!DOCTYPE story SYSTEM "../InScript.dtd">
<story id="012" scenario="bus">
    <text>
        <content>I love to ride the bus in my town . 
The fare is only 75 cents . 
It will take you anywhere . 
On Saturdays I get up early and walk down to the bus stop . 
I wait for the bus to come at 8:15 . 
I climb up the stairs and drop my fare into the collection box and say hello to the driver . 
Before the bus starts up again I move all the way to the back to sit in the last row of seats . 
Lots of different people get on . 
Some with shopping bags , others all dressed up and some like me dressed casual for a summer morning . 
I take the bus all the way until it gets to the center of town where I get off . 
Before i get off I get a transfer ticket . 
And then the fun begins . 
I look at the bus route map at the bus stop and look for a part of the city i want to explore . 
For 75 cents i can get to any part of my city . 
I see all kinds of people and get to explore the city I live in . </content>
        <sentences>
            <sentence id="1">
                <token content="I" id="1-1">
                    <pos type="PRP"/>
                    <lemma type="I"/>
                    <dep head="1-2" type="nsubj"/>
                </token>
                <token content="love" id="1-2">
                    <pos type="VBP"/>
                    <lemma type="love"/>
                </token>
                <token content="to" id="1-3">
                    <pos type="TO"/>
                    <lemma type="to"/>
                    <dep head="1-4" type="aux"/>
                </token>
                <token content="ride" id="1-4">
                    <pos type="VB"/>
                    <lemma type="ride"/>
                    <dep head="1-2" type="xcomp"/>
                </token>
                <token content="the" id="1-5">
                    <pos type="DT"/>
                    <lemma type="the"/>
                </token>
                <token content="bus" id="1-6">
                    <pos type="NN"/>
                    <lemma type="bus"/>
                    <dep head="1-4" type="dobj"/>
                </token>
                <token content="in" id="1-7"/>
                <token content="my" id="1-8">
                    <pos type="PRP$"/>
                    <lemma type="my"/>
                </token>
                <token content="town" id="1-9">
                    <pos type="NN"/>
                    <lemma type="town"/>
                </token>
                <token content="." id="1-10"/>
            </sentence>
            <sentence id="2">
                <token content="The" id="2-1">
                    <pos type="DT"/>
                    <lemma type="the"/>
                </token>
                <token content="fare" id="2-2">
                    <pos type="NN"/>
                    <lemma type="fare"/>
                </token>
                <token content="is" id="2-3">
                    <pos type="VBZ"/>
                    <lemma type="be"/>
                </token>
                <token content="only" id="2-4">
                    <pos type="RB"/>
                    <lemma type="only"/>
                </token>
                <token content="75" id="2-5">
                    <pos type="CD"/>
                    <lemma type="75"/>
                </token>
                <token content="cents" id="2-6">
                    <pos type="NNS"/>
                    <lemma type="cent"/>
                </token>
                <token content="." id="2-7"/>
            </sentence>
            <sentence id="3">
                <token content="It" id="3-1">
                    <pos type="PRP"/>
                    <lemma type="it"/>
                    <dep head="3-3" type="nsubj"/>
                </token>
                <token content="will" id="3-2">
                    <pos type="MD"/>
                    <lemma type="will"/>
                    <dep head="3-3" type="aux"/>
                </token>
                <token content="take" id="3-3">
                    <pos type="VB"/>
                    <lemma type="take"/>
                </token>
                <token content="you" id="3-4">
                    <pos type="PRP"/>
                    <lemma type="you"/>
                    <dep head="3-3" type="dobj"/>
                </token>
                <token content="anywhere" id="3-5">
                    <pos type="RB"/>
                    <lemma type="anywhere"/>
                    <dep head="3-3" type="advmod"/>
                </token>
                <token content="." id="3-6"/>
            </sentence>
            <sentence id="4">
                <token content="On" id="4-1"/>
                <token content="Saturdays" id="4-2">
                    <pos type="NNP"/>
                    <lemma type="Saturdays"/>
                    <dep head="4-4" type="prep"/>
                </token>
                <token content="I" id="4-3">
                    <pos type="PRP"/>
                    <lemma type="I"/>
                    <dep head="4-4" type="nsubj"/>
                </token>
                <token content="get" id="4-4">
                    <pos type="VBP"/>
                    <lemma type="get"/>
                </token>
                <token content="up" id="4-5">
                    <pos type="RB"/>
                    <lemma type="up"/>
                </token>
                <token content="early" id="4-6">
                    <pos type="RB"/>
                    <lemma type="early"/>
                    <dep head="4-4" type="advmod"/>
                </token>
                <token content="and" id="4-7"/>
                <token content="walk" id="4-8">
                    <pos type="VBP"/>
                    <lemma type="walk"/>
                    <dep head="4-4" type="conj"/>
                </token>
                <token content="down" id="4-9">
                    <pos type="RP"/>
                    <lemma type="down"/>
                    <dep head="4-8" type="prt"/>
                </token>
                <token content="to" id="4-10"/>
                <token content="the" id="4-11">
                    <pos type="DT"/>
                    <lemma type="the"/>
                </token>
                <token content="bus" id="4-12">
                    <pos type="NN"/>
                    <lemma type="bus"/>
                </token>
                <token content="stop" id="4-13">
                    <pos type="NN"/>
                    <lemma type="stop"/>
                    <dep head="4-8" type="prep"/>
                </token>
                <token content="." id="4-14"/>
            </sentence>
            <sentence id="5">
                <token content="I" id="5-1">
                    <pos type="PRP"/>
                    <lemma type="I"/>
                    <dep head="5-2" type="nsubj"/>
                </token>
                <token content="wait" id="5-2">
                    <pos type="VBP"/>
                    <lemma type="wait"/>
                </token>
                <token content="for" id="5-3"/>
                <token content="the" id="5-4">
                    <pos type="DT"/>
                    <lemma type="the"/>
                </token>
                <token content="bus" id="5-5">
                    <pos type="NN"/>
                    <lemma type="bus"/>
                    <dep head="5-2" type="prep"/>
                </token>
                <token content="to" id="5-6">
                    <pos type="TO"/>
                    <lemma type="to"/>
                    <dep head="5-7" type="aux"/>
                </token>
                <token content="come" id="5-7">
                    <pos type="VB"/>
                    <lemma type="come"/>
                </token>
                <token content="at" id="5-8"/>
                <token content="8:15" id="5-9">
                    <pos type="CD"/>
                    <lemma type="8:15"/>
                    <dep head="5-7" type="prep"/>
                </token>
                <token content="." id="5-10"/>
            </sentence>
            <sentence id="6">
                <token content="I" id="6-1">
                    <pos type="PRP"/>
                    <lemma type="I"/>
                    <dep head="6-2" type="nsubj"/>
                </token>
                <token content="climb" id="6-2">
                    <pos type="VB"/>
                    <lemma type="climb"/>
                </token>
                <token content="up" id="6-3">
                    <pos type="RP"/>
                    <lemma type="up"/>
                    <dep head="6-2" type="prt"/>
                </token>
                <token content="the" id="6-4">
                    <pos type="DT"/>
                    <lemma type="the"/>
                </token>
                <token content="stairs" id="6-5">
                    <pos type="NNS"/>
                    <lemma type="stair"/>
                    <dep head="6-2" type="dobj"/>
                </token>
                <token content="and" id="6-6"/>
                <token content="drop" id="6-7">
                    <pos type="VB"/>
                    <lemma type="drop"/>
                    <dep head="6-2" type="conj"/>
                </token>
                <token content="my" id="6-8">
                    <pos type="PRP$"/>
                    <lemma type="my"/>
                </token>
                <token content="fare" id="6-9">
                    <pos type="NN"/>
                    <lemma type="fare"/>
                    <dep head="6-7" type="dobj"/>
                </token>
                <token content="into" id="6-10"/>
                <token content="the" id="6-11">
                    <pos type="DT"/>
                    <lemma type="the"/>
                </token>
                <token content="collection" id="6-12">
                    <pos type="NN"/>
                    <lemma type="collection"/>
                </token>
                <token content="box" id="6-13">
                    <pos type="NN"/>
                    <lemma type="box"/>
                    <dep head="6-7" type="prep"/>
                </token>
                <token content="and" id="6-14"/>
                <token content="say" id="6-15">
                    <pos type="VB"/>
                    <lemma type="say"/>
                    <dep head="6-2" type="conj"/>
                </token>
                <token content="hello" id="6-16">
                    <pos type="UH"/>
                    <lemma type="hello"/>
                    <dep head="6-15" type="dobj"/>
                </token>
                <token content="to" id="6-17"/>
                <token content="the" id="6-18">
                    <pos type="DT"/>
                    <lemma type="the"/>
                </token>
                <token content="driver" id="6-19">
                    <pos type="NN"/>
                    <lemma type="driver"/>
                    <dep head="6-15" type="prep"/>
                </token>
                <token content="." id="6-20"/>
            </sentence>
            <sentence id="7">
                <token content="Before" id="7-1">
                    <pos type="IN"/>
                    <lemma type="before"/>
                    <dep head="7-4" type="mark"/>
                </token>
                <token content="the" id="7-2">
                    <pos type="DT"/>
                    <lemma type="the"/>
                </token>
                <token content="bus" id="7-3">
                    <pos type="NN"/>
                    <lemma type="bus"/>
                    <dep head="7-4" type="nsubj"/>
                </token>
                <token content="starts" id="7-4">
                    <pos type="VBZ"/>
                    <lemma type="start"/>
                    <dep head="7-8" type="advcl"/>
                </token>
                <token content="up" id="7-5">
                    <pos type="RP"/>
                    <lemma type="up"/>
                    <dep head="7-4" type="prt"/>
                </token>
                <token content="again" id="7-6">
                    <pos type="RB"/>
                    <lemma type="again"/>
                    <dep head="7-4" type="advmod"/>
                </token>
                <token content="I" id="7-7">
                    <pos type="PRP"/>
                    <lemma type="I"/>
                    <dep head="7-8" type="nsubj"/>
                </token>
                <token content="move" id="7-8">
                    <pos type="VBP"/>
                    <lemma type="move"/>
                </token>
                <token content="all" id="7-9">
                    <pos type="PDT"/>
                    <lemma type="all"/>
                </token>
                <token content="the" id="7-10">
                    <pos type="DT"/>
                    <lemma type="the"/>
                </token>
                <token content="way" id="7-11">
                    <pos type="NN"/>
                    <lemma type="way"/>
                    <dep head="7-8" type="dobj"/>
                </token>
                <token content="to" id="7-12"/>
                <token content="the" id="7-13">
                    <pos type="DT"/>
                    <lemma type="the"/>
                </token>
                <token content="back" id="7-14">
                    <pos type="NN"/>
                    <lemma type="back"/>
                    <dep head="7-8" type="prep"/>
                </token>
                <token content="to" id="7-15">
                    <pos type="TO"/>
                    <lemma type="to"/>
                    <dep head="7-16" type="aux"/>
                </token>
                <token content="sit" id="7-16">
                    <pos type="VB"/>
                    <lemma type="sit"/>
                </token>
                <token content="in" id="7-17"/>
                <token content="the" id="7-18">
                    <pos type="DT"/>
                    <lemma type="the"/>
                </token>
                <token content="last" id="7-19">
                    <pos type="JJ"/>
                    <lemma type="last"/>
                </token>
                <token content="row" id="7-20">
                    <pos type="NN"/>
                    <lemma type="row"/>
                    <dep head="7-16" type="prep"/>
                </token>
                <token content="of" id="7-21"/>
                <token content="seats" id="7-22">
                    <pos type="NNS"/>
                    <lemma type="seat"/>
                </token>
                <token content="." id="7-23"/>
            </sentence>
            <sentence id="8">
                <token content="Lots" id="8-1">
                    <pos type="NNS"/>
                    <lemma type="lot"/>
                    <dep head="8-5" type="nsubj"/>
                </token>
                <token content="of" id="8-2"/>
                <token content="different" id="8-3">
                    <pos type="JJ"/>
                    <lemma type="different"/>
                </token>
                <token content="people" id="8-4">
                    <pos type="NNS"/>
                    <lemma type="people"/>
                </token>
                <token content="get" id="8-5">
                    <pos type="VBP"/>
                    <lemma type="get"/>
                </token>
                <token content="on" id="8-6">
                    <pos type="RP"/>
                    <lemma type="on"/>
                    <dep head="8-5" type="prt"/>
                </token>
                <token content="." id="8-7"/>
            </sentence>
            <sentence id="9">
                <token content="Some" id="9-1">
                    <pos type="DT"/>
                    <lemma type="some"/>
                    <dep head="9-8" type="nsubj"/>
                </token>
                <token content="with" id="9-2"/>
                <token content="shopping" id="9-3">
                    <pos type="NN"/>
                    <lemma type="shopping"/>
                </token>
                <token content="bags" id="9-4">
                    <pos type="NNS"/>
                    <lemma type="bag"/>
                </token>
                <token content="," id="9-5"/>
                <token content="others" id="9-6">
                    <pos type="NNS"/>
                    <lemma type="other"/>
                </token>
                <token content="all" id="9-7">
                    <pos type="DT"/>
                    <lemma type="all"/>
                </token>
                <token content="dressed" id="9-8">
                    <pos type="VBD"/>
                    <lemma type="dress"/>
                </token>
                <token content="up" id="9-9">
                    <pos type="RP"/>
                    <lemma type="up"/>
                    <dep head="9-8" type="prt"/>
                </token>
                <token content="and" id="9-10"/>
                <token content="some" id="9-11">
                    <pos type="DT"/>
                    <lemma type="some"/>
                    <dep head="9-12" type="nsubj"/>
                </token>
                <token content="like" id="9-12">
                    <pos type="VBP"/>
                    <lemma type="like"/>
                    <dep head="9-8" type="conj"/>
                </token>
                <token content="me" id="9-13">
                    <pos type="PRP"/>
                    <lemma type="I"/>
                    <dep head="9-14" type="nsubj"/>
                </token>
                <token content="dressed" id="9-14">
                    <pos type="VBD"/>
                    <lemma type="dress"/>
                    <dep head="9-12" type="ccomp"/>
                </token>
                <token content="casual" id="9-15">
                    <pos type="JJ"/>
                    <lemma type="casual"/>
                    <dep head="9-14" type="dobj"/>
                </token>
                <token content="for" id="9-16"/>
                <token content="a" id="9-17">
                    <pos type="DT"/>
                    <lemma type="a"/>
                </token>
                <token content="summer" id="9-18">
                    <pos type="NN"/>
                    <lemma type="summer"/>
                </token>
                <token content="morning" id="9-19">
                    <pos type="NN"/>
                    <lemma type="morning"/>
                </token>
                <token content="." id="9-20"/>
            </sentence>
            <sentence id="10">
                <token content="I" id="10-1">
                    <pos type="PRP"/>
                    <lemma type="I"/>
                    <dep head="10-2" type="nsubj"/>
                </token>
                <token content="take" id="10-2">
                    <pos type="VBP"/>
                    <lemma type="take"/>
                </token>
                <token content="the" id="10-3">
                    <pos type="DT"/>
                    <lemma type="the"/>
                </token>
                <token content="bus" id="10-4">
                    <pos type="NN"/>
                    <lemma type="bus"/>
                    <dep head="10-2" type="iobj"/>
                </token>
                <token content="all" id="10-5">
                    <pos type="PDT"/>
                    <lemma type="all"/>
                </token>
                <token content="the" id="10-6">
                    <pos type="DT"/>
                    <lemma type="the"/>
                </token>
                <token content="way" id="10-7">
                    <pos type="NN"/>
                    <lemma type="way"/>
                    <dep head="10-2" type="dobj"/>
                </token>
                <token content="until" id="10-8">
                    <pos type="IN"/>
                    <lemma type="until"/>
                    <dep head="10-10" type="mark"/>
                </token>
                <token content="it" id="10-9">
                    <pos type="PRP"/>
                    <lemma type="it"/>
                    <dep head="10-10" type="nsubj"/>
                </token>
                <token content="gets" id="10-10">
                    <pos type="VBZ"/>
                    <lemma type="get"/>
                    <dep head="10-2" type="advcl"/>
                </token>
                <token content="to" id="10-11"/>
                <token content="the" id="10-12">
                    <pos type="DT"/>
                    <lemma type="the"/>
                </token>
                <token content="center" id="10-13">
                    <pos type="NN"/>
                    <lemma type="center"/>
                    <dep head="10-10" type="prep"/>
                </token>
                <token content="of" id="10-14"/>
                <token content="town" id="10-15">
                    <pos type="NN"/>
                    <lemma type="town"/>
                </token>
                <token content="where" id="10-16">
                    <pos type="WRB"/>
                    <lemma type="where"/>
                    <dep head="10-18" type="advmod"/>
                </token>
                <token content="I" id="10-17">
                    <pos type="PRP"/>
                    <lemma type="I"/>
                    <dep head="10-18" type="nsubj"/>
                </token>
                <token content="get" id="10-18">
                    <pos type="VBP"/>
                    <lemma type="get"/>
                    <dep head="10-10" type="advcl"/>
                </token>
                <token content="off" id="10-19">
                    <pos type="RP"/>
                    <lemma type="off"/>
                    <dep head="10-18" type="prt"/>
                </token>
                <token content="." id="10-20"/>
            </sentence>
            <sentence id="11">
                <token content="Before" id="11-1">
                    <pos type="IN"/>
                    <lemma type="before"/>
                    <dep head="11-3" type="mark"/>
                </token>
                <token content="i" id="11-2">
                    <pos type="FW"/>
                    <lemma type="i"/>
                    <dep head="11-3" type="nsubj"/>
                </token>
                <token content="get" id="11-3">
                    <pos type="VBP"/>
                    <lemma type="get"/>
                    <dep head="11-6" type="advcl"/>
                </token>
                <token content="off" id="11-4">
                    <pos type="RP"/>
                    <lemma type="off"/>
                    <dep head="11-3" type="prt"/>
                </token>
                <token content="I" id="11-5">
                    <pos type="PRP"/>
                    <lemma type="I"/>
                    <dep head="11-6" type="nsubj"/>
                </token>
                <token content="get" id="11-6">
                    <pos type="VBP"/>
                    <lemma type="get"/>
                </token>
                <token content="a" id="11-7">
                    <pos type="DT"/>
                    <lemma type="a"/>
                </token>
                <token content="transfer" id="11-8">
                    <pos type="NN"/>
                    <lemma type="transfer"/>
                </token>
                <token content="ticket" id="11-9">
                    <pos type="NN"/>
                    <lemma type="ticket"/>
                    <dep head="11-6" type="dobj"/>
                </token>
                <token content="." id="11-10"/>
            </sentence>
            <sentence id="12">
                <token content="And" id="12-1">
                    <pos type="CC"/>
                    <lemma type="and"/>
                    <dep head="12-5" type="cc"/>
                </token>
                <token content="then" id="12-2">
                    <pos type="RB"/>
                    <lemma type="then"/>
                    <dep head="12-5" type="advmod"/>
                </token>
                <token content="the" id="12-3">
                    <pos type="DT"/>
                    <lemma type="the"/>
                </token>
                <token content="fun" id="12-4">
                    <pos type="NN"/>
                    <lemma type="fun"/>
                    <dep head="12-5" type="nsubj"/>
                </token>
                <token content="begins" id="12-5">
                    <pos type="VBZ"/>
                    <lemma type="begin"/>
                </token>
                <token content="." id="12-6"/>
            </sentence>
            <sentence id="13">
                <token content="I" id="13-1">
                    <pos type="PRP"/>
                    <lemma type="I"/>
                    <dep head="13-2" type="nsubj"/>
                </token>
                <token content="look" id="13-2">
                    <pos type="VBP"/>
                    <lemma type="look"/>
                </token>
                <token content="at" id="13-3"/>
                <token content="the" id="13-4">
                    <pos type="DT"/>
                    <lemma type="the"/>
                </token>
                <token content="bus" id="13-5">
                    <pos type="NN"/>
                    <lemma type="bus"/>
                </token>
                <token content="route" id="13-6">
                    <pos type="NN"/>
                    <lemma type="route"/>
                </token>
                <token content="map" id="13-7">
                    <pos type="NN"/>
                    <lemma type="map"/>
                    <dep head="13-2" type="prep"/>
                </token>
                <token content="at" id="13-8"/>
                <token content="the" id="13-9">
                    <pos type="DT"/>
                    <lemma type="the"/>
                </token>
                <token content="bus" id="13-10">
                    <pos type="NN"/>
                    <lemma type="bus"/>
                </token>
                <token content="stop" id="13-11">
                    <pos type="VB"/>
                    <lemma type="stop"/>
                    <dep head="13-2" type="ccomp"/>
                </token>
                <token content="and" id="13-12"/>
                <token content="look" id="13-13">
                    <pos type="VB"/>
                    <lemma type="look"/>
                    <dep head="13-11" type="conj"/>
                </token>
                <token content="for" id="13-14"/>
                <token content="a" id="13-15">
                    <pos type="DT"/>
                    <lemma type="a"/>
                </token>
                <token content="part" id="13-16">
                    <pos type="NN"/>
                    <lemma type="part"/>
                    <dep head="13-11" type="prep"/>
                </token>
                <token content="of" id="13-17"/>
                <token content="the" id="13-18">
                    <pos type="DT"/>
                    <lemma type="the"/>
                </token>
                <token content="city" id="13-19">
                    <pos type="NN"/>
                    <lemma type="city"/>
                </token>
                <token content="i" id="13-20">
                    <pos type="FW"/>
                    <lemma type="i"/>
                    <dep head="13-21" type="nsubj"/>
                </token>
                <token content="want" id="13-21">
                    <pos type="VBP"/>
                    <lemma type="want"/>
                    <dep head="13-11" type="ccomp"/>
                </token>
                <token content="to" id="13-22">
                    <pos type="TO"/>
                    <lemma type="to"/>
                    <dep head="13-23" type="aux"/>
                </token>
                <token content="explore" id="13-23">
                    <pos type="VB"/>
                    <lemma type="explore"/>
                    <dep head="13-21" type="xcomp"/>
                </token>
                <token content="." id="13-24"/>
            </sentence>
            <sentence id="14">
                <token content="For" id="14-1"/>
                <token content="75" id="14-2">
                    <pos type="CD"/>
                    <lemma type="75"/>
                </token>
                <token content="cents" id="14-3">
                    <pos type="NNS"/>
                    <lemma type="cent"/>
                    <dep head="14-6" type="prep"/>
                </token>
                <token content="i" id="14-4">
                    <pos type="FW"/>
                    <lemma type="i"/>
                    <dep head="14-6" type="nsubj"/>
                </token>
                <token content="can" id="14-5">
                    <pos type="MD"/>
                    <lemma type="can"/>
                    <dep head="14-6" type="aux"/>
                </token>
                <token content="get" id="14-6">
                    <pos type="VB"/>
                    <lemma type="get"/>
                </token>
                <token content="to" id="14-7"/>
                <token content="any" id="14-8">
                    <pos type="DT"/>
                    <lemma type="any"/>
                </token>
                <token content="part" id="14-9">
                    <pos type="NN"/>
                    <lemma type="part"/>
                    <dep head="14-6" type="prep"/>
                </token>
                <token content="of" id="14-10"/>
                <token content="my" id="14-11">
                    <pos type="PRP$"/>
                    <lemma type="my"/>
                </token>
                <token content="city" id="14-12">
                    <pos type="NN"/>
                    <lemma type="city"/>
                </token>
                <token content="." id="14-13"/>
            </sentence>
            <sentence id="15">
                <token content="I" id="15-1">
                    <pos type="PRP"/>
                    <lemma type="I"/>
                    <dep head="15-2" type="nsubj"/>
                </token>
                <token content="see" id="15-2">
                    <pos type="VBP"/>
                    <lemma type="see"/>
                </token>
                <token content="all" id="15-3">
                    <pos type="DT"/>
                    <lemma type="all"/>
                </token>
                <token content="kinds" id="15-4">
                    <pos type="NNS"/>
                    <lemma type="kind"/>
                    <dep head="15-2" type="dobj"/>
                </token>
                <token content="of" id="15-5"/>
                <token content="people" id="15-6">
                    <pos type="NNS"/>
                    <lemma type="people"/>
                </token>
                <token content="and" id="15-7"/>
                <token content="get" id="15-8">
                    <pos type="VBP"/>
                    <lemma type="get"/>
                    <dep head="15-2" type="conj"/>
                </token>
                <token content="to" id="15-9">
                    <pos type="TO"/>
                    <lemma type="to"/>
                    <dep head="15-10" type="aux"/>
                </token>
                <token content="explore" id="15-10">
                    <pos type="VB"/>
                    <lemma type="explore"/>
                    <dep head="15-8" type="xcomp"/>
                </token>
                <token content="the" id="15-11">
                    <pos type="DT"/>
                    <lemma type="the"/>
                </token>
                <token content="city" id="15-12">
                    <pos type="NN"/>
                    <lemma type="city"/>
                    <dep head="15-10" type="dobj"/>
                </token>
                <token content="I" id="15-13">
                    <pos type="PRP"/>
                    <lemma type="I"/>
                    <dep head="15-14" type="nsubj"/>
                </token>
                <token content="live" id="15-14">
                    <pos type="VBP"/>
                    <lemma type="live"/>
                </token>
                <token content="in" id="15-15">
                    <pos type="RP"/>
                    <lemma type="in"/>
                    <dep head="15-14" type="prt"/>
                </token>
                <token content="." id="15-16"/>
            </sentence>
        </sentences>
    </text>
    <annotations>
        <participants>
            <label from="1-1" id="0" name="ScrPart_passenger" text="I" type="participant"/>
            <label from="1-6" id="1" name="ScrPart_bus" text="bus" type="participant"/>
            <label from="1-8" id="2" name="ScrPart_passenger" text="my" type="participant"/>
            <label from="1-9" id="3" name="ScrPart_destination" text="town" type="participant"/>
            <label from="2-2" id="4" name="ScrPart_money" text="fare" type="participant"/>
            <label from="2-6" id="5" name="ScrPart_money" text="cents" type="participant"/>
            <label from="3-1" id="6" name="ScrPart_bus" text="It" type="participant"/>
            <label from="3-4" id="7" name="ScrPart_passenger" text="you" type="participant"/>
            <label from="3-5" id="8" name="NPart" text="anywhere" type="participant"/>
            <label from="4-2" id="9" name="NPart" text="Saturdays" type="participant"/>
            <label from="4-3" id="10" name="ScrPart_passenger" text="I" type="participant"/>
            <label from="4-12" id="11" name="ScrPart_bus_stop" text="bus stop" to="4-13" type="participant"/>
            <label from="4-13" id="12" name="ScrPart_bus_stop" text="stop" type="participant"/>
            <label from="5-1" id="13" name="ScrPart_passenger" text="I" type="participant"/>
            <label from="5-5" id="14" name="ScrPart_bus" text="bus" type="participant"/>
            <label from="5-9" id="15" name="ScrPart_time/date" text="8:15" type="participant"/>
            <label from="6-1" id="16" name="ScrPart_passenger" text="I" type="participant"/>
            <label from="6-5" id="17" name="ScrPart_other" text="stairs" type="participant"/>
            <label from="6-8" id="18" name="ScrPart_passenger" text="my" type="participant"/>
            <label from="6-9" id="19" name="ScrPart_money" text="fare" type="participant"/>
            <label from="6-12" id="20" name="ScrPart_payment_machine" text="collection box" to="6-13" type="participant"/>
            <label from="6-13" id="21" name="ScrPart_payment_machine" text="box" type="participant"/>
            <label from="6-19" id="22" name="ScrPart_bus_staff" text="driver" type="participant"/>
            <label from="7-3" id="23" name="ScrPart_bus" text="bus" type="participant"/>
            <label from="7-7" id="24" name="ScrPart_passenger" text="I" type="participant"/>
            <label from="7-11" id="25" name="NPart" text="way" type="participant"/>
            <label from="7-14" id="26" name="ScrPart_other" text="back" type="participant"/>
            <label from="7-20" id="27" name="ScrPart_seat_in_bus" text="row of seats" to="7-22" type="participant"/>
            <label from="7-22" id="28" name="ScrPart_seat_in_bus" text="seats" type="participant"/>
            <label from="8-1" id="29" name="No_label" text="Lots" type="participant"/>
            <label from="8-4" id="30" name="ScrPart_passenger" text="people" type="participant"/>
            <label from="9-3" id="31" name="NPart" text="shopping bags" to="9-4" type="participant"/>
            <label from="9-4" id="32" name="NPart" text="bags" type="participant"/>
            <label from="9-6" id="33" name="NPart" text="others" type="participant"/>
            <label from="9-13" id="34" name="ScrPart_passenger" text="me" type="participant"/>
            <label from="9-18" id="35" name="NPart" text="summer morning" to="9-19" type="participant"/>
            <label from="9-19" id="36" name="NPart" text="morning" type="participant"/>
            <label from="10-1" id="37" name="ScrPart_passenger" text="I" type="participant"/>
            <label from="10-4" id="38" name="ScrPart_bus" text="bus" type="participant"/>
            <label from="10-7" id="39" name="NPart" text="way" type="participant"/>
            <label from="10-9" id="40" name="ScrPart_bus" text="it" type="participant"/>
            <label from="10-13" id="41" name="ScrPart_destination" text="center of town" to="10-15" type="participant"/>
            <label from="10-15" id="42" name="ScrPart_destination" text="town" type="participant"/>
            <label from="10-17" id="43" name="ScrPart_passenger" text="I" type="participant"/>
            <label from="11-2" id="44" name="ScrPart_passenger" text="i" type="participant"/>
            <label from="11-5" id="45" name="ScrPart_passenger" text="I" type="participant"/>
            <label from="11-8" id="46" name="ScrPart_card/ticket" text="transfer ticket" to="11-9" type="participant"/>
            <label from="11-9" id="47" name="ScrPart_card/ticket" text="ticket" type="participant"/>
            <label from="12-4" id="48" name="NPart" text="fun" type="participant"/>
            <label from="13-1" id="49" name="ScrPart_passenger" text="I" type="participant"/>
            <label from="13-5" id="50" name="ScrPart_other" text="bus route map" to="13-7" type="participant"/>
            <label from="13-7" id="51" name="ScrPart_other" text="map" type="participant"/>
            <label from="13-10" id="52" name="ScrPart_bus_stop" text="bus stop" to="13-11" type="participant"/>
            <label from="13-11" id="53" name="ScrPart_bus_stop" text="stop" type="participant"/>
            <label from="13-16" id="54" name="Head_of_Partitive" text="part" type="participant"/>
            <label from="13-19" id="55" name="ScrPart_destination" text="city" type="participant"/>
            <label from="13-20" id="56" name="ScrPart_passenger" text="i" type="participant"/>
            <label from="14-3" id="57" name="ScrPart_money" text="cents" type="participant"/>
            <label from="14-4" id="58" name="ScrPart_passenger" text="i" type="participant"/>
            <label from="14-9" id="59" name="NPart" text="part" type="participant"/>
            <label from="14-11" id="60" name="ScrPart_passenger" text="my" type="participant"/>
            <label from="14-12" id="61" name="ScrPart_destination" text="city" type="participant"/>
            <label from="15-1" id="62" name="ScrPart_passenger" text="I" type="participant"/>
            <label from="15-4" id="63" name="Head_of_Partitive" text="kinds" type="participant"/>
            <label from="15-6" id="64" name="NPart" text="people" type="participant"/>
            <label from="15-12" id="65" name="ScrPart_destination" text="city" type="participant"/>
            <label from="15-13" id="66" name="ScrPart_passenger" text="I" type="participant"/>
        </participants>
        <events>
            <label from="1-4" id="67" name="Evoking" text="ride the bus" to="1-6" type="event"/>
            <label from="2-3" id="68" name="RelNScrEv" text="is" type="event"/>
            <label from="3-3" id="69" name="RelNScrEv" text="take" type="event"/>
            <label from="4-4" id="70" name="UnrelEv" text="get up" to="4-5" type="event"/>
            <label from="4-4" id="71" name="UnrelEv" text="get" type="event"/>
            <label from="4-8" id="72" name="ScrEv_get_bus_stop" text="walk" type="event"/>
            <label from="5-2" id="73" name="ScrEv_wait" text="wait for" to="5-3" type="event"/>
            <label from="5-2" id="74" name="ScrEv_wait" text="wait" type="event"/>
            <label from="5-7" id="75" name="ScrEv_bus_comes" text="come" type="event"/>
            <label from="6-2" id="76" name="ScrEv_board_bus" text="climb up" to="6-3" type="event"/>
            <label from="6-2" id="77" name="ScrEv_board_bus" text="climb" type="event"/>
            <label from="6-7" id="78" name="ScrEv_get_ticket" text="drop" type="event"/>
            <label from="6-15" id="79" name="UnrelEv" text="say" type="event"/>
            <label from="7-4" id="80" name="RelNScrEv" text="starts up" to="7-5" type="event"/>
            <label from="7-4" id="81" name="RelNScrEv" text="starts" type="event"/>
            <label from="7-8" id="82" name="ScrEv_other" text="move" type="event"/>
            <label from="7-16" id="83" name="ScrEv_find_place" text="sit" type="event"/>
            <label from="8-5" id="84" name="ScrEv_board_bus" text="get on" to="8-6" type="event"/>
            <label from="8-5" id="85" name="ScrEv_board_bus" text="get" type="event"/>
            <label from="9-8" id="86" name="UnrelEv" text="dressed up" to="9-9" type="event"/>
            <label from="9-8" id="87" name="UnrelEv" text="dressed" type="event"/>
            <label from="9-14" id="88" name="UnrelEv" text="dressed" type="event"/>
            <label from="10-2" id="89" name="RelNScrEv" text="take" type="event"/>
            <label from="10-10" id="90" name="ScrEv_ride" text="gets to" to="10-11" type="event"/>
            <label from="10-10" id="91" name="ScrEv_ride" text="gets" type="event"/>
            <label from="10-18" id="92" name="ScrEv_get_off" text="get off" to="10-19" type="event"/>
            <label from="10-18" id="93" name="ScrEv_get_off" text="get" type="event"/>
            <label from="11-3" id="94" name="ScrEv_get_off" text="get off" to="11-4" type="event"/>
            <label from="11-3" id="95" name="ScrEv_get_off" text="get" type="event"/>
            <label from="11-6" id="96" name="ScrEv_get_ticket" text="get" type="event"/>
            <label from="12-5" id="97" name="UnrelEv" text="begins" type="event"/>
            <label from="13-2" id="98" name="ScrEv_other" text="look" type="event"/>
            <label from="13-13" id="99" name="UnrelEv" text="look for" to="13-14" type="event"/>
            <label from="13-13" id="100" name="UnrelEv" text="look" type="event"/>
            <label from="13-23" id="101" name="UnrelEv" text="explore" type="event"/>
            <label from="14-6" id="102" name="RelNScrEv" text="get to" to="14-7" type="event"/>
            <label from="14-6" id="103" name="RelNScrEv" text="get" type="event"/>
            <label from="15-2" id="104" name="UnrelEv" text="see" type="event"/>
            <label from="15-8" id="105" name="UnrelEv" text="get to" to="15-9" type="event"/>
            <label from="15-8" id="106" name="UnrelEv" text="get" type="event"/>
            <label from="15-10" id="107" name="UnrelEv" text="explore" type="event"/>
            <label from="15-14" id="108" name="UnrelEv" text="live" type="event"/>
        </events>
        <chains>
            <chain elements="0 2 10 13 16 18 24 34 37 43 44 45 49 56 58 60"/>
            <chain elements="4 5 19 57"/>
            <chain elements="1 6 14 23 38 40"/>
            <chain elements="3 42 55 61 65"/>
        </chains>
    </annotations>
</story>
