<?xml version="1.0" encoding="UTF-8" standalone="no"?>
<!DOCTYPE story SYSTEM "../InScript.dtd">
<story id="005" scenario="bus">
    <text>
        <content>I needed to get to the craft store , there was a sale ! 
Unfortunately , husband had the car and he would be gone a while . 
I decided to take the bus . 
I made sure I had a couple dollars for the fare and walked to the bus stop . 
I waited about ten minutes , then the bus came around the corner and stopped at the bench I was sitting . 
A few people got off the bus and I stepped through the doors onto the bus . 
I smiled at the bus driver and put the money into the machine to pay for my ride . 
I took a seat at an open place and looked out the window . 
The store I was going to was only a few stops away and when I saw we were close , I pulled the cord to signal to the driver I was ready to get off . 
He stopped at the shopping center and I thanked him for the ride as I stepped onto the pavement . </content>
        <sentences>
            <sentence id="1">
                <token content="I" id="1-1">
                    <pos type="PRP"/>
                    <lemma type="I"/>
                    <dep head="1-2" type="nsubj"/>
                </token>
                <token content="needed" id="1-2">
                    <pos type="VBD"/>
                    <lemma type="need"/>
                    <dep head="1-11" type="ccomp"/>
                </token>
                <token content="to" id="1-3">
                    <pos type="TO"/>
                    <lemma type="to"/>
                    <dep head="1-4" type="aux"/>
                </token>
                <token content="get" id="1-4">
                    <pos type="VB"/>
                    <lemma type="get"/>
                    <dep head="1-2" type="xcomp"/>
                </token>
                <token content="to" id="1-5"/>
                <token content="the" id="1-6">
                    <pos type="DT"/>
                    <lemma type="the"/>
                </token>
                <token content="craft" id="1-7">
                    <pos type="NN"/>
                    <lemma type="craft"/>
                </token>
                <token content="store" id="1-8">
                    <pos type="NN"/>
                    <lemma type="store"/>
                    <dep head="1-4" type="prep"/>
                </token>
                <token content="," id="1-9"/>
                <token content="there" id="1-10">
                    <pos type="EX"/>
                    <lemma type="there"/>
                    <dep head="1-11" type="expl"/>
                </token>
                <token content="was" id="1-11">
                    <pos type="VBD"/>
                    <lemma type="be"/>
                </token>
                <token content="a" id="1-12">
                    <pos type="DT"/>
                    <lemma type="a"/>
                </token>
                <token content="sale" id="1-13">
                    <pos type="NN"/>
                    <lemma type="sale"/>
                    <dep head="1-11" type="nsubj"/>
                </token>
                <token content="!" id="1-14"/>
            </sentence>
            <sentence id="2">
                <token content="Unfortunately" id="2-1">
                    <pos type="RB"/>
                    <lemma type="unfortunately"/>
                    <dep head="2-4" type="advmod"/>
                </token>
                <token content="," id="2-2"/>
                <token content="husband" id="2-3">
                    <pos type="NN"/>
                    <lemma type="husband"/>
                    <dep head="2-4" type="nsubj"/>
                </token>
                <token content="had" id="2-4">
                    <pos type="VBD"/>
                    <lemma type="have"/>
                </token>
                <token content="the" id="2-5">
                    <pos type="DT"/>
                    <lemma type="the"/>
                </token>
                <token content="car" id="2-6">
                    <pos type="NN"/>
                    <lemma type="car"/>
                    <dep head="2-4" type="dobj"/>
                </token>
                <token content="and" id="2-7"/>
                <token content="he" id="2-8">
                    <pos type="PRP"/>
                    <lemma type="he"/>
                    <dep head="2-11" type="nsubjpass"/>
                </token>
                <token content="would" id="2-9">
                    <pos type="MD"/>
                    <lemma type="would"/>
                    <dep head="2-11" type="aux"/>
                </token>
                <token content="be" id="2-10">
                    <pos type="VB"/>
                    <lemma type="be"/>
                    <dep head="2-11" type="auxpass"/>
                </token>
                <token content="gone" id="2-11">
                    <pos type="VBN"/>
                    <lemma type="go"/>
                    <dep head="2-4" type="conj"/>
                </token>
                <token content="a" id="2-12">
                    <pos type="DT"/>
                    <lemma type="a"/>
                </token>
                <token content="while" id="2-13">
                    <pos type="NN"/>
                    <lemma type="while"/>
                    <dep head="2-11" type="dobj"/>
                </token>
                <token content="." id="2-14"/>
            </sentence>
            <sentence id="3">
                <token content="I" id="3-1">
                    <pos type="PRP"/>
                    <lemma type="I"/>
                    <dep head="3-2" type="nsubj"/>
                </token>
                <token content="decided" id="3-2">
                    <pos type="VBD"/>
                    <lemma type="decide"/>
                </token>
                <token content="to" id="3-3">
                    <pos type="TO"/>
                    <lemma type="to"/>
                    <dep head="3-4" type="aux"/>
                </token>
                <token content="take" id="3-4">
                    <pos type="VB"/>
                    <lemma type="take"/>
                    <dep head="3-2" type="xcomp"/>
                </token>
                <token content="the" id="3-5">
                    <pos type="DT"/>
                    <lemma type="the"/>
                </token>
                <token content="bus" id="3-6">
                    <pos type="NN"/>
                    <lemma type="bus"/>
                    <dep head="3-4" type="dobj"/>
                </token>
                <token content="." id="3-7"/>
            </sentence>
            <sentence id="4">
                <token content="I" id="4-1">
                    <pos type="PRP"/>
                    <lemma type="I"/>
                    <dep head="4-2" type="nsubj"/>
                </token>
                <token content="made" id="4-2">
                    <pos type="VBD"/>
                    <lemma type="make"/>
                </token>
                <token content="sure" id="4-3">
                    <pos type="JJ"/>
                    <lemma type="sure"/>
                    <dep head="4-2" type="acomp"/>
                </token>
                <token content="I" id="4-4">
                    <pos type="PRP"/>
                    <lemma type="I"/>
                    <dep head="4-5" type="nsubj"/>
                </token>
                <token content="had" id="4-5">
                    <pos type="VBD"/>
                    <lemma type="have"/>
                </token>
                <token content="a" id="4-6">
                    <pos type="DT"/>
                    <lemma type="a"/>
                </token>
                <token content="couple" id="4-7">
                    <pos type="NN"/>
                    <lemma type="couple"/>
                </token>
                <token content="dollars" id="4-8">
                    <pos type="NNS"/>
                    <lemma type="dollar"/>
                    <dep head="4-5" type="dobj"/>
                </token>
                <token content="for" id="4-9"/>
                <token content="the" id="4-10">
                    <pos type="DT"/>
                    <lemma type="the"/>
                </token>
                <token content="fare" id="4-11">
                    <pos type="NN"/>
                    <lemma type="fare"/>
                </token>
                <token content="and" id="4-12"/>
                <token content="walked" id="4-13">
                    <pos type="VBD"/>
                    <lemma type="walk"/>
                    <dep head="4-5" type="conj"/>
                </token>
                <token content="to" id="4-14"/>
                <token content="the" id="4-15">
                    <pos type="DT"/>
                    <lemma type="the"/>
                </token>
                <token content="bus" id="4-16">
                    <pos type="NN"/>
                    <lemma type="bus"/>
                </token>
                <token content="stop" id="4-17">
                    <pos type="NN"/>
                    <lemma type="stop"/>
                    <dep head="4-13" type="prep"/>
                </token>
                <token content="." id="4-18"/>
            </sentence>
            <sentence id="5">
                <token content="I" id="5-1">
                    <pos type="PRP"/>
                    <lemma type="I"/>
                    <dep head="5-2" type="nsubj"/>
                </token>
                <token content="waited" id="5-2">
                    <pos type="VBD"/>
                    <lemma type="wait"/>
                </token>
                <token content="about" id="5-3">
                    <pos type="RB"/>
                    <lemma type="about"/>
                </token>
                <token content="ten" id="5-4">
                    <pos type="CD"/>
                    <lemma type="ten"/>
                </token>
                <token content="minutes" id="5-5">
                    <pos type="NNS"/>
                    <lemma type="minute"/>
                    <dep head="5-2" type="dobj"/>
                </token>
                <token content="," id="5-6"/>
                <token content="then" id="5-7">
                    <pos type="RB"/>
                    <lemma type="then"/>
                    <dep head="5-10" type="advmod"/>
                </token>
                <token content="the" id="5-8">
                    <pos type="DT"/>
                    <lemma type="the"/>
                </token>
                <token content="bus" id="5-9">
                    <pos type="NN"/>
                    <lemma type="bus"/>
                    <dep head="5-10" type="nsubj"/>
                </token>
                <token content="came" id="5-10">
                    <pos type="VBD"/>
                    <lemma type="come"/>
                    <dep head="5-2" type="parataxis"/>
                </token>
                <token content="around" id="5-11">
                    <pos type="RP"/>
                    <lemma type="around"/>
                    <dep head="5-10" type="prt"/>
                </token>
                <token content="the" id="5-12">
                    <pos type="DT"/>
                    <lemma type="the"/>
                </token>
                <token content="corner" id="5-13">
                    <pos type="NN"/>
                    <lemma type="corner"/>
                    <dep head="5-10" type="dobj"/>
                </token>
                <token content="and" id="5-14"/>
                <token content="stopped" id="5-15">
                    <pos type="VBD"/>
                    <lemma type="stop"/>
                    <dep head="5-10" type="conj"/>
                </token>
                <token content="at" id="5-16"/>
                <token content="the" id="5-17">
                    <pos type="DT"/>
                    <lemma type="the"/>
                </token>
                <token content="bench" id="5-18">
                    <pos type="NN"/>
                    <lemma type="bench"/>
                    <dep head="5-15" type="prep"/>
                </token>
                <token content="I" id="5-19">
                    <pos type="PRP"/>
                    <lemma type="I"/>
                    <dep head="5-21" type="nsubj"/>
                </token>
                <token content="was" id="5-20">
                    <pos type="VBD"/>
                    <lemma type="be"/>
                    <dep head="5-21" type="aux"/>
                </token>
                <token content="sitting" id="5-21">
                    <pos type="VBG"/>
                    <lemma type="sit"/>
                </token>
                <token content="." id="5-22"/>
            </sentence>
            <sentence id="6">
                <token content="A" id="6-1">
                    <pos type="DT"/>
                    <lemma type="a"/>
                </token>
                <token content="few" id="6-2">
                    <pos type="JJ"/>
                    <lemma type="few"/>
                </token>
                <token content="people" id="6-3">
                    <pos type="NNS"/>
                    <lemma type="people"/>
                    <dep head="6-4" type="nsubj"/>
                </token>
                <token content="got" id="6-4">
                    <pos type="VBD"/>
                    <lemma type="get"/>
                </token>
                <token content="off" id="6-5">
                    <pos type="RP"/>
                    <lemma type="off"/>
                    <dep head="6-4" type="prt"/>
                </token>
                <token content="the" id="6-6">
                    <pos type="DT"/>
                    <lemma type="the"/>
                </token>
                <token content="bus" id="6-7">
                    <pos type="NN"/>
                    <lemma type="bus"/>
                    <dep head="6-4" type="dobj"/>
                </token>
                <token content="and" id="6-8"/>
                <token content="I" id="6-9">
                    <pos type="PRP"/>
                    <lemma type="I"/>
                    <dep head="6-10" type="nsubj"/>
                </token>
                <token content="stepped" id="6-10">
                    <pos type="VBD"/>
                    <lemma type="step"/>
                    <dep head="6-4" type="conj"/>
                </token>
                <token content="through" id="6-11"/>
                <token content="the" id="6-12">
                    <pos type="DT"/>
                    <lemma type="the"/>
                </token>
                <token content="doors" id="6-13">
                    <pos type="NNS"/>
                    <lemma type="door"/>
                    <dep head="6-10" type="prep"/>
                </token>
                <token content="onto" id="6-14"/>
                <token content="the" id="6-15">
                    <pos type="DT"/>
                    <lemma type="the"/>
                </token>
                <token content="bus" id="6-16">
                    <pos type="NN"/>
                    <lemma type="bus"/>
                    <dep head="6-10" type="prep"/>
                </token>
                <token content="." id="6-17"/>
            </sentence>
            <sentence id="7">
                <token content="I" id="7-1">
                    <pos type="PRP"/>
                    <lemma type="I"/>
                    <dep head="7-2" type="nsubj"/>
                </token>
                <token content="smiled" id="7-2">
                    <pos type="VBD"/>
                    <lemma type="smile"/>
                </token>
                <token content="at" id="7-3"/>
                <token content="the" id="7-4">
                    <pos type="DT"/>
                    <lemma type="the"/>
                </token>
                <token content="bus" id="7-5">
                    <pos type="NN"/>
                    <lemma type="bus"/>
                </token>
                <token content="driver" id="7-6">
                    <pos type="NN"/>
                    <lemma type="driver"/>
                    <dep head="7-2" type="prep"/>
                </token>
                <token content="and" id="7-7"/>
                <token content="put" id="7-8">
                    <pos type="VBD"/>
                    <lemma type="put"/>
                    <dep head="7-2" type="conj"/>
                </token>
                <token content="the" id="7-9">
                    <pos type="DT"/>
                    <lemma type="the"/>
                </token>
                <token content="money" id="7-10">
                    <pos type="NN"/>
                    <lemma type="money"/>
                    <dep head="7-8" type="dobj"/>
                </token>
                <token content="into" id="7-11"/>
                <token content="the" id="7-12">
                    <pos type="DT"/>
                    <lemma type="the"/>
                </token>
                <token content="machine" id="7-13">
                    <pos type="NN"/>
                    <lemma type="machine"/>
                    <dep head="7-8" type="prep"/>
                </token>
                <token content="to" id="7-14">
                    <pos type="TO"/>
                    <lemma type="to"/>
                    <dep head="7-15" type="aux"/>
                </token>
                <token content="pay" id="7-15">
                    <pos type="VB"/>
                    <lemma type="pay"/>
                </token>
                <token content="for" id="7-16"/>
                <token content="my" id="7-17">
                    <pos type="PRP$"/>
                    <lemma type="my"/>
                </token>
                <token content="ride" id="7-18">
                    <pos type="NN"/>
                    <lemma type="ride"/>
                    <dep head="7-15" type="prep"/>
                </token>
                <token content="." id="7-19"/>
            </sentence>
            <sentence id="8">
                <token content="I" id="8-1">
                    <pos type="PRP"/>
                    <lemma type="I"/>
                    <dep head="8-2" type="nsubj"/>
                </token>
                <token content="took" id="8-2">
                    <pos type="VBD"/>
                    <lemma type="take"/>
                </token>
                <token content="a" id="8-3">
                    <pos type="DT"/>
                    <lemma type="a"/>
                </token>
                <token content="seat" id="8-4">
                    <pos type="NN"/>
                    <lemma type="seat"/>
                    <dep head="8-2" type="dobj"/>
                </token>
                <token content="at" id="8-5"/>
                <token content="an" id="8-6">
                    <pos type="DT"/>
                    <lemma type="a"/>
                </token>
                <token content="open" id="8-7">
                    <pos type="JJ"/>
                    <lemma type="open"/>
                </token>
                <token content="place" id="8-8">
                    <pos type="NN"/>
                    <lemma type="place"/>
                    <dep head="8-2" type="prep"/>
                </token>
                <token content="and" id="8-9"/>
                <token content="looked" id="8-10">
                    <pos type="VBD"/>
                    <lemma type="look"/>
                    <dep head="8-2" type="conj"/>
                </token>
                <token content="out" id="8-11">
                    <pos type="RP"/>
                    <lemma type="out"/>
                    <dep head="8-10" type="prt"/>
                </token>
                <token content="the" id="8-12">
                    <pos type="DT"/>
                    <lemma type="the"/>
                </token>
                <token content="window" id="8-13">
                    <pos type="NN"/>
                    <lemma type="window"/>
                    <dep head="8-10" type="dobj"/>
                </token>
                <token content="." id="8-14"/>
            </sentence>
            <sentence id="9">
                <token content="The" id="9-1">
                    <pos type="DT"/>
                    <lemma type="the"/>
                </token>
                <token content="store" id="9-2">
                    <pos type="NN"/>
                    <lemma type="store"/>
                </token>
                <token content="I" id="9-3">
                    <pos type="PRP"/>
                    <lemma type="I"/>
                    <dep head="9-5" type="nsubj"/>
                </token>
                <token content="was" id="9-4">
                    <pos type="VBD"/>
                    <lemma type="be"/>
                    <dep head="9-5" type="aux"/>
                </token>
                <token content="going" id="9-5">
                    <pos type="VBG"/>
                    <lemma type="go"/>
                </token>
                <token content="to" id="9-6">
                    <pos type="TO"/>
                    <lemma type="to"/>
                    <dep head="9-5" type="prep"/>
                </token>
                <token content="was" id="9-7">
                    <pos type="VBD"/>
                    <lemma type="be"/>
                </token>
                <token content="only" id="9-8">
                    <pos type="RB"/>
                    <lemma type="only"/>
                </token>
                <token content="a" id="9-9">
                    <pos type="DT"/>
                    <lemma type="a"/>
                </token>
                <token content="few" id="9-10">
                    <pos type="JJ"/>
                    <lemma type="few"/>
                </token>
                <token content="stops" id="9-11">
                    <pos type="NNS"/>
                    <lemma type="stop"/>
                </token>
                <token content="away" id="9-12">
                    <pos type="RB"/>
                    <lemma type="away"/>
                </token>
                <token content="and" id="9-13"/>
                <token content="when" id="9-14">
                    <pos type="WRB"/>
                    <lemma type="when"/>
                    <dep head="9-16" type="advmod"/>
                </token>
                <token content="I" id="9-15">
                    <pos type="PRP"/>
                    <lemma type="I"/>
                    <dep head="9-16" type="nsubj"/>
                </token>
                <token content="saw" id="9-16">
                    <pos type="VBD"/>
                    <lemma type="see"/>
                    <dep head="9-22" type="advcl"/>
                </token>
                <token content="we" id="9-17">
                    <pos type="PRP"/>
                    <lemma type="we"/>
                </token>
                <token content="were" id="9-18">
                    <pos type="VBD"/>
                    <lemma type="be"/>
                </token>
                <token content="close" id="9-19">
                    <pos type="JJ"/>
                    <lemma type="close"/>
                    <dep head="9-16" type="ccomp"/>
                </token>
                <token content="," id="9-20"/>
                <token content="I" id="9-21">
                    <pos type="PRP"/>
                    <lemma type="I"/>
                    <dep head="9-22" type="nsubj"/>
                </token>
                <token content="pulled" id="9-22">
                    <pos type="VBD"/>
                    <lemma type="pull"/>
                </token>
                <token content="the" id="9-23">
                    <pos type="DT"/>
                    <lemma type="the"/>
                </token>
                <token content="cord" id="9-24">
                    <pos type="NN"/>
                    <lemma type="cord"/>
                    <dep head="9-22" type="dobj"/>
                </token>
                <token content="to" id="9-25">
                    <pos type="TO"/>
                    <lemma type="to"/>
                    <dep head="9-26" type="aux"/>
                </token>
                <token content="signal" id="9-26">
                    <pos type="VB"/>
                    <lemma type="signal"/>
                </token>
                <token content="to" id="9-27"/>
                <token content="the" id="9-28">
                    <pos type="DT"/>
                    <lemma type="the"/>
                </token>
                <token content="driver" id="9-29">
                    <pos type="NN"/>
                    <lemma type="driver"/>
                    <dep head="9-26" type="prep"/>
                </token>
                <token content="I" id="9-30">
                    <pos type="PRP"/>
                    <lemma type="I"/>
                </token>
                <token content="was" id="9-31">
                    <pos type="VBD"/>
                    <lemma type="be"/>
                </token>
                <token content="ready" id="9-32">
                    <pos type="JJ"/>
                    <lemma type="ready"/>
                </token>
                <token content="to" id="9-33">
                    <pos type="TO"/>
                    <lemma type="to"/>
                    <dep head="9-34" type="aux"/>
                </token>
                <token content="get" id="9-34">
                    <pos type="VB"/>
                    <lemma type="get"/>
                </token>
                <token content="off" id="9-35">
                    <pos type="RP"/>
                    <lemma type="off"/>
                    <dep head="9-34" type="prt"/>
                </token>
                <token content="." id="9-36"/>
            </sentence>
            <sentence id="10">
                <token content="He" id="10-1">
                    <pos type="PRP"/>
                    <lemma type="he"/>
                    <dep head="10-2" type="nsubj"/>
                </token>
                <token content="stopped" id="10-2">
                    <pos type="VBD"/>
                    <lemma type="stop"/>
                </token>
                <token content="at" id="10-3"/>
                <token content="the" id="10-4">
                    <pos type="DT"/>
                    <lemma type="the"/>
                </token>
                <token content="shopping" id="10-5">
                    <pos type="NN"/>
                    <lemma type="shopping"/>
                </token>
                <token content="center" id="10-6">
                    <pos type="NN"/>
                    <lemma type="center"/>
                    <dep head="10-2" type="prep"/>
                </token>
                <token content="and" id="10-7"/>
                <token content="I" id="10-8">
                    <pos type="PRP"/>
                    <lemma type="I"/>
                    <dep head="10-9" type="nsubj"/>
                </token>
                <token content="thanked" id="10-9">
                    <pos type="VBD"/>
                    <lemma type="thank"/>
                    <dep head="10-2" type="conj"/>
                </token>
                <token content="him" id="10-10">
                    <pos type="PRP"/>
                    <lemma type="he"/>
                    <dep head="10-9" type="dobj"/>
                </token>
                <token content="for" id="10-11"/>
                <token content="the" id="10-12">
                    <pos type="DT"/>
                    <lemma type="the"/>
                </token>
                <token content="ride" id="10-13">
                    <pos type="NN"/>
                    <lemma type="ride"/>
                    <dep head="10-9" type="prep"/>
                </token>
                <token content="as" id="10-14">
                    <pos type="IN"/>
                    <lemma type="as"/>
                    <dep head="10-16" type="mark"/>
                </token>
                <token content="I" id="10-15">
                    <pos type="PRP"/>
                    <lemma type="I"/>
                    <dep head="10-16" type="nsubj"/>
                </token>
                <token content="stepped" id="10-16">
                    <pos type="VBD"/>
                    <lemma type="step"/>
                    <dep head="10-9" type="advcl"/>
                </token>
                <token content="onto" id="10-17"/>
                <token content="the" id="10-18">
                    <pos type="DT"/>
                    <lemma type="the"/>
                </token>
                <token content="pavement" id="10-19">
                    <pos type="NN"/>
                    <lemma type="pavement"/>
                    <dep head="10-16" type="prep"/>
                </token>
                <token content="." id="10-20"/>
            </sentence>
        </sentences>
    </text>
    <annotations>
        <participants>
            <label from="1-1" id="0" name="ScrPart_passenger" text="I" type="participant"/>
            <label from="1-7" id="1" name="NPart" text="craft store" to="1-8" type="participant"/>
            <label from="1-8" id="2" name="NPart" text="store" type="participant"/>
            <label from="1-13" id="3" name="NPart" text="sale" type="participant"/>
            <label from="2-3" id="4" name="NPart" text="husband" type="participant"/>
            <label from="2-6" id="5" name="NPart" text="car" type="participant"/>
            <label from="2-8" id="6" name="NPart" text="he" type="participant"/>
            <label from="2-13" id="7" name="No_label" text="while" type="participant"/>
            <label from="3-1" id="8" name="ScrPart_passenger" text="I" type="participant"/>
            <label from="3-6" id="9" name="ScrPart_bus" text="bus" type="participant"/>
            <label from="4-1" id="10" name="ScrPart_passenger" text="I" type="participant"/>
            <label from="4-4" id="11" name="ScrPart_passenger" text="I" type="participant"/>
            <label from="4-8" id="12" name="ScrPart_money" text="dollars" type="participant"/>
            <label from="4-11" id="13" name="ScrPart_money" text="fare" type="participant"/>
            <label from="4-16" id="14" name="ScrPart_bus_stop" text="bus stop" to="4-17" type="participant"/>
            <label from="4-17" id="15" name="ScrPart_bus_stop" text="stop" type="participant"/>
            <label from="5-1" id="16" name="ScrPart_passenger" text="I" type="participant"/>
            <label from="5-5" id="17" name="ScrPart_time/date" text="minutes" type="participant"/>
            <label from="5-9" id="18" name="ScrPart_bus" text="bus" type="participant"/>
            <label from="5-13" id="19" name="NPart" text="corner" type="participant"/>
            <label from="5-18" id="20" name="NPart" text="bench" type="participant"/>
            <label from="5-19" id="21" name="ScrPart_passenger" text="I" type="participant"/>
            <label from="6-3" id="22" name="ScrPart_passenger" text="people" type="participant"/>
            <label from="6-7" id="23" name="ScrPart_bus" text="bus" type="participant"/>
            <label from="6-9" id="24" name="ScrPart_passenger" text="I" type="participant"/>
            <label from="6-13" id="25" name="ScrPart_door" text="doors" type="participant"/>
            <label from="6-16" id="26" name="ScrPart_bus" text="bus" type="participant"/>
            <label from="7-1" id="27" name="ScrPart_passenger" text="I" type="participant"/>
            <label from="7-5" id="28" name="ScrPart_bus_staff" text="bus driver" to="7-6" type="participant"/>
            <label from="7-6" id="29" name="ScrPart_bus_staff" text="driver" type="participant"/>
            <label from="7-10" id="30" name="ScrPart_money" text="money" type="participant"/>
            <label from="7-13" id="31" name="ScrPart_payment_machine" text="machine" type="participant"/>
            <label from="7-17" id="32" name="ScrPart_passenger" text="my" type="participant"/>
            <label from="7-18" id="33" name="ScrPart_ride" text="ride" type="participant"/>
            <label from="8-1" id="34" name="ScrPart_passenger" text="I" type="participant"/>
            <label from="8-4" id="35" name="ScrPart_seat_in_bus" text="seat" type="participant"/>
            <label from="8-8" id="36" name="NPart" text="place" type="participant"/>
            <label from="8-13" id="37" name="ScrPart_other" text="window" type="participant"/>
            <label from="9-2" id="38" name="NPart" text="store" type="participant"/>
            <label from="9-3" id="39" name="ScrPart_passenger" text="I" type="participant"/>
            <label from="9-11" id="40" name="ScrPart_other" text="stops" type="participant"/>
            <label from="9-15" id="41" name="ScrPart_passenger" text="I" type="participant"/>
            <label from="9-17" id="42" name="ScrPart_bus" text="we" type="participant"/>
            <label from="9-21" id="43" name="ScrPart_passenger" text="I" type="participant"/>
            <label from="9-24" id="44" name="ScrPart_stop_button/door_opener" text="cord" type="participant"/>
            <label from="9-29" id="45" name="ScrPart_bus_staff" text="driver" type="participant"/>
            <label from="9-30" id="46" name="ScrPart_passenger" text="I" type="participant"/>
            <label from="10-1" id="47" name="ScrPart_bus_staff" text="He" type="participant"/>
            <label from="10-5" id="48" name="ScrPart_destination" text="shopping center" to="10-6" type="participant"/>
            <label from="10-6" id="49" name="ScrPart_destination" text="center" type="participant"/>
            <label from="10-8" id="50" name="ScrPart_passenger" text="I" type="participant"/>
            <label from="10-10" id="51" name="ScrPart_bus_staff" text="him" type="participant"/>
            <label from="10-13" id="52" name="ScrPart_ride" text="ride" type="participant"/>
            <label from="10-15" id="53" name="ScrPart_passenger" text="I" type="participant"/>
            <label from="10-19" id="54" name="NPart" text="pavement" type="participant"/>
        </participants>
        <events>
            <label from="1-4" id="55" name="UnrelEv" text="get" type="event"/>
            <label from="1-11" id="56" name="UnrelEv" text="was" type="event"/>
            <label from="2-4" id="57" name="UnrelEv" text="had" type="event"/>
            <label from="2-10" id="58" name="UnrelEv" text="be" type="event"/>
            <label from="2-11" id="59" name="UnrelEv" text="gone" type="event"/>
            <label from="3-2" id="60" name="UnrelEv" text="decided" type="event"/>
            <label from="3-4" id="61" name="Evoking" text="take the bus" to="3-6" type="event"/>
            <label from="4-2" id="62" name="RelNScrEv" text="made sure" to="4-3" type="event"/>
            <label from="4-2" id="63" name="RelNScrEv" text="made" type="event"/>
            <label from="4-5" id="64" name="UnrelEv" text="had" type="event"/>
            <label from="4-13" id="65" name="ScrEv_get_bus_stop" text="walked" type="event"/>
            <label from="5-2" id="66" name="ScrEv_wait" text="waited" type="event"/>
            <label from="5-10" id="67" name="ScrEv_bus_comes" text="came" type="event"/>
            <label from="5-15" id="68" name="ScrEv_bus_comes" text="stopped" type="event"/>
            <label from="5-21" id="69" name="UnrelEv" text="sitting" type="event"/>
            <label from="6-4" id="70" name="ScrEv_get_off" text="got off" to="6-5" type="event"/>
            <label from="6-4" id="71" name="ScrEv_get_off" text="got" type="event"/>
            <label from="6-10" id="72" name="ScrEv_board_bus" text="stepped through" to="6-11" type="event"/>
            <label from="6-10" id="73" name="ScrEv_board_bus" text="stepped" type="event"/>
            <label from="7-2" id="74" name="UnrelEv" text="smiled" type="event"/>
            <label from="7-8" id="75" name="ScrEv_get_ticket" text="put" type="event"/>
            <label from="7-15" id="76" name="ScrEv_get_ticket" text="pay" type="event"/>
            <label from="8-2" id="77" name="ScrEv_find_place" text="took" type="event"/>
            <label from="8-10" id="78" name="ScrEv_spend_time_bus" text="looked" type="event"/>
            <label from="9-5" id="79" name="UnrelEv" text="going" type="event"/>
            <label from="9-7" id="80" name="UnrelEv" text="was" type="event"/>
            <label from="9-16" id="81" name="UnrelEv" text="saw" type="event"/>
            <label from="9-18" id="82" name="UnrelEv" text="were" type="event"/>
            <label from="9-22" id="83" name="ScrEv_press_stop_button" text="pulled" type="event"/>
            <label from="9-26" id="84" name="RelNScrEv" text="signal" type="event"/>
            <label from="9-32" id="85" name="UnrelEv" text="ready" type="event"/>
            <label from="9-34" id="86" name="ScrEv_get_off" text="get off" to="9-35" type="event"/>
            <label from="9-34" id="87" name="ScrEv_get_off" text="get" type="event"/>
            <label from="10-2" id="88" name="ScrEv_bus_stops" text="stopped" type="event"/>
            <label from="10-9" id="89" name="RelNScrEv" text="thanked" type="event"/>
            <label from="10-16" id="90" name="ScrEv_get_off" text="stepped" type="event"/>
        </events>
        <chains>
            <chain elements="0 8 10 11 16 21 24 27 32 34 39 41 43 46 50 53"/>
            <chain elements="9 18 23 26 42"/>
            <chain elements="12 30"/>
            <chain elements="29 45 47"/>
            <chain elements="33 52"/>
        </chains>
    </annotations>
</story>
