<?xml version="1.0" encoding="UTF-8" standalone="no"?>
<!DOCTYPE story SYSTEM "../InScript.dtd">
<story id="016" scenario="bus">
    <text>
        <content>After looking for a bus route to my workplace online , I headed outside . 
The nearest bus stop was only about a block or two away so I walked over . 
There were two bus stops at the same intersection , one on either side of the road . 
I made sure I was at the right stop by reading the stop location id listed on the sign next to the bus stop . 
My bus arrived in about five minutes and I got on board . 
I waited until I got to the rider before taking out my wallet , and quickly paid the exact fee for a one day , unlimited bus pass . 
After receiving the pass , I walked inside the bus and looked for the nearest , open seat . 
I found one close to the back of the bus . 
Since my stop was a common one , I did n't have to let the bus driver know when I needed to get off . 
Once we arrived at my stop , me and several others all got off and went our separate ways . </content>
        <sentences>
            <sentence id="1">
                <token content="After" id="1-1"/>
                <token content="looking" id="1-2">
                    <pos type="VBG"/>
                    <lemma type="look"/>
                    <dep head="1-13" type="prepc"/>
                </token>
                <token content="for" id="1-3"/>
                <token content="a" id="1-4">
                    <pos type="DT"/>
                    <lemma type="a"/>
                </token>
                <token content="bus" id="1-5">
                    <pos type="NN"/>
                    <lemma type="bus"/>
                </token>
                <token content="route" id="1-6">
                    <pos type="NN"/>
                    <lemma type="route"/>
                    <dep head="1-2" type="prep"/>
                </token>
                <token content="to" id="1-7"/>
                <token content="my" id="1-8">
                    <pos type="PRP$"/>
                    <lemma type="my"/>
                </token>
                <token content="workplace" id="1-9">
                    <pos type="NN"/>
                    <lemma type="workplace"/>
                </token>
                <token content="online" id="1-10">
                    <pos type="NN"/>
                    <lemma type="online"/>
                    <dep head="1-2" type="prep"/>
                </token>
                <token content="," id="1-11"/>
                <token content="I" id="1-12">
                    <pos type="PRP"/>
                    <lemma type="I"/>
                    <dep head="1-13" type="nsubj"/>
                </token>
                <token content="headed" id="1-13">
                    <pos type="VBD"/>
                    <lemma type="head"/>
                </token>
                <token content="outside" id="1-14">
                    <pos type="RB"/>
                    <lemma type="outside"/>
                    <dep head="1-13" type="advmod"/>
                </token>
                <token content="." id="1-15"/>
            </sentence>
            <sentence id="2">
                <token content="The" id="2-1">
                    <pos type="DT"/>
                    <lemma type="the"/>
                </token>
                <token content="nearest" id="2-2">
                    <pos type="JJS"/>
                    <lemma type="nearest"/>
                </token>
                <token content="bus" id="2-3">
                    <pos type="NN"/>
                    <lemma type="bus"/>
                </token>
                <token content="stop" id="2-4">
                    <pos type="NN"/>
                    <lemma type="stop"/>
                    <dep head="2-5" type="nsubj"/>
                </token>
                <token content="was" id="2-5">
                    <pos type="VBD"/>
                    <lemma type="be"/>
                </token>
                <token content="only" id="2-6">
                    <pos type="RB"/>
                    <lemma type="only"/>
                    <dep head="2-5" type="advmod"/>
                </token>
                <token content="about" id="2-7"/>
                <token content="a" id="2-8">
                    <pos type="DT"/>
                    <lemma type="a"/>
                </token>
                <token content="block" id="2-9">
                    <pos type="NN"/>
                    <lemma type="block"/>
                    <dep head="2-5" type="prep"/>
                </token>
                <token content="or" id="2-10"/>
                <token content="two" id="2-11">
                    <pos type="CD"/>
                    <lemma type="two"/>
                </token>
                <token content="away" id="2-12">
                    <pos type="RB"/>
                    <lemma type="away"/>
                    <dep head="2-15" type="advmod"/>
                </token>
                <token content="so" id="2-13">
                    <pos type="IN"/>
                    <lemma type="so"/>
                    <dep head="2-15" type="mark"/>
                </token>
                <token content="I" id="2-14">
                    <pos type="PRP"/>
                    <lemma type="I"/>
                    <dep head="2-15" type="nsubj"/>
                </token>
                <token content="walked" id="2-15">
                    <pos type="VBD"/>
                    <lemma type="walk"/>
                    <dep head="2-5" type="advcl"/>
                </token>
                <token content="over" id="2-16">
                    <pos type="RP"/>
                    <lemma type="over"/>
                    <dep head="2-15" type="prt"/>
                </token>
                <token content="." id="2-17"/>
            </sentence>
            <sentence id="3">
                <token content="There" id="3-1">
                    <pos type="EX"/>
                    <lemma type="there"/>
                    <dep head="3-2" type="expl"/>
                </token>
                <token content="were" id="3-2">
                    <pos type="VBD"/>
                    <lemma type="be"/>
                </token>
                <token content="two" id="3-3">
                    <pos type="CD"/>
                    <lemma type="two"/>
                </token>
                <token content="bus" id="3-4">
                    <pos type="NN"/>
                    <lemma type="bus"/>
                </token>
                <token content="stops" id="3-5">
                    <pos type="NNS"/>
                    <lemma type="stop"/>
                    <dep head="3-2" type="nsubj"/>
                </token>
                <token content="at" id="3-6"/>
                <token content="the" id="3-7">
                    <pos type="DT"/>
                    <lemma type="the"/>
                </token>
                <token content="same" id="3-8">
                    <pos type="JJ"/>
                    <lemma type="same"/>
                </token>
                <token content="intersection" id="3-9">
                    <pos type="NN"/>
                    <lemma type="intersection"/>
                    <dep head="3-2" type="prep"/>
                </token>
                <token content="," id="3-10"/>
                <token content="one" id="3-11">
                    <pos type="CD"/>
                    <lemma type="one"/>
                    <dep head="3-2" type="nsubj"/>
                </token>
                <token content="on" id="3-12"/>
                <token content="either" id="3-13">
                    <pos type="DT"/>
                    <lemma type="either"/>
                </token>
                <token content="side" id="3-14">
                    <pos type="NN"/>
                    <lemma type="side"/>
                </token>
                <token content="of" id="3-15"/>
                <token content="the" id="3-16">
                    <pos type="DT"/>
                    <lemma type="the"/>
                </token>
                <token content="road" id="3-17">
                    <pos type="NN"/>
                    <lemma type="road"/>
                </token>
                <token content="." id="3-18"/>
            </sentence>
            <sentence id="4">
                <token content="I" id="4-1">
                    <pos type="PRP"/>
                    <lemma type="I"/>
                    <dep head="4-2" type="nsubj"/>
                </token>
                <token content="made" id="4-2">
                    <pos type="VBD"/>
                    <lemma type="make"/>
                </token>
                <token content="sure" id="4-3">
                    <pos type="JJ"/>
                    <lemma type="sure"/>
                    <dep head="4-2" type="acomp"/>
                </token>
                <token content="I" id="4-4">
                    <pos type="PRP"/>
                    <lemma type="I"/>
                    <dep head="4-5" type="nsubj"/>
                </token>
                <token content="was" id="4-5">
                    <pos type="VBD"/>
                    <lemma type="be"/>
                </token>
                <token content="at" id="4-6"/>
                <token content="the" id="4-7">
                    <pos type="DT"/>
                    <lemma type="the"/>
                </token>
                <token content="right" id="4-8">
                    <pos type="JJ"/>
                    <lemma type="right"/>
                </token>
                <token content="stop" id="4-9">
                    <pos type="NN"/>
                    <lemma type="stop"/>
                    <dep head="4-5" type="prep"/>
                </token>
                <token content="by" id="4-10"/>
                <token content="reading" id="4-11">
                    <pos type="VBG"/>
                    <lemma type="read"/>
                    <dep head="4-5" type="prepc"/>
                </token>
                <token content="the" id="4-12">
                    <pos type="DT"/>
                    <lemma type="the"/>
                </token>
                <token content="stop" id="4-13">
                    <pos type="NN"/>
                    <lemma type="stop"/>
                </token>
                <token content="location" id="4-14">
                    <pos type="NN"/>
                    <lemma type="location"/>
                </token>
                <token content="id" id="4-15">
                    <pos type="NN"/>
                    <lemma type="id"/>
                    <dep head="4-11" type="dobj"/>
                </token>
                <token content="listed" id="4-16">
                    <pos type="VBN"/>
                    <lemma type="list"/>
                </token>
                <token content="on" id="4-17"/>
                <token content="the" id="4-18">
                    <pos type="DT"/>
                    <lemma type="the"/>
                </token>
                <token content="sign" id="4-19">
                    <pos type="NN"/>
                    <lemma type="sign"/>
                    <dep head="4-16" type="prep"/>
                </token>
                <token content="next" id="4-20"/>
                <token content="to" id="4-21"/>
                <token content="the" id="4-22">
                    <pos type="DT"/>
                    <lemma type="the"/>
                </token>
                <token content="bus" id="4-23">
                    <pos type="NN"/>
                    <lemma type="bus"/>
                </token>
                <token content="stop" id="4-24">
                    <pos type="NN"/>
                    <lemma type="stop"/>
                </token>
                <token content="." id="4-25"/>
            </sentence>
            <sentence id="5">
                <token content="My" id="5-1">
                    <pos type="PRP$"/>
                    <lemma type="my"/>
                </token>
                <token content="bus" id="5-2">
                    <pos type="NN"/>
                    <lemma type="bus"/>
                    <dep head="5-3" type="nsubj"/>
                </token>
                <token content="arrived" id="5-3">
                    <pos type="VBD"/>
                    <lemma type="arrive"/>
                </token>
                <token content="in" id="5-4"/>
                <token content="about" id="5-5">
                    <pos type="RB"/>
                    <lemma type="about"/>
                </token>
                <token content="five" id="5-6">
                    <pos type="CD"/>
                    <lemma type="five"/>
                </token>
                <token content="minutes" id="5-7">
                    <pos type="NNS"/>
                    <lemma type="minute"/>
                    <dep head="5-3" type="prep"/>
                </token>
                <token content="and" id="5-8"/>
                <token content="I" id="5-9">
                    <pos type="PRP"/>
                    <lemma type="I"/>
                    <dep head="5-10" type="nsubj"/>
                </token>
                <token content="got" id="5-10">
                    <pos type="VBD"/>
                    <lemma type="get"/>
                    <dep head="5-3" type="conj"/>
                </token>
                <token content="on" id="5-11"/>
                <token content="board" id="5-12">
                    <pos type="NN"/>
                    <lemma type="board"/>
                    <dep head="5-10" type="prep"/>
                </token>
                <token content="." id="5-13"/>
            </sentence>
            <sentence id="6">
                <token content="I" id="6-1">
                    <pos type="PRP"/>
                    <lemma type="I"/>
                    <dep head="6-2" type="nsubj"/>
                </token>
                <token content="waited" id="6-2">
                    <pos type="VBD"/>
                    <lemma type="wait"/>
                    <dep head="6-28" type="ccomp"/>
                </token>
                <token content="until" id="6-3">
                    <pos type="IN"/>
                    <lemma type="until"/>
                    <dep head="6-5" type="mark"/>
                </token>
                <token content="I" id="6-4">
                    <pos type="PRP"/>
                    <lemma type="I"/>
                    <dep head="6-5" type="nsubj"/>
                </token>
                <token content="got" id="6-5">
                    <pos type="VBD"/>
                    <lemma type="get"/>
                    <dep head="6-2" type="advcl"/>
                </token>
                <token content="to" id="6-6"/>
                <token content="the" id="6-7">
                    <pos type="DT"/>
                    <lemma type="the"/>
                </token>
                <token content="rider" id="6-8">
                    <pos type="NN"/>
                    <lemma type="rider"/>
                    <dep head="6-5" type="prep"/>
                </token>
                <token content="before" id="6-9"/>
                <token content="taking" id="6-10">
                    <pos type="VBG"/>
                    <lemma type="take"/>
                    <dep head="6-5" type="prepc"/>
                </token>
                <token content="out" id="6-11">
                    <pos type="RP"/>
                    <lemma type="out"/>
                    <dep head="6-10" type="prt"/>
                </token>
                <token content="my" id="6-12">
                    <pos type="PRP$"/>
                    <lemma type="my"/>
                </token>
                <token content="wallet" id="6-13">
                    <pos type="NN"/>
                    <lemma type="wallet"/>
                    <dep head="6-10" type="dobj"/>
                </token>
                <token content="," id="6-14"/>
                <token content="and" id="6-15"/>
                <token content="quickly" id="6-16">
                    <pos type="RB"/>
                    <lemma type="quickly"/>
                    <dep head="6-17" type="advmod"/>
                </token>
                <token content="paid" id="6-17">
                    <pos type="VBD"/>
                    <lemma type="pay"/>
                    <dep head="6-2" type="conj"/>
                </token>
                <token content="the" id="6-18">
                    <pos type="DT"/>
                    <lemma type="the"/>
                </token>
                <token content="exact" id="6-19">
                    <pos type="JJ"/>
                    <lemma type="exact"/>
                </token>
                <token content="fee" id="6-20">
                    <pos type="NN"/>
                    <lemma type="fee"/>
                    <dep head="6-17" type="dobj"/>
                </token>
                <token content="for" id="6-21"/>
                <token content="a" id="6-22">
                    <pos type="DT"/>
                    <lemma type="a"/>
                </token>
                <token content="one" id="6-23">
                    <pos type="CD"/>
                    <lemma type="one"/>
                </token>
                <token content="day" id="6-24">
                    <pos type="NN"/>
                    <lemma type="day"/>
                    <dep head="6-17" type="prep"/>
                </token>
                <token content="," id="6-25"/>
                <token content="unlimited" id="6-26">
                    <pos type="JJ"/>
                    <lemma type="unlimited"/>
                </token>
                <token content="bus" id="6-27">
                    <pos type="NN"/>
                    <lemma type="bus"/>
                    <dep head="6-28" type="nsubj"/>
                </token>
                <token content="pass" id="6-28">
                    <pos type="VBP"/>
                    <lemma type="pass"/>
                </token>
                <token content="." id="6-29"/>
            </sentence>
            <sentence id="7">
                <token content="After" id="7-1"/>
                <token content="receiving" id="7-2">
                    <pos type="VBG"/>
                    <lemma type="receive"/>
                    <dep head="7-7" type="prepc"/>
                </token>
                <token content="the" id="7-3">
                    <pos type="DT"/>
                    <lemma type="the"/>
                </token>
                <token content="pass" id="7-4">
                    <pos type="NN"/>
                    <lemma type="pass"/>
                    <dep head="7-2" type="dobj"/>
                </token>
                <token content="," id="7-5"/>
                <token content="I" id="7-6">
                    <pos type="PRP"/>
                    <lemma type="I"/>
                    <dep head="7-7" type="nsubj"/>
                </token>
                <token content="walked" id="7-7">
                    <pos type="VBD"/>
                    <lemma type="walk"/>
                </token>
                <token content="inside" id="7-8"/>
                <token content="the" id="7-9">
                    <pos type="DT"/>
                    <lemma type="the"/>
                </token>
                <token content="bus" id="7-10">
                    <pos type="NN"/>
                    <lemma type="bus"/>
                    <dep head="7-7" type="prep"/>
                </token>
                <token content="and" id="7-11"/>
                <token content="looked" id="7-12">
                    <pos type="VBD"/>
                    <lemma type="look"/>
                    <dep head="7-7" type="conj"/>
                </token>
                <token content="for" id="7-13"/>
                <token content="the" id="7-14">
                    <pos type="DT"/>
                    <lemma type="the"/>
                </token>
                <token content="nearest" id="7-15">
                    <pos type="JJS"/>
                    <lemma type="nearest"/>
                    <dep head="7-12" type="prep"/>
                </token>
                <token content="," id="7-16"/>
                <token content="open" id="7-17">
                    <pos type="JJ"/>
                    <lemma type="open"/>
                </token>
                <token content="seat" id="7-18">
                    <pos type="NN"/>
                    <lemma type="seat"/>
                </token>
                <token content="." id="7-19"/>
            </sentence>
            <sentence id="8">
                <token content="I" id="8-1">
                    <pos type="PRP"/>
                    <lemma type="I"/>
                    <dep head="8-2" type="nsubj"/>
                </token>
                <token content="found" id="8-2">
                    <pos type="VBD"/>
                    <lemma type="find"/>
                </token>
                <token content="one" id="8-3">
                    <pos type="CD"/>
                    <lemma type="one"/>
                </token>
                <token content="close" id="8-4">
                    <pos type="NN"/>
                    <lemma type="close"/>
                    <dep head="8-2" type="dobj"/>
                </token>
                <token content="to" id="8-5"/>
                <token content="the" id="8-6">
                    <pos type="DT"/>
                    <lemma type="the"/>
                </token>
                <token content="back" id="8-7">
                    <pos type="NN"/>
                    <lemma type="back"/>
                    <dep head="8-2" type="prep"/>
                </token>
                <token content="of" id="8-8"/>
                <token content="the" id="8-9">
                    <pos type="DT"/>
                    <lemma type="the"/>
                </token>
                <token content="bus" id="8-10">
                    <pos type="NN"/>
                    <lemma type="bus"/>
                </token>
                <token content="." id="8-11"/>
            </sentence>
            <sentence id="9">
                <token content="Since" id="9-1">
                    <pos type="IN"/>
                    <lemma type="since"/>
                </token>
                <token content="my" id="9-2">
                    <pos type="PRP$"/>
                    <lemma type="my"/>
                </token>
                <token content="stop" id="9-3">
                    <pos type="NN"/>
                    <lemma type="stop"/>
                </token>
                <token content="was" id="9-4">
                    <pos type="VBD"/>
                    <lemma type="be"/>
                </token>
                <token content="a" id="9-5">
                    <pos type="DT"/>
                    <lemma type="a"/>
                </token>
                <token content="common" id="9-6">
                    <pos type="JJ"/>
                    <lemma type="common"/>
                </token>
                <token content="one" id="9-7">
                    <pos type="NN"/>
                    <lemma type="one"/>
                    <dep head="9-12" type="advcl"/>
                </token>
                <token content="," id="9-8"/>
                <token content="I" id="9-9">
                    <pos type="PRP"/>
                    <lemma type="I"/>
                    <dep head="9-12" type="nsubj"/>
                </token>
                <token content="did" id="9-10">
                    <pos type="VBD"/>
                    <lemma type="do"/>
                    <dep head="9-12" type="aux"/>
                </token>
                <token content="n't" id="9-11">
                    <pos type="RB"/>
                    <lemma type="not"/>
                    <dep head="9-12" type="neg"/>
                </token>
                <token content="have" id="9-12">
                    <pos type="VB"/>
                    <lemma type="have"/>
                </token>
                <token content="to" id="9-13">
                    <pos type="TO"/>
                    <lemma type="to"/>
                    <dep head="9-14" type="aux"/>
                </token>
                <token content="let" id="9-14">
                    <pos type="VB"/>
                    <lemma type="let"/>
                    <dep head="9-12" type="xcomp"/>
                </token>
                <token content="the" id="9-15">
                    <pos type="DT"/>
                    <lemma type="the"/>
                </token>
                <token content="bus" id="9-16">
                    <pos type="NN"/>
                    <lemma type="bus"/>
                </token>
                <token content="driver" id="9-17">
                    <pos type="NN"/>
                    <lemma type="driver"/>
                    <dep head="9-18" type="nsubj"/>
                </token>
                <token content="know" id="9-18">
                    <pos type="VB"/>
                    <lemma type="know"/>
                    <dep head="9-14" type="ccomp"/>
                </token>
                <token content="when" id="9-19">
                    <pos type="WRB"/>
                    <lemma type="when"/>
                    <dep head="9-21" type="advmod"/>
                </token>
                <token content="I" id="9-20">
                    <pos type="PRP"/>
                    <lemma type="I"/>
                    <dep head="9-21" type="nsubj"/>
                </token>
                <token content="needed" id="9-21">
                    <pos type="VBD"/>
                    <lemma type="need"/>
                    <dep head="9-18" type="ccomp"/>
                </token>
                <token content="to" id="9-22">
                    <pos type="TO"/>
                    <lemma type="to"/>
                    <dep head="9-23" type="aux"/>
                </token>
                <token content="get" id="9-23">
                    <pos type="VB"/>
                    <lemma type="get"/>
                    <dep head="9-21" type="xcomp"/>
                </token>
                <token content="off" id="9-24">
                    <pos type="RP"/>
                    <lemma type="off"/>
                    <dep head="9-23" type="prt"/>
                </token>
                <token content="." id="9-25"/>
            </sentence>
            <sentence id="10">
                <token content="Once" id="10-1">
                    <pos type="IN"/>
                    <lemma type="once"/>
                    <dep head="10-3" type="mark"/>
                </token>
                <token content="we" id="10-2">
                    <pos type="PRP"/>
                    <lemma type="we"/>
                    <dep head="10-3" type="nsubj"/>
                </token>
                <token content="arrived" id="10-3">
                    <pos type="VBD"/>
                    <lemma type="arrive"/>
                    <dep head="10-13" type="advcl"/>
                </token>
                <token content="at" id="10-4"/>
                <token content="my" id="10-5">
                    <pos type="PRP$"/>
                    <lemma type="my"/>
                </token>
                <token content="stop" id="10-6">
                    <pos type="NN"/>
                    <lemma type="stop"/>
                    <dep head="10-3" type="prep"/>
                </token>
                <token content="," id="10-7"/>
                <token content="me" id="10-8">
                    <pos type="PRP"/>
                    <lemma type="I"/>
                </token>
                <token content="and" id="10-9"/>
                <token content="several" id="10-10">
                    <pos type="JJ"/>
                    <lemma type="several"/>
                </token>
                <token content="others" id="10-11">
                    <pos type="NNS"/>
                    <lemma type="other"/>
                </token>
                <token content="all" id="10-12">
                    <pos type="DT"/>
                    <lemma type="all"/>
                    <dep head="10-13" type="nsubj"/>
                </token>
                <token content="got" id="10-13">
                    <pos type="VBD"/>
                    <lemma type="get"/>
                </token>
                <token content="off" id="10-14">
                    <pos type="RP"/>
                    <lemma type="off"/>
                    <dep head="10-13" type="prt"/>
                </token>
                <token content="and" id="10-15"/>
                <token content="went" id="10-16">
                    <pos type="VBD"/>
                    <lemma type="go"/>
                    <dep head="10-13" type="conj"/>
                </token>
                <token content="our" id="10-17">
                    <pos type="PRP$"/>
                    <lemma type="we"/>
                </token>
                <token content="separate" id="10-18">
                    <pos type="JJ"/>
                    <lemma type="separate"/>
                </token>
                <token content="ways" id="10-19">
                    <pos type="NNS"/>
                    <lemma type="way"/>
                    <dep head="10-16" type="dobj"/>
                </token>
                <token content="." id="10-20"/>
            </sentence>
        </sentences>
    </text>
    <annotations>
        <participants>
            <label from="1-5" id="0" name="ScrPart_route" text="bus route" to="1-6" type="participant"/>
            <label from="1-6" id="1" name="ScrPart_route" text="route" type="participant"/>
            <label from="1-8" id="2" name="ScrPart_passenger" text="my" type="participant"/>
            <label from="1-9" id="3" name="ScrPart_destination" text="workplace" type="participant"/>
            <label from="1-10" id="4" name="No_label" text="online" type="participant"/>
            <label from="1-12" id="5" name="ScrPart_passenger" text="I" type="participant"/>
            <label from="1-14" id="6" name="NPart" text="outside" type="participant"/>
            <label from="2-3" id="7" name="ScrPart_bus_stop" text="bus stop" to="2-4" type="participant"/>
            <label from="2-4" id="8" name="ScrPart_bus_stop" text="stop" type="participant"/>
            <label from="2-9" id="9" name="NPart" text="block" type="participant"/>
            <label from="2-14" id="10" name="ScrPart_passenger" text="I" type="participant"/>
            <label from="3-4" id="11" name="ScrPart_bus_stop" text="bus stops" to="3-5" type="participant"/>
            <label from="3-5" id="12" name="ScrPart_bus_stop" text="stops" type="participant"/>
            <label from="3-9" id="13" name="NPart" text="intersection" type="participant"/>
            <label from="3-14" id="14" name="NPart" text="side" type="participant"/>
            <label from="3-17" id="15" name="ScrPart_route" text="road" type="participant"/>
            <label from="4-1" id="16" name="ScrPart_passenger" text="I" type="participant"/>
            <label from="4-4" id="17" name="ScrPart_passenger" text="I" type="participant"/>
            <label from="4-9" id="18" name="ScrPart_bus_stop" text="stop" type="participant"/>
            <label from="4-13" id="19" name="ScrPart_other" text="stop location id" to="4-15" type="participant"/>
            <label from="4-15" id="20" name="ScrPart_other" text="id" type="participant"/>
            <label from="4-19" id="21" name="ScrPart_other" text="sign" type="participant"/>
            <label from="4-23" id="22" name="ScrPart_bus_stop" text="bus stop" to="4-24" type="participant"/>
            <label from="4-24" id="23" name="ScrPart_bus_stop" text="stop" type="participant"/>
            <label from="5-1" id="24" name="ScrPart_passenger" text="My" type="participant"/>
            <label from="5-2" id="25" name="ScrPart_bus" text="bus" type="participant"/>
            <label from="5-7" id="26" name="ScrPart_time/date" text="minutes" type="participant"/>
            <label from="5-9" id="27" name="ScrPart_passenger" text="I" type="participant"/>
            <label from="5-12" id="28" name="SuppVComp" text="board" type="participant"/>
            <label from="6-1" id="29" name="ScrPart_passenger" text="I" type="participant"/>
            <label from="6-3" id="30" name="ScrPart_passenger" text="until" type="participant"/>
            <label from="6-4" id="31" name="ScrPart_passenger" text="I" type="participant"/>
            <label from="6-8" id="32" name="ScrPart_bus_staff" text="rider" type="participant"/>
            <label from="6-12" id="33" name="ScrPart_passenger" text="my" type="participant"/>
            <label from="6-13" id="34" name="NPart" text="wallet" type="participant"/>
            <label from="6-20" id="35" name="ScrPart_money" text="fee" type="participant"/>
            <label from="6-24" id="36" name="ScrPart_time/date" text="day" type="participant"/>
            <label from="6-27" id="37" name="ScrPart_card/ticket" text="bus pass" to="6-28" type="participant"/>
            <label from="6-28" id="38" name="ScrPart_card/ticket" text="pass" type="participant"/>
            <label from="7-4" id="39" name="ScrPart_card/ticket" text="pass" type="participant"/>
            <label from="7-6" id="40" name="ScrPart_passenger" text="I" type="participant"/>
            <label from="7-10" id="41" name="ScrPart_bus" text="bus" type="participant"/>
            <label from="7-18" id="42" name="ScrPart_seat_in_bus" text="seat" type="participant"/>
            <label from="8-1" id="43" name="ScrPart_passenger" text="I" type="participant"/>
            <label from="8-3" id="44" name="ScrPart_seat_in_bus" text="one" type="participant"/>
            <label from="8-7" id="45" name="Head_of_Partitive" text="back" type="participant"/>
            <label from="8-10" id="46" name="ScrPart_bus" text="bus" type="participant"/>
            <label from="9-2" id="47" name="ScrPart_passenger" text="my" type="participant"/>
            <label from="9-3" id="48" name="ScrPart_destination" text="stop" type="participant"/>
            <label from="9-9" id="49" name="ScrPart_passenger" text="I" type="participant"/>
            <label from="9-16" id="50" name="ScrPart_bus_staff" text="bus driver" to="9-17" type="participant"/>
            <label from="9-17" id="51" name="ScrPart_bus_staff" text="driver" type="participant"/>
            <label from="9-20" id="52" name="ScrPart_passenger" text="I" type="participant"/>
            <label from="10-2" id="53" name="ScrPart_bus" text="we" type="participant"/>
            <label from="10-5" id="54" name="ScrPart_passenger" text="my" type="participant"/>
            <label from="10-6" id="55" name="ScrPart_destination" text="stop" type="participant"/>
            <label from="10-8" id="56" name="ScrPart_passenger" text="me" type="participant"/>
            <label from="10-11" id="57" name="ScrPart_passenger" text="others" type="participant"/>
            <label from="10-17" id="58" name="ScrPart_passenger" text="our" type="participant"/>
            <label from="10-19" id="59" name="No_label" text="ways" type="participant"/>
        </participants>
        <events>
            <label from="1-2" id="60" name="Evoking" text="looking for a bus route" to="1-6" type="event"/>
            <label from="1-2" id="61" name="ScrEv_other" text="looking for" to="1-3" type="event"/>
            <label from="1-2" id="62" name="ScrEv_other" text="looking" type="event"/>
            <label from="1-13" id="63" name="ScrEv_get_bus_stop" text="headed" type="event"/>
            <label from="2-5" id="64" name="UnrelEv" text="was" type="event"/>
            <label from="2-15" id="65" name="ScrEv_get_bus_stop" text="walked over" to="2-16" type="event"/>
            <label from="2-15" id="66" name="ScrEv_get_bus_stop" text="walked" type="event"/>
            <label from="3-2" id="67" name="UnrelEv" text="were" type="event"/>
            <label from="4-2" id="68" name="UnrelEv" text="made sure" to="4-3" type="event"/>
            <label from="4-2" id="69" name="UnrelEv" text="made" type="event"/>
            <label from="4-5" id="70" name="UnrelEv" text="was" type="event"/>
            <label from="4-11" id="71" name="RelNScrEv" text="reading" type="event"/>
            <label from="4-16" id="72" name="RelNScrEv" text="listed" type="event"/>
            <label from="5-3" id="73" name="ScrEv_bus_comes" text="arrived" type="event"/>
            <label from="5-10" id="74" name="ScrEv_board_bus" text="got" type="event"/>
            <label from="6-2" id="75" name="ScrEv_wait" text="waited" type="event"/>
            <label from="6-5" id="76" name="UnrelEv" text="got" type="event"/>
            <label from="6-10" id="77" name="RelNScrEv" text="taking out" to="6-11" type="event"/>
            <label from="6-10" id="78" name="RelNScrEv" text="taking" type="event"/>
            <label from="6-17" id="79" name="ScrEv_get_ticket" text="paid" type="event"/>
            <label from="7-2" id="80" name="ScrEv_get_ticket" text="receiving" type="event"/>
            <label from="7-7" id="81" name="ScrEv_other" text="walked" type="event"/>
            <label from="7-12" id="82" name="ScrEv_find_place" text="looked for" to="7-13" type="event"/>
            <label from="7-12" id="83" name="ScrEv_find_place" text="looked" type="event"/>
            <label from="8-2" id="84" name="ScrEv_find_place" text="found" type="event"/>
            <label from="9-4" id="85" name="UnrelEv" text="was" type="event"/>
            <label from="9-14" id="86" name="RelNScrEv" text="let" type="event"/>
            <label from="9-18" id="87" name="UnrelEv" text="know" type="event"/>
            <label from="9-23" id="88" name="RelNScrEv" text="get off" to="9-24" type="event"/>
            <label from="9-23" id="89" name="RelNScrEv" text="get" type="event"/>
            <label from="10-3" id="90" name="ScrEv_other" text="arrived" type="event"/>
            <label from="10-13" id="91" name="ScrEv_get_off" text="got off" to="10-14" type="event"/>
            <label from="10-13" id="92" name="ScrEv_get_off" text="got" type="event"/>
            <label from="10-16" id="93" name="UnrelEv" text="went" type="event"/>
        </events>
        <chains>
            <chain elements="2 5 10 16 17 27 29 31 33 40 43 47 49 52 54 56"/>
            <chain elements="8 12 18 23"/>
            <chain elements="38 39"/>
            <chain elements="25 41 46 53"/>
            <chain elements="42 44"/>
            <chain elements="32 51"/>
            <chain elements="48 55"/>
            <chain elements="56 57 58" name="group_I_others"/>
        </chains>
    </annotations>
</story>
