<?xml version="1.0" encoding="UTF-8" standalone="no"?>
<!DOCTYPE story SYSTEM "../InScript.dtd">
<story id="040" scenario="cake">
    <text>
        <content>Baking a cake either for myself or for friends is a fun activity . 
I first plan ahead , so I know what kind of cake I will be making and what supplies I will need for that cake . 
I prepare my pans , so the cake wo n't stick to the sides or bottom and preheat my oven so that when my batter is mixed it can go right into the oven . 
A simple cake will usually require eggs , flower , baking powder and a few other things . 
Generally speaking I will mix the wet ingredients in one bowl and the dry in another before mixing them together . 
I like to use an industrial strength mixing bowl , as opposed to a hand mixer . 
I make sure that it is well mixed with no lumps , but not overly mixed , as that can ruin the batter . 
Once the batter is smooth and yummy I pour it into the prepared pans and pop them in the over for about 20-30 minutes . 
While the actually baking takes place , I can prepare the frosting . </content>
        <sentences>
            <sentence id="1">
                <token content="Baking" id="1-1">
                    <pos type="VBG"/>
                    <lemma type="bake"/>
                </token>
                <token content="a" id="1-2">
                    <pos type="DT"/>
                    <lemma type="a"/>
                </token>
                <token content="cake" id="1-3">
                    <pos type="NN"/>
                    <lemma type="cake"/>
                    <dep head="1-1" type="dobj"/>
                </token>
                <token content="either" id="1-4">
                    <pos type="CC"/>
                    <lemma type="either"/>
                    <dep head="1-1" type="preconj"/>
                </token>
                <token content="for" id="1-5"/>
                <token content="myself" id="1-6">
                    <pos type="PRP"/>
                    <lemma type="myself"/>
                    <dep head="1-1" type="prep"/>
                </token>
                <token content="or" id="1-7"/>
                <token content="for" id="1-8"/>
                <token content="friends" id="1-9">
                    <pos type="NNS"/>
                    <lemma type="friend"/>
                </token>
                <token content="is" id="1-10">
                    <pos type="VBZ"/>
                    <lemma type="be"/>
                </token>
                <token content="a" id="1-11">
                    <pos type="DT"/>
                    <lemma type="a"/>
                </token>
                <token content="fun" id="1-12">
                    <pos type="NN"/>
                    <lemma type="fun"/>
                </token>
                <token content="activity" id="1-13">
                    <pos type="NN"/>
                    <lemma type="activity"/>
                </token>
                <token content="." id="1-14"/>
            </sentence>
            <sentence id="2">
                <token content="I" id="2-1">
                    <pos type="PRP"/>
                    <lemma type="I"/>
                    <dep head="2-3" type="nsubj"/>
                </token>
                <token content="first" id="2-2">
                    <pos type="RB"/>
                    <lemma type="first"/>
                    <dep head="2-3" type="advmod"/>
                </token>
                <token content="plan" id="2-3">
                    <pos type="VBP"/>
                    <lemma type="plan"/>
                </token>
                <token content="ahead" id="2-4">
                    <pos type="RB"/>
                    <lemma type="ahead"/>
                    <dep head="2-3" type="advmod"/>
                </token>
                <token content="," id="2-5"/>
                <token content="so" id="2-6">
                    <pos type="IN"/>
                    <lemma type="so"/>
                    <dep head="2-3" type="dep"/>
                </token>
                <token content="I" id="2-7">
                    <pos type="PRP"/>
                    <lemma type="I"/>
                    <dep head="2-8" type="nsubj"/>
                </token>
                <token content="know" id="2-8">
                    <pos type="VBP"/>
                    <lemma type="know"/>
                    <dep head="2-3" type="parataxis"/>
                </token>
                <token content="what" id="2-9">
                    <pos type="WP"/>
                    <lemma type="what"/>
                </token>
                <token content="kind" id="2-10">
                    <pos type="NN"/>
                    <lemma type="kind"/>
                    <dep head="2-16" type="dobj"/>
                </token>
                <token content="of" id="2-11"/>
                <token content="cake" id="2-12">
                    <pos type="NN"/>
                    <lemma type="cake"/>
                </token>
                <token content="I" id="2-13">
                    <pos type="PRP"/>
                    <lemma type="I"/>
                    <dep head="2-16" type="nsubj"/>
                </token>
                <token content="will" id="2-14">
                    <pos type="MD"/>
                    <lemma type="will"/>
                    <dep head="2-16" type="aux"/>
                </token>
                <token content="be" id="2-15">
                    <pos type="VB"/>
                    <lemma type="be"/>
                    <dep head="2-16" type="aux"/>
                </token>
                <token content="making" id="2-16">
                    <pos type="VBG"/>
                    <lemma type="make"/>
                    <dep head="2-8" type="dep"/>
                </token>
                <token content="and" id="2-17"/>
                <token content="what" id="2-18">
                    <pos type="WP"/>
                    <lemma type="what"/>
                    <dep head="2-19" type="nsubj"/>
                </token>
                <token content="supplies" id="2-19">
                    <pos type="VBZ"/>
                    <lemma type="supply"/>
                    <dep head="2-16" type="conj"/>
                </token>
                <token content="I" id="2-20">
                    <pos type="PRP"/>
                    <lemma type="I"/>
                    <dep head="2-22" type="nsubj"/>
                </token>
                <token content="will" id="2-21">
                    <pos type="MD"/>
                    <lemma type="will"/>
                    <dep head="2-22" type="aux"/>
                </token>
                <token content="need" id="2-22">
                    <pos type="VB"/>
                    <lemma type="need"/>
                    <dep head="2-19" type="ccomp"/>
                </token>
                <token content="for" id="2-23"/>
                <token content="that" id="2-24">
                    <pos type="DT"/>
                    <lemma type="that"/>
                </token>
                <token content="cake" id="2-25">
                    <pos type="NN"/>
                    <lemma type="cake"/>
                    <dep head="2-22" type="prep"/>
                </token>
                <token content="." id="2-26"/>
            </sentence>
            <sentence id="3">
                <token content="I" id="3-1">
                    <pos type="PRP"/>
                    <lemma type="I"/>
                    <dep head="3-2" type="nsubj"/>
                </token>
                <token content="prepare" id="3-2">
                    <pos type="VBP"/>
                    <lemma type="prepare"/>
                </token>
                <token content="my" id="3-3">
                    <pos type="PRP$"/>
                    <lemma type="my"/>
                </token>
                <token content="pans" id="3-4">
                    <pos type="NNS"/>
                    <lemma type="pan"/>
                    <dep head="3-2" type="dobj"/>
                </token>
                <token content="," id="3-5"/>
                <token content="so" id="3-6">
                    <pos type="IN"/>
                    <lemma type="so"/>
                    <dep head="3-2" type="dep"/>
                </token>
                <token content="the" id="3-7">
                    <pos type="DT"/>
                    <lemma type="the"/>
                </token>
                <token content="cake" id="3-8">
                    <pos type="NN"/>
                    <lemma type="cake"/>
                    <dep head="3-11" type="nsubj"/>
                </token>
                <token content="wo" id="3-9">
                    <pos type="MD"/>
                    <lemma type="will"/>
                    <dep head="3-11" type="aux"/>
                </token>
                <token content="n't" id="3-10">
                    <pos type="RB"/>
                    <lemma type="not"/>
                    <dep head="3-11" type="neg"/>
                </token>
                <token content="stick" id="3-11">
                    <pos type="VB"/>
                    <lemma type="stick"/>
                    <dep head="3-2" type="parataxis"/>
                </token>
                <token content="to" id="3-12"/>
                <token content="the" id="3-13">
                    <pos type="DT"/>
                    <lemma type="the"/>
                </token>
                <token content="sides" id="3-14">
                    <pos type="NNS"/>
                    <lemma type="side"/>
                    <dep head="3-11" type="prep"/>
                </token>
                <token content="or" id="3-15"/>
                <token content="bottom" id="3-16">
                    <pos type="NN"/>
                    <lemma type="bottom"/>
                </token>
                <token content="and" id="3-17"/>
                <token content="preheat" id="3-18">
                    <pos type="VB"/>
                    <lemma type="preheat"/>
                    <dep head="3-11" type="conj"/>
                </token>
                <token content="my" id="3-19">
                    <pos type="PRP$"/>
                    <lemma type="my"/>
                </token>
                <token content="oven" id="3-20">
                    <pos type="NN"/>
                    <lemma type="oven"/>
                    <dep head="3-18" type="dobj"/>
                </token>
                <token content="so" id="3-21">
                    <pos type="RB"/>
                    <lemma type="so"/>
                    <dep head="3-30" type="advmod"/>
                </token>
                <token content="that" id="3-22">
                    <pos type="IN"/>
                    <lemma type="that"/>
                    <dep head="3-30" type="mark"/>
                </token>
                <token content="when" id="3-23">
                    <pos type="WRB"/>
                    <lemma type="when"/>
                </token>
                <token content="my" id="3-24">
                    <pos type="PRP$"/>
                    <lemma type="my"/>
                </token>
                <token content="batter" id="3-25">
                    <pos type="NN"/>
                    <lemma type="batter"/>
                </token>
                <token content="is" id="3-26">
                    <pos type="VBZ"/>
                    <lemma type="be"/>
                </token>
                <token content="mixed" id="3-27">
                    <pos type="JJ"/>
                    <lemma type="mixed"/>
                    <dep head="3-30" type="advcl"/>
                </token>
                <token content="it" id="3-28">
                    <pos type="PRP"/>
                    <lemma type="it"/>
                    <dep head="3-30" type="nsubj"/>
                </token>
                <token content="can" id="3-29">
                    <pos type="MD"/>
                    <lemma type="can"/>
                    <dep head="3-30" type="aux"/>
                </token>
                <token content="go" id="3-30">
                    <pos type="VB"/>
                    <lemma type="go"/>
                    <dep head="3-18" type="advcl"/>
                </token>
                <token content="right" id="3-31">
                    <pos type="RB"/>
                    <lemma type="right"/>
                    <dep head="3-30" type="advmod"/>
                </token>
                <token content="into" id="3-32"/>
                <token content="the" id="3-33">
                    <pos type="DT"/>
                    <lemma type="the"/>
                </token>
                <token content="oven" id="3-34">
                    <pos type="NN"/>
                    <lemma type="oven"/>
                    <dep head="3-30" type="prep"/>
                </token>
                <token content="." id="3-35"/>
            </sentence>
            <sentence id="4">
                <token content="A" id="4-1">
                    <pos type="DT"/>
                    <lemma type="a"/>
                </token>
                <token content="simple" id="4-2">
                    <pos type="JJ"/>
                    <lemma type="simple"/>
                </token>
                <token content="cake" id="4-3">
                    <pos type="NN"/>
                    <lemma type="cake"/>
                    <dep head="4-6" type="nsubj"/>
                </token>
                <token content="will" id="4-4">
                    <pos type="MD"/>
                    <lemma type="will"/>
                    <dep head="4-6" type="aux"/>
                </token>
                <token content="usually" id="4-5">
                    <pos type="RB"/>
                    <lemma type="usually"/>
                    <dep head="4-6" type="advmod"/>
                </token>
                <token content="require" id="4-6">
                    <pos type="VB"/>
                    <lemma type="require"/>
                </token>
                <token content="eggs" id="4-7">
                    <pos type="NNS"/>
                    <lemma type="egg"/>
                    <dep head="4-6" type="dobj"/>
                </token>
                <token content="," id="4-8"/>
                <token content="flower" id="4-9">
                    <pos type="NN"/>
                    <lemma type="flower"/>
                </token>
                <token content="," id="4-10"/>
                <token content="baking" id="4-11">
                    <pos type="JJ"/>
                    <lemma type="baking"/>
                </token>
                <token content="powder" id="4-12">
                    <pos type="NN"/>
                    <lemma type="powder"/>
                </token>
                <token content="and" id="4-13"/>
                <token content="a" id="4-14">
                    <pos type="DT"/>
                    <lemma type="a"/>
                </token>
                <token content="few" id="4-15">
                    <pos type="JJ"/>
                    <lemma type="few"/>
                </token>
                <token content="other" id="4-16">
                    <pos type="JJ"/>
                    <lemma type="other"/>
                </token>
                <token content="things" id="4-17">
                    <pos type="NNS"/>
                    <lemma type="thing"/>
                </token>
                <token content="." id="4-18"/>
            </sentence>
            <sentence id="5">
                <token content="Generally" id="5-1">
                    <pos type="RB"/>
                    <lemma type="generally"/>
                    <dep head="5-2" type="advmod"/>
                </token>
                <token content="speaking" id="5-2">
                    <pos type="VBG"/>
                    <lemma type="speak"/>
                    <dep head="5-5" type="csubj"/>
                </token>
                <token content="I" id="5-3">
                    <pos type="PRP"/>
                    <lemma type="I"/>
                    <dep head="5-2" type="dobj"/>
                </token>
                <token content="will" id="5-4">
                    <pos type="MD"/>
                    <lemma type="will"/>
                    <dep head="5-5" type="aux"/>
                </token>
                <token content="mix" id="5-5">
                    <pos type="VB"/>
                    <lemma type="mix"/>
                </token>
                <token content="the" id="5-6">
                    <pos type="DT"/>
                    <lemma type="the"/>
                </token>
                <token content="wet" id="5-7">
                    <pos type="JJ"/>
                    <lemma type="wet"/>
                </token>
                <token content="ingredients" id="5-8">
                    <pos type="NNS"/>
                    <lemma type="ingredient"/>
                    <dep head="5-5" type="dobj"/>
                </token>
                <token content="in" id="5-9"/>
                <token content="one" id="5-10">
                    <pos type="CD"/>
                    <lemma type="one"/>
                </token>
                <token content="bowl" id="5-11">
                    <pos type="NN"/>
                    <lemma type="bowl"/>
                </token>
                <token content="and" id="5-12"/>
                <token content="the" id="5-13">
                    <pos type="DT"/>
                    <lemma type="the"/>
                </token>
                <token content="dry" id="5-14">
                    <pos type="JJ"/>
                    <lemma type="dry"/>
                </token>
                <token content="in" id="5-15"/>
                <token content="another" id="5-16">
                    <pos type="DT"/>
                    <lemma type="another"/>
                </token>
                <token content="before" id="5-17"/>
                <token content="mixing" id="5-18">
                    <pos type="VBG"/>
                    <lemma type="mix"/>
                    <dep head="5-5" type="prepc"/>
                </token>
                <token content="them" id="5-19">
                    <pos type="PRP"/>
                    <lemma type="they"/>
                    <dep head="5-18" type="dobj"/>
                </token>
                <token content="together" id="5-20">
                    <pos type="RB"/>
                    <lemma type="together"/>
                    <dep head="5-18" type="advmod"/>
                </token>
                <token content="." id="5-21"/>
            </sentence>
            <sentence id="6">
                <token content="I" id="6-1">
                    <pos type="PRP"/>
                    <lemma type="I"/>
                    <dep head="6-2" type="nsubj"/>
                </token>
                <token content="like" id="6-2">
                    <pos type="VBP"/>
                    <lemma type="like"/>
                </token>
                <token content="to" id="6-3">
                    <pos type="TO"/>
                    <lemma type="to"/>
                    <dep head="6-4" type="aux"/>
                </token>
                <token content="use" id="6-4">
                    <pos type="VB"/>
                    <lemma type="use"/>
                    <dep head="6-2" type="xcomp"/>
                </token>
                <token content="an" id="6-5">
                    <pos type="DT"/>
                    <lemma type="a"/>
                </token>
                <token content="industrial" id="6-6">
                    <pos type="JJ"/>
                    <lemma type="industrial"/>
                </token>
                <token content="strength" id="6-7">
                    <pos type="NN"/>
                    <lemma type="strength"/>
                    <dep head="6-4" type="dobj"/>
                </token>
                <token content="mixing" id="6-8">
                    <pos type="VBG"/>
                    <lemma type="mix"/>
                </token>
                <token content="bowl" id="6-9">
                    <pos type="NN"/>
                    <lemma type="bowl"/>
                    <dep head="6-8" type="dobj"/>
                </token>
                <token content="," id="6-10"/>
                <token content="as" id="6-11">
                    <pos type="RB"/>
                    <lemma type="as"/>
                    <dep head="6-12" type="advmod"/>
                </token>
                <token content="opposed" id="6-12">
                    <pos type="VBN"/>
                    <lemma type="oppose"/>
                </token>
                <token content="to" id="6-13"/>
                <token content="a" id="6-14">
                    <pos type="DT"/>
                    <lemma type="a"/>
                </token>
                <token content="hand" id="6-15">
                    <pos type="NN"/>
                    <lemma type="hand"/>
                </token>
                <token content="mixer" id="6-16">
                    <pos type="NN"/>
                    <lemma type="mixer"/>
                    <dep head="6-8" type="prep"/>
                </token>
                <token content="." id="6-17"/>
            </sentence>
            <sentence id="7">
                <token content="I" id="7-1">
                    <pos type="PRP"/>
                    <lemma type="I"/>
                    <dep head="7-2" type="nsubj"/>
                </token>
                <token content="make" id="7-2">
                    <pos type="VBP"/>
                    <lemma type="make"/>
                </token>
                <token content="sure" id="7-3">
                    <pos type="JJ"/>
                    <lemma type="sure"/>
                    <dep head="7-2" type="acomp"/>
                </token>
                <token content="that" id="7-4">
                    <pos type="IN"/>
                    <lemma type="that"/>
                    <dep head="7-8" type="mark"/>
                </token>
                <token content="it" id="7-5">
                    <pos type="PRP"/>
                    <lemma type="it"/>
                    <dep head="7-8" type="nsubjpass"/>
                </token>
                <token content="is" id="7-6">
                    <pos type="VBZ"/>
                    <lemma type="be"/>
                    <dep head="7-8" type="auxpass"/>
                </token>
                <token content="well" id="7-7">
                    <pos type="RB"/>
                    <lemma type="well"/>
                    <dep head="7-8" type="advmod"/>
                </token>
                <token content="mixed" id="7-8">
                    <pos type="VBN"/>
                    <lemma type="mix"/>
                </token>
                <token content="with" id="7-9"/>
                <token content="no" id="7-10">
                    <pos type="DT"/>
                    <lemma type="no"/>
                </token>
                <token content="lumps" id="7-11">
                    <pos type="NN"/>
                    <lemma type="lump"/>
                    <dep head="7-8" type="prep"/>
                </token>
                <token content="," id="7-12"/>
                <token content="but" id="7-13"/>
                <token content="not" id="7-14">
                    <pos type="RB"/>
                    <lemma type="not"/>
                    <dep head="7-8" type="conj"/>
                </token>
                <token content="overly" id="7-15">
                    <pos type="RB"/>
                    <lemma type="overly"/>
                    <dep head="7-16" type="advmod"/>
                </token>
                <token content="mixed" id="7-16">
                    <pos type="VBN"/>
                    <lemma type="mix"/>
                    <dep head="7-8" type="dep"/>
                </token>
                <token content="," id="7-17"/>
                <token content="as" id="7-18">
                    <pos type="IN"/>
                    <lemma type="as"/>
                    <dep head="7-21" type="mark"/>
                </token>
                <token content="that" id="7-19">
                    <pos type="DT"/>
                    <lemma type="that"/>
                    <dep head="7-21" type="nsubj"/>
                </token>
                <token content="can" id="7-20">
                    <pos type="MD"/>
                    <lemma type="can"/>
                    <dep head="7-21" type="aux"/>
                </token>
                <token content="ruin" id="7-21">
                    <pos type="VB"/>
                    <lemma type="ruin"/>
                    <dep head="7-2" type="advcl"/>
                </token>
                <token content="the" id="7-22">
                    <pos type="DT"/>
                    <lemma type="the"/>
                </token>
                <token content="batter" id="7-23">
                    <pos type="NN"/>
                    <lemma type="batter"/>
                    <dep head="7-21" type="dobj"/>
                </token>
                <token content="." id="7-24"/>
            </sentence>
            <sentence id="8">
                <token content="Once" id="8-1">
                    <pos type="IN"/>
                    <lemma type="once"/>
                </token>
                <token content="the" id="8-2">
                    <pos type="DT"/>
                    <lemma type="the"/>
                </token>
                <token content="batter" id="8-3">
                    <pos type="NN"/>
                    <lemma type="batter"/>
                </token>
                <token content="is" id="8-4">
                    <pos type="VBZ"/>
                    <lemma type="be"/>
                </token>
                <token content="smooth" id="8-5">
                    <pos type="JJ"/>
                    <lemma type="smooth"/>
                    <dep head="8-9" type="advcl"/>
                </token>
                <token content="and" id="8-6"/>
                <token content="yummy" id="8-7">
                    <pos type="JJ"/>
                    <lemma type="yummy"/>
                </token>
                <token content="I" id="8-8">
                    <pos type="PRP"/>
                    <lemma type="I"/>
                    <dep head="8-9" type="nsubj"/>
                </token>
                <token content="pour" id="8-9">
                    <pos type="VBP"/>
                    <lemma type="pour"/>
                </token>
                <token content="it" id="8-10">
                    <pos type="PRP"/>
                    <lemma type="it"/>
                    <dep head="8-9" type="dobj"/>
                </token>
                <token content="into" id="8-11"/>
                <token content="the" id="8-12">
                    <pos type="DT"/>
                    <lemma type="the"/>
                </token>
                <token content="prepared" id="8-13">
                    <pos type="JJ"/>
                    <lemma type="prepared"/>
                </token>
                <token content="pans" id="8-14">
                    <pos type="NNS"/>
                    <lemma type="pan"/>
                    <dep head="8-9" type="prep"/>
                </token>
                <token content="and" id="8-15"/>
                <token content="pop" id="8-16">
                    <pos type="VBP"/>
                    <lemma type="pop"/>
                    <dep head="8-9" type="conj"/>
                </token>
                <token content="them" id="8-17">
                    <pos type="PRP"/>
                    <lemma type="they"/>
                    <dep head="8-16" type="dobj"/>
                </token>
                <token content="in" id="8-18">
                    <pos type="IN"/>
                    <lemma type="in"/>
                    <dep head="8-16" type="prep"/>
                </token>
                <token content="the" id="8-19">
                    <pos type="DT"/>
                    <lemma type="the"/>
                </token>
                <token content="over" id="8-20">
                    <pos type="RB"/>
                    <lemma type="over"/>
                </token>
                <token content="for" id="8-21"/>
                <token content="about" id="8-22">
                    <pos type="RB"/>
                    <lemma type="about"/>
                </token>
                <token content="20-30" id="8-23">
                    <pos type="CD"/>
                    <lemma type="20-30"/>
                </token>
                <token content="minutes" id="8-24">
                    <pos type="NNS"/>
                    <lemma type="minute"/>
                </token>
                <token content="." id="8-25"/>
            </sentence>
            <sentence id="9">
                <token content="While" id="9-1">
                    <pos type="IN"/>
                    <lemma type="while"/>
                    <dep head="9-5" type="mark"/>
                </token>
                <token content="the" id="9-2">
                    <pos type="DT"/>
                    <lemma type="the"/>
                </token>
                <token content="actually" id="9-3">
                    <pos type="JJ"/>
                    <lemma type="actually"/>
                    <dep head="9-5" type="nsubj"/>
                </token>
                <token content="baking" id="9-4">
                    <pos type="VBG"/>
                    <lemma type="bake"/>
                </token>
                <token content="takes" id="9-5">
                    <pos type="VBZ"/>
                    <lemma type="take"/>
                    <dep head="9-10" type="advcl"/>
                </token>
                <token content="place" id="9-6">
                    <pos type="NN"/>
                    <lemma type="place"/>
                    <dep head="9-5" type="dobj"/>
                </token>
                <token content="," id="9-7"/>
                <token content="I" id="9-8">
                    <pos type="PRP"/>
                    <lemma type="I"/>
                    <dep head="9-10" type="nsubj"/>
                </token>
                <token content="can" id="9-9">
                    <pos type="MD"/>
                    <lemma type="can"/>
                    <dep head="9-10" type="aux"/>
                </token>
                <token content="prepare" id="9-10">
                    <pos type="VB"/>
                    <lemma type="prepare"/>
                </token>
                <token content="the" id="9-11">
                    <pos type="DT"/>
                    <lemma type="the"/>
                </token>
                <token content="frosting" id="9-12">
                    <pos type="NN"/>
                    <lemma type="frosting"/>
                    <dep head="9-10" type="dobj"/>
                </token>
                <token content="." id="9-13"/>
            </sentence>
        </sentences>
    </text>
    <annotations>
        <participants>
            <label from="1-3" id="0" name="ScrPart_cake" text="cake" type="participant"/>
            <label from="1-6" id="1" name="ScrPart_cook" text="myself" type="participant"/>
            <label from="1-9" id="2" name="ScrPart_beneficiary" text="friends" type="participant"/>
            <label from="1-13" id="3" name="NPart" text="activity" type="participant"/>
            <label from="2-1" id="4" name="ScrPart_cook" text="I" type="participant"/>
            <label from="2-7" id="5" name="ScrPart_cook" text="I" type="participant"/>
            <label from="2-10" id="6" name="NPart" text="kind" type="participant"/>
            <label from="2-12" id="7" name="ScrPart_cake" text="cake" type="participant"/>
            <label from="2-13" id="8" name="ScrPart_cook" text="I" type="participant"/>
            <label from="2-19" id="9" name="ScrPart_ingredients" text="supplies" type="participant"/>
            <label from="2-20" id="10" name="ScrPart_cook" text="I" type="participant"/>
            <label from="2-25" id="11" name="ScrPart_cake" text="cake" type="participant"/>
            <label from="3-1" id="12" name="ScrPart_cook" text="I" type="participant"/>
            <label from="3-3" id="13" name="ScrPart_cook" text="my" type="participant"/>
            <label from="3-4" id="14" name="ScrPart_cake_tin" text="pans" type="participant"/>
            <label from="3-8" id="15" name="ScrPart_cake" text="cake" type="participant"/>
            <label from="3-14" id="16" name="NPart" text="sides" type="participant"/>
            <label from="3-16" id="17" name="NPart" text="bottom" type="participant"/>
            <label from="3-19" id="18" name="ScrPart_cook" text="my" type="participant"/>
            <label from="3-20" id="19" name="ScrPart_oven" text="oven" type="participant"/>
            <label from="3-24" id="20" name="ScrPart_cook" text="my" type="participant"/>
            <label from="3-25" id="21" name="ScrPart_dough" text="batter" type="participant"/>
            <label from="3-28" id="22" name="ScrPart_dough" text="it" type="participant"/>
            <label from="3-34" id="23" name="ScrPart_oven" text="oven" type="participant"/>
            <label from="4-3" id="24" name="ScrPart_cake" text="cake" type="participant"/>
            <label from="4-7" id="25" name="ScrPart_ingredients" text="eggs" type="participant"/>
            <label from="4-9" id="26" name="ScrPart_ingredients" text="flower" type="participant"/>
            <label from="4-11" id="27" name="ScrPart_ingredients" text="baking powder" to="4-12" type="participant"/>
            <label from="4-12" id="28" name="ScrPart_ingredients" text="powder" type="participant"/>
            <label from="4-17" id="29" name="ScrPart_ingredients" text="things" type="participant"/>
            <label from="5-3" id="30" name="ScrPart_cook" text="I" type="participant"/>
            <label from="5-8" id="31" name="ScrPart_ingredients" text="ingredients" type="participant"/>
            <label from="5-11" id="32" name="ScrPart_utensil" text="bowl" type="participant"/>
            <label from="5-16" id="33" name="ScrPart_utensil" text="another" type="participant"/>
            <label from="5-19" id="34" name="ScrPart_ingredients" text="them" type="participant"/>
            <label from="6-1" id="35" name="ScrPart_cook" text="I" type="participant"/>
            <label from="6-7" id="36" name="No_label" text="strength" type="participant"/>
            <label from="6-8" id="37" name="ScrPart_utensil" text="mixing bowl" to="6-9" type="participant"/>
            <label from="6-9" id="38" name="ScrPart_utensil" text="bowl" type="participant"/>
            <label from="6-15" id="39" name="ScrPart_utensil" text="hand mixer" to="6-16" type="participant"/>
            <label from="6-16" id="40" name="ScrPart_utensil" text="mixer" type="participant"/>
            <label from="7-1" id="41" name="ScrPart_cook" text="I" type="participant"/>
            <label from="7-5" id="42" name="ScrPart_dough" text="it" type="participant"/>
            <label from="7-11" id="43" name="NPart" text="lumps" type="participant"/>
            <label from="7-23" id="44" name="ScrPart_dough" text="batter" type="participant"/>
            <label from="8-3" id="45" name="ScrPart_dough" text="batter" type="participant"/>
            <label from="8-8" id="46" name="ScrPart_cook" text="I" type="participant"/>
            <label from="8-10" id="47" name="ScrPart_dough" text="it" type="participant"/>
            <label from="8-14" id="48" name="ScrPart_cake_tin" text="pans" type="participant"/>
            <label from="8-17" id="49" name="ScrPart_cake_tin" text="them" type="participant"/>
            <label from="8-20" id="50" name="ScrPart_oven" text="over" type="participant"/>
            <label from="8-24" id="51" name="ScrPart_time" text="minutes" type="participant"/>
            <label from="9-6" id="52" name="SuppVComp" text="place" type="participant"/>
            <label from="9-8" id="53" name="ScrPart_cook" text="I" type="participant"/>
            <label from="9-12" id="54" name="ScrPart_ingredients" text="frosting" type="participant"/>
        </participants>
        <events>
            <label from="1-1" id="55" name="Evoking" text="Baking a cake" to="1-3" type="event"/>
            <label from="1-10" id="56" name="UnrelEv" text="is" type="event"/>
            <label from="2-3" id="57" name="ScrEv_other" text="plan" type="event"/>
            <label from="2-8" id="58" name="UnrelEv" text="know" type="event"/>
            <label from="2-16" id="59" name="Evoking" text="making" type="event"/>
            <label from="2-22" id="60" name="UnrelEv" text="need" type="event"/>
            <label from="3-2" id="61" name="ScrEv_grease_cake_tin" text="prepare" type="event"/>
            <label from="3-11" id="62" name="UnrelEv" text="stick" type="event"/>
            <label from="3-18" id="63" name="ScrEv_preheat" text="preheat" type="event"/>
            <label from="3-27" id="64" name="ScrEv_make_dough" text="mixed" type="event"/>
            <label from="3-30" id="65" name="ScrEv_put_cake_oven" text="go" type="event"/>
            <label from="4-6" id="66" name="UnrelEv" text="require" type="event"/>
            <label from="5-2" id="67" name="UnrelEv" text="speaking" type="event"/>
            <label from="5-5" id="68" name="ScrEv_prepare_ingredients" text="mix" type="event"/>
            <label from="5-18" id="69" name="ScrEv_make_dough" text="mixing" type="event"/>
            <label from="6-4" id="70" name="UnrelEv" text="use" type="event"/>
            <label from="6-12" id="71" name="UnrelEv" text="opposed" type="event"/>
            <label from="7-2" id="72" name="RelNScrEv" text="make sure" to="7-3" type="event"/>
            <label from="7-8" id="73" name="ScrEv_make_dough" text="mixed" type="event"/>
            <label from="7-16" id="74" name="ScrEv_make_dough" text="mixed" type="event"/>
            <label from="7-21" id="75" name="UnrelEv" text="ruin the" to="7-22" type="event"/>
            <label from="8-4" id="76" name="UnrelEv" text="is" type="event"/>
            <label from="8-9" id="77" name="ScrEv_pour_dough" text="pour" type="event"/>
            <label from="8-13" id="78" name="ScrEv_grease_cake_tin" text="prepared" type="event"/>
            <label from="8-16" id="79" name="ScrEv_put_cake_oven" text="pop" type="event"/>
            <label from="9-4" id="80" name="ScrEv_wait" text="baking" type="event"/>
            <label from="9-5" id="81" name="UnrelEv" text="takes" type="event"/>
            <label from="9-10" id="82" name="RelNScrEv" text="prepare" type="event"/>
        </events>
        <chains>
            <chain elements="1 4 5 8 10 12 13 18 20 30 35 41 46 53"/>
            <chain elements="0 7 11 15 24"/>
            <chain elements="21 22"/>
            <chain elements="19 23 50"/>
            <chain elements="32 38"/>
            <chain elements="42 44 45 47"/>
            <chain elements="14 48 49"/>
        </chains>
    </annotations>
</story>
