<?xml version="1.0" encoding="UTF-8" standalone="no"?>
<!DOCTYPE story SYSTEM "../InScript.dtd">
<story id="047" scenario="cake">
    <text>
        <content>Yesterday was my mom 's birthday . 
I wanted to do something special for her , so I decided to bake a cake from scratch . 
I preheated my oven so it was nice and warm by the time i was done preparing the cake batter . 
Then , I gathered all the necessary ingredients for baking a cake . 
There are a lot of ingredients so I wo n't get into much detail about what went into it . 
After gathering all the cake ingredients , now it was time to mix them together . 
I got the largest bowl in my house and put all of the dry ingredients in it . 
Then , in a separate bowl , I mixed together all of the wet ingredients . 
Then i combined the wet and dry ingredients into the large bowl , and began to beat them until it was well blended . 
I poured the cake batter into a cake pan and put the cake in the oven for 30 minutes . 
When it was done , I took it out the oven and let it cool off . 
We had the cake after dinner and it was a huge success ! </content>
        <sentences>
            <sentence id="1">
                <token content="Yesterday" id="1-1">
                    <pos type="NN"/>
                    <lemma type="yesterday"/>
                </token>
                <token content="was" id="1-2">
                    <pos type="VBD"/>
                    <lemma type="be"/>
                </token>
                <token content="my" id="1-3">
                    <pos type="PRP$"/>
                    <lemma type="my"/>
                </token>
                <token content="mom" id="1-4">
                    <pos type="NN"/>
                    <lemma type="mom"/>
                </token>
                <token content="'s" id="1-5"/>
                <token content="birthday" id="1-6">
                    <pos type="NN"/>
                    <lemma type="birthday"/>
                </token>
                <token content="." id="1-7"/>
            </sentence>
            <sentence id="2">
                <token content="I" id="2-1">
                    <pos type="PRP"/>
                    <lemma type="I"/>
                    <dep head="2-2" type="nsubj"/>
                </token>
                <token content="wanted" id="2-2">
                    <pos type="VBD"/>
                    <lemma type="want"/>
                </token>
                <token content="to" id="2-3">
                    <pos type="TO"/>
                    <lemma type="to"/>
                    <dep head="2-4" type="aux"/>
                </token>
                <token content="do" id="2-4">
                    <pos type="VB"/>
                    <lemma type="do"/>
                    <dep head="2-2" type="xcomp"/>
                </token>
                <token content="something" id="2-5">
                    <pos type="NN"/>
                    <lemma type="something"/>
                    <dep head="2-4" type="dobj"/>
                </token>
                <token content="special" id="2-6">
                    <pos type="JJ"/>
                    <lemma type="special"/>
                </token>
                <token content="for" id="2-7"/>
                <token content="her" id="2-8">
                    <pos type="PRP"/>
                    <lemma type="she"/>
                    <dep head="2-4" type="prep"/>
                </token>
                <token content="," id="2-9"/>
                <token content="so" id="2-10">
                    <pos type="IN"/>
                    <lemma type="so"/>
                    <dep head="2-2" type="dep"/>
                </token>
                <token content="I" id="2-11">
                    <pos type="PRP"/>
                    <lemma type="I"/>
                    <dep head="2-12" type="nsubj"/>
                </token>
                <token content="decided" id="2-12">
                    <pos type="VBD"/>
                    <lemma type="decide"/>
                    <dep head="2-2" type="parataxis"/>
                </token>
                <token content="to" id="2-13">
                    <pos type="TO"/>
                    <lemma type="to"/>
                    <dep head="2-14" type="aux"/>
                </token>
                <token content="bake" id="2-14">
                    <pos type="VB"/>
                    <lemma type="bake"/>
                    <dep head="2-12" type="xcomp"/>
                </token>
                <token content="a" id="2-15">
                    <pos type="DT"/>
                    <lemma type="a"/>
                </token>
                <token content="cake" id="2-16">
                    <pos type="NN"/>
                    <lemma type="cake"/>
                    <dep head="2-14" type="dobj"/>
                </token>
                <token content="from" id="2-17"/>
                <token content="scratch" id="2-18">
                    <pos type="NN"/>
                    <lemma type="scratch"/>
                    <dep head="2-14" type="prep"/>
                </token>
                <token content="." id="2-19"/>
            </sentence>
            <sentence id="3">
                <token content="I" id="3-1">
                    <pos type="PRP"/>
                    <lemma type="I"/>
                    <dep head="3-2" type="nsubj"/>
                </token>
                <token content="preheated" id="3-2">
                    <pos type="VBD"/>
                    <lemma type="preheat"/>
                </token>
                <token content="my" id="3-3">
                    <pos type="PRP$"/>
                    <lemma type="my"/>
                </token>
                <token content="oven" id="3-4">
                    <pos type="NN"/>
                    <lemma type="oven"/>
                    <dep head="3-2" type="dobj"/>
                </token>
                <token content="so" id="3-5">
                    <pos type="IN"/>
                    <lemma type="so"/>
                </token>
                <token content="it" id="3-6">
                    <pos type="PRP"/>
                    <lemma type="it"/>
                </token>
                <token content="was" id="3-7">
                    <pos type="VBD"/>
                    <lemma type="be"/>
                </token>
                <token content="nice" id="3-8">
                    <pos type="JJ"/>
                    <lemma type="nice"/>
                    <dep head="3-2" type="advcl"/>
                </token>
                <token content="and" id="3-9"/>
                <token content="warm" id="3-10">
                    <pos type="JJ"/>
                    <lemma type="warm"/>
                </token>
                <token content="by" id="3-11"/>
                <token content="the" id="3-12">
                    <pos type="DT"/>
                    <lemma type="the"/>
                </token>
                <token content="time" id="3-13">
                    <pos type="NN"/>
                    <lemma type="time"/>
                </token>
                <token content="i" id="3-14">
                    <pos type="FW"/>
                    <lemma type="i"/>
                    <dep head="3-16" type="nsubjpass"/>
                </token>
                <token content="was" id="3-15">
                    <pos type="VBD"/>
                    <lemma type="be"/>
                    <dep head="3-16" type="auxpass"/>
                </token>
                <token content="done" id="3-16">
                    <pos type="VBN"/>
                    <lemma type="do"/>
                </token>
                <token content="preparing" id="3-17">
                    <pos type="VBG"/>
                    <lemma type="prepare"/>
                    <dep head="3-16" type="xcomp"/>
                </token>
                <token content="the" id="3-18">
                    <pos type="DT"/>
                    <lemma type="the"/>
                </token>
                <token content="cake" id="3-19">
                    <pos type="NN"/>
                    <lemma type="cake"/>
                </token>
                <token content="batter" id="3-20">
                    <pos type="NN"/>
                    <lemma type="batter"/>
                    <dep head="3-17" type="dobj"/>
                </token>
                <token content="." id="3-21"/>
            </sentence>
            <sentence id="4">
                <token content="Then" id="4-1">
                    <pos type="RB"/>
                    <lemma type="then"/>
                    <dep head="4-4" type="advmod"/>
                </token>
                <token content="," id="4-2"/>
                <token content="I" id="4-3">
                    <pos type="PRP"/>
                    <lemma type="I"/>
                    <dep head="4-4" type="nsubj"/>
                </token>
                <token content="gathered" id="4-4">
                    <pos type="VBD"/>
                    <lemma type="gather"/>
                </token>
                <token content="all" id="4-5">
                    <pos type="PDT"/>
                    <lemma type="all"/>
                </token>
                <token content="the" id="4-6">
                    <pos type="DT"/>
                    <lemma type="the"/>
                </token>
                <token content="necessary" id="4-7">
                    <pos type="JJ"/>
                    <lemma type="necessary"/>
                </token>
                <token content="ingredients" id="4-8">
                    <pos type="NNS"/>
                    <lemma type="ingredient"/>
                    <dep head="4-4" type="dobj"/>
                </token>
                <token content="for" id="4-9"/>
                <token content="baking" id="4-10">
                    <pos type="VBG"/>
                    <lemma type="bake"/>
                    <dep head="4-4" type="prepc"/>
                </token>
                <token content="a" id="4-11">
                    <pos type="DT"/>
                    <lemma type="a"/>
                </token>
                <token content="cake" id="4-12">
                    <pos type="NN"/>
                    <lemma type="cake"/>
                    <dep head="4-10" type="dobj"/>
                </token>
                <token content="." id="4-13"/>
            </sentence>
            <sentence id="5">
                <token content="There" id="5-1">
                    <pos type="EX"/>
                    <lemma type="there"/>
                    <dep head="5-2" type="expl"/>
                </token>
                <token content="are" id="5-2">
                    <pos type="VBP"/>
                    <lemma type="be"/>
                </token>
                <token content="a" id="5-3">
                    <pos type="DT"/>
                    <lemma type="a"/>
                </token>
                <token content="lot" id="5-4">
                    <pos type="NN"/>
                    <lemma type="lot"/>
                    <dep head="5-2" type="nsubj"/>
                </token>
                <token content="of" id="5-5"/>
                <token content="ingredients" id="5-6">
                    <pos type="NNS"/>
                    <lemma type="ingredient"/>
                </token>
                <token content="so" id="5-7">
                    <pos type="IN"/>
                    <lemma type="so"/>
                    <dep head="5-11" type="mark"/>
                </token>
                <token content="I" id="5-8">
                    <pos type="PRP"/>
                    <lemma type="I"/>
                    <dep head="5-11" type="nsubj"/>
                </token>
                <token content="wo" id="5-9">
                    <pos type="MD"/>
                    <lemma type="will"/>
                    <dep head="5-11" type="aux"/>
                </token>
                <token content="n't" id="5-10">
                    <pos type="RB"/>
                    <lemma type="not"/>
                    <dep head="5-11" type="neg"/>
                </token>
                <token content="get" id="5-11">
                    <pos type="VB"/>
                    <lemma type="get"/>
                </token>
                <token content="into" id="5-12"/>
                <token content="much" id="5-13">
                    <pos type="RB"/>
                    <lemma type="much"/>
                </token>
                <token content="detail" id="5-14">
                    <pos type="NN"/>
                    <lemma type="detail"/>
                    <dep head="5-11" type="prep"/>
                </token>
                <token content="about" id="5-15">
                    <pos type="RB"/>
                    <lemma type="about"/>
                </token>
                <token content="what" id="5-16">
                    <pos type="WP"/>
                    <lemma type="what"/>
                    <dep head="5-17" type="nsubj"/>
                </token>
                <token content="went" id="5-17">
                    <pos type="VBD"/>
                    <lemma type="go"/>
                </token>
                <token content="into" id="5-18"/>
                <token content="it" id="5-19">
                    <pos type="PRP"/>
                    <lemma type="it"/>
                    <dep head="5-17" type="prep"/>
                </token>
                <token content="." id="5-20"/>
            </sentence>
            <sentence id="6">
                <token content="After" id="6-1"/>
                <token content="gathering" id="6-2">
                    <pos type="VBG"/>
                    <lemma type="gather"/>
                </token>
                <token content="all" id="6-3">
                    <pos type="PDT"/>
                    <lemma type="all"/>
                </token>
                <token content="the" id="6-4">
                    <pos type="DT"/>
                    <lemma type="the"/>
                </token>
                <token content="cake" id="6-5">
                    <pos type="NN"/>
                    <lemma type="cake"/>
                </token>
                <token content="ingredients" id="6-6">
                    <pos type="NNS"/>
                    <lemma type="ingredient"/>
                    <dep head="6-2" type="dobj"/>
                </token>
                <token content="," id="6-7"/>
                <token content="now" id="6-8">
                    <pos type="RB"/>
                    <lemma type="now"/>
                </token>
                <token content="it" id="6-9">
                    <pos type="PRP"/>
                    <lemma type="it"/>
                </token>
                <token content="was" id="6-10">
                    <pos type="VBD"/>
                    <lemma type="be"/>
                </token>
                <token content="time" id="6-11">
                    <pos type="NN"/>
                    <lemma type="time"/>
                </token>
                <token content="to" id="6-12">
                    <pos type="TO"/>
                    <lemma type="to"/>
                    <dep head="6-13" type="aux"/>
                </token>
                <token content="mix" id="6-13">
                    <pos type="VB"/>
                    <lemma type="mix"/>
                </token>
                <token content="them" id="6-14">
                    <pos type="PRP"/>
                    <lemma type="they"/>
                    <dep head="6-13" type="dobj"/>
                </token>
                <token content="together" id="6-15">
                    <pos type="RB"/>
                    <lemma type="together"/>
                    <dep head="6-13" type="advmod"/>
                </token>
                <token content="." id="6-16"/>
            </sentence>
            <sentence id="7">
                <token content="I" id="7-1">
                    <pos type="PRP"/>
                    <lemma type="I"/>
                    <dep head="7-2" type="nsubj"/>
                </token>
                <token content="got" id="7-2">
                    <pos type="VBD"/>
                    <lemma type="get"/>
                </token>
                <token content="the" id="7-3">
                    <pos type="DT"/>
                    <lemma type="the"/>
                </token>
                <token content="largest" id="7-4">
                    <pos type="JJS"/>
                    <lemma type="largest"/>
                </token>
                <token content="bowl" id="7-5">
                    <pos type="NN"/>
                    <lemma type="bowl"/>
                    <dep head="7-2" type="dobj"/>
                </token>
                <token content="in" id="7-6"/>
                <token content="my" id="7-7">
                    <pos type="PRP$"/>
                    <lemma type="my"/>
                </token>
                <token content="house" id="7-8">
                    <pos type="NN"/>
                    <lemma type="house"/>
                </token>
                <token content="and" id="7-9"/>
                <token content="put" id="7-10">
                    <pos type="VBD"/>
                    <lemma type="put"/>
                    <dep head="7-2" type="conj"/>
                </token>
                <token content="all" id="7-11">
                    <pos type="DT"/>
                    <lemma type="all"/>
                    <dep head="7-10" type="dobj"/>
                </token>
                <token content="of" id="7-12"/>
                <token content="the" id="7-13">
                    <pos type="DT"/>
                    <lemma type="the"/>
                </token>
                <token content="dry" id="7-14">
                    <pos type="JJ"/>
                    <lemma type="dry"/>
                </token>
                <token content="ingredients" id="7-15">
                    <pos type="NNS"/>
                    <lemma type="ingredient"/>
                </token>
                <token content="in" id="7-16"/>
                <token content="it" id="7-17">
                    <pos type="PRP"/>
                    <lemma type="it"/>
                </token>
                <token content="." id="7-18"/>
            </sentence>
            <sentence id="8">
                <token content="Then" id="8-1">
                    <pos type="RB"/>
                    <lemma type="then"/>
                    <dep head="8-9" type="advmod"/>
                </token>
                <token content="," id="8-2"/>
                <token content="in" id="8-3"/>
                <token content="a" id="8-4">
                    <pos type="DT"/>
                    <lemma type="a"/>
                </token>
                <token content="separate" id="8-5">
                    <pos type="JJ"/>
                    <lemma type="separate"/>
                </token>
                <token content="bowl" id="8-6">
                    <pos type="NN"/>
                    <lemma type="bowl"/>
                    <dep head="8-9" type="prep"/>
                </token>
                <token content="," id="8-7"/>
                <token content="I" id="8-8">
                    <pos type="PRP"/>
                    <lemma type="I"/>
                    <dep head="8-9" type="nsubj"/>
                </token>
                <token content="mixed" id="8-9">
                    <pos type="VBZ"/>
                    <lemma type="mix"/>
                </token>
                <token content="together" id="8-10">
                    <pos type="RP"/>
                    <lemma type="together"/>
                    <dep head="8-9" type="prt"/>
                </token>
                <token content="all" id="8-11">
                    <pos type="DT"/>
                    <lemma type="all"/>
                    <dep head="8-9" type="dobj"/>
                </token>
                <token content="of" id="8-12"/>
                <token content="the" id="8-13">
                    <pos type="DT"/>
                    <lemma type="the"/>
                </token>
                <token content="wet" id="8-14">
                    <pos type="JJ"/>
                    <lemma type="wet"/>
                </token>
                <token content="ingredients" id="8-15">
                    <pos type="NNS"/>
                    <lemma type="ingredient"/>
                </token>
                <token content="." id="8-16"/>
            </sentence>
            <sentence id="9">
                <token content="Then" id="9-1">
                    <pos type="RB"/>
                    <lemma type="then"/>
                    <dep head="9-3" type="advmod"/>
                </token>
                <token content="i" id="9-2">
                    <pos type="FW"/>
                    <lemma type="i"/>
                    <dep head="9-3" type="nsubj"/>
                </token>
                <token content="combined" id="9-3">
                    <pos type="VBD"/>
                    <lemma type="combine"/>
                </token>
                <token content="the" id="9-4">
                    <pos type="DT"/>
                    <lemma type="the"/>
                </token>
                <token content="wet" id="9-5">
                    <pos type="JJ"/>
                    <lemma type="wet"/>
                </token>
                <token content="and" id="9-6"/>
                <token content="dry" id="9-7">
                    <pos type="JJ"/>
                    <lemma type="dry"/>
                </token>
                <token content="ingredients" id="9-8">
                    <pos type="NNS"/>
                    <lemma type="ingredient"/>
                    <dep head="9-3" type="dobj"/>
                </token>
                <token content="into" id="9-9"/>
                <token content="the" id="9-10">
                    <pos type="DT"/>
                    <lemma type="the"/>
                </token>
                <token content="large" id="9-11">
                    <pos type="JJ"/>
                    <lemma type="large"/>
                </token>
                <token content="bowl" id="9-12">
                    <pos type="NN"/>
                    <lemma type="bowl"/>
                    <dep head="9-3" type="prep"/>
                </token>
                <token content="," id="9-13"/>
                <token content="and" id="9-14"/>
                <token content="began" id="9-15">
                    <pos type="VBD"/>
                    <lemma type="begin"/>
                    <dep head="9-3" type="conj"/>
                </token>
                <token content="to" id="9-16">
                    <pos type="TO"/>
                    <lemma type="to"/>
                    <dep head="9-17" type="aux"/>
                </token>
                <token content="beat" id="9-17">
                    <pos type="VB"/>
                    <lemma type="beat"/>
                    <dep head="9-15" type="xcomp"/>
                </token>
                <token content="them" id="9-18">
                    <pos type="PRP"/>
                    <lemma type="they"/>
                    <dep head="9-17" type="dobj"/>
                </token>
                <token content="until" id="9-19">
                    <pos type="IN"/>
                    <lemma type="until"/>
                </token>
                <token content="it" id="9-20">
                    <pos type="PRP"/>
                    <lemma type="it"/>
                </token>
                <token content="was" id="9-21">
                    <pos type="VBD"/>
                    <lemma type="be"/>
                </token>
                <token content="well" id="9-22">
                    <pos type="RB"/>
                    <lemma type="well"/>
                </token>
                <token content="blended" id="9-23">
                    <pos type="JJ"/>
                    <lemma type="blended"/>
                    <dep head="9-17" type="advcl"/>
                </token>
                <token content="." id="9-24"/>
            </sentence>
            <sentence id="10">
                <token content="I" id="10-1">
                    <pos type="PRP"/>
                    <lemma type="I"/>
                    <dep head="10-2" type="nsubj"/>
                </token>
                <token content="poured" id="10-2">
                    <pos type="VBD"/>
                    <lemma type="pour"/>
                </token>
                <token content="the" id="10-3">
                    <pos type="DT"/>
                    <lemma type="the"/>
                </token>
                <token content="cake" id="10-4">
                    <pos type="NN"/>
                    <lemma type="cake"/>
                </token>
                <token content="batter" id="10-5">
                    <pos type="NN"/>
                    <lemma type="batter"/>
                    <dep head="10-2" type="dobj"/>
                </token>
                <token content="into" id="10-6"/>
                <token content="a" id="10-7">
                    <pos type="DT"/>
                    <lemma type="a"/>
                </token>
                <token content="cake" id="10-8">
                    <pos type="NN"/>
                    <lemma type="cake"/>
                    <dep head="10-2" type="prep"/>
                </token>
                <token content="pan" id="10-9">
                    <pos type="VB"/>
                    <lemma type="pan"/>
                    <dep head="10-2" type="dep"/>
                </token>
                <token content="and" id="10-10"/>
                <token content="put" id="10-11">
                    <pos type="VB"/>
                    <lemma type="put"/>
                    <dep head="10-9" type="conj"/>
                </token>
                <token content="the" id="10-12">
                    <pos type="DT"/>
                    <lemma type="the"/>
                </token>
                <token content="cake" id="10-13">
                    <pos type="NN"/>
                    <lemma type="cake"/>
                    <dep head="10-9" type="dobj"/>
                </token>
                <token content="in" id="10-14"/>
                <token content="the" id="10-15">
                    <pos type="DT"/>
                    <lemma type="the"/>
                </token>
                <token content="oven" id="10-16">
                    <pos type="NN"/>
                    <lemma type="oven"/>
                    <dep head="10-9" type="prep"/>
                </token>
                <token content="for" id="10-17"/>
                <token content="30" id="10-18">
                    <pos type="CD"/>
                    <lemma type="30"/>
                </token>
                <token content="minutes" id="10-19">
                    <pos type="NNS"/>
                    <lemma type="minute"/>
                </token>
                <token content="." id="10-20"/>
            </sentence>
            <sentence id="11">
                <token content="When" id="11-1">
                    <pos type="WRB"/>
                    <lemma type="when"/>
                    <dep head="11-4" type="advmod"/>
                </token>
                <token content="it" id="11-2">
                    <pos type="PRP"/>
                    <lemma type="it"/>
                    <dep head="11-4" type="nsubjpass"/>
                </token>
                <token content="was" id="11-3">
                    <pos type="VBD"/>
                    <lemma type="be"/>
                    <dep head="11-4" type="auxpass"/>
                </token>
                <token content="done" id="11-4">
                    <pos type="VBN"/>
                    <lemma type="do"/>
                    <dep head="11-7" type="advcl"/>
                </token>
                <token content="," id="11-5"/>
                <token content="I" id="11-6">
                    <pos type="PRP"/>
                    <lemma type="I"/>
                    <dep head="11-7" type="nsubj"/>
                </token>
                <token content="took" id="11-7">
                    <pos type="VBD"/>
                    <lemma type="take"/>
                </token>
                <token content="it" id="11-8">
                    <pos type="PRP"/>
                    <lemma type="it"/>
                    <dep head="11-7" type="dobj"/>
                </token>
                <token content="out" id="11-9"/>
                <token content="the" id="11-10">
                    <pos type="DT"/>
                    <lemma type="the"/>
                </token>
                <token content="oven" id="11-11">
                    <pos type="NN"/>
                    <lemma type="oven"/>
                    <dep head="11-7" type="prep"/>
                </token>
                <token content="and" id="11-12"/>
                <token content="let" id="11-13">
                    <pos type="VBD"/>
                    <lemma type="let"/>
                    <dep head="11-7" type="conj"/>
                </token>
                <token content="it" id="11-14">
                    <pos type="PRP"/>
                    <lemma type="it"/>
                    <dep head="11-15" type="nsubj"/>
                </token>
                <token content="cool" id="11-15">
                    <pos type="VB"/>
                    <lemma type="cool"/>
                    <dep head="11-13" type="ccomp"/>
                </token>
                <token content="off" id="11-16">
                    <pos type="RP"/>
                    <lemma type="off"/>
                    <dep head="11-15" type="prt"/>
                </token>
                <token content="." id="11-17"/>
            </sentence>
            <sentence id="12">
                <token content="We" id="12-1">
                    <pos type="PRP"/>
                    <lemma type="we"/>
                    <dep head="12-2" type="nsubj"/>
                </token>
                <token content="had" id="12-2">
                    <pos type="VBD"/>
                    <lemma type="have"/>
                </token>
                <token content="the" id="12-3">
                    <pos type="DT"/>
                    <lemma type="the"/>
                </token>
                <token content="cake" id="12-4">
                    <pos type="NN"/>
                    <lemma type="cake"/>
                    <dep head="12-2" type="dobj"/>
                </token>
                <token content="after" id="12-5"/>
                <token content="dinner" id="12-6">
                    <pos type="NN"/>
                    <lemma type="dinner"/>
                </token>
                <token content="and" id="12-7"/>
                <token content="it" id="12-8">
                    <pos type="PRP"/>
                    <lemma type="it"/>
                </token>
                <token content="was" id="12-9">
                    <pos type="VBD"/>
                    <lemma type="be"/>
                </token>
                <token content="a" id="12-10">
                    <pos type="DT"/>
                    <lemma type="a"/>
                </token>
                <token content="huge" id="12-11">
                    <pos type="JJ"/>
                    <lemma type="huge"/>
                </token>
                <token content="success" id="12-12">
                    <pos type="NN"/>
                    <lemma type="success"/>
                    <dep head="12-2" type="conj"/>
                </token>
                <token content="!" id="12-13"/>
            </sentence>
        </sentences>
    </text>
    <annotations>
        <participants>
            <label from="1-1" id="0" name="NPart" text="Yesterday" type="participant"/>
            <label from="1-3" id="1" name="ScrPart_cook" text="my" type="participant"/>
            <label from="1-4" id="2" name="ScrPart_beneficiary" text="mom" type="participant"/>
            <label from="1-6" id="3" name="NPart" text="birthday" type="participant"/>
            <label from="2-1" id="4" name="ScrPart_cook" text="I" type="participant"/>
            <label from="2-5" id="5" name="No_label" text="something" type="participant"/>
            <label from="2-8" id="6" name="ScrPart_beneficiary" text="her" type="participant"/>
            <label from="2-11" id="7" name="ScrPart_cook" text="I" type="participant"/>
            <label from="2-16" id="8" name="ScrPart_cake" text="cake" type="participant"/>
            <label from="2-18" id="9" name="No_label" text="scratch" type="participant"/>
            <label from="3-1" id="10" name="ScrPart_cook" text="I" type="participant"/>
            <label from="3-3" id="11" name="ScrPart_cook" text="my" type="participant"/>
            <label from="3-4" id="12" name="ScrPart_oven" text="oven" type="participant"/>
            <label from="3-6" id="13" name="ScrPart_oven" text="it" type="participant"/>
            <label from="3-13" id="14" name="NPart" text="time" type="participant"/>
            <label from="3-14" id="15" name="ScrPart_cook" text="i" type="participant"/>
            <label from="3-19" id="16" name="ScrPart_dough" text="cake batter" to="3-20" type="participant"/>
            <label from="3-20" id="17" name="ScrPart_dough" text="batter" type="participant"/>
            <label from="4-3" id="18" name="ScrPart_cook" text="I" type="participant"/>
            <label from="4-8" id="19" name="ScrPart_ingredients" text="ingredients" type="participant"/>
            <label from="4-12" id="20" name="ScrPart_cake" text="cake" type="participant"/>
            <label from="5-4" id="21" name="No_label" text="lot" type="participant"/>
            <label from="5-6" id="22" name="ScrPart_ingredients" text="ingredients" type="participant"/>
            <label from="5-8" id="23" name="ScrPart_cook" text="I" type="participant"/>
            <label from="5-14" id="24" name="NPart" text="detail" type="participant"/>
            <label from="5-19" id="25" name="ScrPart_cake" text="it" type="participant"/>
            <label from="6-5" id="26" name="ScrPart_ingredients" text="cake ingredients" to="6-6" type="participant"/>
            <label from="6-6" id="27" name="ScrPart_ingredients" text="ingredients" type="participant"/>
            <label from="6-9" id="28" name="No_label" text="it" type="participant"/>
            <label from="6-11" id="29" name="No_label" text="time" type="participant"/>
            <label from="6-14" id="30" name="ScrPart_ingredients" text="them" type="participant"/>
            <label from="7-1" id="31" name="ScrPart_cook" text="I" type="participant"/>
            <label from="7-5" id="32" name="ScrPart_utensil" text="bowl" type="participant"/>
            <label from="7-7" id="33" name="ScrPart_cook" text="my" type="participant"/>
            <label from="7-8" id="34" name="ScrPart_kitchen/location" text="house" type="participant"/>
            <label from="7-15" id="35" name="ScrPart_ingredients" text="ingredients" type="participant"/>
            <label from="7-17" id="36" name="ScrPart_utensil" text="it" type="participant"/>
            <label from="8-6" id="37" name="ScrPart_utensil" text="bowl" type="participant"/>
            <label from="8-8" id="38" name="ScrPart_cook" text="I" type="participant"/>
            <label from="8-15" id="39" name="ScrPart_ingredients" text="ingredients" type="participant"/>
            <label from="9-2" id="40" name="ScrPart_cook" text="i" type="participant"/>
            <label from="9-8" id="41" name="ScrPart_ingredients" text="ingredients" type="participant"/>
            <label from="9-12" id="42" name="ScrPart_utensil" text="bowl" type="participant"/>
            <label from="9-18" id="43" name="ScrPart_ingredients" text="them" type="participant"/>
            <label from="9-20" id="44" name="ScrPart_dough" text="it" type="participant"/>
            <label from="10-1" id="45" name="ScrPart_cook" text="I" type="participant"/>
            <label from="10-4" id="46" name="ScrPart_dough" text="cake batter" to="10-5" type="participant"/>
            <label from="10-5" id="47" name="ScrPart_dough" text="batter" type="participant"/>
            <label from="10-8" id="48" name="ScrPart_cake_tin" text="cake pan" to="10-9" type="participant"/>
            <label from="10-9" id="49" name="ScrPart_cake_tin" text="pan" type="participant"/>
            <label from="10-13" id="50" name="ScrPart_cake" text="cake" type="participant"/>
            <label from="10-16" id="51" name="ScrPart_oven" text="oven" type="participant"/>
            <label from="10-19" id="52" name="ScrPart_time" text="minutes" type="participant"/>
            <label from="11-2" id="53" name="ScrPart_cake" text="it" type="participant"/>
            <label from="11-6" id="54" name="ScrPart_cook" text="I" type="participant"/>
            <label from="11-8" id="55" name="ScrPart_cake" text="it" type="participant"/>
            <label from="11-11" id="56" name="ScrPart_oven" text="oven" type="participant"/>
            <label from="11-14" id="57" name="ScrPart_cake" text="it" type="participant"/>
            <label from="12-1" id="58" name="ScrPart_beneficiary" text="We" type="participant"/>
            <label from="12-4" id="59" name="ScrPart_cake" text="cake" type="participant"/>
            <label from="12-6" id="60" name="NPart" text="dinner" type="participant"/>
            <label from="12-8" id="61" name="ScrPart_cake" text="it" type="participant"/>
            <label from="12-12" id="62" name="NPart" text="success" type="participant"/>
        </participants>
        <events>
            <label from="1-2" id="63" name="UnrelEv" text="was" type="event"/>
            <label from="2-2" id="64" name="UnrelEv" text="wanted" type="event"/>
            <label from="2-4" id="65" name="UnrelEv" text="do" type="event"/>
            <label from="2-12" id="66" name="UnrelEv" text="decided" type="event"/>
            <label from="2-14" id="67" name="Evoking" text="bake a cake" to="2-16" type="event"/>
            <label from="3-2" id="68" name="ScrEv_preheat" text="preheated" type="event"/>
            <label from="3-7" id="69" name="UnrelEv" text="was" type="event"/>
            <label from="3-16" id="70" name="UnrelEv" text="done" type="event"/>
            <label from="3-17" id="71" name="ScrEv_make_dough" text="preparing" type="event"/>
            <label from="4-4" id="72" name="ScrEv_get_ingredients" text="gathered" type="event"/>
            <label from="4-10" id="73" name="Evoking" text="baking a cake" to="4-12" type="event"/>
            <label from="5-2" id="74" name="UnrelEv" text="are" type="event"/>
            <label from="5-11" id="75" name="UnrelEv" text="get into" to="5-12" type="event"/>
            <label from="5-17" id="76" name="UnrelEv" text="went into" to="5-18" type="event"/>
            <label from="6-2" id="77" name="ScrEv_get_ingredients" text="gathering" type="event"/>
            <label from="6-10" id="78" name="UnrelEv" text="was" type="event"/>
            <label from="6-13" id="79" name="ScrEv_prepare_ingredients" text="mix" type="event"/>
            <label from="7-2" id="80" name="ScrEv_get_utensils" text="got" type="event"/>
            <label from="7-10" id="81" name="ScrEv_add_ingredients" text="put" type="event"/>
            <label from="8-9" id="82" name="ScrEv_prepare_ingredients" text="mixed" type="event"/>
            <label from="9-3" id="83" name="ScrEv_add_ingredients" text="combined" type="event"/>
            <label from="9-17" id="84" name="ScrEv_make_dough" text="beat" type="event"/>
            <label from="9-23" id="85" name="ScrEv_make_dough" text="blended" type="event"/>
            <label from="10-2" id="86" name="ScrEv_pour_dough" text="poured" type="event"/>
            <label from="10-11" id="87" name="ScrEv_put_cake_oven" text="put" type="event"/>
            <label from="11-7" id="88" name="ScrEv_take_out_oven" text="took" type="event"/>
            <label from="11-13" id="89" name="UnrelEv" text="let" type="event"/>
            <label from="11-15" id="90" name="ScrEv_cool_down" text="cool off" to="11-16" type="event"/>
            <label from="12-2" id="91" name="ScrEv_eat" text="had" type="event"/>
            <label from="12-9" id="92" name="UnrelEv" text="was" type="event"/>
        </events>
        <chains>
            <chain elements="58 1 2" name="group_I_mom"/>
            <chain elements="1 4 7 10 11 15 18 23 31 33 38 40 45 54"/>
            <chain elements="2 6"/>
            <chain elements="12 13 51 56"/>
            <chain elements="8 20 25 50 53 55 57 59 61"/>
            <chain elements="19 22 27 30 41 43"/>
            <chain elements="32 36 42"/>
            <chain elements="17 44 47"/>
        </chains>
    </annotations>
</story>
