<?xml version="1.0" encoding="UTF-8" standalone="no"?>
<!DOCTYPE story SYSTEM "../InScript.dtd">
<story id="023" scenario="cake">
    <text>
        <content>I decided to bake a cake for my daughter 's birthday last week . 
First I gathered the ingredients I needed - eggs , flour , sugar , oil , butter , and decorations ! 
I put it all out on the counter and then got my supplies . 
I needed measuring cups , bowls , a wooden spoon , and some cake pans . 
I measured out the dry ingredients I needed and then mixed it up , then mixed in the wet ingredients . 
I put it all in my Kitchen Aid mixer and mixed it for a while . 
My daughter likes purple and green , so I split the batter into half and dyed some of the batter purple and some teal , using gel food coloring . 
I poured the batter in cake pans coated in cooking spray and baked them . 
Then , I let them cool . 
Once they were ready to be decorated , I simply used some cream cheese frosting from a can . 
Then I stuck some candles in it and wrote , '' `` Happy birthday ! '' '' 
on top with some colored gel icing . 
She loved it ! </content>
        <sentences>
            <sentence id="1">
                <token content="I" id="1-1">
                    <pos type="PRP"/>
                    <lemma type="I"/>
                    <dep head="1-2" type="nsubj"/>
                </token>
                <token content="decided" id="1-2">
                    <pos type="VBD"/>
                    <lemma type="decide"/>
                </token>
                <token content="to" id="1-3">
                    <pos type="TO"/>
                    <lemma type="to"/>
                    <dep head="1-4" type="aux"/>
                </token>
                <token content="bake" id="1-4">
                    <pos type="VB"/>
                    <lemma type="bake"/>
                    <dep head="1-2" type="xcomp"/>
                </token>
                <token content="a" id="1-5">
                    <pos type="DT"/>
                    <lemma type="a"/>
                </token>
                <token content="cake" id="1-6">
                    <pos type="NN"/>
                    <lemma type="cake"/>
                    <dep head="1-4" type="dobj"/>
                </token>
                <token content="for" id="1-7"/>
                <token content="my" id="1-8">
                    <pos type="PRP$"/>
                    <lemma type="my"/>
                </token>
                <token content="daughter" id="1-9">
                    <pos type="NN"/>
                    <lemma type="daughter"/>
                </token>
                <token content="'s" id="1-10"/>
                <token content="birthday" id="1-11">
                    <pos type="NN"/>
                    <lemma type="birthday"/>
                </token>
                <token content="last" id="1-12">
                    <pos type="JJ"/>
                    <lemma type="last"/>
                </token>
                <token content="week" id="1-13">
                    <pos type="NN"/>
                    <lemma type="week"/>
                    <dep head="1-4" type="tmod"/>
                </token>
                <token content="." id="1-14"/>
            </sentence>
            <sentence id="2">
                <token content="First" id="2-1">
                    <pos type="NNP"/>
                    <lemma type="First"/>
                </token>
                <token content="I" id="2-2">
                    <pos type="PRP"/>
                    <lemma type="I"/>
                    <dep head="2-3" type="nsubj"/>
                </token>
                <token content="gathered" id="2-3">
                    <pos type="VBD"/>
                    <lemma type="gather"/>
                </token>
                <token content="the" id="2-4">
                    <pos type="DT"/>
                    <lemma type="the"/>
                </token>
                <token content="ingredients" id="2-5">
                    <pos type="NNS"/>
                    <lemma type="ingredient"/>
                    <dep head="2-3" type="dobj"/>
                </token>
                <token content="I" id="2-6">
                    <pos type="PRP"/>
                    <lemma type="I"/>
                    <dep head="2-7" type="nsubj"/>
                </token>
                <token content="needed" id="2-7">
                    <pos type="VBD"/>
                    <lemma type="need"/>
                </token>
                <token content="-" id="2-8"/>
                <token content="eggs" id="2-9">
                    <pos type="NNS"/>
                    <lemma type="egg"/>
                </token>
                <token content="," id="2-10"/>
                <token content="flour" id="2-11">
                    <pos type="NN"/>
                    <lemma type="flour"/>
                </token>
                <token content="," id="2-12"/>
                <token content="sugar" id="2-13">
                    <pos type="NN"/>
                    <lemma type="sugar"/>
                </token>
                <token content="," id="2-14"/>
                <token content="oil" id="2-15">
                    <pos type="NN"/>
                    <lemma type="oil"/>
                </token>
                <token content="," id="2-16"/>
                <token content="butter" id="2-17">
                    <pos type="NN"/>
                    <lemma type="butter"/>
                </token>
                <token content="," id="2-18"/>
                <token content="and" id="2-19"/>
                <token content="decorations" id="2-20">
                    <pos type="NN"/>
                    <lemma type="decoration"/>
                </token>
                <token content="!" id="2-21"/>
            </sentence>
            <sentence id="3">
                <token content="I" id="3-1">
                    <pos type="PRP"/>
                    <lemma type="I"/>
                    <dep head="3-2" type="nsubj"/>
                </token>
                <token content="put" id="3-2">
                    <pos type="VBD"/>
                    <lemma type="put"/>
                </token>
                <token content="it" id="3-3">
                    <pos type="PRP"/>
                    <lemma type="it"/>
                    <dep head="3-2" type="dobj"/>
                </token>
                <token content="all" id="3-4">
                    <pos type="DT"/>
                    <lemma type="all"/>
                </token>
                <token content="out" id="3-5">
                    <pos type="IN"/>
                    <lemma type="out"/>
                    <dep head="3-2" type="advmod"/>
                </token>
                <token content="on" id="3-6"/>
                <token content="the" id="3-7">
                    <pos type="DT"/>
                    <lemma type="the"/>
                </token>
                <token content="counter" id="3-8">
                    <pos type="NN"/>
                    <lemma type="counter"/>
                    <dep head="3-2" type="prep"/>
                </token>
                <token content="and" id="3-9"/>
                <token content="then" id="3-10">
                    <pos type="RB"/>
                    <lemma type="then"/>
                    <dep head="3-11" type="advmod"/>
                </token>
                <token content="got" id="3-11">
                    <pos type="VBD"/>
                    <lemma type="get"/>
                    <dep head="3-2" type="conj"/>
                </token>
                <token content="my" id="3-12">
                    <pos type="PRP$"/>
                    <lemma type="my"/>
                </token>
                <token content="supplies" id="3-13">
                    <pos type="NNS"/>
                    <lemma type="supplies"/>
                    <dep head="3-11" type="dobj"/>
                </token>
                <token content="." id="3-14"/>
            </sentence>
            <sentence id="4">
                <token content="I" id="4-1">
                    <pos type="PRP"/>
                    <lemma type="I"/>
                    <dep head="4-2" type="nsubj"/>
                </token>
                <token content="needed" id="4-2">
                    <pos type="VBD"/>
                    <lemma type="need"/>
                </token>
                <token content="measuring" id="4-3">
                    <pos type="VBG"/>
                    <lemma type="measure"/>
                    <dep head="4-2" type="xcomp"/>
                </token>
                <token content="cups" id="4-4">
                    <pos type="NNS"/>
                    <lemma type="cup"/>
                    <dep head="4-3" type="dobj"/>
                </token>
                <token content="," id="4-5"/>
                <token content="bowls" id="4-6">
                    <pos type="NNP"/>
                    <lemma type="bowls"/>
                </token>
                <token content="," id="4-7"/>
                <token content="a" id="4-8">
                    <pos type="DT"/>
                    <lemma type="a"/>
                </token>
                <token content="wooden" id="4-9">
                    <pos type="JJ"/>
                    <lemma type="wooden"/>
                </token>
                <token content="spoon" id="4-10">
                    <pos type="NN"/>
                    <lemma type="spoon"/>
                </token>
                <token content="," id="4-11"/>
                <token content="and" id="4-12"/>
                <token content="some" id="4-13">
                    <pos type="DT"/>
                    <lemma type="some"/>
                </token>
                <token content="cake" id="4-14">
                    <pos type="NN"/>
                    <lemma type="cake"/>
                </token>
                <token content="pans" id="4-15">
                    <pos type="NNS"/>
                    <lemma type="pan"/>
                </token>
                <token content="." id="4-16"/>
            </sentence>
            <sentence id="5">
                <token content="I" id="5-1">
                    <pos type="PRP"/>
                    <lemma type="I"/>
                    <dep head="5-2" type="nsubj"/>
                </token>
                <token content="measured" id="5-2">
                    <pos type="VBD"/>
                    <lemma type="measure"/>
                </token>
                <token content="out" id="5-3">
                    <pos type="RP"/>
                    <lemma type="out"/>
                    <dep head="5-2" type="prt"/>
                </token>
                <token content="the" id="5-4">
                    <pos type="DT"/>
                    <lemma type="the"/>
                </token>
                <token content="dry" id="5-5">
                    <pos type="JJ"/>
                    <lemma type="dry"/>
                </token>
                <token content="ingredients" id="5-6">
                    <pos type="NNS"/>
                    <lemma type="ingredient"/>
                    <dep head="5-2" type="dobj"/>
                </token>
                <token content="I" id="5-7">
                    <pos type="PRP"/>
                    <lemma type="I"/>
                    <dep head="5-8" type="nsubj"/>
                </token>
                <token content="needed" id="5-8">
                    <pos type="VBD"/>
                    <lemma type="need"/>
                </token>
                <token content="and" id="5-9"/>
                <token content="then" id="5-10">
                    <pos type="RB"/>
                    <lemma type="then"/>
                    <dep head="5-11" type="advmod"/>
                </token>
                <token content="mixed" id="5-11">
                    <pos type="VBZ"/>
                    <lemma type="mix"/>
                    <dep head="5-8" type="conj"/>
                </token>
                <token content="it" id="5-12">
                    <pos type="PRP"/>
                    <lemma type="it"/>
                    <dep head="5-11" type="dobj"/>
                </token>
                <token content="up" id="5-13">
                    <pos type="RP"/>
                    <lemma type="up"/>
                    <dep head="5-11" type="prt"/>
                </token>
                <token content="," id="5-14"/>
                <token content="then" id="5-15">
                    <pos type="RB"/>
                    <lemma type="then"/>
                    <dep head="5-16" type="advmod"/>
                </token>
                <token content="mixed" id="5-16">
                    <pos type="VBN"/>
                    <lemma type="mix"/>
                    <dep head="5-2" type="acomp"/>
                </token>
                <token content="in" id="5-17"/>
                <token content="the" id="5-18">
                    <pos type="DT"/>
                    <lemma type="the"/>
                </token>
                <token content="wet" id="5-19">
                    <pos type="JJ"/>
                    <lemma type="wet"/>
                </token>
                <token content="ingredients" id="5-20">
                    <pos type="NNS"/>
                    <lemma type="ingredient"/>
                    <dep head="5-16" type="prep"/>
                </token>
                <token content="." id="5-21"/>
            </sentence>
            <sentence id="6">
                <token content="I" id="6-1">
                    <pos type="PRP"/>
                    <lemma type="I"/>
                    <dep head="6-2" type="nsubj"/>
                </token>
                <token content="put" id="6-2">
                    <pos type="VBD"/>
                    <lemma type="put"/>
                </token>
                <token content="it" id="6-3">
                    <pos type="PRP"/>
                    <lemma type="it"/>
                    <dep head="6-2" type="dobj"/>
                </token>
                <token content="all" id="6-4">
                    <pos type="DT"/>
                    <lemma type="all"/>
                    <dep head="6-2" type="dep"/>
                </token>
                <token content="in" id="6-5"/>
                <token content="my" id="6-6">
                    <pos type="PRP$"/>
                    <lemma type="my"/>
                </token>
                <token content="Kitchen" id="6-7">
                    <pos type="NN"/>
                    <lemma type="kitchen"/>
                </token>
                <token content="Aid" id="6-8">
                    <pos type="NN"/>
                    <lemma type="aid"/>
                </token>
                <token content="mixer" id="6-9">
                    <pos type="NN"/>
                    <lemma type="mixer"/>
                    <dep head="6-2" type="prep"/>
                </token>
                <token content="and" id="6-10"/>
                <token content="mixed" id="6-11">
                    <pos type="VBN"/>
                    <lemma type="mix"/>
                    <dep head="6-2" type="conj"/>
                </token>
                <token content="it" id="6-12">
                    <pos type="PRP"/>
                    <lemma type="it"/>
                    <dep head="6-11" type="dobj"/>
                </token>
                <token content="for" id="6-13"/>
                <token content="a" id="6-14">
                    <pos type="DT"/>
                    <lemma type="a"/>
                </token>
                <token content="while" id="6-15">
                    <pos type="NN"/>
                    <lemma type="while"/>
                    <dep head="6-11" type="prep"/>
                </token>
                <token content="." id="6-16"/>
            </sentence>
            <sentence id="7">
                <token content="My" id="7-1">
                    <pos type="PRP$"/>
                    <lemma type="my"/>
                </token>
                <token content="daughter" id="7-2">
                    <pos type="NN"/>
                    <lemma type="daughter"/>
                    <dep head="7-3" type="nsubj"/>
                </token>
                <token content="likes" id="7-3">
                    <pos type="VBZ"/>
                    <lemma type="like"/>
                </token>
                <token content="purple" id="7-4">
                    <pos type="JJ"/>
                    <lemma type="purple"/>
                    <dep head="7-3" type="acomp"/>
                </token>
                <token content="and" id="7-5"/>
                <token content="green" id="7-6">
                    <pos type="JJ"/>
                    <lemma type="green"/>
                </token>
                <token content="," id="7-7"/>
                <token content="so" id="7-8">
                    <pos type="IN"/>
                    <lemma type="so"/>
                    <dep head="7-3" type="dep"/>
                </token>
                <token content="I" id="7-9">
                    <pos type="PRP"/>
                    <lemma type="I"/>
                    <dep head="7-10" type="nsubj"/>
                </token>
                <token content="split" id="7-10">
                    <pos type="VBD"/>
                    <lemma type="split"/>
                    <dep head="7-3" type="parataxis"/>
                </token>
                <token content="the" id="7-11">
                    <pos type="DT"/>
                    <lemma type="the"/>
                </token>
                <token content="batter" id="7-12">
                    <pos type="NN"/>
                    <lemma type="batter"/>
                    <dep head="7-10" type="dobj"/>
                </token>
                <token content="into" id="7-13"/>
                <token content="half" id="7-14">
                    <pos type="NN"/>
                    <lemma type="half"/>
                    <dep head="7-10" type="prep"/>
                </token>
                <token content="and" id="7-15"/>
                <token content="dyed" id="7-16">
                    <pos type="VBZ"/>
                    <lemma type="dye"/>
                    <dep head="7-10" type="conj"/>
                </token>
                <token content="some" id="7-17">
                    <pos type="DT"/>
                    <lemma type="some"/>
                    <dep head="7-16" type="dobj"/>
                </token>
                <token content="of" id="7-18"/>
                <token content="the" id="7-19">
                    <pos type="DT"/>
                    <lemma type="the"/>
                </token>
                <token content="batter" id="7-20">
                    <pos type="NN"/>
                    <lemma type="batter"/>
                </token>
                <token content="purple" id="7-21">
                    <pos type="NN"/>
                    <lemma type="purple"/>
                </token>
                <token content="and" id="7-22"/>
                <token content="some" id="7-23">
                    <pos type="DT"/>
                    <lemma type="some"/>
                </token>
                <token content="teal" id="7-24">
                    <pos type="NN"/>
                    <lemma type="teal"/>
                </token>
                <token content="," id="7-25"/>
                <token content="using" id="7-26">
                    <pos type="VBG"/>
                    <lemma type="use"/>
                    <dep head="7-10" type="vmod"/>
                </token>
                <token content="gel" id="7-27">
                    <pos type="JJ"/>
                    <lemma type="gel"/>
                </token>
                <token content="food" id="7-28">
                    <pos type="NN"/>
                    <lemma type="food"/>
                </token>
                <token content="coloring" id="7-29">
                    <pos type="NN"/>
                    <lemma type="coloring"/>
                    <dep head="7-26" type="dobj"/>
                </token>
                <token content="." id="7-30"/>
            </sentence>
            <sentence id="8">
                <token content="I" id="8-1">
                    <pos type="PRP"/>
                    <lemma type="I"/>
                    <dep head="8-2" type="nsubj"/>
                </token>
                <token content="poured" id="8-2">
                    <pos type="VBD"/>
                    <lemma type="pour"/>
                </token>
                <token content="the" id="8-3">
                    <pos type="DT"/>
                    <lemma type="the"/>
                </token>
                <token content="batter" id="8-4">
                    <pos type="NN"/>
                    <lemma type="batter"/>
                    <dep head="8-2" type="dobj"/>
                </token>
                <token content="in" id="8-5"/>
                <token content="cake" id="8-6">
                    <pos type="NN"/>
                    <lemma type="cake"/>
                </token>
                <token content="pans" id="8-7">
                    <pos type="NNS"/>
                    <lemma type="pan"/>
                    <dep head="8-2" type="prep"/>
                </token>
                <token content="coated" id="8-8">
                    <pos type="VBN"/>
                    <lemma type="coat"/>
                </token>
                <token content="in" id="8-9"/>
                <token content="cooking" id="8-10">
                    <pos type="VBG"/>
                    <lemma type="cook"/>
                    <dep head="8-8" type="prepc"/>
                </token>
                <token content="spray" id="8-11">
                    <pos type="NN"/>
                    <lemma type="spray"/>
                    <dep head="8-10" type="dobj"/>
                </token>
                <token content="and" id="8-12"/>
                <token content="baked" id="8-13">
                    <pos type="VBG"/>
                    <lemma type="bake"/>
                    <dep head="8-10" type="conj"/>
                </token>
                <token content="them" id="8-14">
                    <pos type="PRP"/>
                    <lemma type="they"/>
                    <dep head="8-13" type="dobj"/>
                </token>
                <token content="." id="8-15"/>
            </sentence>
            <sentence id="9">
                <token content="Then" id="9-1">
                    <pos type="RB"/>
                    <lemma type="then"/>
                    <dep head="9-4" type="advmod"/>
                </token>
                <token content="," id="9-2"/>
                <token content="I" id="9-3">
                    <pos type="PRP"/>
                    <lemma type="I"/>
                    <dep head="9-4" type="nsubj"/>
                </token>
                <token content="let" id="9-4">
                    <pos type="VBP"/>
                    <lemma type="let"/>
                </token>
                <token content="them" id="9-5">
                    <pos type="PRP"/>
                    <lemma type="they"/>
                </token>
                <token content="cool" id="9-6">
                    <pos type="JJ"/>
                    <lemma type="cool"/>
                    <dep head="9-4" type="xcomp"/>
                </token>
                <token content="." id="9-7"/>
            </sentence>
            <sentence id="10">
                <token content="Once" id="10-1">
                    <pos type="IN"/>
                    <lemma type="once"/>
                </token>
                <token content="they" id="10-2">
                    <pos type="PRP"/>
                    <lemma type="they"/>
                </token>
                <token content="were" id="10-3">
                    <pos type="VBD"/>
                    <lemma type="be"/>
                </token>
                <token content="ready" id="10-4">
                    <pos type="JJ"/>
                    <lemma type="ready"/>
                    <dep head="10-11" type="advcl"/>
                </token>
                <token content="to" id="10-5">
                    <pos type="TO"/>
                    <lemma type="to"/>
                    <dep head="10-7" type="aux"/>
                </token>
                <token content="be" id="10-6">
                    <pos type="VB"/>
                    <lemma type="be"/>
                    <dep head="10-7" type="auxpass"/>
                </token>
                <token content="decorated" id="10-7">
                    <pos type="VBN"/>
                    <lemma type="decorate"/>
                </token>
                <token content="," id="10-8"/>
                <token content="I" id="10-9">
                    <pos type="PRP"/>
                    <lemma type="I"/>
                    <dep head="10-11" type="nsubj"/>
                </token>
                <token content="simply" id="10-10">
                    <pos type="RB"/>
                    <lemma type="simply"/>
                    <dep head="10-11" type="advmod"/>
                </token>
                <token content="used" id="10-11">
                    <pos type="VBD"/>
                    <lemma type="use"/>
                </token>
                <token content="some" id="10-12">
                    <pos type="DT"/>
                    <lemma type="some"/>
                </token>
                <token content="cream" id="10-13">
                    <pos type="NN"/>
                    <lemma type="cream"/>
                </token>
                <token content="cheese" id="10-14">
                    <pos type="NN"/>
                    <lemma type="cheese"/>
                    <dep head="10-11" type="dobj"/>
                </token>
                <token content="frosting" id="10-15">
                    <pos type="VBG"/>
                    <lemma type="frost"/>
                </token>
                <token content="from" id="10-16"/>
                <token content="a" id="10-17">
                    <pos type="DT"/>
                    <lemma type="a"/>
                </token>
                <token content="can" id="10-18">
                    <pos type="NN"/>
                    <lemma type="can"/>
                    <dep head="10-15" type="prep"/>
                </token>
                <token content="." id="10-19"/>
            </sentence>
            <sentence id="11">
                <token content="Then" id="11-1">
                    <pos type="RB"/>
                    <lemma type="then"/>
                    <dep head="11-3" type="advmod"/>
                </token>
                <token content="I" id="11-2">
                    <pos type="PRP"/>
                    <lemma type="I"/>
                    <dep head="11-3" type="nsubj"/>
                </token>
                <token content="stuck" id="11-3">
                    <pos type="VBD"/>
                    <lemma type="stick"/>
                    <dep head="11-14" type="ccomp"/>
                </token>
                <token content="some" id="11-4">
                    <pos type="DT"/>
                    <lemma type="some"/>
                </token>
                <token content="candles" id="11-5">
                    <pos type="NNS"/>
                    <lemma type="candle"/>
                    <dep head="11-3" type="dobj"/>
                </token>
                <token content="in" id="11-6"/>
                <token content="it" id="11-7">
                    <pos type="PRP"/>
                    <lemma type="it"/>
                    <dep head="11-3" type="prep"/>
                </token>
                <token content="and" id="11-8"/>
                <token content="wrote" id="11-9">
                    <pos type="VBD"/>
                    <lemma type="write"/>
                    <dep head="11-3" type="conj"/>
                </token>
                <token content="," id="11-10"/>
                <token content="''" id="11-11"/>
                <token content="``" id="11-12"/>
                <token content="Happy" id="11-13">
                    <pos type="JJ"/>
                    <lemma type="happy"/>
                    <dep head="11-14" type="nsubj"/>
                </token>
                <token content="birthday" id="11-14">
                    <pos type="VBZ"/>
                    <lemma type="birthday"/>
                </token>
                <token content="!" id="11-15"/>
                <token content="''" id="11-16"/>
                <token content="''" id="11-17"/>
            </sentence>
            <sentence id="12">
                <token content="on" id="12-1">
                    <pos type="IN"/>
                    <lemma type="on"/>
                </token>
                <token content="top" id="12-2">
                    <pos type="NN"/>
                    <lemma type="top"/>
                </token>
                <token content="with" id="12-3"/>
                <token content="some" id="12-4">
                    <pos type="DT"/>
                    <lemma type="some"/>
                </token>
                <token content="colored" id="12-5">
                    <pos type="VBN"/>
                    <lemma type="color"/>
                </token>
                <token content="gel" id="12-6">
                    <pos type="NN"/>
                    <lemma type="gel"/>
                </token>
                <token content="icing" id="12-7">
                    <pos type="NN"/>
                    <lemma type="icing"/>
                </token>
                <token content="." id="12-8"/>
            </sentence>
            <sentence id="13">
                <token content="She" id="13-1">
                    <pos type="PRP"/>
                    <lemma type="she"/>
                    <dep head="13-2" type="nsubj"/>
                </token>
                <token content="loved" id="13-2">
                    <pos type="VBD"/>
                    <lemma type="love"/>
                </token>
                <token content="it" id="13-3">
                    <pos type="PRP"/>
                    <lemma type="it"/>
                    <dep head="13-2" type="dobj"/>
                </token>
                <token content="!" id="13-4"/>
            </sentence>
        </sentences>
    </text>
    <annotations>
        <participants>
            <label from="1-1" id="0" name="ScrPart_cook" text="I" type="participant"/>
            <label from="1-6" id="1" name="ScrPart_cake" text="cake" type="participant"/>
            <label from="1-8" id="2" name="ScrPart_cook" text="my" type="participant"/>
            <label from="1-9" id="3" name="ScrPart_beneficiary" text="daughter" type="participant"/>
            <label from="1-11" id="4" name="NPart" text="birthday" type="participant"/>
            <label from="1-13" id="5" name="NPart" text="week" type="participant"/>
            <label from="2-2" id="6" name="ScrPart_cook" text="I" type="participant"/>
            <label from="2-5" id="7" name="ScrPart_ingredients" text="ingredients" type="participant"/>
            <label from="2-6" id="8" name="ScrPart_cook" text="I" type="participant"/>
            <label from="2-9" id="9" name="ScrPart_ingredients" text="eggs" type="participant"/>
            <label from="2-11" id="10" name="ScrPart_ingredients" text="flour" type="participant"/>
            <label from="2-13" id="11" name="ScrPart_ingredients" text="sugar" type="participant"/>
            <label from="2-15" id="12" name="ScrPart_ingredients" text="oil" type="participant"/>
            <label from="2-17" id="13" name="ScrPart_ingredients" text="butter" type="participant"/>
            <label from="2-20" id="14" name="ScrPart_decoration" text="decorations" type="participant"/>
            <label from="3-1" id="15" name="ScrPart_cook" text="I" type="participant"/>
            <label from="3-3" id="16" name="ScrPart_ingredients" text="it" type="participant"/>
            <label from="3-8" id="17" name="ScrPart_kitchen/location" text="counter" type="participant"/>
            <label from="3-12" id="18" name="ScrPart_cook" text="my" type="participant"/>
            <label from="3-13" id="19" name="ScrPart_ingredients" text="supplies" type="participant"/>
            <label from="4-1" id="20" name="ScrPart_cook" text="I" type="participant"/>
            <label from="4-3" id="21" name="ScrPart_utensil" text="measuring cups" to="4-4" type="participant"/>
            <label from="4-4" id="22" name="ScrPart_utensil" text="cups" type="participant"/>
            <label from="4-6" id="23" name="ScrPart_utensil" text="bowls" type="participant"/>
            <label from="4-10" id="24" name="ScrPart_utensil" text="spoon" type="participant"/>
            <label from="4-14" id="25" name="ScrPart_cake_tin" text="cake pans" to="4-15" type="participant"/>
            <label from="4-15" id="26" name="ScrPart_cake_tin" text="pans" type="participant"/>
            <label from="5-1" id="27" name="ScrPart_cook" text="I" type="participant"/>
            <label from="5-6" id="28" name="ScrPart_ingredients" text="ingredients" type="participant"/>
            <label from="5-7" id="29" name="ScrPart_cook" text="I" type="participant"/>
            <label from="5-12" id="30" name="ScrPart_ingredients" text="it" type="participant"/>
            <label from="5-20" id="31" name="ScrPart_ingredients" text="ingredients" type="participant"/>
            <label from="6-1" id="32" name="ScrPart_cook" text="I" type="participant"/>
            <label from="6-3" id="33" name="ScrPart_dough" text="it" type="participant"/>
            <label from="6-6" id="34" name="ScrPart_cook" text="my" type="participant"/>
            <label from="6-7" id="35" name="ScrPart_utensil" text="Kitchen Aid mixer" to="6-9" type="participant"/>
            <label from="6-9" id="36" name="ScrPart_utensil" text="mixer" type="participant"/>
            <label from="6-12" id="37" name="ScrPart_dough" text="it" type="participant"/>
            <label from="6-15" id="38" name="No_label" text="while" type="participant"/>
            <label from="7-1" id="39" name="ScrPart_cook" text="My" type="participant"/>
            <label from="7-2" id="40" name="ScrPart_beneficiary" text="daughter" type="participant"/>
            <label from="7-9" id="41" name="ScrPart_cook" text="I" type="participant"/>
            <label from="7-12" id="42" name="ScrPart_dough" text="batter" type="participant"/>
            <label from="7-14" id="43" name="No_label" text="half" type="participant"/>
            <label from="7-20" id="44" name="ScrPart_dough" text="batter" type="participant"/>
            <label from="7-27" id="45" name="ScrPart_ingredients" text="gel food coloring" to="7-29" type="participant"/>
            <label from="7-29" id="46" name="ScrPart_ingredients" text="coloring" type="participant"/>
            <label from="8-1" id="47" name="ScrPart_cook" text="I" type="participant"/>
            <label from="8-4" id="48" name="ScrPart_dough" text="batter" type="participant"/>
            <label from="8-6" id="49" name="ScrPart_cake_tin" text="cake pans" to="8-7" type="participant"/>
            <label from="8-7" id="50" name="ScrPart_cake_tin" text="pans" type="participant"/>
            <label from="8-10" id="51" name="ScrPart_ingredients" text="cooking spray" to="8-11" type="participant"/>
            <label from="8-11" id="52" name="ScrPart_ingredients" text="spray" type="participant"/>
            <label from="8-14" id="53" name="ScrPart_cake" text="them" type="participant"/>
            <label from="9-3" id="54" name="ScrPart_cook" text="I" type="participant"/>
            <label from="9-5" id="55" name="ScrPart_cake" text="them" type="participant"/>
            <label from="10-2" id="56" name="ScrPart_cake" text="they" type="participant"/>
            <label from="10-9" id="57" name="ScrPart_cook" text="I" type="participant"/>
            <label from="10-13" id="58" name="ScrPart_decoration" text="cream cheese frosting" to="10-15" type="participant"/>
            <label from="10-15" id="59" name="ScrPart_decoration" text="frosting" type="participant"/>
            <label from="10-18" id="60" name="NPart" text="can" type="participant"/>
            <label from="11-2" id="61" name="ScrPart_cook" text="I" type="participant"/>
            <label from="11-5" id="62" name="ScrPart_decoration" text="candles" type="participant"/>
            <label from="11-7" id="63" name="ScrPart_cake" text="it" type="participant"/>
            <label from="11-13" id="64" name="NPart" text="Happy birthday" to="11-14" type="participant"/>
            <label from="12-6" id="65" name="ScrPart_decoration" text="gel icing" to="12-7" type="participant"/>
            <label from="12-7" id="66" name="ScrPart_decoration" text="icing" type="participant"/>
            <label from="13-1" id="67" name="ScrPart_beneficiary" text="She" type="participant"/>
            <label from="13-3" id="68" name="ScrPart_cake" text="it" type="participant"/>
        </participants>
        <events>
            <label from="1-2" id="69" name="UnrelEv" text="decided" type="event"/>
            <label from="1-4" id="70" name="Evoking" text="bake a cake" to="1-6" type="event"/>
            <label from="2-3" id="71" name="ScrEv_get_ingredients" text="gathered" type="event"/>
            <label from="2-7" id="72" name="ScrEv_get_ingredients" text="needed" type="event"/>
            <label from="3-2" id="73" name="ScrEv_get_ingredients" text="put" type="event"/>
            <label from="3-11" id="74" name="ScrEv_get_ingredients" text="got" type="event"/>
            <label from="4-2" id="75" name="ScrEv_get_utensils" text="needed" type="event"/>
            <label from="5-2" id="76" name="ScrEv_add_ingredients" text="measured out" to="5-3" type="event"/>
            <label from="5-8" id="77" name="ScrEv_get_ingredients" text="needed" type="event"/>
            <label from="5-11" id="78" name="ScrEv_prepare_ingredients" text="mixed" type="event"/>
            <label from="5-16" id="79" name="ScrEv_add_ingredients" text="mixed in" to="5-17" type="event"/>
            <label from="6-2" id="80" name="ScrEv_prepare_ingredients" text="put" type="event"/>
            <label from="6-11" id="81" name="ScrEv_make_dough" text="mixed" type="event"/>
            <label from="7-3" id="82" name="UnrelEv" text="likes" type="event"/>
            <label from="7-10" id="83" name="ScrEv_prepare_ingredients" text="split" type="event"/>
            <label from="7-16" id="84" name="ScrEv_prepare_ingredients" text="dyed" type="event"/>
            <label from="7-26" id="85" name="ScrEv_prepare_ingredients" text="using" type="event"/>
            <label from="8-2" id="86" name="ScrEv_pour_dough" text="poured" type="event"/>
            <label from="8-8" id="87" name="ScrEv_grease_cake_tin" text="coated" type="event"/>
            <label from="8-13" id="88" name="ScrEv_put_cake_oven" text="baked" type="event"/>
            <label from="9-4" id="89" name="UnrelEv" text="let" type="event"/>
            <label from="9-6" id="90" name="ScrEv_cool_down" text="cool" type="event"/>
            <label from="10-3" id="91" name="UnrelEv" text="were" type="event"/>
            <label from="10-7" id="92" name="ScrEv_decorate" text="decorated" type="event"/>
            <label from="10-11" id="93" name="ScrEv_decorate" text="used" type="event"/>
            <label from="11-3" id="94" name="ScrEv_decorate" text="stuck" type="event"/>
            <label from="11-9" id="95" name="ScrEv_decorate" text="wrote" type="event"/>
            <label from="12-5" id="96" name="ScrEv_decorate" text="colored" type="event"/>
            <label from="13-2" id="97" name="ScrEv_eat" text="loved" type="event"/>
        </events>
        <chains>
            <chain elements="2 0 6 8 15 18 20 27 29 32 34 39 41 47 54 57 61"/>
            <chain elements="53 1 55 56 63 68"/>
            <chain elements="40 3 67"/>
            <chain elements="16 7 19 31 28 30"/>
            <chain elements="66 14 59"/>
            <chain elements="50 26"/>
            <chain elements="37 33 42 44 48"/>
            <chain elements="14 59 62 66" name="coref_group_decorations"/>
        </chains>
    </annotations>
</story>
