<?xml version="1.0" encoding="UTF-8" standalone="no"?>
<!DOCTYPE story SYSTEM "../InScript.dtd">
<story id="087" scenario="cake">
    <text>
        <content>Last night , I had to bake a cake for my son 's birthday party . 
I decided to go online to find a recipe to follow that a lot of people seemed to like . 
I found a great chocolate cake recipe and printed it out . 
Once it was done being printed , I brought it into the kitchen and started gathering supplies . 
Among the supplies were eggs , flour , sugar , and more . 
First thing 's first : I had to set the oven for 350 degrees . 
The best way to follow a baking recipe is by adding the dry ingredients like flour and baking powder together first . 
Once those are mixed together , the wet ingredients are mixed together and added to the dry ingredients . 
I followed the measurements in the recipe and mixed together the cake batter . 
I grabbed a rectangle cake pan , oiled it and shook some flour around the edges . 
I poured the cake into the pan and put it into the oven for about 18 minutes . 
When I thought it was done , I checked the cake with a toothpick by putting it in the middle . 
The toothpick came out clean , without any batter on it , so I knew the cake was done . 
I let it cool for a few hours , added icing , and enjoyed it at the birthday party . </content>
        <sentences>
            <sentence id="1">
                <token content="Last" id="1-1">
                    <pos type="JJ"/>
                    <lemma type="last"/>
                </token>
                <token content="night" id="1-2">
                    <pos type="NN"/>
                    <lemma type="night"/>
                    <dep head="1-5" type="tmod"/>
                </token>
                <token content="," id="1-3"/>
                <token content="I" id="1-4">
                    <pos type="PRP"/>
                    <lemma type="I"/>
                    <dep head="1-5" type="nsubj"/>
                </token>
                <token content="had" id="1-5">
                    <pos type="VBD"/>
                    <lemma type="have"/>
                </token>
                <token content="to" id="1-6">
                    <pos type="TO"/>
                    <lemma type="to"/>
                    <dep head="1-7" type="aux"/>
                </token>
                <token content="bake" id="1-7">
                    <pos type="VB"/>
                    <lemma type="bake"/>
                    <dep head="1-5" type="xcomp"/>
                </token>
                <token content="a" id="1-8">
                    <pos type="DT"/>
                    <lemma type="a"/>
                </token>
                <token content="cake" id="1-9">
                    <pos type="NN"/>
                    <lemma type="cake"/>
                    <dep head="1-7" type="dobj"/>
                </token>
                <token content="for" id="1-10"/>
                <token content="my" id="1-11">
                    <pos type="PRP$"/>
                    <lemma type="my"/>
                </token>
                <token content="son" id="1-12">
                    <pos type="NN"/>
                    <lemma type="son"/>
                </token>
                <token content="'s" id="1-13"/>
                <token content="birthday" id="1-14">
                    <pos type="NN"/>
                    <lemma type="birthday"/>
                </token>
                <token content="party" id="1-15">
                    <pos type="NN"/>
                    <lemma type="party"/>
                </token>
                <token content="." id="1-16"/>
            </sentence>
            <sentence id="2">
                <token content="I" id="2-1">
                    <pos type="PRP"/>
                    <lemma type="I"/>
                    <dep head="2-2" type="nsubj"/>
                </token>
                <token content="decided" id="2-2">
                    <pos type="VBD"/>
                    <lemma type="decide"/>
                </token>
                <token content="to" id="2-3">
                    <pos type="TO"/>
                    <lemma type="to"/>
                    <dep head="2-4" type="aux"/>
                </token>
                <token content="go" id="2-4">
                    <pos type="VB"/>
                    <lemma type="go"/>
                    <dep head="2-2" type="xcomp"/>
                </token>
                <token content="online" id="2-5">
                    <pos type="NN"/>
                    <lemma type="online"/>
                    <dep head="2-4" type="prep"/>
                </token>
                <token content="to" id="2-6">
                    <pos type="TO"/>
                    <lemma type="to"/>
                    <dep head="2-7" type="aux"/>
                </token>
                <token content="find" id="2-7">
                    <pos type="VB"/>
                    <lemma type="find"/>
                    <dep head="2-4" type="xcomp"/>
                </token>
                <token content="a" id="2-8">
                    <pos type="DT"/>
                    <lemma type="a"/>
                </token>
                <token content="recipe" id="2-9">
                    <pos type="NN"/>
                    <lemma type="recipe"/>
                    <dep head="2-7" type="dobj"/>
                </token>
                <token content="to" id="2-10">
                    <pos type="TO"/>
                    <lemma type="to"/>
                    <dep head="2-11" type="aux"/>
                </token>
                <token content="follow" id="2-11">
                    <pos type="VB"/>
                    <lemma type="follow"/>
                </token>
                <token content="that" id="2-12">
                    <pos type="IN"/>
                    <lemma type="that"/>
                    <dep head="2-17" type="mark"/>
                </token>
                <token content="a" id="2-13">
                    <pos type="DT"/>
                    <lemma type="a"/>
                </token>
                <token content="lot" id="2-14">
                    <pos type="NN"/>
                    <lemma type="lot"/>
                    <dep head="2-17" type="nsubj"/>
                </token>
                <token content="of" id="2-15"/>
                <token content="people" id="2-16">
                    <pos type="NNS"/>
                    <lemma type="people"/>
                </token>
                <token content="seemed" id="2-17">
                    <pos type="VBD"/>
                    <lemma type="seem"/>
                    <dep head="2-11" type="ccomp"/>
                </token>
                <token content="to" id="2-18">
                    <pos type="TO"/>
                    <lemma type="to"/>
                    <dep head="2-19" type="aux"/>
                </token>
                <token content="like" id="2-19">
                    <pos type="VB"/>
                    <lemma type="like"/>
                    <dep head="2-17" type="xcomp"/>
                </token>
                <token content="." id="2-20"/>
            </sentence>
            <sentence id="3">
                <token content="I" id="3-1">
                    <pos type="PRP"/>
                    <lemma type="I"/>
                    <dep head="3-2" type="nsubj"/>
                </token>
                <token content="found" id="3-2">
                    <pos type="VBD"/>
                    <lemma type="find"/>
                </token>
                <token content="a" id="3-3">
                    <pos type="DT"/>
                    <lemma type="a"/>
                </token>
                <token content="great" id="3-4">
                    <pos type="JJ"/>
                    <lemma type="great"/>
                </token>
                <token content="chocolate" id="3-5">
                    <pos type="NN"/>
                    <lemma type="chocolate"/>
                </token>
                <token content="cake" id="3-6">
                    <pos type="NN"/>
                    <lemma type="cake"/>
                </token>
                <token content="recipe" id="3-7">
                    <pos type="NN"/>
                    <lemma type="recipe"/>
                    <dep head="3-2" type="dobj"/>
                </token>
                <token content="and" id="3-8"/>
                <token content="printed" id="3-9">
                    <pos type="VBD"/>
                    <lemma type="print"/>
                    <dep head="3-2" type="conj"/>
                </token>
                <token content="it" id="3-10">
                    <pos type="PRP"/>
                    <lemma type="it"/>
                    <dep head="3-9" type="dobj"/>
                </token>
                <token content="out" id="3-11">
                    <pos type="RP"/>
                    <lemma type="out"/>
                    <dep head="3-9" type="prt"/>
                </token>
                <token content="." id="3-12"/>
            </sentence>
            <sentence id="4">
                <token content="Once" id="4-1">
                    <pos type="IN"/>
                    <lemma type="once"/>
                    <dep head="4-4" type="mark"/>
                </token>
                <token content="it" id="4-2">
                    <pos type="PRP"/>
                    <lemma type="it"/>
                    <dep head="4-4" type="nsubjpass"/>
                </token>
                <token content="was" id="4-3">
                    <pos type="VBD"/>
                    <lemma type="be"/>
                    <dep head="4-4" type="auxpass"/>
                </token>
                <token content="done" id="4-4">
                    <pos type="VBN"/>
                    <lemma type="do"/>
                    <dep head="4-9" type="advcl"/>
                </token>
                <token content="being" id="4-5">
                    <pos type="VBG"/>
                    <lemma type="be"/>
                    <dep head="4-6" type="auxpass"/>
                </token>
                <token content="printed" id="4-6">
                    <pos type="VBN"/>
                    <lemma type="print"/>
                    <dep head="4-4" type="xcomp"/>
                </token>
                <token content="," id="4-7"/>
                <token content="I" id="4-8">
                    <pos type="PRP"/>
                    <lemma type="I"/>
                    <dep head="4-9" type="nsubj"/>
                </token>
                <token content="brought" id="4-9">
                    <pos type="VBD"/>
                    <lemma type="bring"/>
                </token>
                <token content="it" id="4-10">
                    <pos type="PRP"/>
                    <lemma type="it"/>
                    <dep head="4-9" type="dobj"/>
                </token>
                <token content="into" id="4-11"/>
                <token content="the" id="4-12">
                    <pos type="DT"/>
                    <lemma type="the"/>
                </token>
                <token content="kitchen" id="4-13">
                    <pos type="NN"/>
                    <lemma type="kitchen"/>
                    <dep head="4-9" type="prep"/>
                </token>
                <token content="and" id="4-14"/>
                <token content="started" id="4-15">
                    <pos type="VBD"/>
                    <lemma type="start"/>
                    <dep head="4-9" type="conj"/>
                </token>
                <token content="gathering" id="4-16">
                    <pos type="NN"/>
                    <lemma type="gathering"/>
                </token>
                <token content="supplies" id="4-17">
                    <pos type="NNS"/>
                    <lemma type="supplies"/>
                    <dep head="4-15" type="dobj"/>
                </token>
                <token content="." id="4-18"/>
            </sentence>
            <sentence id="5">
                <token content="Among" id="5-1"/>
                <token content="the" id="5-2">
                    <pos type="DT"/>
                    <lemma type="the"/>
                </token>
                <token content="supplies" id="5-3">
                    <pos type="NNS"/>
                    <lemma type="supplies"/>
                    <dep head="5-4" type="prep"/>
                </token>
                <token content="were" id="5-4">
                    <pos type="VBD"/>
                    <lemma type="be"/>
                </token>
                <token content="eggs" id="5-5">
                    <pos type="NNS"/>
                    <lemma type="egg"/>
                    <dep head="5-4" type="nsubj"/>
                </token>
                <token content="," id="5-6"/>
                <token content="flour" id="5-7">
                    <pos type="NN"/>
                    <lemma type="flour"/>
                </token>
                <token content="," id="5-8"/>
                <token content="sugar" id="5-9">
                    <pos type="NN"/>
                    <lemma type="sugar"/>
                </token>
                <token content="," id="5-10"/>
                <token content="and" id="5-11"/>
                <token content="more" id="5-12">
                    <pos type="JJR"/>
                    <lemma type="more"/>
                </token>
                <token content="." id="5-13"/>
            </sentence>
            <sentence id="6">
                <token content="First" id="6-1">
                    <pos type="NNP"/>
                    <lemma type="First"/>
                </token>
                <token content="thing" id="6-2">
                    <pos type="NN"/>
                    <lemma type="thing"/>
                </token>
                <token content="'s" id="6-3">
                    <pos type="VBZ"/>
                    <lemma type="be"/>
                </token>
                <token content="first" id="6-4">
                    <pos type="JJ"/>
                    <lemma type="first"/>
                </token>
                <token content=":" id="6-5"/>
                <token content="I" id="6-6">
                    <pos type="PRP"/>
                    <lemma type="I"/>
                    <dep head="6-7" type="nsubj"/>
                </token>
                <token content="had" id="6-7">
                    <pos type="VBD"/>
                    <lemma type="have"/>
                </token>
                <token content="to" id="6-8">
                    <pos type="TO"/>
                    <lemma type="to"/>
                    <dep head="6-9" type="aux"/>
                </token>
                <token content="set" id="6-9">
                    <pos type="VB"/>
                    <lemma type="set"/>
                    <dep head="6-7" type="xcomp"/>
                </token>
                <token content="the" id="6-10">
                    <pos type="DT"/>
                    <lemma type="the"/>
                </token>
                <token content="oven" id="6-11">
                    <pos type="NN"/>
                    <lemma type="oven"/>
                    <dep head="6-9" type="dobj"/>
                </token>
                <token content="for" id="6-12"/>
                <token content="350" id="6-13">
                    <pos type="CD"/>
                    <lemma type="350"/>
                </token>
                <token content="degrees" id="6-14">
                    <pos type="NNS"/>
                    <lemma type="degree"/>
                </token>
                <token content="." id="6-15"/>
            </sentence>
            <sentence id="7">
                <token content="The" id="7-1">
                    <pos type="DT"/>
                    <lemma type="the"/>
                </token>
                <token content="best" id="7-2">
                    <pos type="JJS"/>
                    <lemma type="best"/>
                </token>
                <token content="way" id="7-3">
                    <pos type="NN"/>
                    <lemma type="way"/>
                    <dep head="7-9" type="nsubj"/>
                </token>
                <token content="to" id="7-4">
                    <pos type="TO"/>
                    <lemma type="to"/>
                    <dep head="7-5" type="aux"/>
                </token>
                <token content="follow" id="7-5">
                    <pos type="VB"/>
                    <lemma type="follow"/>
                </token>
                <token content="a" id="7-6">
                    <pos type="DT"/>
                    <lemma type="a"/>
                </token>
                <token content="baking" id="7-7">
                    <pos type="VBG"/>
                    <lemma type="bake"/>
                </token>
                <token content="recipe" id="7-8">
                    <pos type="NN"/>
                    <lemma type="recipe"/>
                    <dep head="7-5" type="dobj"/>
                </token>
                <token content="is" id="7-9">
                    <pos type="VBZ"/>
                    <lemma type="be"/>
                </token>
                <token content="by" id="7-10"/>
                <token content="adding" id="7-11">
                    <pos type="VBG"/>
                    <lemma type="add"/>
                    <dep head="7-9" type="prepc"/>
                </token>
                <token content="the" id="7-12">
                    <pos type="DT"/>
                    <lemma type="the"/>
                </token>
                <token content="dry" id="7-13">
                    <pos type="JJ"/>
                    <lemma type="dry"/>
                </token>
                <token content="ingredients" id="7-14">
                    <pos type="NNS"/>
                    <lemma type="ingredient"/>
                    <dep head="7-11" type="dobj"/>
                </token>
                <token content="like" id="7-15"/>
                <token content="flour" id="7-16">
                    <pos type="NN"/>
                    <lemma type="flour"/>
                </token>
                <token content="and" id="7-17"/>
                <token content="baking" id="7-18">
                    <pos type="VBG"/>
                    <lemma type="bake"/>
                    <dep head="7-11" type="conj"/>
                </token>
                <token content="powder" id="7-19">
                    <pos type="NN"/>
                    <lemma type="powder"/>
                    <dep head="7-18" type="dobj"/>
                </token>
                <token content="together" id="7-20">
                    <pos type="RB"/>
                    <lemma type="together"/>
                    <dep head="7-18" type="advmod"/>
                </token>
                <token content="first" id="7-21">
                    <pos type="RB"/>
                    <lemma type="first"/>
                    <dep head="7-18" type="advmod"/>
                </token>
                <token content="." id="7-22"/>
            </sentence>
            <sentence id="8">
                <token content="Once" id="8-1">
                    <pos type="IN"/>
                    <lemma type="once"/>
                </token>
                <token content="those" id="8-2">
                    <pos type="DT"/>
                    <lemma type="those"/>
                </token>
                <token content="are" id="8-3">
                    <pos type="VBP"/>
                    <lemma type="be"/>
                </token>
                <token content="mixed" id="8-4">
                    <pos type="JJ"/>
                    <lemma type="mixed"/>
                    <dep head="8-11" type="advcl"/>
                </token>
                <token content="together" id="8-5">
                    <pos type="RB"/>
                    <lemma type="together"/>
                </token>
                <token content="," id="8-6"/>
                <token content="the" id="8-7">
                    <pos type="DT"/>
                    <lemma type="the"/>
                </token>
                <token content="wet" id="8-8">
                    <pos type="JJ"/>
                    <lemma type="wet"/>
                </token>
                <token content="ingredients" id="8-9">
                    <pos type="NNS"/>
                    <lemma type="ingredient"/>
                    <dep head="8-11" type="nsubjpass"/>
                </token>
                <token content="are" id="8-10">
                    <pos type="VBP"/>
                    <lemma type="be"/>
                    <dep head="8-11" type="auxpass"/>
                </token>
                <token content="mixed" id="8-11">
                    <pos type="VBN"/>
                    <lemma type="mix"/>
                </token>
                <token content="together" id="8-12">
                    <pos type="RB"/>
                    <lemma type="together"/>
                    <dep head="8-11" type="advmod"/>
                </token>
                <token content="and" id="8-13"/>
                <token content="added" id="8-14">
                    <pos type="VBN"/>
                    <lemma type="add"/>
                    <dep head="8-11" type="conj"/>
                </token>
                <token content="to" id="8-15"/>
                <token content="the" id="8-16">
                    <pos type="DT"/>
                    <lemma type="the"/>
                </token>
                <token content="dry" id="8-17">
                    <pos type="JJ"/>
                    <lemma type="dry"/>
                </token>
                <token content="ingredients" id="8-18">
                    <pos type="NNS"/>
                    <lemma type="ingredient"/>
                    <dep head="8-14" type="prep"/>
                </token>
                <token content="." id="8-19"/>
            </sentence>
            <sentence id="9">
                <token content="I" id="9-1">
                    <pos type="PRP"/>
                    <lemma type="I"/>
                    <dep head="9-2" type="nsubj"/>
                </token>
                <token content="followed" id="9-2">
                    <pos type="VBD"/>
                    <lemma type="follow"/>
                </token>
                <token content="the" id="9-3">
                    <pos type="DT"/>
                    <lemma type="the"/>
                </token>
                <token content="measurements" id="9-4">
                    <pos type="NNS"/>
                    <lemma type="measurement"/>
                    <dep head="9-2" type="dobj"/>
                </token>
                <token content="in" id="9-5"/>
                <token content="the" id="9-6">
                    <pos type="DT"/>
                    <lemma type="the"/>
                </token>
                <token content="recipe" id="9-7">
                    <pos type="NN"/>
                    <lemma type="recipe"/>
                    <dep head="9-2" type="prep"/>
                </token>
                <token content="and" id="9-8"/>
                <token content="mixed" id="9-9">
                    <pos type="VBN"/>
                    <lemma type="mix"/>
                    <dep head="9-2" type="conj"/>
                </token>
                <token content="together" id="9-10">
                    <pos type="RP"/>
                    <lemma type="together"/>
                    <dep head="9-9" type="prt"/>
                </token>
                <token content="the" id="9-11">
                    <pos type="DT"/>
                    <lemma type="the"/>
                </token>
                <token content="cake" id="9-12">
                    <pos type="NN"/>
                    <lemma type="cake"/>
                </token>
                <token content="batter" id="9-13">
                    <pos type="NN"/>
                    <lemma type="batter"/>
                    <dep head="9-9" type="dobj"/>
                </token>
                <token content="." id="9-14"/>
            </sentence>
            <sentence id="10">
                <token content="I" id="10-1">
                    <pos type="PRP"/>
                    <lemma type="I"/>
                    <dep head="10-2" type="nsubj"/>
                </token>
                <token content="grabbed" id="10-2">
                    <pos type="VBD"/>
                    <lemma type="grab"/>
                </token>
                <token content="a" id="10-3">
                    <pos type="DT"/>
                    <lemma type="a"/>
                </token>
                <token content="rectangle" id="10-4">
                    <pos type="NN"/>
                    <lemma type="rectangle"/>
                </token>
                <token content="cake" id="10-5">
                    <pos type="NN"/>
                    <lemma type="cake"/>
                    <dep head="10-6" type="nsubj"/>
                </token>
                <token content="pan" id="10-6">
                    <pos type="VB"/>
                    <lemma type="pan"/>
                    <dep head="10-2" type="ccomp"/>
                </token>
                <token content="," id="10-7"/>
                <token content="oiled" id="10-8">
                    <pos type="VBD"/>
                    <lemma type="oil"/>
                    <dep head="10-2" type="conj"/>
                </token>
                <token content="it" id="10-9">
                    <pos type="PRP"/>
                    <lemma type="it"/>
                    <dep head="10-8" type="dobj"/>
                </token>
                <token content="and" id="10-10"/>
                <token content="shook" id="10-11">
                    <pos type="VBD"/>
                    <lemma type="shake"/>
                    <dep head="10-2" type="conj"/>
                </token>
                <token content="some" id="10-12">
                    <pos type="DT"/>
                    <lemma type="some"/>
                </token>
                <token content="flour" id="10-13">
                    <pos type="NN"/>
                    <lemma type="flour"/>
                    <dep head="10-11" type="dobj"/>
                </token>
                <token content="around" id="10-14"/>
                <token content="the" id="10-15">
                    <pos type="DT"/>
                    <lemma type="the"/>
                </token>
                <token content="edges" id="10-16">
                    <pos type="NNS"/>
                    <lemma type="edge"/>
                    <dep head="10-11" type="prep"/>
                </token>
                <token content="." id="10-17"/>
            </sentence>
            <sentence id="11">
                <token content="I" id="11-1">
                    <pos type="PRP"/>
                    <lemma type="I"/>
                    <dep head="11-2" type="nsubj"/>
                </token>
                <token content="poured" id="11-2">
                    <pos type="VBD"/>
                    <lemma type="pour"/>
                </token>
                <token content="the" id="11-3">
                    <pos type="DT"/>
                    <lemma type="the"/>
                </token>
                <token content="cake" id="11-4">
                    <pos type="NN"/>
                    <lemma type="cake"/>
                    <dep head="11-2" type="dobj"/>
                </token>
                <token content="into" id="11-5"/>
                <token content="the" id="11-6">
                    <pos type="DT"/>
                    <lemma type="the"/>
                </token>
                <token content="pan" id="11-7">
                    <pos type="NN"/>
                    <lemma type="pan"/>
                    <dep head="11-2" type="prep"/>
                </token>
                <token content="and" id="11-8"/>
                <token content="put" id="11-9">
                    <pos type="VBD"/>
                    <lemma type="put"/>
                    <dep head="11-2" type="conj"/>
                </token>
                <token content="it" id="11-10">
                    <pos type="PRP"/>
                    <lemma type="it"/>
                    <dep head="11-9" type="dobj"/>
                </token>
                <token content="into" id="11-11"/>
                <token content="the" id="11-12">
                    <pos type="DT"/>
                    <lemma type="the"/>
                </token>
                <token content="oven" id="11-13">
                    <pos type="NN"/>
                    <lemma type="oven"/>
                    <dep head="11-9" type="prep"/>
                </token>
                <token content="for" id="11-14"/>
                <token content="about" id="11-15">
                    <pos type="RB"/>
                    <lemma type="about"/>
                </token>
                <token content="18" id="11-16">
                    <pos type="CD"/>
                    <lemma type="18"/>
                </token>
                <token content="minutes" id="11-17">
                    <pos type="NNS"/>
                    <lemma type="minute"/>
                </token>
                <token content="." id="11-18"/>
            </sentence>
            <sentence id="12">
                <token content="When" id="12-1">
                    <pos type="WRB"/>
                    <lemma type="when"/>
                    <dep head="12-3" type="advmod"/>
                </token>
                <token content="I" id="12-2">
                    <pos type="PRP"/>
                    <lemma type="I"/>
                    <dep head="12-3" type="nsubj"/>
                </token>
                <token content="thought" id="12-3">
                    <pos type="VBD"/>
                    <lemma type="think"/>
                    <dep head="12-9" type="advcl"/>
                </token>
                <token content="it" id="12-4">
                    <pos type="PRP"/>
                    <lemma type="it"/>
                    <dep head="12-6" type="nsubjpass"/>
                </token>
                <token content="was" id="12-5">
                    <pos type="VBD"/>
                    <lemma type="be"/>
                    <dep head="12-6" type="auxpass"/>
                </token>
                <token content="done" id="12-6">
                    <pos type="VBN"/>
                    <lemma type="do"/>
                    <dep head="12-3" type="ccomp"/>
                </token>
                <token content="," id="12-7"/>
                <token content="I" id="12-8">
                    <pos type="PRP"/>
                    <lemma type="I"/>
                    <dep head="12-9" type="nsubj"/>
                </token>
                <token content="checked" id="12-9">
                    <pos type="VBD"/>
                    <lemma type="check"/>
                </token>
                <token content="the" id="12-10">
                    <pos type="DT"/>
                    <lemma type="the"/>
                </token>
                <token content="cake" id="12-11">
                    <pos type="NN"/>
                    <lemma type="cake"/>
                    <dep head="12-9" type="dobj"/>
                </token>
                <token content="with" id="12-12"/>
                <token content="a" id="12-13">
                    <pos type="DT"/>
                    <lemma type="a"/>
                </token>
                <token content="toothpick" id="12-14">
                    <pos type="NN"/>
                    <lemma type="toothpick"/>
                    <dep head="12-9" type="prep"/>
                </token>
                <token content="by" id="12-15"/>
                <token content="putting" id="12-16">
                    <pos type="VBG"/>
                    <lemma type="put"/>
                    <dep head="12-9" type="prepc"/>
                </token>
                <token content="it" id="12-17">
                    <pos type="PRP"/>
                    <lemma type="it"/>
                    <dep head="12-16" type="dobj"/>
                </token>
                <token content="in" id="12-18"/>
                <token content="the" id="12-19">
                    <pos type="DT"/>
                    <lemma type="the"/>
                </token>
                <token content="middle" id="12-20">
                    <pos type="NN"/>
                    <lemma type="middle"/>
                    <dep head="12-16" type="prep"/>
                </token>
                <token content="." id="12-21"/>
            </sentence>
            <sentence id="13">
                <token content="The" id="13-1">
                    <pos type="DT"/>
                    <lemma type="the"/>
                </token>
                <token content="toothpick" id="13-2">
                    <pos type="NN"/>
                    <lemma type="toothpick"/>
                    <dep head="13-3" type="nsubj"/>
                </token>
                <token content="came" id="13-3">
                    <pos type="VBD"/>
                    <lemma type="come"/>
                </token>
                <token content="out" id="13-4">
                    <pos type="RP"/>
                    <lemma type="out"/>
                    <dep head="13-3" type="prt"/>
                </token>
                <token content="clean" id="13-5">
                    <pos type="JJ"/>
                    <lemma type="clean"/>
                    <dep head="13-3" type="acomp"/>
                </token>
                <token content="," id="13-6"/>
                <token content="without" id="13-7"/>
                <token content="any" id="13-8">
                    <pos type="DT"/>
                    <lemma type="any"/>
                </token>
                <token content="batter" id="13-9">
                    <pos type="NN"/>
                    <lemma type="batter"/>
                    <dep head="13-3" type="prep"/>
                </token>
                <token content="on" id="13-10"/>
                <token content="it" id="13-11">
                    <pos type="PRP"/>
                    <lemma type="it"/>
                </token>
                <token content="," id="13-12"/>
                <token content="so" id="13-13">
                    <pos type="IN"/>
                    <lemma type="so"/>
                    <dep head="13-15" type="mark"/>
                </token>
                <token content="I" id="13-14">
                    <pos type="PRP"/>
                    <lemma type="I"/>
                    <dep head="13-15" type="nsubj"/>
                </token>
                <token content="knew" id="13-15">
                    <pos type="VBD"/>
                    <lemma type="know"/>
                    <dep head="13-3" type="advcl"/>
                </token>
                <token content="the" id="13-16">
                    <pos type="DT"/>
                    <lemma type="the"/>
                </token>
                <token content="cake" id="13-17">
                    <pos type="NN"/>
                    <lemma type="cake"/>
                    <dep head="13-19" type="nsubjpass"/>
                </token>
                <token content="was" id="13-18">
                    <pos type="VBD"/>
                    <lemma type="be"/>
                    <dep head="13-19" type="auxpass"/>
                </token>
                <token content="done" id="13-19">
                    <pos type="VBN"/>
                    <lemma type="do"/>
                    <dep head="13-15" type="ccomp"/>
                </token>
                <token content="." id="13-20"/>
            </sentence>
            <sentence id="14">
                <token content="I" id="14-1">
                    <pos type="PRP"/>
                    <lemma type="I"/>
                    <dep head="14-2" type="nsubj"/>
                </token>
                <token content="let" id="14-2">
                    <pos type="VBD"/>
                    <lemma type="let"/>
                </token>
                <token content="it" id="14-3">
                    <pos type="PRP"/>
                    <lemma type="it"/>
                </token>
                <token content="cool" id="14-4">
                    <pos type="JJ"/>
                    <lemma type="cool"/>
                    <dep head="14-2" type="xcomp"/>
                </token>
                <token content="for" id="14-5"/>
                <token content="a" id="14-6">
                    <pos type="DT"/>
                    <lemma type="a"/>
                </token>
                <token content="few" id="14-7">
                    <pos type="JJ"/>
                    <lemma type="few"/>
                </token>
                <token content="hours" id="14-8">
                    <pos type="NNS"/>
                    <lemma type="hour"/>
                </token>
                <token content="," id="14-9"/>
                <token content="added" id="14-10">
                    <pos type="VBD"/>
                    <lemma type="add"/>
                    <dep head="14-2" type="conj"/>
                </token>
                <token content="icing" id="14-11">
                    <pos type="VBG"/>
                    <lemma type="ice"/>
                    <dep head="14-10" type="xcomp"/>
                </token>
                <token content="," id="14-12"/>
                <token content="and" id="14-13"/>
                <token content="enjoyed" id="14-14">
                    <pos type="VBD"/>
                    <lemma type="enjoy"/>
                    <dep head="14-2" type="conj"/>
                </token>
                <token content="it" id="14-15">
                    <pos type="PRP"/>
                    <lemma type="it"/>
                    <dep head="14-14" type="dobj"/>
                </token>
                <token content="at" id="14-16"/>
                <token content="the" id="14-17">
                    <pos type="DT"/>
                    <lemma type="the"/>
                </token>
                <token content="birthday" id="14-18">
                    <pos type="NN"/>
                    <lemma type="birthday"/>
                </token>
                <token content="party" id="14-19">
                    <pos type="NN"/>
                    <lemma type="party"/>
                    <dep head="14-14" type="prep"/>
                </token>
                <token content="." id="14-20"/>
            </sentence>
        </sentences>
    </text>
    <annotations>
        <participants>
            <label from="1-2" id="0" name="NPart" text="night" type="participant"/>
            <label from="1-4" id="1" name="ScrPart_cook" text="I" type="participant"/>
            <label from="1-9" id="2" name="ScrPart_cook" text="cake" type="participant"/>
            <label from="1-11" id="3" name="ScrPart_cook" text="my" type="participant"/>
            <label from="1-12" id="4" name="ScrPart_beneficiary" text="son" type="participant"/>
            <label from="1-14" id="5" name="NPart" text="birthday party" to="1-15" type="participant"/>
            <label from="1-15" id="6" name="NPart" text="party" type="participant"/>
            <label from="2-1" id="7" name="ScrPart_cook" text="I" type="participant"/>
            <label from="2-5" id="8" name="ScrPart_recipe_source" text="online" type="participant"/>
            <label from="2-9" id="9" name="ScrPart_baking_instructions" text="recipe" type="participant"/>
            <label from="2-14" id="10" name="Head_of_Partitive" text="lot" type="participant"/>
            <label from="2-16" id="11" name="NPart" text="people" type="participant"/>
            <label from="3-1" id="12" name="ScrPart_cook" text="I" type="participant"/>
            <label from="3-5" id="13" name="ScrPart_cake" text="chocolate cake" to="3-6" type="participant"/>
            <label from="3-6" id="14" name="ScrPart_cake" text="cake" type="participant"/>
            <label from="3-7" id="15" name="ScrPart_baking_instructions" text="recipe" type="participant"/>
            <label from="3-10" id="16" name="ScrPart_baking_instructions" text="it" type="participant"/>
            <label from="4-2" id="17" name="ScrPart_baking_instructions" text="it" type="participant"/>
            <label from="4-8" id="18" name="ScrPart_cook" text="I" type="participant"/>
            <label from="4-10" id="19" name="ScrPart_baking_instructions" text="it" type="participant"/>
            <label from="4-13" id="20" name="ScrPart_kitchen/location" text="kitchen" type="participant"/>
            <label from="4-17" id="21" name="ScrPart_ingredients" text="supplies" type="participant"/>
            <label from="5-3" id="22" name="ScrPart_ingredients" text="supplies" type="participant"/>
            <label from="5-5" id="23" name="ScrPart_ingredients" text="eggs , flour , sugar , and more" to="5-12" type="participant"/>
            <label from="5-5" id="24" name="ScrPart_ingredients" text="eggs" type="participant"/>
            <label from="5-7" id="25" name="ScrPart_ingredients" text="flour" type="participant"/>
            <label from="5-9" id="26" name="ScrPart_ingredients" text="sugar" type="participant"/>
            <label from="5-12" id="27" name="ScrPart_ingredients" text="more" type="participant"/>
            <label from="6-2" id="28" name="NPart" text="thing" type="participant"/>
            <label from="6-6" id="29" name="ScrPart_cook" text="I" type="participant"/>
            <label from="6-11" id="30" name="ScrPart_oven" text="oven" type="participant"/>
            <label from="6-14" id="31" name="ScrPart_temperature" text="degrees" type="participant"/>
            <label from="7-3" id="32" name="NPart" text="way" type="participant"/>
            <label from="7-8" id="33" name="ScrPart_baking_instructions" text="recipe" type="participant"/>
            <label from="7-14" id="34" name="ScrPart_ingredients" text="ingredients" type="participant"/>
            <label from="7-16" id="35" name="ScrPart_ingredients" text="flour and baking powder" to="7-19" type="participant"/>
            <label from="7-16" id="36" name="ScrPart_ingredients" text="flour" type="participant"/>
            <label from="7-18" id="37" name="ScrPart_ingredients" text="baking powder" to="7-19" type="participant"/>
            <label from="7-19" id="38" name="ScrPart_ingredients" text="powder" type="participant"/>
            <label from="8-2" id="39" name="ScrPart_ingredients" text="those" type="participant"/>
            <label from="8-9" id="40" name="ScrPart_ingredients" text="ingredients" type="participant"/>
            <label from="8-18" id="41" name="ScrPart_ingredients" text="ingredients" type="participant"/>
            <label from="9-1" id="42" name="ScrPart_cook" text="I" type="participant"/>
            <label from="9-4" id="43" name="ScrPart_other" text="measurements" type="participant"/>
            <label from="9-7" id="44" name="ScrPart_baking_instructions" text="recipe" type="participant"/>
            <label from="9-12" id="45" name="ScrPart_dough" text="cake batter" to="9-13" type="participant"/>
            <label from="9-13" id="46" name="ScrPart_dough" text="batter" type="participant"/>
            <label from="10-1" id="47" name="ScrPart_cook" text="I" type="participant"/>
            <label from="10-4" id="48" name="NPart" text="rectangle" type="participant"/>
            <label from="10-5" id="49" name="ScrPart_cake_tin" text="cake pan" to="10-6" type="participant"/>
            <label from="10-6" id="50" name="ScrPart_cake_tin" text="pan" type="participant"/>
            <label from="10-9" id="51" name="ScrPart_cake_tin" text="it" type="participant"/>
            <label from="10-13" id="52" name="ScrPart_ingredients" text="flour" type="participant"/>
            <label from="10-16" id="53" name="NPart" text="edges" type="participant"/>
            <label from="11-1" id="54" name="ScrPart_cook" text="I" type="participant"/>
            <label from="11-4" id="55" name="ScrPart_cake" text="cake" type="participant"/>
            <label from="11-7" id="56" name="ScrPart_cake_tin" text="pan" type="participant"/>
            <label from="11-10" id="57" name="ScrPart_cake_tin" text="it" type="participant"/>
            <label from="11-13" id="58" name="ScrPart_oven" text="oven" type="participant"/>
            <label from="11-17" id="59" name="ScrPart_time" text="minutes" type="participant"/>
            <label from="12-2" id="60" name="ScrPart_cook" text="I" type="participant"/>
            <label from="12-4" id="61" name="ScrPart_cake" text="it" type="participant"/>
            <label from="12-8" id="62" name="ScrPart_cook" text="I" type="participant"/>
            <label from="12-11" id="63" name="ScrPart_cake" text="cake" type="participant"/>
            <label from="12-14" id="64" name="ScrPart_utensil" text="toothpick" type="participant"/>
            <label from="12-17" id="65" name="ScrPart_utensil" text="it" type="participant"/>
            <label from="12-20" id="66" name="NPart" text="middle" type="participant"/>
            <label from="13-2" id="67" name="ScrPart_utensil" text="toothpick" type="participant"/>
            <label from="13-9" id="68" name="ScrPart_dough" text="batter" type="participant"/>
            <label from="13-11" id="69" name="ScrPart_utensil" text="it" type="participant"/>
            <label from="13-14" id="70" name="ScrPart_cook" text="I" type="participant"/>
            <label from="13-17" id="71" name="ScrPart_cake" text="cake" type="participant"/>
            <label from="14-1" id="72" name="ScrPart_cook" text="I" type="participant"/>
            <label from="14-3" id="73" name="ScrPart_cake" text="it" type="participant"/>
            <label from="14-8" id="74" name="ScrPart_time" text="hours" type="participant"/>
            <label from="14-11" id="75" name="ScrPart_decoration" text="icing" type="participant"/>
            <label from="14-15" id="76" name="ScrPart_cake" text="it" type="participant"/>
            <label from="14-18" id="77" name="NPart" text="birthday party" to="14-19" type="participant"/>
            <label from="14-19" id="78" name="NPart" text="party" type="participant"/>
        </participants>
        <events>
            <label from="1-7" id="79" name="Evoking" text="bake a cake" to="1-9" type="event"/>
            <label from="2-2" id="80" name="UnrelEv" text="decided" type="event"/>
            <label from="2-4" id="81" name="RelNScrEv" text="go" type="event"/>
            <label from="2-7" id="82" name="ScrEv_choose_recipe" text="find" type="event"/>
            <label from="2-11" id="83" name="RelNScrEv" text="follow" type="event"/>
            <label from="2-17" id="84" name="UnrelEv" text="seemed" type="event"/>
            <label from="2-19" id="85" name="UnrelEv" text="like" type="event"/>
            <label from="3-2" id="86" name="ScrEv_choose_recipe" text="found" type="event"/>
            <label from="3-9" id="87" name="UnrelEv" text="printed" type="event"/>
            <label from="4-4" id="88" name="UnrelEv" text="done" type="event"/>
            <label from="4-6" id="89" name="UnrelEv" text="printed" type="event"/>
            <label from="4-9" id="90" name="RelNScrEv" text="brought" type="event"/>
            <label from="4-15" id="91" name="UnrelEv" text="started" type="event"/>
            <label from="4-16" id="92" name="ScrEv_get_ingredients" text="gathering" type="event"/>
            <label from="5-4" id="93" name="UnrelEv" text="were" type="event"/>
            <label from="6-9" id="94" name="ScrEv_preheat" text="set" type="event"/>
            <label from="7-5" id="95" name="RelNScrEv" text="follow" type="event"/>
            <label from="7-7" id="96" name="RelNScrEv" text="baking" type="event"/>
            <label from="7-11" id="97" name="ScrEv_add_ingredients" text="adding" type="event"/>
            <label from="8-4" id="98" name="ScrEv_make_dough" text="mixed" type="event"/>
            <label from="8-11" id="99" name="ScrEv_make_dough" text="mixed" type="event"/>
            <label from="8-14" id="100" name="ScrEv_add_ingredients" text="added" type="event"/>
            <label from="9-2" id="101" name="RelNScrEv" text="followed" type="event"/>
            <label from="9-9" id="102" name="ScrEv_make_dough" text="mixed" type="event"/>
            <label from="10-2" id="103" name="ScrEv_get_utensils" text="grabbed" type="event"/>
            <label from="10-8" id="104" name="ScrEv_grease_cake_tin" text="oiled" type="event"/>
            <label from="10-11" id="105" name="ScrEv_other" text="shook" type="event"/>
            <label from="11-2" id="106" name="ScrEv_pour_dough" text="poured" type="event"/>
            <label from="11-9" id="107" name="ScrEv_put_cake_oven" text="put" type="event"/>
            <label from="12-3" id="108" name="UnrelEv" text="thought" type="event"/>
            <label from="12-6" id="109" name="RelNScrEv" text="done" type="event"/>
            <label from="12-9" id="110" name="ScrEv_check" text="checked" type="event"/>
            <label from="12-16" id="111" name="UnrelEv" text="putting" type="event"/>
            <label from="13-3" id="112" name="RelNScrEv" text="came out" to="13-4" type="event"/>
            <label from="13-3" id="113" name="RelNScrEv" text="came" type="event"/>
            <label from="13-15" id="114" name="UnrelEv" text="knew" type="event"/>
            <label from="13-19" id="115" name="RelNScrEv" text="done" type="event"/>
            <label from="14-2" id="116" name="UnrelEv" text="let" type="event"/>
            <label from="14-4" id="117" name="ScrEv_cool_down" text="cool" type="event"/>
            <label from="14-10" id="118" name="ScrEv_decorate" text="added" type="event"/>
            <label from="14-14" id="119" name="ScrEv_eat" text="enjoyed" type="event"/>
        </events>
        <chains>
            <chain elements="1 7 12 18 29 42 47 54 60 62 70 72"/>
            <chain elements="2 14 55 61 63 71 73 76"/>
            <chain elements="15 16 17 19"/>
            <chain elements="21 22 23 25 26 27 35 34 37 38 39 52"/>
            <chain elements="40 41"/>
            <chain elements="50 51 56 57"/>
            <chain elements="30 58"/>
            <chain elements="64 65 67 69"/>
        </chains>
    </annotations>
</story>
