<?xml version="1.0" encoding="UTF-8" standalone="no"?>
<!DOCTYPE story SYSTEM "../InScript.dtd">
<story id="035" scenario="cake">
    <text>
        <content>I need to bake a cake for my friend 's birthday . 
I have decided to buy a store cake mix to save some time . 
I decide to get a Devil 's Food cake mix , since that is her favorite . 
I drive to the store , and head to the isle that has cake mixes . 
I find the cake mix I want and purchase it . 
I also check the back of the box to be sure I have all the ingredients I will need , like eggs , oil , etc. . 
I bring the cake mix home and get started . 
I read the instructions which tell me to preheat the oven . 
I get all my ingredients in front of me and read the instructions to mix them properly . 
I get my cake pan out and prep it , as that is what the instructions say to do . 
I mix my cake ingredients in a bowl and pour this mixture into the pan and place it in the oven for the time listed on the instructions . 
When the cake is done baking , I take it out of the oven and let it cool off . </content>
        <sentences>
            <sentence id="1">
                <token content="I" id="1-1">
                    <pos type="PRP"/>
                    <lemma type="I"/>
                    <dep head="1-2" type="nsubj"/>
                </token>
                <token content="need" id="1-2">
                    <pos type="VBP"/>
                    <lemma type="need"/>
                </token>
                <token content="to" id="1-3">
                    <pos type="TO"/>
                    <lemma type="to"/>
                    <dep head="1-4" type="aux"/>
                </token>
                <token content="bake" id="1-4">
                    <pos type="VB"/>
                    <lemma type="bake"/>
                    <dep head="1-2" type="xcomp"/>
                </token>
                <token content="a" id="1-5">
                    <pos type="DT"/>
                    <lemma type="a"/>
                </token>
                <token content="cake" id="1-6">
                    <pos type="NN"/>
                    <lemma type="cake"/>
                    <dep head="1-4" type="dobj"/>
                </token>
                <token content="for" id="1-7"/>
                <token content="my" id="1-8">
                    <pos type="PRP$"/>
                    <lemma type="my"/>
                </token>
                <token content="friend" id="1-9">
                    <pos type="NN"/>
                    <lemma type="friend"/>
                </token>
                <token content="'s" id="1-10"/>
                <token content="birthday" id="1-11">
                    <pos type="NN"/>
                    <lemma type="birthday"/>
                </token>
                <token content="." id="1-12"/>
            </sentence>
            <sentence id="2">
                <token content="I" id="2-1">
                    <pos type="PRP"/>
                    <lemma type="I"/>
                    <dep head="2-3" type="nsubj"/>
                </token>
                <token content="have" id="2-2">
                    <pos type="VBP"/>
                    <lemma type="have"/>
                    <dep head="2-3" type="aux"/>
                </token>
                <token content="decided" id="2-3">
                    <pos type="VBN"/>
                    <lemma type="decide"/>
                </token>
                <token content="to" id="2-4">
                    <pos type="TO"/>
                    <lemma type="to"/>
                    <dep head="2-5" type="aux"/>
                </token>
                <token content="buy" id="2-5">
                    <pos type="VB"/>
                    <lemma type="buy"/>
                    <dep head="2-3" type="xcomp"/>
                </token>
                <token content="a" id="2-6">
                    <pos type="DT"/>
                    <lemma type="a"/>
                </token>
                <token content="store" id="2-7">
                    <pos type="NN"/>
                    <lemma type="store"/>
                </token>
                <token content="cake" id="2-8">
                    <pos type="NN"/>
                    <lemma type="cake"/>
                </token>
                <token content="mix" id="2-9">
                    <pos type="NN"/>
                    <lemma type="mix"/>
                    <dep head="2-5" type="dobj"/>
                </token>
                <token content="to" id="2-10">
                    <pos type="TO"/>
                    <lemma type="to"/>
                    <dep head="2-11" type="aux"/>
                </token>
                <token content="save" id="2-11">
                    <pos type="VB"/>
                    <lemma type="save"/>
                    <dep head="2-5" type="vmod"/>
                </token>
                <token content="some" id="2-12">
                    <pos type="DT"/>
                    <lemma type="some"/>
                </token>
                <token content="time" id="2-13">
                    <pos type="NN"/>
                    <lemma type="time"/>
                    <dep head="2-11" type="dobj"/>
                </token>
                <token content="." id="2-14"/>
            </sentence>
            <sentence id="3">
                <token content="I" id="3-1">
                    <pos type="PRP"/>
                    <lemma type="I"/>
                    <dep head="3-2" type="nsubj"/>
                </token>
                <token content="decide" id="3-2">
                    <pos type="VBP"/>
                    <lemma type="decide"/>
                </token>
                <token content="to" id="3-3">
                    <pos type="TO"/>
                    <lemma type="to"/>
                    <dep head="3-4" type="aux"/>
                </token>
                <token content="get" id="3-4">
                    <pos type="VB"/>
                    <lemma type="get"/>
                    <dep head="3-2" type="xcomp"/>
                </token>
                <token content="a" id="3-5">
                    <pos type="DT"/>
                    <lemma type="a"/>
                </token>
                <token content="Devil" id="3-6">
                    <pos type="NNP"/>
                    <lemma type="Devil"/>
                </token>
                <token content="'s" id="3-7"/>
                <token content="Food" id="3-8">
                    <pos type="NNP"/>
                    <lemma type="Food"/>
                </token>
                <token content="cake" id="3-9">
                    <pos type="NN"/>
                    <lemma type="cake"/>
                </token>
                <token content="mix" id="3-10">
                    <pos type="NN"/>
                    <lemma type="mix"/>
                    <dep head="3-4" type="dobj"/>
                </token>
                <token content="," id="3-11"/>
                <token content="since" id="3-12">
                    <pos type="IN"/>
                    <lemma type="since"/>
                </token>
                <token content="that" id="3-13">
                    <pos type="DT"/>
                    <lemma type="that"/>
                </token>
                <token content="is" id="3-14">
                    <pos type="VBZ"/>
                    <lemma type="be"/>
                </token>
                <token content="her" id="3-15">
                    <pos type="PRP$"/>
                    <lemma type="she"/>
                </token>
                <token content="favorite" id="3-16">
                    <pos type="NN"/>
                    <lemma type="favorite"/>
                    <dep head="3-4" type="advcl"/>
                </token>
                <token content="." id="3-17"/>
            </sentence>
            <sentence id="4">
                <token content="I" id="4-1">
                    <pos type="PRP"/>
                    <lemma type="I"/>
                    <dep head="4-2" type="nsubj"/>
                </token>
                <token content="drive" id="4-2">
                    <pos type="VBP"/>
                    <lemma type="drive"/>
                </token>
                <token content="to" id="4-3"/>
                <token content="the" id="4-4">
                    <pos type="DT"/>
                    <lemma type="the"/>
                </token>
                <token content="store" id="4-5">
                    <pos type="NN"/>
                    <lemma type="store"/>
                    <dep head="4-2" type="prep"/>
                </token>
                <token content="," id="4-6"/>
                <token content="and" id="4-7"/>
                <token content="head" id="4-8">
                    <pos type="NN"/>
                    <lemma type="head"/>
                    <dep head="4-15" type="nsubj"/>
                </token>
                <token content="to" id="4-9"/>
                <token content="the" id="4-10">
                    <pos type="DT"/>
                    <lemma type="the"/>
                </token>
                <token content="isle" id="4-11">
                    <pos type="NN"/>
                    <lemma type="isle"/>
                </token>
                <token content="that" id="4-12">
                    <pos type="WDT"/>
                    <lemma type="that"/>
                    <dep head="4-13" type="nsubj"/>
                </token>
                <token content="has" id="4-13">
                    <pos type="VBZ"/>
                    <lemma type="have"/>
                </token>
                <token content="cake" id="4-14">
                    <pos type="NN"/>
                    <lemma type="cake"/>
                    <dep head="4-13" type="dobj"/>
                </token>
                <token content="mixes" id="4-15">
                    <pos type="VBZ"/>
                    <lemma type="mix"/>
                    <dep head="4-2" type="conj"/>
                </token>
                <token content="." id="4-16"/>
            </sentence>
            <sentence id="5">
                <token content="I" id="5-1">
                    <pos type="PRP"/>
                    <lemma type="I"/>
                    <dep head="5-2" type="nsubj"/>
                </token>
                <token content="find" id="5-2">
                    <pos type="VBP"/>
                    <lemma type="find"/>
                </token>
                <token content="the" id="5-3">
                    <pos type="DT"/>
                    <lemma type="the"/>
                </token>
                <token content="cake" id="5-4">
                    <pos type="NN"/>
                    <lemma type="cake"/>
                </token>
                <token content="mix" id="5-5">
                    <pos type="NN"/>
                    <lemma type="mix"/>
                    <dep head="5-2" type="dobj"/>
                </token>
                <token content="I" id="5-6">
                    <pos type="PRP"/>
                    <lemma type="I"/>
                    <dep head="5-7" type="nsubj"/>
                </token>
                <token content="want" id="5-7">
                    <pos type="VBP"/>
                    <lemma type="want"/>
                </token>
                <token content="and" id="5-8"/>
                <token content="purchase" id="5-9">
                    <pos type="VBP"/>
                    <lemma type="purchase"/>
                    <dep head="5-7" type="conj"/>
                </token>
                <token content="it" id="5-10">
                    <pos type="PRP"/>
                    <lemma type="it"/>
                    <dep head="5-7" type="dobj"/>
                </token>
                <token content="." id="5-11"/>
            </sentence>
            <sentence id="6">
                <token content="I" id="6-1">
                    <pos type="PRP"/>
                    <lemma type="I"/>
                    <dep head="6-3" type="nsubj"/>
                </token>
                <token content="also" id="6-2">
                    <pos type="RB"/>
                    <lemma type="also"/>
                    <dep head="6-3" type="advmod"/>
                </token>
                <token content="check" id="6-3">
                    <pos type="VBP"/>
                    <lemma type="check"/>
                </token>
                <token content="the" id="6-4">
                    <pos type="DT"/>
                    <lemma type="the"/>
                </token>
                <token content="back" id="6-5">
                    <pos type="NN"/>
                    <lemma type="back"/>
                    <dep head="6-3" type="dobj"/>
                </token>
                <token content="of" id="6-6"/>
                <token content="the" id="6-7">
                    <pos type="DT"/>
                    <lemma type="the"/>
                </token>
                <token content="box" id="6-8">
                    <pos type="NN"/>
                    <lemma type="box"/>
                </token>
                <token content="to" id="6-9">
                    <pos type="TO"/>
                    <lemma type="to"/>
                </token>
                <token content="be" id="6-10">
                    <pos type="VB"/>
                    <lemma type="be"/>
                </token>
                <token content="sure" id="6-11">
                    <pos type="JJ"/>
                    <lemma type="sure"/>
                </token>
                <token content="I" id="6-12">
                    <pos type="PRP"/>
                    <lemma type="I"/>
                    <dep head="6-13" type="nsubj"/>
                </token>
                <token content="have" id="6-13">
                    <pos type="VBP"/>
                    <lemma type="have"/>
                </token>
                <token content="all" id="6-14">
                    <pos type="PDT"/>
                    <lemma type="all"/>
                </token>
                <token content="the" id="6-15">
                    <pos type="DT"/>
                    <lemma type="the"/>
                </token>
                <token content="ingredients" id="6-16">
                    <pos type="NNS"/>
                    <lemma type="ingredient"/>
                    <dep head="6-13" type="dobj"/>
                </token>
                <token content="I" id="6-17">
                    <pos type="PRP"/>
                    <lemma type="I"/>
                    <dep head="6-19" type="nsubj"/>
                </token>
                <token content="will" id="6-18">
                    <pos type="MD"/>
                    <lemma type="will"/>
                    <dep head="6-19" type="aux"/>
                </token>
                <token content="need" id="6-19">
                    <pos type="VB"/>
                    <lemma type="need"/>
                </token>
                <token content="," id="6-20"/>
                <token content="like" id="6-21"/>
                <token content="eggs" id="6-22">
                    <pos type="NNS"/>
                    <lemma type="egg"/>
                </token>
                <token content="," id="6-23"/>
                <token content="oil" id="6-24">
                    <pos type="NN"/>
                    <lemma type="oil"/>
                    <dep head="6-19" type="prep"/>
                </token>
                <token content="," id="6-25"/>
                <token content="etc." id="6-26">
                    <pos type="FW"/>
                    <lemma type="etc."/>
                </token>
                <token content="." id="6-27"/>
            </sentence>
            <sentence id="7">
                <token content="I" id="7-1">
                    <pos type="PRP"/>
                    <lemma type="I"/>
                    <dep head="7-2" type="nsubj"/>
                </token>
                <token content="bring" id="7-2">
                    <pos type="VB"/>
                    <lemma type="bring"/>
                </token>
                <token content="the" id="7-3">
                    <pos type="DT"/>
                    <lemma type="the"/>
                </token>
                <token content="cake" id="7-4">
                    <pos type="NN"/>
                    <lemma type="cake"/>
                </token>
                <token content="mix" id="7-5">
                    <pos type="NN"/>
                    <lemma type="mix"/>
                </token>
                <token content="home" id="7-6">
                    <pos type="NN"/>
                    <lemma type="home"/>
                    <dep head="7-2" type="dobj"/>
                </token>
                <token content="and" id="7-7"/>
                <token content="get" id="7-8">
                    <pos type="VB"/>
                    <lemma type="get"/>
                    <dep head="7-9" type="auxpass"/>
                </token>
                <token content="started" id="7-9">
                    <pos type="VBN"/>
                    <lemma type="start"/>
                    <dep head="7-2" type="conj"/>
                </token>
                <token content="." id="7-10"/>
            </sentence>
            <sentence id="8">
                <token content="I" id="8-1">
                    <pos type="PRP"/>
                    <lemma type="I"/>
                    <dep head="8-2" type="nsubj"/>
                </token>
                <token content="read" id="8-2">
                    <pos type="VBD"/>
                    <lemma type="read"/>
                </token>
                <token content="the" id="8-3">
                    <pos type="DT"/>
                    <lemma type="the"/>
                </token>
                <token content="instructions" id="8-4">
                    <pos type="NNS"/>
                    <lemma type="instruction"/>
                    <dep head="8-2" type="dobj"/>
                </token>
                <token content="which" id="8-5">
                    <pos type="WDT"/>
                    <lemma type="which"/>
                    <dep head="8-6" type="nsubj"/>
                </token>
                <token content="tell" id="8-6">
                    <pos type="VBP"/>
                    <lemma type="tell"/>
                </token>
                <token content="me" id="8-7">
                    <pos type="PRP"/>
                    <lemma type="I"/>
                    <dep head="8-6" type="dobj"/>
                </token>
                <token content="to" id="8-8">
                    <pos type="TO"/>
                    <lemma type="to"/>
                    <dep head="8-9" type="aux"/>
                </token>
                <token content="preheat" id="8-9">
                    <pos type="VB"/>
                    <lemma type="preheat"/>
                    <dep head="8-6" type="xcomp"/>
                </token>
                <token content="the" id="8-10">
                    <pos type="DT"/>
                    <lemma type="the"/>
                </token>
                <token content="oven" id="8-11">
                    <pos type="NN"/>
                    <lemma type="oven"/>
                    <dep head="8-9" type="dobj"/>
                </token>
                <token content="." id="8-12"/>
            </sentence>
            <sentence id="9">
                <token content="I" id="9-1">
                    <pos type="PRP"/>
                    <lemma type="I"/>
                    <dep head="9-2" type="nsubj"/>
                </token>
                <token content="get" id="9-2">
                    <pos type="VBP"/>
                    <lemma type="get"/>
                </token>
                <token content="all" id="9-3">
                    <pos type="PDT"/>
                    <lemma type="all"/>
                </token>
                <token content="my" id="9-4">
                    <pos type="PRP$"/>
                    <lemma type="my"/>
                </token>
                <token content="ingredients" id="9-5">
                    <pos type="NNS"/>
                    <lemma type="ingredient"/>
                    <dep head="9-2" type="dobj"/>
                </token>
                <token content="in" id="9-6"/>
                <token content="front" id="9-7"/>
                <token content="of" id="9-8"/>
                <token content="me" id="9-9">
                    <pos type="PRP"/>
                    <lemma type="I"/>
                    <dep head="9-2" type="prep"/>
                </token>
                <token content="and" id="9-10"/>
                <token content="read" id="9-11">
                    <pos type="VBD"/>
                    <lemma type="read"/>
                    <dep head="9-2" type="conj"/>
                </token>
                <token content="the" id="9-12">
                    <pos type="DT"/>
                    <lemma type="the"/>
                </token>
                <token content="instructions" id="9-13">
                    <pos type="NNS"/>
                    <lemma type="instruction"/>
                    <dep head="9-11" type="dobj"/>
                </token>
                <token content="to" id="9-14">
                    <pos type="TO"/>
                    <lemma type="to"/>
                    <dep head="9-15" type="aux"/>
                </token>
                <token content="mix" id="9-15">
                    <pos type="VB"/>
                    <lemma type="mix"/>
                    <dep head="9-11" type="vmod"/>
                </token>
                <token content="them" id="9-16">
                    <pos type="PRP"/>
                    <lemma type="they"/>
                    <dep head="9-15" type="dobj"/>
                </token>
                <token content="properly" id="9-17">
                    <pos type="RB"/>
                    <lemma type="properly"/>
                    <dep head="9-15" type="advmod"/>
                </token>
                <token content="." id="9-18"/>
            </sentence>
            <sentence id="10">
                <token content="I" id="10-1">
                    <pos type="PRP"/>
                    <lemma type="I"/>
                    <dep head="10-2" type="nsubj"/>
                </token>
                <token content="get" id="10-2">
                    <pos type="VBP"/>
                    <lemma type="get"/>
                </token>
                <token content="my" id="10-3">
                    <pos type="PRP$"/>
                    <lemma type="my"/>
                </token>
                <token content="cake" id="10-4">
                    <pos type="NN"/>
                    <lemma type="cake"/>
                    <dep head="10-5" type="nsubj"/>
                </token>
                <token content="pan" id="10-5">
                    <pos type="VB"/>
                    <lemma type="pan"/>
                    <dep head="10-2" type="ccomp"/>
                </token>
                <token content="out" id="10-6">
                    <pos type="RP"/>
                    <lemma type="out"/>
                    <dep head="10-5" type="prt"/>
                </token>
                <token content="and" id="10-7"/>
                <token content="prep" id="10-8">
                    <pos type="VB"/>
                    <lemma type="prep"/>
                    <dep head="10-5" type="conj"/>
                </token>
                <token content="it" id="10-9">
                    <pos type="PRP"/>
                    <lemma type="it"/>
                    <dep head="10-8" type="dobj"/>
                </token>
                <token content="," id="10-10"/>
                <token content="as" id="10-11">
                    <pos type="IN"/>
                    <lemma type="as"/>
                    <dep head="10-13" type="mark"/>
                </token>
                <token content="that" id="10-12">
                    <pos type="DT"/>
                    <lemma type="that"/>
                    <dep head="10-13" type="nsubj"/>
                </token>
                <token content="is" id="10-13">
                    <pos type="VBZ"/>
                    <lemma type="be"/>
                    <dep head="10-2" type="advcl"/>
                </token>
                <token content="what" id="10-14">
                    <pos type="WP"/>
                    <lemma type="what"/>
                    <dep head="10-17" type="dobj"/>
                </token>
                <token content="the" id="10-15">
                    <pos type="DT"/>
                    <lemma type="the"/>
                </token>
                <token content="instructions" id="10-16">
                    <pos type="NNS"/>
                    <lemma type="instruction"/>
                    <dep head="10-17" type="nsubj"/>
                </token>
                <token content="say" id="10-17">
                    <pos type="VBP"/>
                    <lemma type="say"/>
                    <dep head="10-13" type="ccomp"/>
                </token>
                <token content="to" id="10-18">
                    <pos type="TO"/>
                    <lemma type="to"/>
                    <dep head="10-19" type="aux"/>
                </token>
                <token content="do" id="10-19">
                    <pos type="VB"/>
                    <lemma type="do"/>
                    <dep head="10-17" type="xcomp"/>
                </token>
                <token content="." id="10-20"/>
            </sentence>
            <sentence id="11">
                <token content="I" id="11-1">
                    <pos type="PRP"/>
                    <lemma type="I"/>
                    <dep head="11-2" type="nsubj"/>
                </token>
                <token content="mix" id="11-2">
                    <pos type="VB"/>
                    <lemma type="mix"/>
                </token>
                <token content="my" id="11-3">
                    <pos type="PRP$"/>
                    <lemma type="my"/>
                </token>
                <token content="cake" id="11-4">
                    <pos type="NN"/>
                    <lemma type="cake"/>
                </token>
                <token content="ingredients" id="11-5">
                    <pos type="NNS"/>
                    <lemma type="ingredient"/>
                    <dep head="11-2" type="dobj"/>
                </token>
                <token content="in" id="11-6"/>
                <token content="a" id="11-7">
                    <pos type="DT"/>
                    <lemma type="a"/>
                </token>
                <token content="bowl" id="11-8">
                    <pos type="NN"/>
                    <lemma type="bowl"/>
                    <dep head="11-2" type="prep"/>
                </token>
                <token content="and" id="11-9"/>
                <token content="pour" id="11-10">
                    <pos type="VB"/>
                    <lemma type="pour"/>
                    <dep head="11-2" type="conj"/>
                </token>
                <token content="this" id="11-11">
                    <pos type="DT"/>
                    <lemma type="this"/>
                </token>
                <token content="mixture" id="11-12">
                    <pos type="NN"/>
                    <lemma type="mixture"/>
                    <dep head="11-10" type="dobj"/>
                </token>
                <token content="into" id="11-13"/>
                <token content="the" id="11-14">
                    <pos type="DT"/>
                    <lemma type="the"/>
                </token>
                <token content="pan" id="11-15">
                    <pos type="NN"/>
                    <lemma type="pan"/>
                    <dep head="11-10" type="prep"/>
                </token>
                <token content="and" id="11-16"/>
                <token content="place" id="11-17">
                    <pos type="VB"/>
                    <lemma type="place"/>
                    <dep head="11-2" type="conj"/>
                </token>
                <token content="it" id="11-18">
                    <pos type="PRP"/>
                    <lemma type="it"/>
                    <dep head="11-17" type="dobj"/>
                </token>
                <token content="in" id="11-19"/>
                <token content="the" id="11-20">
                    <pos type="DT"/>
                    <lemma type="the"/>
                </token>
                <token content="oven" id="11-21">
                    <pos type="NN"/>
                    <lemma type="oven"/>
                    <dep head="11-17" type="prep"/>
                </token>
                <token content="for" id="11-22"/>
                <token content="the" id="11-23">
                    <pos type="DT"/>
                    <lemma type="the"/>
                </token>
                <token content="time" id="11-24">
                    <pos type="NN"/>
                    <lemma type="time"/>
                </token>
                <token content="listed" id="11-25">
                    <pos type="VBN"/>
                    <lemma type="list"/>
                </token>
                <token content="on" id="11-26"/>
                <token content="the" id="11-27">
                    <pos type="DT"/>
                    <lemma type="the"/>
                </token>
                <token content="instructions" id="11-28">
                    <pos type="NNS"/>
                    <lemma type="instruction"/>
                    <dep head="11-25" type="prep"/>
                </token>
                <token content="." id="11-29"/>
            </sentence>
            <sentence id="12">
                <token content="When" id="12-1">
                    <pos type="WRB"/>
                    <lemma type="when"/>
                    <dep head="12-5" type="advmod"/>
                </token>
                <token content="the" id="12-2">
                    <pos type="DT"/>
                    <lemma type="the"/>
                </token>
                <token content="cake" id="12-3">
                    <pos type="NN"/>
                    <lemma type="cake"/>
                    <dep head="12-5" type="nsubjpass"/>
                </token>
                <token content="is" id="12-4">
                    <pos type="VBZ"/>
                    <lemma type="be"/>
                    <dep head="12-5" type="auxpass"/>
                </token>
                <token content="done" id="12-5">
                    <pos type="VBN"/>
                    <lemma type="do"/>
                    <dep head="12-9" type="advcl"/>
                </token>
                <token content="baking" id="12-6">
                    <pos type="VBG"/>
                    <lemma type="bake"/>
                    <dep head="12-5" type="xcomp"/>
                </token>
                <token content="," id="12-7"/>
                <token content="I" id="12-8">
                    <pos type="PRP"/>
                    <lemma type="I"/>
                    <dep head="12-9" type="nsubj"/>
                </token>
                <token content="take" id="12-9">
                    <pos type="VB"/>
                    <lemma type="take"/>
                </token>
                <token content="it" id="12-10">
                    <pos type="PRP"/>
                    <lemma type="it"/>
                    <dep head="12-9" type="dobj"/>
                </token>
                <token content="out" id="12-11"/>
                <token content="of" id="12-12"/>
                <token content="the" id="12-13">
                    <pos type="DT"/>
                    <lemma type="the"/>
                </token>
                <token content="oven" id="12-14">
                    <pos type="NN"/>
                    <lemma type="oven"/>
                    <dep head="12-9" type="prep"/>
                </token>
                <token content="and" id="12-15"/>
                <token content="let" id="12-16">
                    <pos type="VB"/>
                    <lemma type="let"/>
                    <dep head="12-9" type="conj"/>
                </token>
                <token content="it" id="12-17">
                    <pos type="PRP"/>
                    <lemma type="it"/>
                    <dep head="12-18" type="nsubj"/>
                </token>
                <token content="cool" id="12-18">
                    <pos type="VB"/>
                    <lemma type="cool"/>
                    <dep head="12-16" type="ccomp"/>
                </token>
                <token content="off" id="12-19">
                    <pos type="RP"/>
                    <lemma type="off"/>
                    <dep head="12-18" type="prt"/>
                </token>
                <token content="." id="12-20"/>
            </sentence>
        </sentences>
    </text>
    <annotations>
        <participants>
            <label from="1-1" id="0" name="ScrPart_cook" text="I" type="participant"/>
            <label from="1-6" id="1" name="ScrPart_cake" text="cake" type="participant"/>
            <label from="1-8" id="2" name="ScrPart_cook" text="my" type="participant"/>
            <label from="1-9" id="3" name="ScrPart_beneficiary" text="friend 's" to="1-10" type="participant"/>
            <label from="1-11" id="4" name="NPart" text="birthday" type="participant"/>
            <label from="2-1" id="5" name="ScrPart_cook" text="I" type="participant"/>
            <label from="2-7" id="6" name="ScrPart_ingredients" text="store cake mix" to="2-9" type="participant"/>
            <label from="2-8" id="7" name="ScrPart_ingredients" text="cake mix" to="2-9" type="participant"/>
            <label from="2-9" id="8" name="ScrPart_ingredients" text="mix" type="participant"/>
            <label from="2-13" id="9" name="ScrPart_time" text="time" type="participant"/>
            <label from="3-1" id="10" name="ScrPart_cook" text="I" type="participant"/>
            <label from="3-6" id="11" name="ScrPart_ingredients" text="Devil 's Food cake mix" to="3-10" type="participant"/>
            <label from="3-10" id="12" name="ScrPart_ingredients" text="mix" type="participant"/>
            <label from="3-13" id="13" name="ScrPart_ingredients" text="that" type="participant"/>
            <label from="3-15" id="14" name="ScrPart_beneficiary" text="her" type="participant"/>
            <label from="3-16" id="15" name="NPart" text="favorite" type="participant"/>
            <label from="4-1" id="16" name="ScrPart_cook" text="I" type="participant"/>
            <label from="4-5" id="17" name="ScrPart_store" text="store" type="participant"/>
            <label from="4-11" id="18" name="ScrPart_other" text="isle" type="participant"/>
            <label from="4-14" id="19" name="ScrPart_ingredients" text="cake mixes" to="4-15" type="participant"/>
            <label from="4-15" id="20" name="ScrPart_ingredients" text="mixes" type="participant"/>
            <label from="5-1" id="21" name="ScrPart_cook" text="I" type="participant"/>
            <label from="5-4" id="22" name="ScrPart_ingredients" text="cake mix" to="5-5" type="participant"/>
            <label from="5-5" id="23" name="ScrPart_ingredients" text="mix" type="participant"/>
            <label from="5-6" id="24" name="ScrPart_cook" text="I" type="participant"/>
            <label from="5-10" id="25" name="ScrPart_ingredients" text="it" type="participant"/>
            <label from="6-1" id="26" name="ScrPart_cook" text="I" type="participant"/>
            <label from="6-5" id="27" name="NPart" text="back" type="participant"/>
            <label from="6-8" id="28" name="ScrPart_recipe_source" text="box" type="participant"/>
            <label from="6-12" id="29" name="ScrPart_cook" text="I" type="participant"/>
            <label from="6-16" id="30" name="ScrPart_ingredients" text="ingredients" type="participant"/>
            <label from="6-17" id="31" name="ScrPart_cook" text="I" type="participant"/>
            <label from="6-22" id="32" name="ScrPart_ingredients" text="eggs" type="participant"/>
            <label from="6-24" id="33" name="ScrPart_ingredients" text="oil" type="participant"/>
            <label from="7-1" id="34" name="ScrPart_cook" text="I" type="participant"/>
            <label from="7-4" id="35" name="ScrPart_ingredients" text="cake mix" to="7-5" type="participant"/>
            <label from="7-5" id="36" name="ScrPart_ingredients" text="mix" type="participant"/>
            <label from="7-6" id="37" name="ScrPart_kitchen/location" text="home" type="participant"/>
            <label from="8-1" id="38" name="ScrPart_cook" text="I" type="participant"/>
            <label from="8-4" id="39" name="ScrPart_baking_instructions" text="instructions" type="participant"/>
            <label from="8-7" id="40" name="ScrPart_cook" text="me" type="participant"/>
            <label from="8-11" id="41" name="ScrPart_oven" text="oven" type="participant"/>
            <label from="9-1" id="42" name="ScrPart_cook" text="I" type="participant"/>
            <label from="9-4" id="43" name="ScrPart_cook" text="my" type="participant"/>
            <label from="9-5" id="44" name="ScrPart_ingredients" text="ingredients" type="participant"/>
            <label from="9-7" id="45" name="No_label" text="front" type="participant"/>
            <label from="9-9" id="46" name="ScrPart_cook" text="me" type="participant"/>
            <label from="9-13" id="47" name="ScrPart_baking_instructions" text="instructions" type="participant"/>
            <label from="9-16" id="48" name="ScrPart_ingredients" text="them" type="participant"/>
            <label from="10-1" id="49" name="ScrPart_cook" text="I" type="participant"/>
            <label from="10-3" id="50" name="ScrPart_cook" text="my" type="participant"/>
            <label from="10-4" id="51" name="ScrPart_cake_tin" text="cake pan" to="10-5" type="participant"/>
            <label from="10-5" id="52" name="ScrPart_cake_tin" text="pan" type="participant"/>
            <label from="10-9" id="53" name="ScrPart_cake_tin" text="it" type="participant"/>
            <label from="10-16" id="54" name="ScrPart_baking_instructions" text="instructions" type="participant"/>
            <label from="11-1" id="55" name="ScrPart_cook" text="I" type="participant"/>
            <label from="11-3" id="56" name="ScrPart_cook" text="my" type="participant"/>
            <label from="11-4" id="57" name="ScrPart_ingredients" text="cake ingredients" to="11-5" type="participant"/>
            <label from="11-5" id="58" name="ScrPart_ingredients" text="ingredients" type="participant"/>
            <label from="11-8" id="59" name="ScrPart_utensil" text="bowl" type="participant"/>
            <label from="11-12" id="60" name="ScrPart_dough" text="mixture" type="participant"/>
            <label from="11-15" id="61" name="ScrPart_cake_tin" text="pan" type="participant"/>
            <label from="11-18" id="62" name="ScrPart_cake_tin" text="it" type="participant"/>
            <label from="11-21" id="63" name="ScrPart_oven" text="oven" type="participant"/>
            <label from="11-24" id="64" name="ScrPart_time" text="time" type="participant"/>
            <label from="11-28" id="65" name="ScrPart_baking_instructions" text="instructions" type="participant"/>
            <label from="12-3" id="66" name="ScrPart_cake" text="cake" type="participant"/>
            <label from="12-8" id="67" name="ScrPart_cook" text="I" type="participant"/>
            <label from="12-10" id="68" name="ScrPart_cake" text="it" type="participant"/>
            <label from="12-14" id="69" name="ScrPart_oven" text="oven" type="participant"/>
            <label from="12-17" id="70" name="ScrPart_cake" text="it" type="participant"/>
        </participants>
        <events>
            <label from="1-2" id="71" name="UnrelEv" text="need" type="event"/>
            <label from="1-4" id="72" name="Evoking" text="bake a cake" to="1-6" type="event"/>
            <label from="2-3" id="73" name="UnrelEv" text="decided" type="event"/>
            <label from="2-5" id="74" name="ScrEv_get_ingredients" text="buy" type="event"/>
            <label from="2-11" id="75" name="UnrelEv" text="save" type="event"/>
            <label from="3-2" id="76" name="UnrelEv" text="decide" type="event"/>
            <label from="3-4" id="77" name="ScrEv_get_ingredients" text="get" type="event"/>
            <label from="3-14" id="78" name="UnrelEv" text="is" type="event"/>
            <label from="4-2" id="79" name="ScrEv_get_ingredients" text="drive" type="event"/>
            <label from="4-8" id="80" name="UnrelEv" text="head" type="event"/>
            <label from="4-13" id="81" name="UnrelEv" text="has" type="event"/>
            <label from="5-2" id="82" name="ScrEv_get_ingredients" text="find" type="event"/>
            <label from="5-7" id="83" name="UnrelEv" text="want" type="event"/>
            <label from="5-9" id="84" name="ScrEv_get_ingredients" text="purchase" type="event"/>
            <label from="6-3" id="85" name="RelNScrEv" text="check" type="event"/>
            <label from="6-10" id="86" name="UnrelEv" text="be" type="event"/>
            <label from="6-13" id="87" name="UnrelEv" text="have" type="event"/>
            <label from="6-19" id="88" name="UnrelEv" text="need" type="event"/>
            <label from="7-2" id="89" name="ScrEv_get_ingredients" text="bring" type="event"/>
            <label from="7-8" id="90" name="UnrelEv" text="get started" to="7-9" type="event"/>
            <label from="8-2" id="91" name="ScrEv_other" text="read" type="event"/>
            <label from="8-6" id="92" name="UnrelEv" text="tell" type="event"/>
            <label from="8-9" id="93" name="ScrEv_preheat" text="preheat" type="event"/>
            <label from="9-2" id="94" name="ScrEv_get_ingredients" text="get" type="event"/>
            <label from="9-11" id="95" name="ScrEv_other" text="read" type="event"/>
            <label from="9-15" id="96" name="ScrEv_prepare_ingredients" text="mix" type="event"/>
            <label from="10-2" id="97" name="ScrEv_get_utensils" text="get" type="event"/>
            <label from="10-8" id="98" name="ScrEv_grease_cake_tin" text="prep" type="event"/>
            <label from="10-13" id="99" name="UnrelEv" text="is" type="event"/>
            <label from="10-17" id="100" name="UnrelEv" text="say" type="event"/>
            <label from="10-19" id="101" name="UnrelEv" text="do" type="event"/>
            <label from="11-2" id="102" name="ScrEv_make_dough" text="mix" type="event"/>
            <label from="11-10" id="103" name="ScrEv_pour_dough" text="pour" type="event"/>
            <label from="11-17" id="104" name="ScrEv_put_cake_oven" text="place" type="event"/>
            <label from="11-25" id="105" name="UnrelEv" text="listed" type="event"/>
            <label from="12-6" id="106" name="ScrEv_wait" text="baking" type="event"/>
            <label from="12-9" id="107" name="ScrEv_take_out_oven" text="take" type="event"/>
            <label from="12-18" id="108" name="ScrEv_cool_down" text="cool off" to="12-19" type="event"/>
        </events>
        <chains>
            <chain elements="0 2 5 10 16 21 24 26 29 31 34 38 40 42 43 46 49 50 55 56 67"/>
            <chain elements="8 12 13 20 23 25 36"/>
            <chain elements="3 14"/>
            <chain elements="30 44 48 58"/>
            <chain elements="39 47 54 65"/>
            <chain elements="52 53 61 62"/>
            <chain elements="41 63 69"/>
            <chain elements="1 66 68 70"/>
        </chains>
    </annotations>
</story>
