<?xml version="1.0" encoding="UTF-8" standalone="no"?>
<!DOCTYPE story SYSTEM "../InScript.dtd">
<story id="090" scenario="flight">
    <text>
        <content>My wife and I flew on an airplane a couple of months ago . 
We were going to Las Vegas because a friend of mine was getting married . 
He lives there and said that he would pick us up from the airport . 
But , the weather here was cold and there was freezing rain , so our flight was delayed for two hours . 
It was kind of scary taking off because the weather was still cold and rainy , but after two hours of sitting there waiting , I was ready to go . 
People on the flight were pretty happy to finally leave and a lot of people were having drinks . 
Everyone was getting ready for their own little party in Las Vegas . 
The flight itself took a little over four hours due to the fact that we had a non-stop flight . 
I was glad I paid the extra money for not making any stops . 
Six hours sitting on an airplane is more than enough for me . 
The flight was pretty uneventful except for the lively passengers , so that was a good thing , especially since my wife hates to fly . 
My friend ended up still picking us up from the airport and we had a great time in Las Vegas . </content>
        <sentences>
            <sentence id="1">
                <token content="My" id="1-1">
                    <pos type="PRP$"/>
                    <lemma type="my"/>
                </token>
                <token content="wife" id="1-2">
                    <pos type="NN"/>
                    <lemma type="wife"/>
                    <dep head="1-5" type="nsubj"/>
                </token>
                <token content="and" id="1-3"/>
                <token content="I" id="1-4">
                    <pos type="PRP"/>
                    <lemma type="I"/>
                </token>
                <token content="flew" id="1-5">
                    <pos type="VBD"/>
                    <lemma type="fly"/>
                </token>
                <token content="on" id="1-6"/>
                <token content="an" id="1-7">
                    <pos type="DT"/>
                    <lemma type="a"/>
                </token>
                <token content="airplane" id="1-8">
                    <pos type="NN"/>
                    <lemma type="airplane"/>
                    <dep head="1-5" type="prep"/>
                </token>
                <token content="a" id="1-9">
                    <pos type="DT"/>
                    <lemma type="a"/>
                </token>
                <token content="couple" id="1-10">
                    <pos type="NN"/>
                    <lemma type="couple"/>
                </token>
                <token content="of" id="1-11"/>
                <token content="months" id="1-12">
                    <pos type="NNS"/>
                    <lemma type="month"/>
                </token>
                <token content="ago" id="1-13">
                    <pos type="IN"/>
                    <lemma type="ago"/>
                </token>
                <token content="." id="1-14"/>
            </sentence>
            <sentence id="2">
                <token content="We" id="2-1">
                    <pos type="PRP"/>
                    <lemma type="we"/>
                    <dep head="2-3" type="nsubj"/>
                </token>
                <token content="were" id="2-2">
                    <pos type="VBD"/>
                    <lemma type="be"/>
                    <dep head="2-3" type="aux"/>
                </token>
                <token content="going" id="2-3">
                    <pos type="VBG"/>
                    <lemma type="go"/>
                </token>
                <token content="to" id="2-4"/>
                <token content="Las" id="2-5">
                    <pos type="NNP"/>
                    <lemma type="Las"/>
                </token>
                <token content="Vegas" id="2-6">
                    <pos type="NNP"/>
                    <lemma type="Vegas"/>
                    <dep head="2-3" type="prep"/>
                </token>
                <token content="because" id="2-7">
                    <pos type="IN"/>
                    <lemma type="because"/>
                </token>
                <token content="a" id="2-8">
                    <pos type="DT"/>
                    <lemma type="a"/>
                </token>
                <token content="friend" id="2-9">
                    <pos type="NN"/>
                    <lemma type="friend"/>
                </token>
                <token content="of" id="2-10"/>
                <token content="mine" id="2-11">
                    <pos type="NN"/>
                    <lemma type="mine"/>
                </token>
                <token content="was" id="2-12">
                    <pos type="VBD"/>
                    <lemma type="be"/>
                </token>
                <token content="getting" id="2-13">
                    <pos type="VBG"/>
                    <lemma type="get"/>
                </token>
                <token content="married" id="2-14">
                    <pos type="JJ"/>
                    <lemma type="married"/>
                    <dep head="2-3" type="advcl"/>
                </token>
                <token content="." id="2-15"/>
            </sentence>
            <sentence id="3">
                <token content="He" id="3-1">
                    <pos type="PRP"/>
                    <lemma type="he"/>
                    <dep head="3-2" type="nsubj"/>
                </token>
                <token content="lives" id="3-2">
                    <pos type="VBZ"/>
                    <lemma type="live"/>
                </token>
                <token content="there" id="3-3">
                    <pos type="RB"/>
                    <lemma type="there"/>
                    <dep head="3-2" type="advmod"/>
                </token>
                <token content="and" id="3-4"/>
                <token content="said" id="3-5">
                    <pos type="VBD"/>
                    <lemma type="say"/>
                    <dep head="3-2" type="conj"/>
                </token>
                <token content="that" id="3-6">
                    <pos type="IN"/>
                    <lemma type="that"/>
                    <dep head="3-9" type="mark"/>
                </token>
                <token content="he" id="3-7">
                    <pos type="PRP"/>
                    <lemma type="he"/>
                    <dep head="3-9" type="nsubj"/>
                </token>
                <token content="would" id="3-8">
                    <pos type="MD"/>
                    <lemma type="would"/>
                    <dep head="3-9" type="aux"/>
                </token>
                <token content="pick" id="3-9">
                    <pos type="VB"/>
                    <lemma type="pick"/>
                    <dep head="3-5" type="ccomp"/>
                </token>
                <token content="us" id="3-10">
                    <pos type="PRP"/>
                    <lemma type="we"/>
                    <dep head="3-9" type="dobj"/>
                </token>
                <token content="up" id="3-11">
                    <pos type="RP"/>
                    <lemma type="up"/>
                    <dep head="3-9" type="prt"/>
                </token>
                <token content="from" id="3-12"/>
                <token content="the" id="3-13">
                    <pos type="DT"/>
                    <lemma type="the"/>
                </token>
                <token content="airport" id="3-14">
                    <pos type="NN"/>
                    <lemma type="airport"/>
                    <dep head="3-9" type="prep"/>
                </token>
                <token content="." id="3-15"/>
            </sentence>
            <sentence id="4">
                <token content="But" id="4-1">
                    <pos type="CC"/>
                    <lemma type="but"/>
                    <dep head="4-18" type="cc"/>
                </token>
                <token content="," id="4-2"/>
                <token content="the" id="4-3">
                    <pos type="DT"/>
                    <lemma type="the"/>
                </token>
                <token content="weather" id="4-4">
                    <pos type="NN"/>
                    <lemma type="weather"/>
                </token>
                <token content="here" id="4-5">
                    <pos type="RB"/>
                    <lemma type="here"/>
                </token>
                <token content="was" id="4-6">
                    <pos type="VBD"/>
                    <lemma type="be"/>
                </token>
                <token content="cold" id="4-7">
                    <pos type="JJ"/>
                    <lemma type="cold"/>
                    <dep head="4-18" type="parataxis"/>
                </token>
                <token content="and" id="4-8"/>
                <token content="there" id="4-9">
                    <pos type="EX"/>
                    <lemma type="there"/>
                    <dep head="4-10" type="expl"/>
                </token>
                <token content="was" id="4-10">
                    <pos type="VBD"/>
                    <lemma type="be"/>
                </token>
                <token content="freezing" id="4-11">
                    <pos type="JJ"/>
                    <lemma type="freezing"/>
                </token>
                <token content="rain" id="4-12">
                    <pos type="NN"/>
                    <lemma type="rain"/>
                    <dep head="4-10" type="nsubj"/>
                </token>
                <token content="," id="4-13"/>
                <token content="so" id="4-14">
                    <pos type="RB"/>
                    <lemma type="so"/>
                    <dep head="4-18" type="advmod"/>
                </token>
                <token content="our" id="4-15">
                    <pos type="PRP$"/>
                    <lemma type="we"/>
                </token>
                <token content="flight" id="4-16">
                    <pos type="NN"/>
                    <lemma type="flight"/>
                    <dep head="4-18" type="nsubjpass"/>
                </token>
                <token content="was" id="4-17">
                    <pos type="VBD"/>
                    <lemma type="be"/>
                    <dep head="4-18" type="auxpass"/>
                </token>
                <token content="delayed" id="4-18">
                    <pos type="VBN"/>
                    <lemma type="delay"/>
                </token>
                <token content="for" id="4-19"/>
                <token content="two" id="4-20">
                    <pos type="CD"/>
                    <lemma type="two"/>
                </token>
                <token content="hours" id="4-21">
                    <pos type="NNS"/>
                    <lemma type="hour"/>
                    <dep head="4-18" type="prep"/>
                </token>
                <token content="." id="4-22"/>
            </sentence>
            <sentence id="5">
                <token content="It" id="5-1">
                    <pos type="PRP"/>
                    <lemma type="it"/>
                    <dep head="5-6" type="nsubj"/>
                </token>
                <token content="was" id="5-2">
                    <pos type="VBD"/>
                    <lemma type="be"/>
                    <dep head="5-6" type="aux"/>
                </token>
                <token content="kind" id="5-3">
                    <pos type="RB"/>
                    <lemma type="kind"/>
                    <dep head="5-6" type="advmod"/>
                </token>
                <token content="of" id="5-4"/>
                <token content="scary" id="5-5">
                    <pos type="JJ"/>
                    <lemma type="scary"/>
                </token>
                <token content="taking" id="5-6">
                    <pos type="VBG"/>
                    <lemma type="take"/>
                </token>
                <token content="off" id="5-7">
                    <pos type="RP"/>
                    <lemma type="off"/>
                    <dep head="5-6" type="prt"/>
                </token>
                <token content="because" id="5-8">
                    <pos type="IN"/>
                    <lemma type="because"/>
                </token>
                <token content="the" id="5-9">
                    <pos type="DT"/>
                    <lemma type="the"/>
                </token>
                <token content="weather" id="5-10">
                    <pos type="NN"/>
                    <lemma type="weather"/>
                </token>
                <token content="was" id="5-11">
                    <pos type="VBD"/>
                    <lemma type="be"/>
                </token>
                <token content="still" id="5-12">
                    <pos type="RB"/>
                    <lemma type="still"/>
                </token>
                <token content="cold" id="5-13">
                    <pos type="JJ"/>
                    <lemma type="cold"/>
                    <dep head="5-6" type="advcl"/>
                </token>
                <token content="and" id="5-14"/>
                <token content="rainy" id="5-15">
                    <pos type="JJ"/>
                    <lemma type="rainy"/>
                </token>
                <token content="," id="5-16"/>
                <token content="but" id="5-17"/>
                <token content="after" id="5-18"/>
                <token content="two" id="5-19">
                    <pos type="CD"/>
                    <lemma type="two"/>
                </token>
                <token content="hours" id="5-20">
                    <pos type="NNS"/>
                    <lemma type="hour"/>
                    <dep head="5-27" type="prep"/>
                </token>
                <token content="of" id="5-21"/>
                <token content="sitting" id="5-22">
                    <pos type="VBG"/>
                    <lemma type="sit"/>
                </token>
                <token content="there" id="5-23">
                    <pos type="EX"/>
                    <lemma type="there"/>
                    <dep head="5-24" type="expl"/>
                </token>
                <token content="waiting" id="5-24">
                    <pos type="VBG"/>
                    <lemma type="wait"/>
                    <dep head="5-22" type="vmod"/>
                </token>
                <token content="," id="5-25"/>
                <token content="I" id="5-26">
                    <pos type="PRP"/>
                    <lemma type="I"/>
                    <dep head="5-27" type="nsubj"/>
                </token>
                <token content="was" id="5-27">
                    <pos type="VBD"/>
                    <lemma type="be"/>
                    <dep head="5-6" type="conj"/>
                </token>
                <token content="ready" id="5-28">
                    <pos type="JJ"/>
                    <lemma type="ready"/>
                    <dep head="5-27" type="acomp"/>
                </token>
                <token content="to" id="5-29">
                    <pos type="TO"/>
                    <lemma type="to"/>
                    <dep head="5-30" type="aux"/>
                </token>
                <token content="go" id="5-30">
                    <pos type="VB"/>
                    <lemma type="go"/>
                </token>
                <token content="." id="5-31"/>
            </sentence>
            <sentence id="6">
                <token content="People" id="6-1">
                    <pos type="NNS"/>
                    <lemma type="people"/>
                </token>
                <token content="on" id="6-2"/>
                <token content="the" id="6-3">
                    <pos type="DT"/>
                    <lemma type="the"/>
                </token>
                <token content="flight" id="6-4">
                    <pos type="NN"/>
                    <lemma type="flight"/>
                </token>
                <token content="were" id="6-5">
                    <pos type="VBD"/>
                    <lemma type="be"/>
                </token>
                <token content="pretty" id="6-6">
                    <pos type="RB"/>
                    <lemma type="pretty"/>
                </token>
                <token content="happy" id="6-7">
                    <pos type="JJ"/>
                    <lemma type="happy"/>
                </token>
                <token content="to" id="6-8">
                    <pos type="TO"/>
                    <lemma type="to"/>
                    <dep head="6-10" type="aux"/>
                </token>
                <token content="finally" id="6-9">
                    <pos type="RB"/>
                    <lemma type="finally"/>
                    <dep head="6-10" type="advmod"/>
                </token>
                <token content="leave" id="6-10">
                    <pos type="VB"/>
                    <lemma type="leave"/>
                </token>
                <token content="and" id="6-11"/>
                <token content="a" id="6-12">
                    <pos type="DT"/>
                    <lemma type="a"/>
                </token>
                <token content="lot" id="6-13">
                    <pos type="NN"/>
                    <lemma type="lot"/>
                    <dep head="6-17" type="nsubj"/>
                </token>
                <token content="of" id="6-14"/>
                <token content="people" id="6-15">
                    <pos type="NNS"/>
                    <lemma type="people"/>
                </token>
                <token content="were" id="6-16">
                    <pos type="VBD"/>
                    <lemma type="be"/>
                    <dep head="6-17" type="aux"/>
                </token>
                <token content="having" id="6-17">
                    <pos type="VBG"/>
                    <lemma type="have"/>
                </token>
                <token content="drinks" id="6-18">
                    <pos type="NNS"/>
                    <lemma type="drink"/>
                    <dep head="6-17" type="dobj"/>
                </token>
                <token content="." id="6-19"/>
            </sentence>
            <sentence id="7">
                <token content="Everyone" id="7-1">
                    <pos type="NN"/>
                    <lemma type="everyone"/>
                </token>
                <token content="was" id="7-2">
                    <pos type="VBD"/>
                    <lemma type="be"/>
                </token>
                <token content="getting" id="7-3">
                    <pos type="VBG"/>
                    <lemma type="get"/>
                </token>
                <token content="ready" id="7-4">
                    <pos type="JJ"/>
                    <lemma type="ready"/>
                </token>
                <token content="for" id="7-5"/>
                <token content="their" id="7-6">
                    <pos type="PRP$"/>
                    <lemma type="they"/>
                </token>
                <token content="own" id="7-7">
                    <pos type="JJ"/>
                    <lemma type="own"/>
                </token>
                <token content="little" id="7-8">
                    <pos type="JJ"/>
                    <lemma type="little"/>
                </token>
                <token content="party" id="7-9">
                    <pos type="NN"/>
                    <lemma type="party"/>
                </token>
                <token content="in" id="7-10"/>
                <token content="Las" id="7-11">
                    <pos type="NNP"/>
                    <lemma type="Las"/>
                </token>
                <token content="Vegas" id="7-12">
                    <pos type="NNP"/>
                    <lemma type="Vegas"/>
                </token>
                <token content="." id="7-13"/>
            </sentence>
            <sentence id="8">
                <token content="The" id="8-1">
                    <pos type="DT"/>
                    <lemma type="the"/>
                </token>
                <token content="flight" id="8-2">
                    <pos type="NN"/>
                    <lemma type="flight"/>
                    <dep head="8-4" type="nsubj"/>
                </token>
                <token content="itself" id="8-3">
                    <pos type="PRP"/>
                    <lemma type="itself"/>
                    <dep head="8-4" type="advmod"/>
                </token>
                <token content="took" id="8-4">
                    <pos type="VBD"/>
                    <lemma type="take"/>
                </token>
                <token content="a" id="8-5">
                    <pos type="DT"/>
                    <lemma type="a"/>
                </token>
                <token content="little" id="8-6">
                    <pos type="JJ"/>
                    <lemma type="little"/>
                    <dep head="8-4" type="dobj"/>
                </token>
                <token content="over" id="8-7"/>
                <token content="four" id="8-8">
                    <pos type="CD"/>
                    <lemma type="four"/>
                </token>
                <token content="hours" id="8-9">
                    <pos type="NNS"/>
                    <lemma type="hour"/>
                    <dep head="8-4" type="prep"/>
                </token>
                <token content="due" id="8-10"/>
                <token content="to" id="8-11"/>
                <token content="the" id="8-12">
                    <pos type="DT"/>
                    <lemma type="the"/>
                </token>
                <token content="fact" id="8-13">
                    <pos type="NN"/>
                    <lemma type="fact"/>
                </token>
                <token content="that" id="8-14">
                    <pos type="IN"/>
                    <lemma type="that"/>
                    <dep head="8-16" type="mark"/>
                </token>
                <token content="we" id="8-15">
                    <pos type="PRP"/>
                    <lemma type="we"/>
                    <dep head="8-16" type="nsubj"/>
                </token>
                <token content="had" id="8-16">
                    <pos type="VBD"/>
                    <lemma type="have"/>
                    <dep head="8-4" type="ccomp"/>
                </token>
                <token content="a" id="8-17">
                    <pos type="DT"/>
                    <lemma type="a"/>
                </token>
                <token content="non-stop" id="8-18">
                    <pos type="JJ"/>
                    <lemma type="non-stop"/>
                </token>
                <token content="flight" id="8-19">
                    <pos type="NN"/>
                    <lemma type="flight"/>
                    <dep head="8-16" type="dobj"/>
                </token>
                <token content="." id="8-20"/>
            </sentence>
            <sentence id="9">
                <token content="I" id="9-1">
                    <pos type="PRP"/>
                    <lemma type="I"/>
                </token>
                <token content="was" id="9-2">
                    <pos type="VBD"/>
                    <lemma type="be"/>
                </token>
                <token content="glad" id="9-3">
                    <pos type="JJ"/>
                    <lemma type="glad"/>
                </token>
                <token content="I" id="9-4">
                    <pos type="PRP"/>
                    <lemma type="I"/>
                    <dep head="9-5" type="nsubj"/>
                </token>
                <token content="paid" id="9-5">
                    <pos type="VBD"/>
                    <lemma type="pay"/>
                </token>
                <token content="the" id="9-6">
                    <pos type="DT"/>
                    <lemma type="the"/>
                </token>
                <token content="extra" id="9-7">
                    <pos type="JJ"/>
                    <lemma type="extra"/>
                </token>
                <token content="money" id="9-8">
                    <pos type="NN"/>
                    <lemma type="money"/>
                    <dep head="9-5" type="dobj"/>
                </token>
                <token content="for" id="9-9"/>
                <token content="not" id="9-10">
                    <pos type="RB"/>
                    <lemma type="not"/>
                    <dep head="9-11" type="neg"/>
                </token>
                <token content="making" id="9-11">
                    <pos type="VBG"/>
                    <lemma type="make"/>
                    <dep head="9-5" type="prepc"/>
                </token>
                <token content="any" id="9-12">
                    <pos type="DT"/>
                    <lemma type="any"/>
                </token>
                <token content="stops" id="9-13">
                    <pos type="NNS"/>
                    <lemma type="stop"/>
                    <dep head="9-11" type="dobj"/>
                </token>
                <token content="." id="9-14"/>
            </sentence>
            <sentence id="10">
                <token content="Six" id="10-1">
                    <pos type="CD"/>
                    <lemma type="six"/>
                </token>
                <token content="hours" id="10-2">
                    <pos type="NNS"/>
                    <lemma type="hour"/>
                    <dep head="10-7" type="nsubj"/>
                </token>
                <token content="sitting" id="10-3">
                    <pos type="VBG"/>
                    <lemma type="sit"/>
                </token>
                <token content="on" id="10-4"/>
                <token content="an" id="10-5">
                    <pos type="DT"/>
                    <lemma type="a"/>
                </token>
                <token content="airplane" id="10-6">
                    <pos type="NN"/>
                    <lemma type="airplane"/>
                    <dep head="10-3" type="prep"/>
                </token>
                <token content="is" id="10-7">
                    <pos type="VBZ"/>
                    <lemma type="be"/>
                </token>
                <token content="more" id="10-8">
                    <pos type="RBR"/>
                    <lemma type="more"/>
                </token>
                <token content="than" id="10-9">
                    <pos type="IN"/>
                    <lemma type="than"/>
                    <dep head="10-7" type="advmod"/>
                </token>
                <token content="enough" id="10-10">
                    <pos type="RB"/>
                    <lemma type="enough"/>
                </token>
                <token content="for" id="10-11"/>
                <token content="me" id="10-12">
                    <pos type="PRP"/>
                    <lemma type="I"/>
                    <dep head="10-7" type="prep"/>
                </token>
                <token content="." id="10-13"/>
            </sentence>
            <sentence id="11">
                <token content="The" id="11-1">
                    <pos type="DT"/>
                    <lemma type="the"/>
                </token>
                <token content="flight" id="11-2">
                    <pos type="NN"/>
                    <lemma type="flight"/>
                </token>
                <token content="was" id="11-3">
                    <pos type="VBD"/>
                    <lemma type="be"/>
                </token>
                <token content="pretty" id="11-4">
                    <pos type="RB"/>
                    <lemma type="pretty"/>
                </token>
                <token content="uneventful" id="11-5">
                    <pos type="JJ"/>
                    <lemma type="uneventful"/>
                </token>
                <token content="except" id="11-6"/>
                <token content="for" id="11-7">
                    <pos type="IN"/>
                    <lemma type="for"/>
                </token>
                <token content="the" id="11-8">
                    <pos type="DT"/>
                    <lemma type="the"/>
                </token>
                <token content="lively" id="11-9">
                    <pos type="JJ"/>
                    <lemma type="lively"/>
                </token>
                <token content="passengers" id="11-10">
                    <pos type="NNS"/>
                    <lemma type="passenger"/>
                </token>
                <token content="," id="11-11"/>
                <token content="so" id="11-12">
                    <pos type="IN"/>
                    <lemma type="so"/>
                </token>
                <token content="that" id="11-13">
                    <pos type="DT"/>
                    <lemma type="that"/>
                </token>
                <token content="was" id="11-14">
                    <pos type="VBD"/>
                    <lemma type="be"/>
                </token>
                <token content="a" id="11-15">
                    <pos type="DT"/>
                    <lemma type="a"/>
                </token>
                <token content="good" id="11-16">
                    <pos type="JJ"/>
                    <lemma type="good"/>
                </token>
                <token content="thing" id="11-17">
                    <pos type="NN"/>
                    <lemma type="thing"/>
                </token>
                <token content="," id="11-18"/>
                <token content="especially" id="11-19">
                    <pos type="RB"/>
                    <lemma type="especially"/>
                    <dep head="11-23" type="advmod"/>
                </token>
                <token content="since" id="11-20">
                    <pos type="IN"/>
                    <lemma type="since"/>
                    <dep head="11-23" type="mark"/>
                </token>
                <token content="my" id="11-21">
                    <pos type="PRP$"/>
                    <lemma type="my"/>
                </token>
                <token content="wife" id="11-22">
                    <pos type="NN"/>
                    <lemma type="wife"/>
                    <dep head="11-23" type="nsubj"/>
                </token>
                <token content="hates" id="11-23">
                    <pos type="VBZ"/>
                    <lemma type="hate"/>
                </token>
                <token content="to" id="11-24">
                    <pos type="TO"/>
                    <lemma type="to"/>
                    <dep head="11-25" type="aux"/>
                </token>
                <token content="fly" id="11-25">
                    <pos type="VB"/>
                    <lemma type="fly"/>
                    <dep head="11-23" type="xcomp"/>
                </token>
                <token content="." id="11-26"/>
            </sentence>
            <sentence id="12">
                <token content="My" id="12-1">
                    <pos type="PRP$"/>
                    <lemma type="my"/>
                </token>
                <token content="friend" id="12-2">
                    <pos type="NN"/>
                    <lemma type="friend"/>
                    <dep head="12-3" type="nsubj"/>
                </token>
                <token content="ended" id="12-3">
                    <pos type="VBD"/>
                    <lemma type="end"/>
                </token>
                <token content="up" id="12-4">
                    <pos type="RP"/>
                    <lemma type="up"/>
                    <dep head="12-3" type="prt"/>
                </token>
                <token content="still" id="12-5">
                    <pos type="RB"/>
                    <lemma type="still"/>
                    <dep head="12-3" type="advmod"/>
                </token>
                <token content="picking" id="12-6">
                    <pos type="VBG"/>
                    <lemma type="pick"/>
                    <dep head="12-3" type="xcomp"/>
                </token>
                <token content="us" id="12-7">
                    <pos type="PRP"/>
                    <lemma type="we"/>
                    <dep head="12-6" type="dobj"/>
                </token>
                <token content="up" id="12-8">
                    <pos type="RP"/>
                    <lemma type="up"/>
                    <dep head="12-6" type="prt"/>
                </token>
                <token content="from" id="12-9"/>
                <token content="the" id="12-10">
                    <pos type="DT"/>
                    <lemma type="the"/>
                </token>
                <token content="airport" id="12-11">
                    <pos type="NN"/>
                    <lemma type="airport"/>
                    <dep head="12-6" type="prep"/>
                </token>
                <token content="and" id="12-12"/>
                <token content="we" id="12-13">
                    <pos type="PRP"/>
                    <lemma type="we"/>
                    <dep head="12-14" type="nsubj"/>
                </token>
                <token content="had" id="12-14">
                    <pos type="VBD"/>
                    <lemma type="have"/>
                    <dep head="12-3" type="conj"/>
                </token>
                <token content="a" id="12-15">
                    <pos type="DT"/>
                    <lemma type="a"/>
                </token>
                <token content="great" id="12-16">
                    <pos type="JJ"/>
                    <lemma type="great"/>
                </token>
                <token content="time" id="12-17">
                    <pos type="NN"/>
                    <lemma type="time"/>
                    <dep head="12-14" type="dobj"/>
                </token>
                <token content="in" id="12-18"/>
                <token content="Las" id="12-19">
                    <pos type="NNP"/>
                    <lemma type="Las"/>
                </token>
                <token content="Vegas" id="12-20">
                    <pos type="NNP"/>
                    <lemma type="Vegas"/>
                </token>
                <token content="." id="12-21"/>
            </sentence>
        </sentences>
    </text>
    <annotations>
        <participants>
            <label from="1-1" id="0" name="ScrPart_passenger" text="My wife and I" to="1-4" type="participant"/>
            <label from="1-1" id="1" name="ScrPart_passenger" text="My" type="participant"/>
            <label from="1-2" id="2" name="ScrPart_passenger" text="wife" type="participant"/>
            <label from="1-4" id="3" name="ScrPart_passenger" text="I" type="participant"/>
            <label from="1-8" id="4" name="ScrPart_plane" text="airplane" type="participant"/>
            <label from="1-10" id="5" name="Head_of_Partitive" text="couple" type="participant"/>
            <label from="1-12" id="6" name="NPart" text="months" type="participant"/>
            <label from="2-1" id="7" name="ScrPart_passenger" text="We" type="participant"/>
            <label from="2-5" id="8" name="ScrPart_target_location" text="Las Vegas" to="2-6" type="participant"/>
            <label from="2-9" id="9" name="ScrPart_accomp_person" text="friend" type="participant"/>
            <label from="2-11" id="10" name="ScrPart_passenger" text="mine" type="participant"/>
            <label from="3-1" id="11" name="ScrPart_accomp_person" text="He" type="participant"/>
            <label from="3-7" id="12" name="ScrPart_accomp_person" text="he" type="participant"/>
            <label from="3-10" id="13" name="ScrPart_passenger" text="us" type="participant"/>
            <label from="3-14" id="14" name="ScrPart_airport" text="airport" type="participant"/>
            <label from="4-4" id="15" name="NPart" text="weather" type="participant"/>
            <label from="4-12" id="16" name="NPart" text="rain" type="participant"/>
            <label from="4-15" id="17" name="ScrPart_passenger" text="our" type="participant"/>
            <label from="4-16" id="18" name="ScrPart_flight" text="flight" type="participant"/>
            <label from="4-20" id="19" name="ScrPart_time/date" text="two hours" to="4-21" type="participant"/>
            <label from="5-1" id="20" name="No_label" text="It" type="participant"/>
            <label from="5-3" id="21" name="No_label" text="kind" type="participant"/>
            <label from="5-10" id="22" name="NPart" text="weather" type="participant"/>
            <label from="5-19" id="23" name="ScrPart_time/date" text="two hours" to="5-20" type="participant"/>
            <label from="5-26" id="24" name="ScrPart_passenger" text="I" type="participant"/>
            <label from="6-1" id="25" name="ScrPart_passenger" text="People" type="participant"/>
            <label from="6-4" id="26" name="ScrPart_flight" text="flight" type="participant"/>
            <label from="6-13" id="27" name="Head_of_Partitive" text="lot" type="participant"/>
            <label from="6-15" id="28" name="ScrPart_passenger" text="people" type="participant"/>
            <label from="6-18" id="29" name="ScrPart_in-flight_entertainment" text="drinks" type="participant"/>
            <label from="7-1" id="30" name="ScrPart_passenger" text="Everyone" type="participant"/>
            <label from="7-6" id="31" name="ScrPart_passenger" text="their" type="participant"/>
            <label from="7-9" id="32" name="NPart" text="party" type="participant"/>
            <label from="7-11" id="33" name="ScrPart_target_location" text="Las Vegas" to="7-12" type="participant"/>
            <label from="8-2" id="34" name="ScrPart_flight" text="flight" type="participant"/>
            <label from="8-3" id="35" name="ScrPart_flight" text="itself" type="participant"/>
            <label from="8-8" id="36" name="ScrPart_time/date" text="four hours" to="8-9" type="participant"/>
            <label from="8-13" id="37" name="No_label" text="fact" type="participant"/>
            <label from="8-15" id="38" name="ScrPart_passenger" text="we" type="participant"/>
            <label from="8-19" id="39" name="ScrPart_flight" text="flight" type="participant"/>
            <label from="9-1" id="40" name="ScrPart_passenger" text="I" type="participant"/>
            <label from="9-4" id="41" name="ScrPart_passenger" text="I" type="participant"/>
            <label from="9-8" id="42" name="NPart" text="money" type="participant"/>
            <label from="9-13" id="43" name="SuppVComp" text="stops" type="participant"/>
            <label from="10-1" id="44" name="ScrPart_time/date" text="Six hours" to="10-2" type="participant"/>
            <label from="10-6" id="45" name="ScrPart_plane" text="airplane" type="participant"/>
            <label from="10-12" id="46" name="ScrPart_passenger" text="me" type="participant"/>
            <label from="11-2" id="47" name="ScrPart_flight" text="flight" type="participant"/>
            <label from="11-10" id="48" name="ScrPart_passenger" text="passengers" type="participant"/>
            <label from="11-17" id="49" name="No_label" text="thing" type="participant"/>
            <label from="11-21" id="50" name="ScrPart_passenger" text="my" type="participant"/>
            <label from="11-22" id="51" name="ScrPart_passenger" text="wife" type="participant"/>
            <label from="12-1" id="52" name="ScrPart_passenger" text="My" type="participant"/>
            <label from="12-2" id="53" name="ScrPart_accomp_person" text="friend" type="participant"/>
            <label from="12-7" id="54" name="ScrPart_passenger" text="us" type="participant"/>
            <label from="12-11" id="55" name="ScrPart_airport" text="airport" type="participant"/>
            <label from="12-13" id="56" name="ScrPart_passenger" text="we" type="participant"/>
            <label from="12-17" id="57" name="No_label" text="time" type="participant"/>
            <label from="12-19" id="58" name="ScrPart_target_location" text="Las Vegas" to="12-20" type="participant"/>
        </participants>
        <events>
            <label from="1-5" id="59" name="Evoking" text="flew on an airplane" to="1-8" type="event"/>
            <label from="2-3" id="60" name="Unclear" text="going" type="event"/>
            <label from="2-13" id="61" name="UnrelEv" text="getting" type="event"/>
            <label from="2-14" id="62" name="UnrelEv" text="married" type="event"/>
            <label from="3-2" id="63" name="UnrelEv" text="lives" type="event"/>
            <label from="3-5" id="64" name="UnrelEv" text="said" type="event"/>
            <label from="3-9" id="65" name="ScrEv_go_target_location" text="pick" type="event"/>
            <label from="4-6" id="66" name="UnrelEv" text="was" type="event"/>
            <label from="4-10" id="67" name="UnrelEv" text="was" type="event"/>
            <label from="4-18" id="68" name="RelNScrEv" text="delayed" type="event"/>
            <label from="5-2" id="69" name="UnrelEv" text="was" type="event"/>
            <label from="5-6" id="70" name="ScrEv_take_off" text="taking off" to="5-7" type="event"/>
            <label from="5-11" id="71" name="UnrelEv" text="was" type="event"/>
            <label from="5-22" id="72" name="RelNScrEv" text="sitting" type="event"/>
            <label from="5-24" id="73" name="ScrEv_wait" text="waiting" type="event"/>
            <label from="5-27" id="74" name="UnrelEv" text="was" type="event"/>
            <label from="5-30" id="75" name="ScrEv_take_off" text="go" type="event"/>
            <label from="6-5" id="76" name="UnrelEv" text="were" type="event"/>
            <label from="6-10" id="77" name="ScrEv_take_off" text="leave" type="event"/>
            <label from="6-17" id="78" name="ScrEv_spend_time_flight" text="having" type="event"/>
            <label from="7-3" id="79" name="ScrEv_spend_time_flight" text="getting" type="event"/>
            <label from="8-4" id="80" name="RelNScrEv" text="took" type="event"/>
            <label from="8-16" id="81" name="Evoking" text="had a non-stop flight" to="8-19" type="event"/>
            <label from="9-2" id="82" name="UnrelEv" text="was" type="event"/>
            <label from="9-5" id="83" name="RelNScrEv" text="paid" type="event"/>
            <label from="9-11" id="84" name="RelNScrEv" text="making" type="event"/>
            <label from="10-3" id="85" name="ScrEv_spend_time_flight" text="sitting" type="event"/>
            <label from="10-7" id="86" name="UnrelEv" text="is" type="event"/>
            <label from="11-3" id="87" name="UnrelEv" text="was" type="event"/>
            <label from="11-14" id="88" name="UnrelEv" text="was" type="event"/>
            <label from="11-23" id="89" name="UnrelEv" text="hates" type="event"/>
            <label from="11-25" id="90" name="Evoking" text="fly" type="event"/>
            <label from="12-3" id="91" name="UnrelEv" text="ended up" to="12-4" type="event"/>
            <label from="12-6" id="92" name="ScrEv_go_target_location" text="picking" type="event"/>
            <label from="12-14" id="93" name="UnrelEv" text="had" type="event"/>
        </events>
        <chains>
            <chain elements="7 0 3 2 51 10 13 24 17 38 40 54 41 46 50 52 56"/>
            <chain elements="45 4"/>
            <chain elements="33 8 58"/>
            <chain elements="11 9 12 53"/>
            <chain elements="55 14"/>
            <chain elements="25 17" name="coref_group_we_passenger"/>
            <chain elements="26 18 34 39 47 35"/>
            <chain elements="28 25 30 31 48"/>
        </chains>
    </annotations>
</story>
