<?xml version="1.0" encoding="UTF-8" standalone="no"?>
<!DOCTYPE story SYSTEM "../InScript.dtd">
<story id="080" scenario="flight">
    <text>
        <content>Last week I flew on an airplane to visit my aunt . 
First I made sure I packed everything I would need in my suitcase and had a friend drive me to the airport . 
I checked in at the airline desk and gave them my suitcase to load onto the plane . 
Next it was time to go through the security checkpoint and head to the terminal so I could get onto the airplane . 
There were no problems with security , so I headed to the terminal to wait for my flight to start letting people get on the plane . 
On the way I bought a magazine so I would have something to read . 
Once I found a seat in the terminal , I sat back and started to look through my magazine . 
After about 20 minutes the plane started loading . 
I got in line , showed my ticket and headed down the walkway into the plane . 
When I found my seat , I was happy to see it was by a window so I could look out as we went . 
It took about 15 minutes to get everyone settled in , then it was time to go . 
The flight attendant told us where the exits were , then we buckled our seatbelts and the plane started moving . 
The captain announced that the weather was good and we should have a great flight . 
Then he brought the engines up to full and we headed down the runway and lifted off into the sky . 
Once we could take our seatbelts off , I got a soda from the flight attendant and got my magazine out . 
Between reading and looking out the window at the clouds below us the flight went quickly . 
I did n't even finish reading before it was time to put our seatbelts back on and land . 
We all got off the plane and headed to the baggage claim area to get our suitcases . 
Mine came out pretty early , so I grabbed it and headed out of the airport . 
It was a great flight and I had a good time visiting my aunt . </content>
        <sentences>
            <sentence id="1">
                <token content="Last" id="1-1">
                    <pos type="JJ"/>
                    <lemma type="last"/>
                </token>
                <token content="week" id="1-2">
                    <pos type="NN"/>
                    <lemma type="week"/>
                    <dep head="1-4" type="tmod"/>
                </token>
                <token content="I" id="1-3">
                    <pos type="PRP"/>
                    <lemma type="I"/>
                    <dep head="1-4" type="nsubj"/>
                </token>
                <token content="flew" id="1-4">
                    <pos type="VBD"/>
                    <lemma type="fly"/>
                </token>
                <token content="on" id="1-5"/>
                <token content="an" id="1-6">
                    <pos type="DT"/>
                    <lemma type="a"/>
                </token>
                <token content="airplane" id="1-7">
                    <pos type="NN"/>
                    <lemma type="airplane"/>
                    <dep head="1-4" type="prep"/>
                </token>
                <token content="to" id="1-8">
                    <pos type="TO"/>
                    <lemma type="to"/>
                    <dep head="1-9" type="aux"/>
                </token>
                <token content="visit" id="1-9">
                    <pos type="VB"/>
                    <lemma type="visit"/>
                    <dep head="1-4" type="xcomp"/>
                </token>
                <token content="my" id="1-10">
                    <pos type="PRP$"/>
                    <lemma type="my"/>
                </token>
                <token content="aunt" id="1-11">
                    <pos type="NN"/>
                    <lemma type="aunt"/>
                    <dep head="1-9" type="dobj"/>
                </token>
                <token content="." id="1-12"/>
            </sentence>
            <sentence id="2">
                <token content="First" id="2-1">
                    <pos type="RB"/>
                    <lemma type="first"/>
                    <dep head="2-3" type="advmod"/>
                </token>
                <token content="I" id="2-2">
                    <pos type="PRP"/>
                    <lemma type="I"/>
                    <dep head="2-3" type="nsubj"/>
                </token>
                <token content="made" id="2-3">
                    <pos type="VBD"/>
                    <lemma type="make"/>
                </token>
                <token content="sure" id="2-4">
                    <pos type="JJ"/>
                    <lemma type="sure"/>
                    <dep head="2-3" type="acomp"/>
                </token>
                <token content="I" id="2-5">
                    <pos type="PRP"/>
                    <lemma type="I"/>
                    <dep head="2-6" type="nsubj"/>
                </token>
                <token content="packed" id="2-6">
                    <pos type="VBD"/>
                    <lemma type="pack"/>
                </token>
                <token content="everything" id="2-7">
                    <pos type="NN"/>
                    <lemma type="everything"/>
                    <dep head="2-6" type="dobj"/>
                </token>
                <token content="I" id="2-8">
                    <pos type="PRP"/>
                    <lemma type="I"/>
                    <dep head="2-10" type="nsubj"/>
                </token>
                <token content="would" id="2-9">
                    <pos type="MD"/>
                    <lemma type="would"/>
                    <dep head="2-10" type="aux"/>
                </token>
                <token content="need" id="2-10">
                    <pos type="VB"/>
                    <lemma type="need"/>
                    <dep head="2-6" type="dep"/>
                </token>
                <token content="in" id="2-11"/>
                <token content="my" id="2-12">
                    <pos type="PRP$"/>
                    <lemma type="my"/>
                </token>
                <token content="suitcase" id="2-13">
                    <pos type="NN"/>
                    <lemma type="suitcase"/>
                    <dep head="2-10" type="prep"/>
                </token>
                <token content="and" id="2-14"/>
                <token content="had" id="2-15">
                    <pos type="VBD"/>
                    <lemma type="have"/>
                    <dep head="2-6" type="conj"/>
                </token>
                <token content="a" id="2-16">
                    <pos type="DT"/>
                    <lemma type="a"/>
                </token>
                <token content="friend" id="2-17">
                    <pos type="NN"/>
                    <lemma type="friend"/>
                    <dep head="2-18" type="nsubj"/>
                </token>
                <token content="drive" id="2-18">
                    <pos type="VB"/>
                    <lemma type="drive"/>
                    <dep head="2-15" type="ccomp"/>
                </token>
                <token content="me" id="2-19">
                    <pos type="PRP"/>
                    <lemma type="I"/>
                    <dep head="2-18" type="dobj"/>
                </token>
                <token content="to" id="2-20"/>
                <token content="the" id="2-21">
                    <pos type="DT"/>
                    <lemma type="the"/>
                </token>
                <token content="airport" id="2-22">
                    <pos type="NN"/>
                    <lemma type="airport"/>
                    <dep head="2-18" type="prep"/>
                </token>
                <token content="." id="2-23"/>
            </sentence>
            <sentence id="3">
                <token content="I" id="3-1">
                    <pos type="PRP"/>
                    <lemma type="I"/>
                    <dep head="3-2" type="nsubj"/>
                </token>
                <token content="checked" id="3-2">
                    <pos type="VBD"/>
                    <lemma type="check"/>
                </token>
                <token content="in" id="3-3">
                    <pos type="RP"/>
                    <lemma type="in"/>
                    <dep head="3-2" type="prt"/>
                </token>
                <token content="at" id="3-4"/>
                <token content="the" id="3-5">
                    <pos type="DT"/>
                    <lemma type="the"/>
                </token>
                <token content="airline" id="3-6">
                    <pos type="NN"/>
                    <lemma type="airline"/>
                </token>
                <token content="desk" id="3-7">
                    <pos type="NN"/>
                    <lemma type="desk"/>
                    <dep head="3-2" type="prep"/>
                </token>
                <token content="and" id="3-8"/>
                <token content="gave" id="3-9">
                    <pos type="VBD"/>
                    <lemma type="give"/>
                    <dep head="3-2" type="conj"/>
                </token>
                <token content="them" id="3-10">
                    <pos type="PRP"/>
                    <lemma type="they"/>
                    <dep head="3-9" type="iobj"/>
                </token>
                <token content="my" id="3-11">
                    <pos type="PRP$"/>
                    <lemma type="my"/>
                </token>
                <token content="suitcase" id="3-12">
                    <pos type="NN"/>
                    <lemma type="suitcase"/>
                    <dep head="3-9" type="dobj"/>
                </token>
                <token content="to" id="3-13">
                    <pos type="TO"/>
                    <lemma type="to"/>
                    <dep head="3-14" type="aux"/>
                </token>
                <token content="load" id="3-14">
                    <pos type="VB"/>
                    <lemma type="load"/>
                    <dep head="3-9" type="vmod"/>
                </token>
                <token content="onto" id="3-15"/>
                <token content="the" id="3-16">
                    <pos type="DT"/>
                    <lemma type="the"/>
                </token>
                <token content="plane" id="3-17">
                    <pos type="NN"/>
                    <lemma type="plane"/>
                    <dep head="3-14" type="prep"/>
                </token>
                <token content="." id="3-18"/>
            </sentence>
            <sentence id="4">
                <token content="Next" id="4-1">
                    <pos type="RB"/>
                    <lemma type="next"/>
                </token>
                <token content="it" id="4-2">
                    <pos type="PRP"/>
                    <lemma type="it"/>
                </token>
                <token content="was" id="4-3">
                    <pos type="VBD"/>
                    <lemma type="be"/>
                </token>
                <token content="time" id="4-4">
                    <pos type="NN"/>
                    <lemma type="time"/>
                </token>
                <token content="to" id="4-5">
                    <pos type="TO"/>
                    <lemma type="to"/>
                    <dep head="4-6" type="aux"/>
                </token>
                <token content="go" id="4-6">
                    <pos type="VB"/>
                    <lemma type="go"/>
                </token>
                <token content="through" id="4-7"/>
                <token content="the" id="4-8">
                    <pos type="DT"/>
                    <lemma type="the"/>
                </token>
                <token content="security" id="4-9">
                    <pos type="NN"/>
                    <lemma type="security"/>
                </token>
                <token content="checkpoint" id="4-10">
                    <pos type="NN"/>
                    <lemma type="checkpoint"/>
                    <dep head="4-6" type="prep"/>
                </token>
                <token content="and" id="4-11"/>
                <token content="head" id="4-12">
                    <pos type="VB"/>
                    <lemma type="head"/>
                    <dep head="4-6" type="conj"/>
                </token>
                <token content="to" id="4-13"/>
                <token content="the" id="4-14">
                    <pos type="DT"/>
                    <lemma type="the"/>
                </token>
                <token content="terminal" id="4-15">
                    <pos type="NN"/>
                    <lemma type="terminal"/>
                    <dep head="4-12" type="prep"/>
                </token>
                <token content="so" id="4-16">
                    <pos type="IN"/>
                    <lemma type="so"/>
                    <dep head="4-19" type="mark"/>
                </token>
                <token content="I" id="4-17">
                    <pos type="PRP"/>
                    <lemma type="I"/>
                    <dep head="4-19" type="nsubj"/>
                </token>
                <token content="could" id="4-18">
                    <pos type="MD"/>
                    <lemma type="could"/>
                    <dep head="4-19" type="aux"/>
                </token>
                <token content="get" id="4-19">
                    <pos type="VB"/>
                    <lemma type="get"/>
                    <dep head="4-12" type="advcl"/>
                </token>
                <token content="onto" id="4-20"/>
                <token content="the" id="4-21">
                    <pos type="DT"/>
                    <lemma type="the"/>
                </token>
                <token content="airplane" id="4-22">
                    <pos type="NN"/>
                    <lemma type="airplane"/>
                    <dep head="4-19" type="prep"/>
                </token>
                <token content="." id="4-23"/>
            </sentence>
            <sentence id="5">
                <token content="There" id="5-1">
                    <pos type="EX"/>
                    <lemma type="there"/>
                    <dep head="5-2" type="expl"/>
                </token>
                <token content="were" id="5-2">
                    <pos type="VBD"/>
                    <lemma type="be"/>
                </token>
                <token content="no" id="5-3">
                    <pos type="DT"/>
                    <lemma type="no"/>
                </token>
                <token content="problems" id="5-4">
                    <pos type="NNS"/>
                    <lemma type="problem"/>
                    <dep head="5-2" type="nsubj"/>
                </token>
                <token content="with" id="5-5"/>
                <token content="security" id="5-6">
                    <pos type="NN"/>
                    <lemma type="security"/>
                </token>
                <token content="," id="5-7"/>
                <token content="so" id="5-8">
                    <pos type="IN"/>
                    <lemma type="so"/>
                    <dep head="5-2" type="dep"/>
                </token>
                <token content="I" id="5-9">
                    <pos type="PRP"/>
                    <lemma type="I"/>
                    <dep head="5-10" type="nsubj"/>
                </token>
                <token content="headed" id="5-10">
                    <pos type="VBD"/>
                    <lemma type="head"/>
                    <dep head="5-2" type="parataxis"/>
                </token>
                <token content="to" id="5-11"/>
                <token content="the" id="5-12">
                    <pos type="DT"/>
                    <lemma type="the"/>
                </token>
                <token content="terminal" id="5-13">
                    <pos type="NN"/>
                    <lemma type="terminal"/>
                    <dep head="5-10" type="prep"/>
                </token>
                <token content="to" id="5-14">
                    <pos type="TO"/>
                    <lemma type="to"/>
                    <dep head="5-15" type="aux"/>
                </token>
                <token content="wait" id="5-15">
                    <pos type="VB"/>
                    <lemma type="wait"/>
                    <dep head="5-10" type="xcomp"/>
                </token>
                <token content="for" id="5-16"/>
                <token content="my" id="5-17">
                    <pos type="PRP$"/>
                    <lemma type="my"/>
                </token>
                <token content="flight" id="5-18">
                    <pos type="NN"/>
                    <lemma type="flight"/>
                    <dep head="5-15" type="prep"/>
                </token>
                <token content="to" id="5-19">
                    <pos type="TO"/>
                    <lemma type="to"/>
                    <dep head="5-20" type="aux"/>
                </token>
                <token content="start" id="5-20">
                    <pos type="VB"/>
                    <lemma type="start"/>
                </token>
                <token content="letting" id="5-21">
                    <pos type="VBG"/>
                    <lemma type="let"/>
                    <dep head="5-20" type="xcomp"/>
                </token>
                <token content="people" id="5-22">
                    <pos type="NNS"/>
                    <lemma type="people"/>
                    <dep head="5-23" type="nsubj"/>
                </token>
                <token content="get" id="5-23">
                    <pos type="VB"/>
                    <lemma type="get"/>
                    <dep head="5-21" type="ccomp"/>
                </token>
                <token content="on" id="5-24"/>
                <token content="the" id="5-25">
                    <pos type="DT"/>
                    <lemma type="the"/>
                </token>
                <token content="plane" id="5-26">
                    <pos type="NN"/>
                    <lemma type="plane"/>
                    <dep head="5-23" type="prep"/>
                </token>
                <token content="." id="5-27"/>
            </sentence>
            <sentence id="6">
                <token content="On" id="6-1"/>
                <token content="the" id="6-2">
                    <pos type="DT"/>
                    <lemma type="the"/>
                </token>
                <token content="way" id="6-3">
                    <pos type="NN"/>
                    <lemma type="way"/>
                    <dep head="6-5" type="prep"/>
                </token>
                <token content="I" id="6-4">
                    <pos type="PRP"/>
                    <lemma type="I"/>
                    <dep head="6-5" type="nsubj"/>
                </token>
                <token content="bought" id="6-5">
                    <pos type="VBD"/>
                    <lemma type="buy"/>
                </token>
                <token content="a" id="6-6">
                    <pos type="DT"/>
                    <lemma type="a"/>
                </token>
                <token content="magazine" id="6-7">
                    <pos type="NN"/>
                    <lemma type="magazine"/>
                    <dep head="6-5" type="dobj"/>
                </token>
                <token content="so" id="6-8">
                    <pos type="IN"/>
                    <lemma type="so"/>
                    <dep head="6-11" type="mark"/>
                </token>
                <token content="I" id="6-9">
                    <pos type="PRP"/>
                    <lemma type="I"/>
                    <dep head="6-11" type="nsubj"/>
                </token>
                <token content="would" id="6-10">
                    <pos type="MD"/>
                    <lemma type="would"/>
                    <dep head="6-11" type="aux"/>
                </token>
                <token content="have" id="6-11">
                    <pos type="VB"/>
                    <lemma type="have"/>
                    <dep head="6-5" type="advcl"/>
                </token>
                <token content="something" id="6-12">
                    <pos type="NN"/>
                    <lemma type="something"/>
                    <dep head="6-11" type="dobj"/>
                </token>
                <token content="to" id="6-13">
                    <pos type="TO"/>
                    <lemma type="to"/>
                    <dep head="6-14" type="aux"/>
                </token>
                <token content="read" id="6-14">
                    <pos type="VB"/>
                    <lemma type="read"/>
                    <dep head="6-11" type="vmod"/>
                </token>
                <token content="." id="6-15"/>
            </sentence>
            <sentence id="7">
                <token content="Once" id="7-1">
                    <pos type="IN"/>
                    <lemma type="once"/>
                    <dep head="7-3" type="mark"/>
                </token>
                <token content="I" id="7-2">
                    <pos type="PRP"/>
                    <lemma type="I"/>
                    <dep head="7-3" type="nsubj"/>
                </token>
                <token content="found" id="7-3">
                    <pos type="VBD"/>
                    <lemma type="find"/>
                    <dep head="7-11" type="advcl"/>
                </token>
                <token content="a" id="7-4">
                    <pos type="DT"/>
                    <lemma type="a"/>
                </token>
                <token content="seat" id="7-5">
                    <pos type="NN"/>
                    <lemma type="seat"/>
                    <dep head="7-3" type="dobj"/>
                </token>
                <token content="in" id="7-6"/>
                <token content="the" id="7-7">
                    <pos type="DT"/>
                    <lemma type="the"/>
                </token>
                <token content="terminal" id="7-8">
                    <pos type="NN"/>
                    <lemma type="terminal"/>
                    <dep head="7-3" type="prep"/>
                </token>
                <token content="," id="7-9"/>
                <token content="I" id="7-10">
                    <pos type="PRP"/>
                    <lemma type="I"/>
                    <dep head="7-11" type="nsubj"/>
                </token>
                <token content="sat" id="7-11">
                    <pos type="VBD"/>
                    <lemma type="sit"/>
                </token>
                <token content="back" id="7-12">
                    <pos type="RB"/>
                    <lemma type="back"/>
                    <dep head="7-11" type="advmod"/>
                </token>
                <token content="and" id="7-13"/>
                <token content="started" id="7-14">
                    <pos type="VBD"/>
                    <lemma type="start"/>
                    <dep head="7-11" type="conj"/>
                </token>
                <token content="to" id="7-15">
                    <pos type="TO"/>
                    <lemma type="to"/>
                    <dep head="7-16" type="aux"/>
                </token>
                <token content="look" id="7-16">
                    <pos type="VB"/>
                    <lemma type="look"/>
                    <dep head="7-14" type="xcomp"/>
                </token>
                <token content="through" id="7-17"/>
                <token content="my" id="7-18">
                    <pos type="PRP$"/>
                    <lemma type="my"/>
                </token>
                <token content="magazine" id="7-19">
                    <pos type="NN"/>
                    <lemma type="magazine"/>
                    <dep head="7-16" type="prep"/>
                </token>
                <token content="." id="7-20"/>
            </sentence>
            <sentence id="8">
                <token content="After" id="8-1"/>
                <token content="about" id="8-2">
                    <pos type="RB"/>
                    <lemma type="about"/>
                </token>
                <token content="20" id="8-3">
                    <pos type="CD"/>
                    <lemma type="20"/>
                </token>
                <token content="minutes" id="8-4">
                    <pos type="NNS"/>
                    <lemma type="minute"/>
                    <dep head="8-7" type="prep"/>
                </token>
                <token content="the" id="8-5">
                    <pos type="DT"/>
                    <lemma type="the"/>
                </token>
                <token content="plane" id="8-6">
                    <pos type="NN"/>
                    <lemma type="plane"/>
                    <dep head="8-7" type="nsubj"/>
                </token>
                <token content="started" id="8-7">
                    <pos type="VBD"/>
                    <lemma type="start"/>
                </token>
                <token content="loading" id="8-8">
                    <pos type="NN"/>
                    <lemma type="loading"/>
                    <dep head="8-7" type="dobj"/>
                </token>
                <token content="." id="8-9"/>
            </sentence>
            <sentence id="9">
                <token content="I" id="9-1">
                    <pos type="PRP"/>
                    <lemma type="I"/>
                    <dep head="9-2" type="nsubj"/>
                </token>
                <token content="got" id="9-2">
                    <pos type="VBD"/>
                    <lemma type="get"/>
                </token>
                <token content="in" id="9-3"/>
                <token content="line" id="9-4">
                    <pos type="NN"/>
                    <lemma type="line"/>
                    <dep head="9-2" type="prep"/>
                </token>
                <token content="," id="9-5"/>
                <token content="showed" id="9-6">
                    <pos type="VBD"/>
                    <lemma type="show"/>
                    <dep head="9-2" type="conj"/>
                </token>
                <token content="my" id="9-7">
                    <pos type="PRP$"/>
                    <lemma type="my"/>
                </token>
                <token content="ticket" id="9-8">
                    <pos type="NN"/>
                    <lemma type="ticket"/>
                    <dep head="9-6" type="dobj"/>
                </token>
                <token content="and" id="9-9"/>
                <token content="headed" id="9-10">
                    <pos type="VBD"/>
                    <lemma type="head"/>
                    <dep head="9-2" type="conj"/>
                </token>
                <token content="down" id="9-11">
                    <pos type="RP"/>
                    <lemma type="down"/>
                    <dep head="9-10" type="prt"/>
                </token>
                <token content="the" id="9-12">
                    <pos type="DT"/>
                    <lemma type="the"/>
                </token>
                <token content="walkway" id="9-13">
                    <pos type="NN"/>
                    <lemma type="walkway"/>
                    <dep head="9-10" type="dobj"/>
                </token>
                <token content="into" id="9-14"/>
                <token content="the" id="9-15">
                    <pos type="DT"/>
                    <lemma type="the"/>
                </token>
                <token content="plane" id="9-16">
                    <pos type="NN"/>
                    <lemma type="plane"/>
                    <dep head="9-10" type="prep"/>
                </token>
                <token content="." id="9-17"/>
            </sentence>
            <sentence id="10">
                <token content="When" id="10-1">
                    <pos type="WRB"/>
                    <lemma type="when"/>
                    <dep head="10-3" type="advmod"/>
                </token>
                <token content="I" id="10-2">
                    <pos type="PRP"/>
                    <lemma type="I"/>
                    <dep head="10-3" type="nsubj"/>
                </token>
                <token content="found" id="10-3">
                    <pos type="VBD"/>
                    <lemma type="find"/>
                </token>
                <token content="my" id="10-4">
                    <pos type="PRP$"/>
                    <lemma type="my"/>
                </token>
                <token content="seat" id="10-5">
                    <pos type="NN"/>
                    <lemma type="seat"/>
                    <dep head="10-3" type="dobj"/>
                </token>
                <token content="," id="10-6"/>
                <token content="I" id="10-7">
                    <pos type="PRP"/>
                    <lemma type="I"/>
                </token>
                <token content="was" id="10-8">
                    <pos type="VBD"/>
                    <lemma type="be"/>
                </token>
                <token content="happy" id="10-9">
                    <pos type="JJ"/>
                    <lemma type="happy"/>
                </token>
                <token content="to" id="10-10">
                    <pos type="TO"/>
                    <lemma type="to"/>
                    <dep head="10-11" type="aux"/>
                </token>
                <token content="see" id="10-11">
                    <pos type="VB"/>
                    <lemma type="see"/>
                </token>
                <token content="it" id="10-12">
                    <pos type="PRP"/>
                    <lemma type="it"/>
                    <dep head="10-13" type="nsubj"/>
                </token>
                <token content="was" id="10-13">
                    <pos type="VBD"/>
                    <lemma type="be"/>
                    <dep head="10-11" type="ccomp"/>
                </token>
                <token content="by" id="10-14"/>
                <token content="a" id="10-15">
                    <pos type="DT"/>
                    <lemma type="a"/>
                </token>
                <token content="window" id="10-16">
                    <pos type="NN"/>
                    <lemma type="window"/>
                    <dep head="10-13" type="prep"/>
                </token>
                <token content="so" id="10-17">
                    <pos type="IN"/>
                    <lemma type="so"/>
                    <dep head="10-20" type="mark"/>
                </token>
                <token content="I" id="10-18">
                    <pos type="PRP"/>
                    <lemma type="I"/>
                    <dep head="10-20" type="nsubj"/>
                </token>
                <token content="could" id="10-19">
                    <pos type="MD"/>
                    <lemma type="could"/>
                    <dep head="10-20" type="aux"/>
                </token>
                <token content="look" id="10-20">
                    <pos type="VB"/>
                    <lemma type="look"/>
                    <dep head="10-13" type="advcl"/>
                </token>
                <token content="out" id="10-21">
                    <pos type="RP"/>
                    <lemma type="out"/>
                    <dep head="10-20" type="prt"/>
                </token>
                <token content="as" id="10-22">
                    <pos type="IN"/>
                    <lemma type="as"/>
                    <dep head="10-24" type="mark"/>
                </token>
                <token content="we" id="10-23">
                    <pos type="PRP"/>
                    <lemma type="we"/>
                    <dep head="10-24" type="nsubj"/>
                </token>
                <token content="went" id="10-24">
                    <pos type="VBD"/>
                    <lemma type="go"/>
                    <dep head="10-20" type="advcl"/>
                </token>
                <token content="." id="10-25"/>
            </sentence>
            <sentence id="11">
                <token content="It" id="11-1">
                    <pos type="PRP"/>
                    <lemma type="it"/>
                    <dep head="11-2" type="nsubj"/>
                </token>
                <token content="took" id="11-2">
                    <pos type="VBD"/>
                    <lemma type="take"/>
                </token>
                <token content="about" id="11-3">
                    <pos type="RB"/>
                    <lemma type="about"/>
                </token>
                <token content="15" id="11-4">
                    <pos type="CD"/>
                    <lemma type="15"/>
                </token>
                <token content="minutes" id="11-5">
                    <pos type="NNS"/>
                    <lemma type="minute"/>
                    <dep head="11-2" type="dobj"/>
                </token>
                <token content="to" id="11-6">
                    <pos type="TO"/>
                    <lemma type="to"/>
                    <dep head="11-7" type="aux"/>
                </token>
                <token content="get" id="11-7">
                    <pos type="VB"/>
                    <lemma type="get"/>
                    <dep head="11-2" type="vmod"/>
                </token>
                <token content="everyone" id="11-8">
                    <pos type="NN"/>
                    <lemma type="everyone"/>
                    <dep head="11-7" type="dobj"/>
                </token>
                <token content="settled" id="11-9">
                    <pos type="VBN"/>
                    <lemma type="settle"/>
                </token>
                <token content="in" id="11-10">
                    <pos type="IN"/>
                    <lemma type="in"/>
                    <dep head="11-9" type="prep"/>
                </token>
                <token content="," id="11-11"/>
                <token content="then" id="11-12">
                    <pos type="RB"/>
                    <lemma type="then"/>
                </token>
                <token content="it" id="11-13">
                    <pos type="PRP"/>
                    <lemma type="it"/>
                </token>
                <token content="was" id="11-14">
                    <pos type="VBD"/>
                    <lemma type="be"/>
                </token>
                <token content="time" id="11-15">
                    <pos type="NN"/>
                    <lemma type="time"/>
                    <dep head="11-2" type="parataxis"/>
                </token>
                <token content="to" id="11-16">
                    <pos type="TO"/>
                    <lemma type="to"/>
                    <dep head="11-17" type="aux"/>
                </token>
                <token content="go" id="11-17">
                    <pos type="VB"/>
                    <lemma type="go"/>
                </token>
                <token content="." id="11-18"/>
            </sentence>
            <sentence id="12">
                <token content="The" id="12-1">
                    <pos type="DT"/>
                    <lemma type="the"/>
                </token>
                <token content="flight" id="12-2">
                    <pos type="NN"/>
                    <lemma type="flight"/>
                </token>
                <token content="attendant" id="12-3">
                    <pos type="NN"/>
                    <lemma type="attendant"/>
                    <dep head="12-4" type="nsubj"/>
                </token>
                <token content="told" id="12-4">
                    <pos type="VBD"/>
                    <lemma type="tell"/>
                </token>
                <token content="us" id="12-5">
                    <pos type="PRP"/>
                    <lemma type="we"/>
                    <dep head="12-4" type="dobj"/>
                </token>
                <token content="where" id="12-6">
                    <pos type="WRB"/>
                    <lemma type="where"/>
                    <dep head="12-9" type="advmod"/>
                </token>
                <token content="the" id="12-7">
                    <pos type="DT"/>
                    <lemma type="the"/>
                </token>
                <token content="exits" id="12-8">
                    <pos type="NNS"/>
                    <lemma type="exit"/>
                    <dep head="12-9" type="nsubj"/>
                </token>
                <token content="were" id="12-9">
                    <pos type="VBD"/>
                    <lemma type="be"/>
                    <dep head="12-4" type="ccomp"/>
                </token>
                <token content="," id="12-10"/>
                <token content="then" id="12-11">
                    <pos type="RB"/>
                    <lemma type="then"/>
                    <dep head="12-13" type="advmod"/>
                </token>
                <token content="we" id="12-12">
                    <pos type="PRP"/>
                    <lemma type="we"/>
                    <dep head="12-13" type="nsubj"/>
                </token>
                <token content="buckled" id="12-13">
                    <pos type="VBD"/>
                    <lemma type="buckle"/>
                    <dep head="12-4" type="parataxis"/>
                </token>
                <token content="our" id="12-14">
                    <pos type="PRP$"/>
                    <lemma type="we"/>
                </token>
                <token content="seatbelts" id="12-15">
                    <pos type="NNS"/>
                    <lemma type="seatbelt"/>
                    <dep head="12-19" type="nsubj"/>
                </token>
                <token content="and" id="12-16"/>
                <token content="the" id="12-17">
                    <pos type="DT"/>
                    <lemma type="the"/>
                </token>
                <token content="plane" id="12-18">
                    <pos type="NN"/>
                    <lemma type="plane"/>
                </token>
                <token content="started" id="12-19">
                    <pos type="VBD"/>
                    <lemma type="start"/>
                    <dep head="12-13" type="ccomp"/>
                </token>
                <token content="moving" id="12-20">
                    <pos type="VBG"/>
                    <lemma type="move"/>
                    <dep head="12-19" type="xcomp"/>
                </token>
                <token content="." id="12-21"/>
            </sentence>
            <sentence id="13">
                <token content="The" id="13-1">
                    <pos type="DT"/>
                    <lemma type="the"/>
                </token>
                <token content="captain" id="13-2">
                    <pos type="NN"/>
                    <lemma type="captain"/>
                    <dep head="13-3" type="nsubj"/>
                </token>
                <token content="announced" id="13-3">
                    <pos type="VBD"/>
                    <lemma type="announce"/>
                </token>
                <token content="that" id="13-4">
                    <pos type="IN"/>
                    <lemma type="that"/>
                </token>
                <token content="the" id="13-5">
                    <pos type="DT"/>
                    <lemma type="the"/>
                </token>
                <token content="weather" id="13-6">
                    <pos type="NN"/>
                    <lemma type="weather"/>
                </token>
                <token content="was" id="13-7">
                    <pos type="VBD"/>
                    <lemma type="be"/>
                </token>
                <token content="good" id="13-8">
                    <pos type="JJ"/>
                    <lemma type="good"/>
                    <dep head="13-3" type="ccomp"/>
                </token>
                <token content="and" id="13-9"/>
                <token content="we" id="13-10">
                    <pos type="PRP"/>
                    <lemma type="we"/>
                    <dep head="13-12" type="nsubj"/>
                </token>
                <token content="should" id="13-11">
                    <pos type="MD"/>
                    <lemma type="should"/>
                    <dep head="13-12" type="aux"/>
                </token>
                <token content="have" id="13-12">
                    <pos type="VB"/>
                    <lemma type="have"/>
                    <dep head="13-3" type="conj"/>
                </token>
                <token content="a" id="13-13">
                    <pos type="DT"/>
                    <lemma type="a"/>
                </token>
                <token content="great" id="13-14">
                    <pos type="JJ"/>
                    <lemma type="great"/>
                </token>
                <token content="flight" id="13-15">
                    <pos type="NN"/>
                    <lemma type="flight"/>
                    <dep head="13-12" type="dobj"/>
                </token>
                <token content="." id="13-16"/>
            </sentence>
            <sentence id="14">
                <token content="Then" id="14-1">
                    <pos type="RB"/>
                    <lemma type="then"/>
                    <dep head="14-3" type="advmod"/>
                </token>
                <token content="he" id="14-2">
                    <pos type="PRP"/>
                    <lemma type="he"/>
                    <dep head="14-3" type="nsubj"/>
                </token>
                <token content="brought" id="14-3">
                    <pos type="VBD"/>
                    <lemma type="bring"/>
                </token>
                <token content="the" id="14-4">
                    <pos type="DT"/>
                    <lemma type="the"/>
                </token>
                <token content="engines" id="14-5">
                    <pos type="NNS"/>
                    <lemma type="engine"/>
                    <dep head="14-3" type="dobj"/>
                </token>
                <token content="up" id="14-6">
                    <pos type="RP"/>
                    <lemma type="up"/>
                    <dep head="14-3" type="prt"/>
                </token>
                <token content="to" id="14-7"/>
                <token content="full" id="14-8">
                    <pos type="JJ"/>
                    <lemma type="full"/>
                    <dep head="14-3" type="prep"/>
                </token>
                <token content="and" id="14-9"/>
                <token content="we" id="14-10">
                    <pos type="PRP"/>
                    <lemma type="we"/>
                    <dep head="14-11" type="nsubj"/>
                </token>
                <token content="headed" id="14-11">
                    <pos type="VBD"/>
                    <lemma type="head"/>
                    <dep head="14-3" type="conj"/>
                </token>
                <token content="down" id="14-12">
                    <pos type="RP"/>
                    <lemma type="down"/>
                    <dep head="14-11" type="prt"/>
                </token>
                <token content="the" id="14-13">
                    <pos type="DT"/>
                    <lemma type="the"/>
                </token>
                <token content="runway" id="14-14">
                    <pos type="NN"/>
                    <lemma type="runway"/>
                    <dep head="14-11" type="dobj"/>
                </token>
                <token content="and" id="14-15"/>
                <token content="lifted" id="14-16">
                    <pos type="VBD"/>
                    <lemma type="lift"/>
                    <dep head="14-11" type="conj"/>
                </token>
                <token content="off" id="14-17">
                    <pos type="RP"/>
                    <lemma type="off"/>
                    <dep head="14-16" type="prt"/>
                </token>
                <token content="into" id="14-18"/>
                <token content="the" id="14-19">
                    <pos type="DT"/>
                    <lemma type="the"/>
                </token>
                <token content="sky" id="14-20">
                    <pos type="NN"/>
                    <lemma type="sky"/>
                    <dep head="14-16" type="prep"/>
                </token>
                <token content="." id="14-21"/>
            </sentence>
            <sentence id="15">
                <token content="Once" id="15-1">
                    <pos type="IN"/>
                    <lemma type="once"/>
                    <dep head="15-4" type="mark"/>
                </token>
                <token content="we" id="15-2">
                    <pos type="PRP"/>
                    <lemma type="we"/>
                    <dep head="15-4" type="nsubj"/>
                </token>
                <token content="could" id="15-3">
                    <pos type="MD"/>
                    <lemma type="could"/>
                    <dep head="15-4" type="aux"/>
                </token>
                <token content="take" id="15-4">
                    <pos type="VB"/>
                    <lemma type="take"/>
                    <dep head="15-10" type="advcl"/>
                </token>
                <token content="our" id="15-5">
                    <pos type="PRP$"/>
                    <lemma type="we"/>
                </token>
                <token content="seatbelts" id="15-6">
                    <pos type="NNS"/>
                    <lemma type="seatbelt"/>
                    <dep head="15-4" type="dobj"/>
                </token>
                <token content="off" id="15-7">
                    <pos type="RP"/>
                    <lemma type="off"/>
                    <dep head="15-4" type="prt"/>
                </token>
                <token content="," id="15-8"/>
                <token content="I" id="15-9">
                    <pos type="PRP"/>
                    <lemma type="I"/>
                    <dep head="15-10" type="nsubj"/>
                </token>
                <token content="got" id="15-10">
                    <pos type="VBD"/>
                    <lemma type="get"/>
                </token>
                <token content="a" id="15-11">
                    <pos type="DT"/>
                    <lemma type="a"/>
                </token>
                <token content="soda" id="15-12">
                    <pos type="NN"/>
                    <lemma type="soda"/>
                    <dep head="15-10" type="dobj"/>
                </token>
                <token content="from" id="15-13"/>
                <token content="the" id="15-14">
                    <pos type="DT"/>
                    <lemma type="the"/>
                </token>
                <token content="flight" id="15-15">
                    <pos type="NN"/>
                    <lemma type="flight"/>
                </token>
                <token content="attendant" id="15-16">
                    <pos type="NN"/>
                    <lemma type="attendant"/>
                    <dep head="15-10" type="prep"/>
                </token>
                <token content="and" id="15-17"/>
                <token content="got" id="15-18">
                    <pos type="VBD"/>
                    <lemma type="get"/>
                    <dep head="15-10" type="conj"/>
                </token>
                <token content="my" id="15-19">
                    <pos type="PRP$"/>
                    <lemma type="my"/>
                </token>
                <token content="magazine" id="15-20">
                    <pos type="NN"/>
                    <lemma type="magazine"/>
                    <dep head="15-18" type="dobj"/>
                </token>
                <token content="out" id="15-21">
                    <pos type="RP"/>
                    <lemma type="out"/>
                    <dep head="15-18" type="prt"/>
                </token>
                <token content="." id="15-22"/>
            </sentence>
            <sentence id="16">
                <token content="Between" id="16-1"/>
                <token content="reading" id="16-2">
                    <pos type="VBG"/>
                    <lemma type="read"/>
                    <dep head="16-15" type="prepc"/>
                </token>
                <token content="and" id="16-3"/>
                <token content="looking" id="16-4">
                    <pos type="VBG"/>
                    <lemma type="look"/>
                    <dep head="16-2" type="conj"/>
                </token>
                <token content="out" id="16-5">
                    <pos type="RP"/>
                    <lemma type="out"/>
                    <dep head="16-4" type="prt"/>
                </token>
                <token content="the" id="16-6">
                    <pos type="DT"/>
                    <lemma type="the"/>
                </token>
                <token content="window" id="16-7">
                    <pos type="NN"/>
                    <lemma type="window"/>
                    <dep head="16-4" type="dobj"/>
                </token>
                <token content="at" id="16-8"/>
                <token content="the" id="16-9">
                    <pos type="DT"/>
                    <lemma type="the"/>
                </token>
                <token content="clouds" id="16-10">
                    <pos type="NNS"/>
                    <lemma type="cloud"/>
                </token>
                <token content="below" id="16-11"/>
                <token content="us" id="16-12">
                    <pos type="PRP"/>
                    <lemma type="we"/>
                    <dep head="16-4" type="prep"/>
                </token>
                <token content="the" id="16-13">
                    <pos type="DT"/>
                    <lemma type="the"/>
                </token>
                <token content="flight" id="16-14">
                    <pos type="NN"/>
                    <lemma type="flight"/>
                    <dep head="16-15" type="nsubj"/>
                </token>
                <token content="went" id="16-15">
                    <pos type="VBD"/>
                    <lemma type="go"/>
                </token>
                <token content="quickly" id="16-16">
                    <pos type="RB"/>
                    <lemma type="quickly"/>
                    <dep head="16-15" type="advmod"/>
                </token>
                <token content="." id="16-17"/>
            </sentence>
            <sentence id="17">
                <token content="I" id="17-1">
                    <pos type="PRP"/>
                    <lemma type="I"/>
                    <dep head="17-5" type="nsubj"/>
                </token>
                <token content="did" id="17-2">
                    <pos type="VBD"/>
                    <lemma type="do"/>
                    <dep head="17-5" type="aux"/>
                </token>
                <token content="n't" id="17-3">
                    <pos type="RB"/>
                    <lemma type="not"/>
                    <dep head="17-5" type="neg"/>
                </token>
                <token content="even" id="17-4">
                    <pos type="RB"/>
                    <lemma type="even"/>
                    <dep head="17-5" type="advmod"/>
                </token>
                <token content="finish" id="17-5">
                    <pos type="VB"/>
                    <lemma type="finish"/>
                </token>
                <token content="reading" id="17-6">
                    <pos type="VBG"/>
                    <lemma type="read"/>
                    <dep head="17-5" type="xcomp"/>
                </token>
                <token content="before" id="17-7">
                    <pos type="IN"/>
                    <lemma type="before"/>
                </token>
                <token content="it" id="17-8">
                    <pos type="PRP"/>
                    <lemma type="it"/>
                </token>
                <token content="was" id="17-9">
                    <pos type="VBD"/>
                    <lemma type="be"/>
                </token>
                <token content="time" id="17-10">
                    <pos type="NN"/>
                    <lemma type="time"/>
                    <dep head="17-6" type="advcl"/>
                </token>
                <token content="to" id="17-11">
                    <pos type="TO"/>
                    <lemma type="to"/>
                    <dep head="17-12" type="aux"/>
                </token>
                <token content="put" id="17-12">
                    <pos type="VB"/>
                    <lemma type="put"/>
                </token>
                <token content="our" id="17-13">
                    <pos type="PRP$"/>
                    <lemma type="we"/>
                </token>
                <token content="seatbelts" id="17-14">
                    <pos type="NNS"/>
                    <lemma type="seatbelt"/>
                    <dep head="17-12" type="dobj"/>
                </token>
                <token content="back" id="17-15">
                    <pos type="RB"/>
                    <lemma type="back"/>
                </token>
                <token content="on" id="17-16">
                    <pos type="RB"/>
                    <lemma type="on"/>
                    <dep head="17-12" type="advmod"/>
                </token>
                <token content="and" id="17-17"/>
                <token content="land" id="17-18">
                    <pos type="VB"/>
                    <lemma type="land"/>
                    <dep head="17-12" type="conj"/>
                </token>
                <token content="." id="17-19"/>
            </sentence>
            <sentence id="18">
                <token content="We" id="18-1">
                    <pos type="PRP"/>
                    <lemma type="we"/>
                    <dep head="18-3" type="nsubj"/>
                </token>
                <token content="all" id="18-2">
                    <pos type="DT"/>
                    <lemma type="all"/>
                    <dep head="18-3" type="advmod"/>
                </token>
                <token content="got" id="18-3">
                    <pos type="VBD"/>
                    <lemma type="get"/>
                </token>
                <token content="off" id="18-4">
                    <pos type="RP"/>
                    <lemma type="off"/>
                    <dep head="18-3" type="prt"/>
                </token>
                <token content="the" id="18-5">
                    <pos type="DT"/>
                    <lemma type="the"/>
                </token>
                <token content="plane" id="18-6">
                    <pos type="NN"/>
                    <lemma type="plane"/>
                    <dep head="18-3" type="dobj"/>
                </token>
                <token content="and" id="18-7"/>
                <token content="headed" id="18-8">
                    <pos type="VBD"/>
                    <lemma type="head"/>
                    <dep head="18-3" type="conj"/>
                </token>
                <token content="to" id="18-9"/>
                <token content="the" id="18-10">
                    <pos type="DT"/>
                    <lemma type="the"/>
                </token>
                <token content="baggage" id="18-11">
                    <pos type="NN"/>
                    <lemma type="baggage"/>
                </token>
                <token content="claim" id="18-12">
                    <pos type="NN"/>
                    <lemma type="claim"/>
                </token>
                <token content="area" id="18-13">
                    <pos type="NN"/>
                    <lemma type="area"/>
                    <dep head="18-8" type="prep"/>
                </token>
                <token content="to" id="18-14">
                    <pos type="TO"/>
                    <lemma type="to"/>
                    <dep head="18-15" type="aux"/>
                </token>
                <token content="get" id="18-15">
                    <pos type="VB"/>
                    <lemma type="get"/>
                    <dep head="18-8" type="xcomp"/>
                </token>
                <token content="our" id="18-16">
                    <pos type="PRP$"/>
                    <lemma type="we"/>
                </token>
                <token content="suitcases" id="18-17">
                    <pos type="NNS"/>
                    <lemma type="suitcase"/>
                    <dep head="18-15" type="dobj"/>
                </token>
                <token content="." id="18-18"/>
            </sentence>
            <sentence id="19">
                <token content="Mine" id="19-1">
                    <pos type="PRP"/>
                    <lemma type="mine"/>
                    <dep head="19-2" type="nsubj"/>
                </token>
                <token content="came" id="19-2">
                    <pos type="VBD"/>
                    <lemma type="come"/>
                </token>
                <token content="out" id="19-3">
                    <pos type="RP"/>
                    <lemma type="out"/>
                    <dep head="19-2" type="prt"/>
                </token>
                <token content="pretty" id="19-4">
                    <pos type="RB"/>
                    <lemma type="pretty"/>
                </token>
                <token content="early" id="19-5">
                    <pos type="RB"/>
                    <lemma type="early"/>
                    <dep head="19-2" type="advmod"/>
                </token>
                <token content="," id="19-6"/>
                <token content="so" id="19-7">
                    <pos type="IN"/>
                    <lemma type="so"/>
                    <dep head="19-2" type="dep"/>
                </token>
                <token content="I" id="19-8">
                    <pos type="PRP"/>
                    <lemma type="I"/>
                    <dep head="19-9" type="nsubj"/>
                </token>
                <token content="grabbed" id="19-9">
                    <pos type="VBD"/>
                    <lemma type="grab"/>
                    <dep head="19-2" type="parataxis"/>
                </token>
                <token content="it" id="19-10">
                    <pos type="PRP"/>
                    <lemma type="it"/>
                    <dep head="19-9" type="dobj"/>
                </token>
                <token content="and" id="19-11"/>
                <token content="headed" id="19-12">
                    <pos type="VBD"/>
                    <lemma type="head"/>
                    <dep head="19-9" type="conj"/>
                </token>
                <token content="out" id="19-13"/>
                <token content="of" id="19-14"/>
                <token content="the" id="19-15">
                    <pos type="DT"/>
                    <lemma type="the"/>
                </token>
                <token content="airport" id="19-16">
                    <pos type="NN"/>
                    <lemma type="airport"/>
                    <dep head="19-12" type="prep"/>
                </token>
                <token content="." id="19-17"/>
            </sentence>
            <sentence id="20">
                <token content="It" id="20-1">
                    <pos type="PRP"/>
                    <lemma type="it"/>
                </token>
                <token content="was" id="20-2">
                    <pos type="VBD"/>
                    <lemma type="be"/>
                </token>
                <token content="a" id="20-3">
                    <pos type="DT"/>
                    <lemma type="a"/>
                </token>
                <token content="great" id="20-4">
                    <pos type="JJ"/>
                    <lemma type="great"/>
                </token>
                <token content="flight" id="20-5">
                    <pos type="NN"/>
                    <lemma type="flight"/>
                </token>
                <token content="and" id="20-6"/>
                <token content="I" id="20-7">
                    <pos type="PRP"/>
                    <lemma type="I"/>
                    <dep head="20-8" type="nsubj"/>
                </token>
                <token content="had" id="20-8">
                    <pos type="VBD"/>
                    <lemma type="have"/>
                </token>
                <token content="a" id="20-9">
                    <pos type="DT"/>
                    <lemma type="a"/>
                </token>
                <token content="good" id="20-10">
                    <pos type="JJ"/>
                    <lemma type="good"/>
                </token>
                <token content="time" id="20-11">
                    <pos type="NN"/>
                    <lemma type="time"/>
                    <dep head="20-8" type="dobj"/>
                </token>
                <token content="visiting" id="20-12">
                    <pos type="VBG"/>
                    <lemma type="visit"/>
                </token>
                <token content="my" id="20-13">
                    <pos type="PRP$"/>
                    <lemma type="my"/>
                </token>
                <token content="aunt" id="20-14">
                    <pos type="NN"/>
                    <lemma type="aunt"/>
                    <dep head="20-12" type="dobj"/>
                </token>
                <token content="." id="20-15"/>
            </sentence>
        </sentences>
    </text>
    <annotations>
        <participants>
            <label from="1-2" id="0" name="NPart" text="week" type="participant"/>
            <label from="1-3" id="1" name="ScrPart_passenger" text="I" type="participant"/>
            <label from="1-7" id="2" name="ScrPart_plane" text="airplane" type="participant"/>
            <label from="1-10" id="3" name="ScrPart_passenger" text="my" type="participant"/>
            <label from="1-11" id="4" name="NPart" text="aunt" type="participant"/>
            <label from="2-2" id="5" name="ScrPart_passenger" text="I" type="participant"/>
            <label from="2-5" id="6" name="ScrPart_passenger" text="I" type="participant"/>
            <label from="2-7" id="7" name="ScrPart_personal_belongings" text="everything" type="participant"/>
            <label from="2-8" id="8" name="ScrPart_passenger" text="I" type="participant"/>
            <label from="2-12" id="9" name="ScrPart_passenger" text="my" type="participant"/>
            <label from="2-13" id="10" name="ScrPart_check_in_luggage" text="suitcase" type="participant"/>
            <label from="2-17" id="11" name="ScrPart_accomp_person" text="friend" type="participant"/>
            <label from="2-19" id="12" name="ScrPart_passenger" text="me" type="participant"/>
            <label from="2-22" id="13" name="ScrPart_airport" text="airport" type="participant"/>
            <label from="3-1" id="14" name="ScrPart_passenger" text="I" type="participant"/>
            <label from="3-6" id="15" name="ScrPart_check_in_desk" text="airline desk" to="3-7" type="participant"/>
            <label from="3-7" id="16" name="ScrPart_check_in_desk" text="desk" type="participant"/>
            <label from="3-10" id="17" name="ScrPart_staff" text="them" type="participant"/>
            <label from="3-11" id="18" name="ScrPart_passenger" text="my" type="participant"/>
            <label from="3-12" id="19" name="ScrPart_check_in_luggage" text="suitcase" type="participant"/>
            <label from="3-17" id="20" name="ScrPart_plane" text="plane" type="participant"/>
            <label from="4-2" id="21" name="No_label" text="it" type="participant"/>
            <label from="4-4" id="22" name="No_label" text="time" type="participant"/>
            <label from="4-9" id="23" name="ScrPart_security_check" text="security checkpoint" to="4-10" type="participant"/>
            <label from="4-10" id="24" name="ScrPart_security_check" text="checkpoint" type="participant"/>
            <label from="4-15" id="25" name="ScrPart_terminal/gate" text="terminal" type="participant"/>
            <label from="4-17" id="26" name="ScrPart_passenger" text="I" type="participant"/>
            <label from="4-22" id="27" name="ScrPart_plane" text="airplane" type="participant"/>
            <label from="5-4" id="28" name="NPart" text="problems" type="participant"/>
            <label from="5-6" id="29" name="ScrPart_security_check" text="security" type="participant"/>
            <label from="5-9" id="30" name="ScrPart_passenger" text="I" type="participant"/>
            <label from="5-13" id="31" name="ScrPart_terminal/gate" text="terminal" type="participant"/>
            <label from="5-17" id="32" name="ScrPart_passenger" text="my" type="participant"/>
            <label from="5-18" id="33" name="ScrPart_flight" text="flight" type="participant"/>
            <label from="5-22" id="34" name="ScrPart_passenger" text="people" type="participant"/>
            <label from="5-26" id="35" name="ScrPart_plane" text="plane" type="participant"/>
            <label from="6-3" id="36" name="No_label" text="way" type="participant"/>
            <label from="6-4" id="37" name="ScrPart_passenger" text="I" type="participant"/>
            <label from="6-7" id="38" name="ScrPart_in-flight_entertainment" text="magazine" type="participant"/>
            <label from="6-9" id="39" name="ScrPart_passenger" text="I" type="participant"/>
            <label from="6-12" id="40" name="ScrPart_in-flight_entertainment" text="something" type="participant"/>
            <label from="7-2" id="41" name="ScrPart_passenger" text="I" type="participant"/>
            <label from="7-5" id="42" name="ScrPart_seat" text="seat" type="participant"/>
            <label from="7-8" id="43" name="ScrPart_terminal/gate" text="terminal" type="participant"/>
            <label from="7-10" id="44" name="ScrPart_passenger" text="I" type="participant"/>
            <label from="7-18" id="45" name="ScrPart_passenger" text="my" type="participant"/>
            <label from="7-19" id="46" name="ScrPart_in-flight_entertainment" text="magazine" type="participant"/>
            <label from="8-3" id="47" name="ScrPart_time/date" text="20 minutes" to="8-4" type="participant"/>
            <label from="8-6" id="48" name="ScrPart_plane" text="plane" type="participant"/>
            <label from="9-1" id="49" name="ScrPart_passenger" text="I" type="participant"/>
            <label from="9-4" id="50" name="ScrPart_line" text="line" type="participant"/>
            <label from="9-7" id="51" name="ScrPart_passenger" text="my" type="participant"/>
            <label from="9-8" id="52" name="ScrPart_ticket" text="ticket" type="participant"/>
            <label from="9-13" id="53" name="ScrPart_location_airplane_indoor" text="walkway" type="participant"/>
            <label from="9-16" id="54" name="ScrPart_plane" text="plane" type="participant"/>
            <label from="10-2" id="55" name="ScrPart_passenger" text="I" type="participant"/>
            <label from="10-4" id="56" name="ScrPart_passenger" text="my" type="participant"/>
            <label from="10-5" id="57" name="ScrPart_seat" text="seat" type="participant"/>
            <label from="10-7" id="58" name="ScrPart_passenger" text="I" type="participant"/>
            <label from="10-12" id="59" name="ScrPart_seat" text="it" type="participant"/>
            <label from="10-16" id="60" name="ScrPart_in-flight_entertainment" text="window" type="participant"/>
            <label from="10-18" id="61" name="ScrPart_passenger" text="I" type="participant"/>
            <label from="10-23" id="62" name="Unclear" text="we" type="participant"/>
            <label from="11-1" id="63" name="No_label" text="It" type="participant"/>
            <label from="11-4" id="64" name="ScrPart_time/date" text="15 minutes" to="11-5" type="participant"/>
            <label from="11-8" id="65" name="ScrPart_passenger" text="everyone" type="participant"/>
            <label from="11-13" id="66" name="No_label" text="it" type="participant"/>
            <label from="11-15" id="67" name="No_label" text="time" type="participant"/>
            <label from="12-2" id="68" name="ScrPart_staff" text="flight attendant" to="12-3" type="participant"/>
            <label from="12-3" id="69" name="ScrPart_staff" text="attendant" type="participant"/>
            <label from="12-5" id="70" name="ScrPart_passenger" text="us" type="participant"/>
            <label from="12-8" id="71" name="ScrPart_location_airplane_indoor" text="exits" type="participant"/>
            <label from="12-12" id="72" name="ScrPart_passenger" text="we" type="participant"/>
            <label from="12-14" id="73" name="ScrPart_passenger" text="our" type="participant"/>
            <label from="12-15" id="74" name="ScrPart_seat_belt" text="seatbelts" type="participant"/>
            <label from="12-18" id="75" name="ScrPart_plane" text="plane" type="participant"/>
            <label from="13-2" id="76" name="ScrPart_staff" text="captain" type="participant"/>
            <label from="13-6" id="77" name="NPart" text="weather" type="participant"/>
            <label from="13-10" id="78" name="ScrPart_passenger" text="we" type="participant"/>
            <label from="13-15" id="79" name="ScrPart_flight" text="flight" type="participant"/>
            <label from="14-2" id="80" name="ScrPart_staff" text="he" type="participant"/>
            <label from="14-5" id="81" name="NPart" text="engines" type="participant"/>
            <label from="14-10" id="82" name="Unclear" text="we" type="participant"/>
            <label from="14-14" id="83" name="ScrPart_location_airplane" text="runway" type="participant"/>
            <label from="14-20" id="84" name="ScrPart_location_airplane" text="sky" type="participant"/>
            <label from="15-2" id="85" name="ScrPart_passenger" text="we" type="participant"/>
            <label from="15-5" id="86" name="ScrPart_passenger" text="our" type="participant"/>
            <label from="15-6" id="87" name="ScrPart_seat_belt" text="seatbelts" type="participant"/>
            <label from="15-9" id="88" name="ScrPart_passenger" text="I" type="participant"/>
            <label from="15-12" id="89" name="ScrPart_in-flight_entertainment" text="soda" type="participant"/>
            <label from="15-15" id="90" name="ScrPart_staff" text="flight attendant" to="15-16" type="participant"/>
            <label from="15-16" id="91" name="ScrPart_staff" text="attendant" type="participant"/>
            <label from="15-19" id="92" name="ScrPart_passenger" text="my" type="participant"/>
            <label from="15-20" id="93" name="ScrPart_in-flight_entertainment" text="magazine" type="participant"/>
            <label from="16-7" id="94" name="ScrPart_in-flight_entertainment" text="window" type="participant"/>
            <label from="16-10" id="95" name="ScrPart_in-flight_entertainment" text="clouds" type="participant"/>
            <label from="16-12" id="96" name="Unclear" text="us" type="participant"/>
            <label from="16-14" id="97" name="ScrPart_flight" text="flight" type="participant"/>
            <label from="17-1" id="98" name="ScrPart_passenger" text="I" type="participant"/>
            <label from="17-8" id="99" name="No_label" text="it" type="participant"/>
            <label from="17-10" id="100" name="ScrPart_time/date" text="time" type="participant"/>
            <label from="17-13" id="101" name="ScrPart_passenger" text="our" type="participant"/>
            <label from="17-14" id="102" name="ScrPart_seat_belt" text="seatbelts" type="participant"/>
            <label from="18-1" id="103" name="ScrPart_passenger" text="We" type="participant"/>
            <label from="18-6" id="104" name="ScrPart_plane" text="plane" type="participant"/>
            <label from="18-11" id="105" name="ScrPart_airport" text="baggage claim area" to="18-13" type="participant"/>
            <label from="18-13" id="106" name="ScrPart_airport" text="area" type="participant"/>
            <label from="18-16" id="107" name="ScrPart_passenger" text="our" type="participant"/>
            <label from="18-17" id="108" name="ScrPart_check_in_luggage" text="suitcases" type="participant"/>
            <label from="19-1" id="109" name="ScrPart_check_in_luggage" text="Mine" type="participant"/>
            <label from="19-8" id="110" name="ScrPart_passenger" text="I" type="participant"/>
            <label from="19-10" id="111" name="ScrPart_check_in_luggage" text="it" type="participant"/>
            <label from="19-16" id="112" name="ScrPart_airport" text="airport" type="participant"/>
            <label from="20-1" id="113" name="No_label" text="It" type="participant"/>
            <label from="20-5" id="114" name="ScrPart_flight" text="flight" type="participant"/>
            <label from="20-7" id="115" name="ScrPart_passenger" text="I" type="participant"/>
            <label from="20-11" id="116" name="No_label" text="time" type="participant"/>
            <label from="20-13" id="117" name="ScrPart_passenger" text="my" type="participant"/>
            <label from="20-14" id="118" name="NPart" text="aunt" type="participant"/>
        </participants>
        <events>
            <label from="1-4" id="119" name="Evoking" text="flew on an airplane" to="1-7" type="event"/>
            <label from="1-9" id="120" name="UnrelEv" text="visit" type="event"/>
            <label from="2-3" id="121" name="UnrelEv" text="made sure" to="2-4" type="event"/>
            <label from="2-6" id="122" name="ScrEv_pack_luggage" text="packed" type="event"/>
            <label from="2-10" id="123" name="UnrelEv" text="need" type="event"/>
            <label from="2-15" id="124" name="UnrelEv" text="had" type="event"/>
            <label from="2-18" id="125" name="ScrEv_get_airport" text="drive" type="event"/>
            <label from="3-2" id="126" name="ScrEv_check_in" text="checked in" to="3-3" type="event"/>
            <label from="3-9" id="127" name="ScrEv_check_luggage" text="gave" type="event"/>
            <label from="3-14" id="128" name="RelNScrEv" text="load" type="event"/>
            <label from="4-3" id="129" name="UnrelEv" text="was" type="event"/>
            <label from="4-6" id="130" name="ScrEv_go_security_checks" text="go through" to="4-7" type="event"/>
            <label from="4-12" id="131" name="ScrEv_find_terminal" text="head" type="event"/>
            <label from="4-19" id="132" name="ScrEv_board_plane" text="get onto" to="4-20" type="event"/>
            <label from="5-2" id="133" name="ScrEv_go_security_checks" text="were" type="event"/>
            <label from="5-10" id="134" name="ScrEv_find_terminal" text="headed" type="event"/>
            <label from="5-15" id="135" name="ScrEv_wait_boarding" text="wait for" to="5-16" type="event"/>
            <label from="5-20" id="136" name="UnrelEv" text="start" type="event"/>
            <label from="5-21" id="137" name="UnrelEv" text="letting" type="event"/>
            <label from="5-23" id="138" name="ScrEv_board_plane" text="get on" to="5-24" type="event"/>
            <label from="6-5" id="139" name="RelNScrEv" text="bought" type="event"/>
            <label from="6-11" id="140" name="UnrelEv" text="have" type="event"/>
            <label from="6-14" id="141" name="ScrEv_spend_time_flight" text="read" type="event"/>
            <label from="7-3" id="142" name="RelNScrEv" text="found" type="event"/>
            <label from="7-11" id="143" name="ScrEv_wait_boarding" text="sat back" to="7-12" type="event"/>
            <label from="7-14" id="144" name="UnrelEv" text="started" type="event"/>
            <label from="7-16" id="145" name="ScrEv_spend_time_flight" text="look through" to="7-17" type="event"/>
            <label from="8-7" id="146" name="UnrelEv" text="started" type="event"/>
            <label from="8-8" id="147" name="ScrEv_take_off_preparations" text="loading" type="event"/>
            <label from="9-2" id="148" name="ScrEv_wait" text="got" type="event"/>
            <label from="9-6" id="149" name="ScrEv_present_ID/ticket" text="showed" type="event"/>
            <label from="9-10" id="150" name="ScrEv_board_plane" text="headed down" to="9-11" type="event"/>
            <label from="10-3" id="151" name="ScrEv_take_seat" text="found" type="event"/>
            <label from="10-8" id="152" name="UnrelEv" text="was" type="event"/>
            <label from="10-11" id="153" name="UnrelEv" text="see" type="event"/>
            <label from="10-13" id="154" name="UnrelEv" text="was" type="event"/>
            <label from="10-20" id="155" name="ScrEv_spend_time_flight" text="look out" to="10-21" type="event"/>
            <label from="10-24" id="156" name="ScrEv_take_off" text="went" type="event"/>
            <label from="11-2" id="157" name="UnrelEv" text="took" type="event"/>
            <label from="11-7" id="158" name="UnrelEv" text="get" type="event"/>
            <label from="11-9" id="159" name="ScrEv_take_seat" text="settled in" to="11-10" type="event"/>
            <label from="11-14" id="160" name="UnrelEv" text="was" type="event"/>
            <label from="11-17" id="161" name="ScrEv_take_off" text="go" type="event"/>
            <label from="12-4" id="162" name="ScrEv_listen_crew" text="told" type="event"/>
            <label from="12-9" id="163" name="UnrelEv" text="were" type="event"/>
            <label from="12-13" id="164" name="ScrEv_buckle_seat_belt" text="buckled" type="event"/>
            <label from="12-19" id="165" name="UnrelEv" text="started" type="event"/>
            <label from="12-20" id="166" name="ScrEv_take_off" text="moving" type="event"/>
            <label from="13-3" id="167" name="ScrEv_listen_crew" text="announced" type="event"/>
            <label from="13-7" id="168" name="UnrelEv" text="was" type="event"/>
            <label from="13-12" id="169" name="Evoking" text="have a great flight" to="13-15" type="event"/>
            <label from="14-3" id="170" name="ScrEv_take_off_preparations" text="brought" type="event"/>
            <label from="14-11" id="171" name="ScrEv_take_off" text="headed down" to="14-12" type="event"/>
            <label from="14-16" id="172" name="ScrEv_take_off" text="lifted off" to="14-17" type="event"/>
            <label from="15-4" id="173" name="ScrEv_other" text="take" type="event"/>
            <label from="15-10" id="174" name="ScrEv_spend_time_flight" text="got" type="event"/>
            <label from="15-18" id="175" name="ScrEv_spend_time_flight" text="got" type="event"/>
            <label from="16-2" id="176" name="ScrEv_spend_time_flight" text="reading" type="event"/>
            <label from="16-4" id="177" name="ScrEv_spend_time_flight" text="looking out" to="16-5" type="event"/>
            <label from="16-15" id="178" name="Unclear" text="went" type="event"/>
            <label from="17-5" id="179" name="UnrelEv" text="finish" type="event"/>
            <label from="17-6" id="180" name="ScrEv_spend_time_flight" text="reading" type="event"/>
            <label from="17-9" id="181" name="UnrelEv" text="was" type="event"/>
            <label from="17-12" id="182" name="ScrEv_buckle_seat_belt" text="put" type="event"/>
            <label from="17-18" id="183" name="ScrEv_landing" text="land" type="event"/>
            <label from="18-3" id="184" name="ScrEv_exit_plane" text="got off" to="18-4" type="event"/>
            <label from="18-8" id="185" name="ScrEv_get_destination_airport" text="headed" type="event"/>
            <label from="18-15" id="186" name="ScrEv_retrieve_luggage" text="get" type="event"/>
            <label from="19-2" id="187" name="ScrEv_retrieve_luggage" text="came out" to="19-3" type="event"/>
            <label from="19-9" id="188" name="ScrEv_retrieve_luggage" text="grabbed" type="event"/>
            <label from="19-12" id="189" name="ScrEv_go_target_location" text="headed out" to="19-13" type="event"/>
            <label from="20-2" id="190" name="UnrelEv" text="was" type="event"/>
            <label from="20-8" id="191" name="UnrelEv" text="had" type="event"/>
            <label from="20-12" id="192" name="UnrelEv" text="visiting" type="event"/>
        </events>
        <chains>
            <chain elements="3 1 5 6 8 9 12 14 18 26 30 32 37 39 41 44 45 49 51 55 56 58 61 88 92 98 110 115 117"/>
            <chain elements="20 2 27 35 48 54 75 104"/>
            <chain elements="19 10 108 109 111"/>
            <chain elements="29 24"/>
            <chain elements="31 25 43"/>
            <chain elements="79 33 97 114"/>
            <chain elements="65 34 70 72 73 78 85 86 101 103 107"/>
            <chain elements="40 38 46"/>
            <chain elements="59 57"/>
            <chain elements="82 62 96"/>
            <chain elements="91 69"/>
            <chain elements="87 74 102"/>
            <chain elements="80 76"/>
        </chains>
    </annotations>
</story>
