<?xml version="1.0" encoding="UTF-8" standalone="no"?>
<!DOCTYPE story SYSTEM "../InScript.dtd">
<story id="082" scenario="flight">
    <text>
        <content>Flying in an airplane can be a stressful event for some people , but In essence it 's a simple process . 
You will need to purchase tickets ahead of time to a destination of your choosing . 
Once you decide on your trip , and book any accomodations , you will just need to show up to your airport at least 2 hours in advance . 
It 's important to show up early to prevent rushing , and make sure you get through security in a timely manner . 
Make sure you bring a comfy neck pillow in your carry on , and purchase any beverages after you go through security to take on the plane with you . 
Once through security you can head to your gate and wait until your flight starts boarding . 
When your section is called you can enter the plane , stow away your carry on , and sit back and relax . 
The rest of the work will be done for you , and you can feel free to take a nap or watch an in-flight movie . 
When you arrive at your destination they will have everyone exit the plane , and your vacation can really begin ! </content>
        <sentences>
            <sentence id="1">
                <token content="Flying" id="1-1">
                    <pos type="NNP"/>
                    <lemma type="Flying"/>
                </token>
                <token content="in" id="1-2"/>
                <token content="an" id="1-3">
                    <pos type="DT"/>
                    <lemma type="a"/>
                </token>
                <token content="airplane" id="1-4">
                    <pos type="NN"/>
                    <lemma type="airplane"/>
                </token>
                <token content="can" id="1-5">
                    <pos type="MD"/>
                    <lemma type="can"/>
                </token>
                <token content="be" id="1-6">
                    <pos type="VB"/>
                    <lemma type="be"/>
                </token>
                <token content="a" id="1-7">
                    <pos type="DT"/>
                    <lemma type="a"/>
                </token>
                <token content="stressful" id="1-8">
                    <pos type="JJ"/>
                    <lemma type="stressful"/>
                </token>
                <token content="event" id="1-9">
                    <pos type="NN"/>
                    <lemma type="event"/>
                </token>
                <token content="for" id="1-10"/>
                <token content="some" id="1-11">
                    <pos type="DT"/>
                    <lemma type="some"/>
                </token>
                <token content="people" id="1-12">
                    <pos type="NNS"/>
                    <lemma type="people"/>
                </token>
                <token content="," id="1-13"/>
                <token content="but" id="1-14"/>
                <token content="In" id="1-15"/>
                <token content="essence" id="1-16">
                    <pos type="NN"/>
                    <lemma type="essence"/>
                </token>
                <token content="it" id="1-17">
                    <pos type="PRP"/>
                    <lemma type="it"/>
                </token>
                <token content="'s" id="1-18">
                    <pos type="VBZ"/>
                    <lemma type="be"/>
                </token>
                <token content="a" id="1-19">
                    <pos type="DT"/>
                    <lemma type="a"/>
                </token>
                <token content="simple" id="1-20">
                    <pos type="JJ"/>
                    <lemma type="simple"/>
                </token>
                <token content="process" id="1-21">
                    <pos type="NN"/>
                    <lemma type="process"/>
                </token>
                <token content="." id="1-22"/>
            </sentence>
            <sentence id="2">
                <token content="You" id="2-1">
                    <pos type="PRP"/>
                    <lemma type="you"/>
                    <dep head="2-3" type="nsubj"/>
                </token>
                <token content="will" id="2-2">
                    <pos type="MD"/>
                    <lemma type="will"/>
                    <dep head="2-3" type="aux"/>
                </token>
                <token content="need" id="2-3">
                    <pos type="VB"/>
                    <lemma type="need"/>
                </token>
                <token content="to" id="2-4">
                    <pos type="TO"/>
                    <lemma type="to"/>
                    <dep head="2-5" type="aux"/>
                </token>
                <token content="purchase" id="2-5">
                    <pos type="VB"/>
                    <lemma type="purchase"/>
                    <dep head="2-3" type="xcomp"/>
                </token>
                <token content="tickets" id="2-6">
                    <pos type="NNS"/>
                    <lemma type="ticket"/>
                    <dep head="2-5" type="dobj"/>
                </token>
                <token content="ahead" id="2-7"/>
                <token content="of" id="2-8"/>
                <token content="time" id="2-9">
                    <pos type="NN"/>
                    <lemma type="time"/>
                </token>
                <token content="to" id="2-10"/>
                <token content="a" id="2-11">
                    <pos type="DT"/>
                    <lemma type="a"/>
                </token>
                <token content="destination" id="2-12">
                    <pos type="NN"/>
                    <lemma type="destination"/>
                    <dep head="2-5" type="prep"/>
                </token>
                <token content="of" id="2-13"/>
                <token content="your" id="2-14">
                    <pos type="PRP$"/>
                    <lemma type="you"/>
                </token>
                <token content="choosing" id="2-15">
                    <pos type="NN"/>
                    <lemma type="choosing"/>
                </token>
                <token content="." id="2-16"/>
            </sentence>
            <sentence id="3">
                <token content="Once" id="3-1">
                    <pos type="IN"/>
                    <lemma type="once"/>
                    <dep head="3-3" type="mark"/>
                </token>
                <token content="you" id="3-2">
                    <pos type="PRP"/>
                    <lemma type="you"/>
                    <dep head="3-3" type="nsubj"/>
                </token>
                <token content="decide" id="3-3">
                    <pos type="VBP"/>
                    <lemma type="decide"/>
                    <dep head="3-16" type="advcl"/>
                </token>
                <token content="on" id="3-4"/>
                <token content="your" id="3-5">
                    <pos type="PRP$"/>
                    <lemma type="you"/>
                </token>
                <token content="trip" id="3-6">
                    <pos type="NN"/>
                    <lemma type="trip"/>
                    <dep head="3-3" type="prep"/>
                </token>
                <token content="," id="3-7"/>
                <token content="and" id="3-8"/>
                <token content="book" id="3-9">
                    <pos type="NN"/>
                    <lemma type="book"/>
                </token>
                <token content="any" id="3-10">
                    <pos type="DT"/>
                    <lemma type="any"/>
                </token>
                <token content="accomodations" id="3-11">
                    <pos type="NNS"/>
                    <lemma type="accomodation"/>
                    <dep head="3-3" type="conj"/>
                </token>
                <token content="," id="3-12"/>
                <token content="you" id="3-13">
                    <pos type="PRP"/>
                    <lemma type="you"/>
                    <dep head="3-16" type="nsubj"/>
                </token>
                <token content="will" id="3-14">
                    <pos type="MD"/>
                    <lemma type="will"/>
                    <dep head="3-16" type="aux"/>
                </token>
                <token content="just" id="3-15">
                    <pos type="RB"/>
                    <lemma type="just"/>
                    <dep head="3-16" type="advmod"/>
                </token>
                <token content="need" id="3-16">
                    <pos type="VB"/>
                    <lemma type="need"/>
                </token>
                <token content="to" id="3-17">
                    <pos type="TO"/>
                    <lemma type="to"/>
                    <dep head="3-18" type="aux"/>
                </token>
                <token content="show" id="3-18">
                    <pos type="VB"/>
                    <lemma type="show"/>
                    <dep head="3-16" type="xcomp"/>
                </token>
                <token content="up" id="3-19">
                    <pos type="RP"/>
                    <lemma type="up"/>
                    <dep head="3-18" type="prt"/>
                </token>
                <token content="to" id="3-20"/>
                <token content="your" id="3-21">
                    <pos type="PRP$"/>
                    <lemma type="you"/>
                </token>
                <token content="airport" id="3-22">
                    <pos type="NN"/>
                    <lemma type="airport"/>
                    <dep head="3-18" type="prep"/>
                </token>
                <token content="at" id="3-23">
                    <pos type="IN"/>
                    <lemma type="at"/>
                </token>
                <token content="least" id="3-24">
                    <pos type="JJS"/>
                    <lemma type="least"/>
                </token>
                <token content="2" id="3-25">
                    <pos type="CD"/>
                    <lemma type="2"/>
                </token>
                <token content="hours" id="3-26">
                    <pos type="NNS"/>
                    <lemma type="hour"/>
                    <dep head="3-18" type="dobj"/>
                </token>
                <token content="in" id="3-27"/>
                <token content="advance" id="3-28">
                    <pos type="NN"/>
                    <lemma type="advance"/>
                </token>
                <token content="." id="3-29"/>
            </sentence>
            <sentence id="4">
                <token content="It" id="4-1">
                    <pos type="PRP"/>
                    <lemma type="it"/>
                </token>
                <token content="'s" id="4-2">
                    <pos type="VBZ"/>
                    <lemma type="be"/>
                </token>
                <token content="important" id="4-3">
                    <pos type="JJ"/>
                    <lemma type="important"/>
                </token>
                <token content="to" id="4-4">
                    <pos type="TO"/>
                    <lemma type="to"/>
                    <dep head="4-5" type="aux"/>
                </token>
                <token content="show" id="4-5">
                    <pos type="VB"/>
                    <lemma type="show"/>
                </token>
                <token content="up" id="4-6">
                    <pos type="RB"/>
                    <lemma type="up"/>
                </token>
                <token content="early" id="4-7">
                    <pos type="RB"/>
                    <lemma type="early"/>
                    <dep head="4-5" type="advmod"/>
                </token>
                <token content="to" id="4-8">
                    <pos type="TO"/>
                    <lemma type="to"/>
                    <dep head="4-9" type="aux"/>
                </token>
                <token content="prevent" id="4-9">
                    <pos type="VB"/>
                    <lemma type="prevent"/>
                    <dep head="4-5" type="xcomp"/>
                </token>
                <token content="rushing" id="4-10">
                    <pos type="VBG"/>
                    <lemma type="rush"/>
                    <dep head="4-9" type="xcomp"/>
                </token>
                <token content="," id="4-11"/>
                <token content="and" id="4-12"/>
                <token content="make" id="4-13">
                    <pos type="VB"/>
                    <lemma type="make"/>
                    <dep head="4-9" type="conj"/>
                </token>
                <token content="sure" id="4-14">
                    <pos type="JJ"/>
                    <lemma type="sure"/>
                    <dep head="4-13" type="acomp"/>
                </token>
                <token content="you" id="4-15">
                    <pos type="PRP"/>
                    <lemma type="you"/>
                    <dep head="4-16" type="nsubj"/>
                </token>
                <token content="get" id="4-16">
                    <pos type="VBP"/>
                    <lemma type="get"/>
                </token>
                <token content="through" id="4-17"/>
                <token content="security" id="4-18">
                    <pos type="NN"/>
                    <lemma type="security"/>
                    <dep head="4-16" type="prep"/>
                </token>
                <token content="in" id="4-19"/>
                <token content="a" id="4-20">
                    <pos type="DT"/>
                    <lemma type="a"/>
                </token>
                <token content="timely" id="4-21">
                    <pos type="JJ"/>
                    <lemma type="timely"/>
                </token>
                <token content="manner" id="4-22">
                    <pos type="NN"/>
                    <lemma type="manner"/>
                </token>
                <token content="." id="4-23"/>
            </sentence>
            <sentence id="5">
                <token content="Make" id="5-1">
                    <pos type="VB"/>
                    <lemma type="make"/>
                </token>
                <token content="sure" id="5-2">
                    <pos type="JJ"/>
                    <lemma type="sure"/>
                    <dep head="5-1" type="acomp"/>
                </token>
                <token content="you" id="5-3">
                    <pos type="PRP"/>
                    <lemma type="you"/>
                    <dep head="5-4" type="nsubj"/>
                </token>
                <token content="bring" id="5-4">
                    <pos type="VBP"/>
                    <lemma type="bring"/>
                </token>
                <token content="a" id="5-5">
                    <pos type="DT"/>
                    <lemma type="a"/>
                </token>
                <token content="comfy" id="5-6">
                    <pos type="JJ"/>
                    <lemma type="comfy"/>
                </token>
                <token content="neck" id="5-7">
                    <pos type="NN"/>
                    <lemma type="neck"/>
                </token>
                <token content="pillow" id="5-8">
                    <pos type="NN"/>
                    <lemma type="pillow"/>
                    <dep head="5-4" type="dobj"/>
                </token>
                <token content="in" id="5-9"/>
                <token content="your" id="5-10">
                    <pos type="PRP$"/>
                    <lemma type="you"/>
                </token>
                <token content="carry" id="5-11">
                    <pos type="NN"/>
                    <lemma type="carry"/>
                </token>
                <token content="on" id="5-12">
                    <pos type="RP"/>
                    <lemma type="on"/>
                    <dep head="5-4" type="prt"/>
                </token>
                <token content="," id="5-13"/>
                <token content="and" id="5-14"/>
                <token content="purchase" id="5-15">
                    <pos type="VB"/>
                    <lemma type="purchase"/>
                    <dep head="5-1" type="conj"/>
                </token>
                <token content="any" id="5-16">
                    <pos type="DT"/>
                    <lemma type="any"/>
                </token>
                <token content="beverages" id="5-17">
                    <pos type="NNS"/>
                    <lemma type="beverage"/>
                    <dep head="5-15" type="dobj"/>
                </token>
                <token content="after" id="5-18">
                    <pos type="IN"/>
                    <lemma type="after"/>
                    <dep head="5-20" type="mark"/>
                </token>
                <token content="you" id="5-19">
                    <pos type="PRP"/>
                    <lemma type="you"/>
                    <dep head="5-20" type="nsubj"/>
                </token>
                <token content="go" id="5-20">
                    <pos type="VBP"/>
                    <lemma type="go"/>
                    <dep head="5-15" type="advcl"/>
                </token>
                <token content="through" id="5-21"/>
                <token content="security" id="5-22">
                    <pos type="NN"/>
                    <lemma type="security"/>
                    <dep head="5-20" type="prep"/>
                </token>
                <token content="to" id="5-23">
                    <pos type="TO"/>
                    <lemma type="to"/>
                    <dep head="5-24" type="aux"/>
                </token>
                <token content="take" id="5-24">
                    <pos type="VB"/>
                    <lemma type="take"/>
                    <dep head="5-20" type="xcomp"/>
                </token>
                <token content="on" id="5-25"/>
                <token content="the" id="5-26">
                    <pos type="DT"/>
                    <lemma type="the"/>
                </token>
                <token content="plane" id="5-27">
                    <pos type="NN"/>
                    <lemma type="plane"/>
                    <dep head="5-24" type="prep"/>
                </token>
                <token content="with" id="5-28"/>
                <token content="you" id="5-29">
                    <pos type="PRP"/>
                    <lemma type="you"/>
                </token>
                <token content="." id="5-30"/>
            </sentence>
            <sentence id="6">
                <token content="Once" id="6-1">
                    <pos type="RB"/>
                    <lemma type="once"/>
                    <dep head="6-6" type="advmod"/>
                </token>
                <token content="through" id="6-2"/>
                <token content="security" id="6-3">
                    <pos type="NN"/>
                    <lemma type="security"/>
                </token>
                <token content="you" id="6-4">
                    <pos type="PRP"/>
                    <lemma type="you"/>
                    <dep head="6-6" type="nsubj"/>
                </token>
                <token content="can" id="6-5">
                    <pos type="MD"/>
                    <lemma type="can"/>
                    <dep head="6-6" type="aux"/>
                </token>
                <token content="head" id="6-6">
                    <pos type="VB"/>
                    <lemma type="head"/>
                </token>
                <token content="to" id="6-7"/>
                <token content="your" id="6-8">
                    <pos type="PRP$"/>
                    <lemma type="you"/>
                </token>
                <token content="gate" id="6-9">
                    <pos type="NN"/>
                    <lemma type="gate"/>
                    <dep head="6-6" type="prep"/>
                </token>
                <token content="and" id="6-10"/>
                <token content="wait" id="6-11">
                    <pos type="VB"/>
                    <lemma type="wait"/>
                    <dep head="6-6" type="conj"/>
                </token>
                <token content="until" id="6-12">
                    <pos type="IN"/>
                    <lemma type="until"/>
                    <dep head="6-15" type="mark"/>
                </token>
                <token content="your" id="6-13">
                    <pos type="PRP$"/>
                    <lemma type="you"/>
                </token>
                <token content="flight" id="6-14">
                    <pos type="NN"/>
                    <lemma type="flight"/>
                    <dep head="6-15" type="nsubj"/>
                </token>
                <token content="starts" id="6-15">
                    <pos type="VBZ"/>
                    <lemma type="start"/>
                    <dep head="6-11" type="advcl"/>
                </token>
                <token content="boarding" id="6-16">
                    <pos type="VBG"/>
                    <lemma type="board"/>
                    <dep head="6-15" type="xcomp"/>
                </token>
                <token content="." id="6-17"/>
            </sentence>
            <sentence id="7">
                <token content="When" id="7-1">
                    <pos type="WRB"/>
                    <lemma type="when"/>
                    <dep head="7-5" type="advmod"/>
                </token>
                <token content="your" id="7-2">
                    <pos type="PRP$"/>
                    <lemma type="you"/>
                </token>
                <token content="section" id="7-3">
                    <pos type="NN"/>
                    <lemma type="section"/>
                    <dep head="7-5" type="nsubjpass"/>
                </token>
                <token content="is" id="7-4">
                    <pos type="VBZ"/>
                    <lemma type="be"/>
                    <dep head="7-5" type="auxpass"/>
                </token>
                <token content="called" id="7-5">
                    <pos type="VBN"/>
                    <lemma type="call"/>
                    <dep head="7-8" type="advcl"/>
                </token>
                <token content="you" id="7-6">
                    <pos type="PRP"/>
                    <lemma type="you"/>
                    <dep head="7-8" type="nsubj"/>
                </token>
                <token content="can" id="7-7">
                    <pos type="MD"/>
                    <lemma type="can"/>
                    <dep head="7-8" type="aux"/>
                </token>
                <token content="enter" id="7-8">
                    <pos type="VB"/>
                    <lemma type="enter"/>
                </token>
                <token content="the" id="7-9">
                    <pos type="DT"/>
                    <lemma type="the"/>
                </token>
                <token content="plane" id="7-10">
                    <pos type="NN"/>
                    <lemma type="plane"/>
                    <dep head="7-8" type="dobj"/>
                </token>
                <token content="," id="7-11"/>
                <token content="stow" id="7-12">
                    <pos type="VB"/>
                    <lemma type="stow"/>
                    <dep head="7-8" type="conj"/>
                </token>
                <token content="away" id="7-13">
                    <pos type="RP"/>
                    <lemma type="away"/>
                    <dep head="7-12" type="prt"/>
                </token>
                <token content="your" id="7-14">
                    <pos type="PRP$"/>
                    <lemma type="you"/>
                </token>
                <token content="carry" id="7-15">
                    <pos type="NN"/>
                    <lemma type="carry"/>
                    <dep head="7-12" type="dobj"/>
                </token>
                <token content="on" id="7-16">
                    <pos type="IN"/>
                    <lemma type="on"/>
                    <dep head="7-12" type="prep"/>
                </token>
                <token content="," id="7-17"/>
                <token content="and" id="7-18"/>
                <token content="sit" id="7-19">
                    <pos type="VB"/>
                    <lemma type="sit"/>
                    <dep head="7-8" type="conj"/>
                </token>
                <token content="back" id="7-20">
                    <pos type="RB"/>
                    <lemma type="back"/>
                    <dep head="7-19" type="advmod"/>
                </token>
                <token content="and" id="7-21"/>
                <token content="relax" id="7-22">
                    <pos type="VB"/>
                    <lemma type="relax"/>
                    <dep head="7-19" type="conj"/>
                </token>
                <token content="." id="7-23"/>
            </sentence>
            <sentence id="8">
                <token content="The" id="8-1">
                    <pos type="DT"/>
                    <lemma type="the"/>
                </token>
                <token content="rest" id="8-2">
                    <pos type="NN"/>
                    <lemma type="rest"/>
                    <dep head="8-8" type="nsubjpass"/>
                </token>
                <token content="of" id="8-3"/>
                <token content="the" id="8-4">
                    <pos type="DT"/>
                    <lemma type="the"/>
                </token>
                <token content="work" id="8-5">
                    <pos type="NN"/>
                    <lemma type="work"/>
                </token>
                <token content="will" id="8-6">
                    <pos type="MD"/>
                    <lemma type="will"/>
                    <dep head="8-8" type="aux"/>
                </token>
                <token content="be" id="8-7">
                    <pos type="VB"/>
                    <lemma type="be"/>
                    <dep head="8-8" type="auxpass"/>
                </token>
                <token content="done" id="8-8">
                    <pos type="VBN"/>
                    <lemma type="do"/>
                </token>
                <token content="for" id="8-9"/>
                <token content="you" id="8-10">
                    <pos type="PRP"/>
                    <lemma type="you"/>
                    <dep head="8-8" type="prep"/>
                </token>
                <token content="," id="8-11"/>
                <token content="and" id="8-12"/>
                <token content="you" id="8-13">
                    <pos type="PRP"/>
                    <lemma type="you"/>
                    <dep head="8-15" type="nsubj"/>
                </token>
                <token content="can" id="8-14">
                    <pos type="MD"/>
                    <lemma type="can"/>
                    <dep head="8-15" type="aux"/>
                </token>
                <token content="feel" id="8-15">
                    <pos type="VB"/>
                    <lemma type="feel"/>
                    <dep head="8-8" type="conj"/>
                </token>
                <token content="free" id="8-16">
                    <pos type="JJ"/>
                    <lemma type="free"/>
                    <dep head="8-15" type="acomp"/>
                </token>
                <token content="to" id="8-17">
                    <pos type="TO"/>
                    <lemma type="to"/>
                    <dep head="8-18" type="aux"/>
                </token>
                <token content="take" id="8-18">
                    <pos type="VB"/>
                    <lemma type="take"/>
                </token>
                <token content="a" id="8-19">
                    <pos type="DT"/>
                    <lemma type="a"/>
                </token>
                <token content="nap" id="8-20">
                    <pos type="NN"/>
                    <lemma type="nap"/>
                    <dep head="8-18" type="dobj"/>
                </token>
                <token content="or" id="8-21"/>
                <token content="watch" id="8-22">
                    <pos type="VB"/>
                    <lemma type="watch"/>
                    <dep head="8-18" type="conj"/>
                </token>
                <token content="an" id="8-23">
                    <pos type="DT"/>
                    <lemma type="a"/>
                </token>
                <token content="in-flight" id="8-24">
                    <pos type="JJ"/>
                    <lemma type="in-flight"/>
                </token>
                <token content="movie" id="8-25">
                    <pos type="NN"/>
                    <lemma type="movie"/>
                    <dep head="8-22" type="dobj"/>
                </token>
                <token content="." id="8-26"/>
            </sentence>
            <sentence id="9">
                <token content="When" id="9-1">
                    <pos type="WRB"/>
                    <lemma type="when"/>
                    <dep head="9-3" type="advmod"/>
                </token>
                <token content="you" id="9-2">
                    <pos type="PRP"/>
                    <lemma type="you"/>
                    <dep head="9-3" type="nsubj"/>
                </token>
                <token content="arrive" id="9-3">
                    <pos type="VBP"/>
                    <lemma type="arrive"/>
                    <dep head="9-9" type="advcl"/>
                </token>
                <token content="at" id="9-4"/>
                <token content="your" id="9-5">
                    <pos type="PRP$"/>
                    <lemma type="you"/>
                </token>
                <token content="destination" id="9-6">
                    <pos type="NN"/>
                    <lemma type="destination"/>
                    <dep head="9-3" type="prep"/>
                </token>
                <token content="they" id="9-7">
                    <pos type="PRP"/>
                    <lemma type="they"/>
                    <dep head="9-9" type="nsubj"/>
                </token>
                <token content="will" id="9-8">
                    <pos type="MD"/>
                    <lemma type="will"/>
                    <dep head="9-9" type="aux"/>
                </token>
                <token content="have" id="9-9">
                    <pos type="VB"/>
                    <lemma type="have"/>
                </token>
                <token content="everyone" id="9-10">
                    <pos type="NN"/>
                    <lemma type="everyone"/>
                    <dep head="9-11" type="nsubj"/>
                </token>
                <token content="exit" id="9-11">
                    <pos type="VB"/>
                    <lemma type="exit"/>
                    <dep head="9-9" type="ccomp"/>
                </token>
                <token content="the" id="9-12">
                    <pos type="DT"/>
                    <lemma type="the"/>
                </token>
                <token content="plane" id="9-13">
                    <pos type="NN"/>
                    <lemma type="plane"/>
                    <dep head="9-11" type="dobj"/>
                </token>
                <token content="," id="9-14"/>
                <token content="and" id="9-15"/>
                <token content="your" id="9-16">
                    <pos type="PRP$"/>
                    <lemma type="you"/>
                </token>
                <token content="vacation" id="9-17">
                    <pos type="NN"/>
                    <lemma type="vacation"/>
                    <dep head="9-20" type="nsubj"/>
                </token>
                <token content="can" id="9-18">
                    <pos type="MD"/>
                    <lemma type="can"/>
                    <dep head="9-20" type="aux"/>
                </token>
                <token content="really" id="9-19">
                    <pos type="RB"/>
                    <lemma type="really"/>
                    <dep head="9-20" type="advmod"/>
                </token>
                <token content="begin" id="9-20">
                    <pos type="VB"/>
                    <lemma type="begin"/>
                    <dep head="9-9" type="conj"/>
                </token>
                <token content="!" id="9-21"/>
            </sentence>
        </sentences>
    </text>
    <annotations>
        <participants>
            <label from="1-4" id="0" name="ScrPart_plane" text="airplane" type="participant"/>
            <label from="1-9" id="1" name="NPart" text="event" type="participant"/>
            <label from="1-12" id="2" name="ScrPart_passenger" text="people" type="participant"/>
            <label from="1-16" id="3" name="No_label" text="essence" type="participant"/>
            <label from="1-17" id="4" name="No_label" text="it" type="participant"/>
            <label from="1-21" id="5" name="NPart" text="process" type="participant"/>
            <label from="2-1" id="6" name="ScrPart_passenger" text="You" type="participant"/>
            <label from="2-6" id="7" name="ScrPart_ticket" text="tickets" type="participant"/>
            <label from="2-9" id="8" name="No_label" text="time" type="participant"/>
            <label from="2-12" id="9" name="ScrPart_target_location" text="destination" type="participant"/>
            <label from="2-14" id="10" name="ScrPart_passenger" text="your" type="participant"/>
            <label from="3-2" id="11" name="ScrPart_passenger" text="you" type="participant"/>
            <label from="3-5" id="12" name="ScrPart_passenger" text="your" type="participant"/>
            <label from="3-6" id="13" name="NPart" text="trip" type="participant"/>
            <label from="3-11" id="14" name="NPart" text="accomodations" type="participant"/>
            <label from="3-13" id="15" name="ScrPart_passenger" text="you" type="participant"/>
            <label from="3-21" id="16" name="ScrPart_passenger" text="your" type="participant"/>
            <label from="3-22" id="17" name="ScrPart_airport" text="airport" type="participant"/>
            <label from="3-25" id="18" name="ScrPart_time/date" text="2 hours" to="3-26" type="participant"/>
            <label from="3-28" id="19" name="No_label" text="advance" type="participant"/>
            <label from="4-1" id="20" name="No_label" text="It" type="participant"/>
            <label from="4-15" id="21" name="ScrPart_passenger" text="you" type="participant"/>
            <label from="4-18" id="22" name="ScrPart_security_check" text="security" type="participant"/>
            <label from="4-22" id="23" name="No_label" text="manner" type="participant"/>
            <label from="5-3" id="24" name="ScrPart_passenger" text="you" type="participant"/>
            <label from="5-7" id="25" name="ScrPart_in-flight_entertainment" text="neck pillow" to="5-8" type="participant"/>
            <label from="5-8" id="26" name="ScrPart_in-flight_entertainment" text="pillow" type="participant"/>
            <label from="5-10" id="27" name="ScrPart_passenger" text="your" type="participant"/>
            <label from="5-11" id="28" name="ScrPart_carry_on_luggage" text="carry on" to="5-12" type="participant"/>
            <label from="5-17" id="29" name="NPart" text="beverages" type="participant"/>
            <label from="5-19" id="30" name="ScrPart_passenger" text="you" type="participant"/>
            <label from="5-22" id="31" name="ScrPart_security_check" text="security" type="participant"/>
            <label from="5-27" id="32" name="ScrPart_plane" text="plane" type="participant"/>
            <label from="5-29" id="33" name="ScrPart_passenger" text="you" type="participant"/>
            <label from="6-3" id="34" name="ScrPart_security_check" text="security" type="participant"/>
            <label from="6-4" id="35" name="ScrPart_passenger" text="you" type="participant"/>
            <label from="6-8" id="36" name="ScrPart_passenger" text="your" type="participant"/>
            <label from="6-9" id="37" name="ScrPart_terminal/gate" text="gate" type="participant"/>
            <label from="6-13" id="38" name="ScrPart_passenger" text="your" type="participant"/>
            <label from="6-14" id="39" name="ScrPart_flight" text="flight" type="participant"/>
            <label from="7-2" id="40" name="ScrPart_passenger" text="your" type="participant"/>
            <label from="7-3" id="41" name="ScrPart_location_airplane_indoor" text="section" type="participant"/>
            <label from="7-6" id="42" name="ScrPart_passenger" text="you" type="participant"/>
            <label from="7-10" id="43" name="ScrPart_plane" text="plane" type="participant"/>
            <label from="7-14" id="44" name="ScrPart_passenger" text="your" type="participant"/>
            <label from="7-15" id="45" name="ScrPart_carry_on_luggage" text="carry on" to="7-16" type="participant"/>
            <label from="8-2" id="46" name="Head_of_Partitive" text="rest" type="participant"/>
            <label from="8-5" id="47" name="NPart" text="work" type="participant"/>
            <label from="8-10" id="48" name="ScrPart_passenger" text="you" type="participant"/>
            <label from="8-13" id="49" name="ScrPart_passenger" text="you" type="participant"/>
            <label from="8-20" id="50" name="ScrPart_in-flight_entertainment" text="nap" type="participant"/>
            <label from="8-25" id="51" name="ScrPart_in-flight_entertainment" text="movie" type="participant"/>
            <label from="9-2" id="52" name="ScrPart_passenger" text="you" type="participant"/>
            <label from="9-5" id="53" name="ScrPart_passenger" text="your" type="participant"/>
            <label from="9-6" id="54" name="ScrPart_target_location" text="destination" type="participant"/>
            <label from="9-7" id="55" name="ScrPart_staff" text="they" type="participant"/>
            <label from="9-10" id="56" name="ScrPart_passenger" text="everyone" type="participant"/>
            <label from="9-13" id="57" name="ScrPart_plane" text="plane" type="participant"/>
            <label from="9-16" id="58" name="ScrPart_passenger" text="your" type="participant"/>
            <label from="9-17" id="59" name="NPart" text="vacation" type="participant"/>
        </participants>
        <events>
            <label from="1-1" id="60" name="Evoking" text="Flying in an airplane" to="1-4" type="event"/>
            <label from="1-6" id="61" name="UnrelEv" text="be" type="event"/>
            <label from="1-18" id="62" name="UnrelEv" text="'s" type="event"/>
            <label from="2-5" id="63" name="ScrEv_get_ticket" text="purchase" type="event"/>
            <label from="2-15" id="64" name="UnrelEv" text="choosing" type="event"/>
            <label from="3-3" id="65" name="RelNScrEv" text="decide" type="event"/>
            <label from="3-9" id="66" name="RelNScrEv" text="book" type="event"/>
            <label from="3-18" id="67" name="ScrEv_get_airport" text="show up" to="3-19" type="event"/>
            <label from="4-2" id="68" name="UnrelEv" text="'s" type="event"/>
            <label from="4-5" id="69" name="ScrEv_get_airport" text="show up" to="4-6" type="event"/>
            <label from="4-9" id="70" name="UnrelEv" text="prevent" type="event"/>
            <label from="4-10" id="71" name="RelNScrEv" text="rushing" type="event"/>
            <label from="4-13" id="72" name="UnrelEv" text="make sure" to="4-14" type="event"/>
            <label from="4-16" id="73" name="ScrEv_go_security_checks" text="get through" to="4-17" type="event"/>
            <label from="5-1" id="74" name="UnrelEv" text="Make sure" to="5-2" type="event"/>
            <label from="5-4" id="75" name="ScrEv_pack_luggage" text="bring" type="event"/>
            <label from="5-15" id="76" name="RelNScrEv" text="purchase" type="event"/>
            <label from="5-20" id="77" name="ScrEv_go_security_checks" text="go through" to="5-21" type="event"/>
            <label from="5-24" id="78" name="RelNScrEv" text="take on" to="5-25" type="event"/>
            <label from="6-6" id="79" name="ScrEv_find_terminal" text="head to" to="6-7" type="event"/>
            <label from="6-11" id="80" name="ScrEv_wait_boarding" text="wait" type="event"/>
            <label from="6-15" id="81" name="UnrelEv" text="starts" type="event"/>
            <label from="6-16" id="82" name="ScrEv_board_plane" text="boarding" type="event"/>
            <label from="7-5" id="83" name="ScrEv_listen_call" text="called" type="event"/>
            <label from="7-8" id="84" name="ScrEv_board_plane" text="enter" type="event"/>
            <label from="7-12" id="85" name="ScrEv_stow_away_luggage" text="stow away" to="7-13" type="event"/>
            <label from="7-19" id="86" name="ScrEv_take_seat" text="sit back" to="7-20" type="event"/>
            <label from="7-22" id="87" name="ScrEv_spend_time_flight" text="relax" type="event"/>
            <label from="8-8" id="88" name="UnrelEv" text="done" type="event"/>
            <label from="8-15" id="89" name="UnrelEv" text="feel" type="event"/>
            <label from="8-18" id="90" name="ScrEv_spend_time_flight" text="take" type="event"/>
            <label from="8-22" id="91" name="ScrEv_spend_time_flight" text="watch" type="event"/>
            <label from="9-3" id="92" name="ScrEv_landing" text="arrive" type="event"/>
            <label from="9-11" id="93" name="ScrEv_exit_plane" text="exit" type="event"/>
            <label from="9-20" id="94" name="UnrelEv" text="begin" type="event"/>
        </events>
        <chains>
            <chain elements="32 0 43 57"/>
            <chain elements="10 6 11 12 15 16 21 24 27 30 33 35 36 38 40 42 44 48 49 52 53 58"/>
            <chain elements="31 22 34"/>
            <chain elements="45 28"/>
        </chains>
    </annotations>
</story>
