<?xml version="1.0" encoding="UTF-8" standalone="no"?>
<!DOCTYPE story SYSTEM "../InScript.dtd">
<story id="095" scenario="flight">
    <text>
        <content>I decided to take a trip to Europe . 
First , I went online and found tickets to the destination , Bulgaria . 
Then , I purchased those online tickets with my credit card and printed out the receipt with my printer . 
I went into my bedroom and packed all of my bags . 
Then I called a taxi . 
Once the taxi arrived , I put my bags into the trunk of the taxi and the taxi driver drove me to the airport . 
At the airport , I waited in the line for Delta flights to check in my bags . 
Once my bags were checked in , I got my boarding pass . 
Next , I went to the second floor of the airport terminal , where my carry on luggage was scanned and I was searched . 
Then , I went to my gate and saw the airplane waiting outside on the loading arm . 
After 20 minutes , the stewardess made an announcement that the airplane was boarding . 
I got on the flight , took my seat and the airplane took off . 
Then I flew in the plane for 5 hours . </content>
        <sentences>
            <sentence id="1">
                <token content="I" id="1-1">
                    <pos type="PRP"/>
                    <lemma type="I"/>
                    <dep head="1-2" type="nsubj"/>
                </token>
                <token content="decided" id="1-2">
                    <pos type="VBD"/>
                    <lemma type="decide"/>
                </token>
                <token content="to" id="1-3">
                    <pos type="TO"/>
                    <lemma type="to"/>
                    <dep head="1-4" type="aux"/>
                </token>
                <token content="take" id="1-4">
                    <pos type="VB"/>
                    <lemma type="take"/>
                    <dep head="1-2" type="xcomp"/>
                </token>
                <token content="a" id="1-5">
                    <pos type="DT"/>
                    <lemma type="a"/>
                </token>
                <token content="trip" id="1-6">
                    <pos type="NN"/>
                    <lemma type="trip"/>
                    <dep head="1-4" type="dobj"/>
                </token>
                <token content="to" id="1-7"/>
                <token content="Europe" id="1-8">
                    <pos type="NNP"/>
                    <lemma type="Europe"/>
                    <dep head="1-4" type="prep"/>
                </token>
                <token content="." id="1-9"/>
            </sentence>
            <sentence id="2">
                <token content="First" id="2-1">
                    <pos type="RB"/>
                    <lemma type="first"/>
                    <dep head="2-4" type="advmod"/>
                </token>
                <token content="," id="2-2"/>
                <token content="I" id="2-3">
                    <pos type="PRP"/>
                    <lemma type="I"/>
                    <dep head="2-4" type="nsubj"/>
                </token>
                <token content="went" id="2-4">
                    <pos type="VBD"/>
                    <lemma type="go"/>
                </token>
                <token content="online" id="2-5">
                    <pos type="NN"/>
                    <lemma type="online"/>
                    <dep head="2-4" type="prep"/>
                </token>
                <token content="and" id="2-6"/>
                <token content="found" id="2-7">
                    <pos type="VBD"/>
                    <lemma type="find"/>
                    <dep head="2-4" type="conj"/>
                </token>
                <token content="tickets" id="2-8">
                    <pos type="NNS"/>
                    <lemma type="ticket"/>
                    <dep head="2-7" type="dobj"/>
                </token>
                <token content="to" id="2-9"/>
                <token content="the" id="2-10">
                    <pos type="DT"/>
                    <lemma type="the"/>
                </token>
                <token content="destination" id="2-11">
                    <pos type="NN"/>
                    <lemma type="destination"/>
                    <dep head="2-7" type="prep"/>
                </token>
                <token content="," id="2-12"/>
                <token content="Bulgaria" id="2-13">
                    <pos type="NNP"/>
                    <lemma type="Bulgaria"/>
                </token>
                <token content="." id="2-14"/>
            </sentence>
            <sentence id="3">
                <token content="Then" id="3-1">
                    <pos type="RB"/>
                    <lemma type="then"/>
                    <dep head="3-4" type="advmod"/>
                </token>
                <token content="," id="3-2"/>
                <token content="I" id="3-3">
                    <pos type="PRP"/>
                    <lemma type="I"/>
                    <dep head="3-4" type="nsubj"/>
                </token>
                <token content="purchased" id="3-4">
                    <pos type="VBD"/>
                    <lemma type="purchase"/>
                </token>
                <token content="those" id="3-5">
                    <pos type="DT"/>
                    <lemma type="those"/>
                </token>
                <token content="online" id="3-6">
                    <pos type="JJ"/>
                    <lemma type="online"/>
                </token>
                <token content="tickets" id="3-7">
                    <pos type="NNS"/>
                    <lemma type="ticket"/>
                    <dep head="3-4" type="dobj"/>
                </token>
                <token content="with" id="3-8"/>
                <token content="my" id="3-9">
                    <pos type="PRP$"/>
                    <lemma type="my"/>
                </token>
                <token content="credit" id="3-10">
                    <pos type="NN"/>
                    <lemma type="credit"/>
                </token>
                <token content="card" id="3-11">
                    <pos type="NN"/>
                    <lemma type="card"/>
                    <dep head="3-4" type="prep"/>
                </token>
                <token content="and" id="3-12"/>
                <token content="printed" id="3-13">
                    <pos type="VBD"/>
                    <lemma type="print"/>
                    <dep head="3-4" type="conj"/>
                </token>
                <token content="out" id="3-14">
                    <pos type="RP"/>
                    <lemma type="out"/>
                    <dep head="3-13" type="prt"/>
                </token>
                <token content="the" id="3-15">
                    <pos type="DT"/>
                    <lemma type="the"/>
                </token>
                <token content="receipt" id="3-16">
                    <pos type="NN"/>
                    <lemma type="receipt"/>
                    <dep head="3-13" type="dobj"/>
                </token>
                <token content="with" id="3-17"/>
                <token content="my" id="3-18">
                    <pos type="PRP$"/>
                    <lemma type="my"/>
                </token>
                <token content="printer" id="3-19">
                    <pos type="NN"/>
                    <lemma type="printer"/>
                </token>
                <token content="." id="3-20"/>
            </sentence>
            <sentence id="4">
                <token content="I" id="4-1">
                    <pos type="PRP"/>
                    <lemma type="I"/>
                    <dep head="4-2" type="nsubj"/>
                </token>
                <token content="went" id="4-2">
                    <pos type="VBD"/>
                    <lemma type="go"/>
                </token>
                <token content="into" id="4-3"/>
                <token content="my" id="4-4">
                    <pos type="PRP$"/>
                    <lemma type="my"/>
                </token>
                <token content="bedroom" id="4-5">
                    <pos type="NN"/>
                    <lemma type="bedroom"/>
                    <dep head="4-2" type="prep"/>
                </token>
                <token content="and" id="4-6"/>
                <token content="packed" id="4-7">
                    <pos type="VBD"/>
                    <lemma type="pack"/>
                    <dep head="4-2" type="conj"/>
                </token>
                <token content="all" id="4-8">
                    <pos type="DT"/>
                    <lemma type="all"/>
                    <dep head="4-7" type="dobj"/>
                </token>
                <token content="of" id="4-9"/>
                <token content="my" id="4-10">
                    <pos type="PRP$"/>
                    <lemma type="my"/>
                </token>
                <token content="bags" id="4-11">
                    <pos type="NNS"/>
                    <lemma type="bag"/>
                </token>
                <token content="." id="4-12"/>
            </sentence>
            <sentence id="5">
                <token content="Then" id="5-1">
                    <pos type="RB"/>
                    <lemma type="then"/>
                    <dep head="5-3" type="advmod"/>
                </token>
                <token content="I" id="5-2">
                    <pos type="PRP"/>
                    <lemma type="I"/>
                    <dep head="5-3" type="nsubj"/>
                </token>
                <token content="called" id="5-3">
                    <pos type="VBD"/>
                    <lemma type="call"/>
                </token>
                <token content="a" id="5-4">
                    <pos type="DT"/>
                    <lemma type="a"/>
                </token>
                <token content="taxi" id="5-5">
                    <pos type="NN"/>
                    <lemma type="taxi"/>
                    <dep head="5-3" type="dobj"/>
                </token>
                <token content="." id="5-6"/>
            </sentence>
            <sentence id="6">
                <token content="Once" id="6-1">
                    <pos type="IN"/>
                    <lemma type="once"/>
                    <dep head="6-4" type="mark"/>
                </token>
                <token content="the" id="6-2">
                    <pos type="DT"/>
                    <lemma type="the"/>
                </token>
                <token content="taxi" id="6-3">
                    <pos type="NN"/>
                    <lemma type="taxi"/>
                    <dep head="6-4" type="nsubj"/>
                </token>
                <token content="arrived" id="6-4">
                    <pos type="VBD"/>
                    <lemma type="arrive"/>
                    <dep head="6-7" type="advcl"/>
                </token>
                <token content="," id="6-5"/>
                <token content="I" id="6-6">
                    <pos type="PRP"/>
                    <lemma type="I"/>
                    <dep head="6-7" type="nsubj"/>
                </token>
                <token content="put" id="6-7">
                    <pos type="VBD"/>
                    <lemma type="put"/>
                </token>
                <token content="my" id="6-8">
                    <pos type="PRP$"/>
                    <lemma type="my"/>
                </token>
                <token content="bags" id="6-9">
                    <pos type="NNS"/>
                    <lemma type="bag"/>
                    <dep head="6-7" type="dobj"/>
                </token>
                <token content="into" id="6-10"/>
                <token content="the" id="6-11">
                    <pos type="DT"/>
                    <lemma type="the"/>
                </token>
                <token content="trunk" id="6-12">
                    <pos type="NN"/>
                    <lemma type="trunk"/>
                    <dep head="6-7" type="prep"/>
                </token>
                <token content="of" id="6-13"/>
                <token content="the" id="6-14">
                    <pos type="DT"/>
                    <lemma type="the"/>
                </token>
                <token content="taxi" id="6-15">
                    <pos type="NN"/>
                    <lemma type="taxi"/>
                </token>
                <token content="and" id="6-16"/>
                <token content="the" id="6-17">
                    <pos type="DT"/>
                    <lemma type="the"/>
                </token>
                <token content="taxi" id="6-18">
                    <pos type="NN"/>
                    <lemma type="taxi"/>
                </token>
                <token content="driver" id="6-19">
                    <pos type="NN"/>
                    <lemma type="driver"/>
                    <dep head="6-20" type="nsubj"/>
                </token>
                <token content="drove" id="6-20">
                    <pos type="VBD"/>
                    <lemma type="drive"/>
                    <dep head="6-7" type="conj"/>
                </token>
                <token content="me" id="6-21">
                    <pos type="PRP"/>
                    <lemma type="I"/>
                    <dep head="6-20" type="dobj"/>
                </token>
                <token content="to" id="6-22"/>
                <token content="the" id="6-23">
                    <pos type="DT"/>
                    <lemma type="the"/>
                </token>
                <token content="airport" id="6-24">
                    <pos type="NN"/>
                    <lemma type="airport"/>
                    <dep head="6-20" type="prep"/>
                </token>
                <token content="." id="6-25"/>
            </sentence>
            <sentence id="7">
                <token content="At" id="7-1"/>
                <token content="the" id="7-2">
                    <pos type="DT"/>
                    <lemma type="the"/>
                </token>
                <token content="airport" id="7-3">
                    <pos type="NN"/>
                    <lemma type="airport"/>
                    <dep head="7-6" type="prep"/>
                </token>
                <token content="," id="7-4"/>
                <token content="I" id="7-5">
                    <pos type="PRP"/>
                    <lemma type="I"/>
                    <dep head="7-6" type="nsubj"/>
                </token>
                <token content="waited" id="7-6">
                    <pos type="VBD"/>
                    <lemma type="wait"/>
                </token>
                <token content="in" id="7-7"/>
                <token content="the" id="7-8">
                    <pos type="DT"/>
                    <lemma type="the"/>
                </token>
                <token content="line" id="7-9">
                    <pos type="NN"/>
                    <lemma type="line"/>
                    <dep head="7-6" type="prep"/>
                </token>
                <token content="for" id="7-10"/>
                <token content="Delta" id="7-11">
                    <pos type="NNP"/>
                    <lemma type="Delta"/>
                </token>
                <token content="flights" id="7-12">
                    <pos type="NNS"/>
                    <lemma type="flight"/>
                </token>
                <token content="to" id="7-13">
                    <pos type="TO"/>
                    <lemma type="to"/>
                    <dep head="7-14" type="aux"/>
                </token>
                <token content="check" id="7-14">
                    <pos type="VB"/>
                    <lemma type="check"/>
                    <dep head="7-6" type="xcomp"/>
                </token>
                <token content="in" id="7-15"/>
                <token content="my" id="7-16">
                    <pos type="PRP$"/>
                    <lemma type="my"/>
                </token>
                <token content="bags" id="7-17">
                    <pos type="NNS"/>
                    <lemma type="bag"/>
                    <dep head="7-14" type="prep"/>
                </token>
                <token content="." id="7-18"/>
            </sentence>
            <sentence id="8">
                <token content="Once" id="8-1">
                    <pos type="IN"/>
                    <lemma type="once"/>
                    <dep head="8-5" type="mark"/>
                </token>
                <token content="my" id="8-2">
                    <pos type="PRP$"/>
                    <lemma type="my"/>
                </token>
                <token content="bags" id="8-3">
                    <pos type="NNS"/>
                    <lemma type="bag"/>
                    <dep head="8-5" type="nsubjpass"/>
                </token>
                <token content="were" id="8-4">
                    <pos type="VBD"/>
                    <lemma type="be"/>
                    <dep head="8-5" type="auxpass"/>
                </token>
                <token content="checked" id="8-5">
                    <pos type="VBN"/>
                    <lemma type="check"/>
                    <dep head="8-9" type="advcl"/>
                </token>
                <token content="in" id="8-6">
                    <pos type="IN"/>
                    <lemma type="in"/>
                    <dep head="8-5" type="prep"/>
                </token>
                <token content="," id="8-7"/>
                <token content="I" id="8-8">
                    <pos type="PRP"/>
                    <lemma type="I"/>
                    <dep head="8-9" type="nsubj"/>
                </token>
                <token content="got" id="8-9">
                    <pos type="VBD"/>
                    <lemma type="get"/>
                </token>
                <token content="my" id="8-10">
                    <pos type="PRP$"/>
                    <lemma type="my"/>
                </token>
                <token content="boarding" id="8-11">
                    <pos type="VBG"/>
                    <lemma type="board"/>
                </token>
                <token content="pass" id="8-12">
                    <pos type="NN"/>
                    <lemma type="pass"/>
                    <dep head="8-9" type="dobj"/>
                </token>
                <token content="." id="8-13"/>
            </sentence>
            <sentence id="9">
                <token content="Next" id="9-1">
                    <pos type="RB"/>
                    <lemma type="next"/>
                    <dep head="9-4" type="advmod"/>
                </token>
                <token content="," id="9-2"/>
                <token content="I" id="9-3">
                    <pos type="PRP"/>
                    <lemma type="I"/>
                    <dep head="9-4" type="nsubj"/>
                </token>
                <token content="went" id="9-4">
                    <pos type="VBD"/>
                    <lemma type="go"/>
                </token>
                <token content="to" id="9-5"/>
                <token content="the" id="9-6">
                    <pos type="DT"/>
                    <lemma type="the"/>
                </token>
                <token content="second" id="9-7">
                    <pos type="JJ"/>
                    <lemma type="second"/>
                </token>
                <token content="floor" id="9-8">
                    <pos type="NN"/>
                    <lemma type="floor"/>
                    <dep head="9-4" type="prep"/>
                </token>
                <token content="of" id="9-9"/>
                <token content="the" id="9-10">
                    <pos type="DT"/>
                    <lemma type="the"/>
                </token>
                <token content="airport" id="9-11">
                    <pos type="NN"/>
                    <lemma type="airport"/>
                </token>
                <token content="terminal" id="9-12">
                    <pos type="NN"/>
                    <lemma type="terminal"/>
                </token>
                <token content="," id="9-13"/>
                <token content="where" id="9-14">
                    <pos type="WRB"/>
                    <lemma type="where"/>
                    <dep head="9-20" type="advmod"/>
                </token>
                <token content="my" id="9-15">
                    <pos type="PRP$"/>
                    <lemma type="my"/>
                </token>
                <token content="carry" id="9-16">
                    <pos type="NN"/>
                    <lemma type="carry"/>
                    <dep head="9-20" type="nsubjpass"/>
                </token>
                <token content="on" id="9-17"/>
                <token content="luggage" id="9-18">
                    <pos type="NN"/>
                    <lemma type="luggage"/>
                </token>
                <token content="was" id="9-19">
                    <pos type="VBD"/>
                    <lemma type="be"/>
                    <dep head="9-20" type="auxpass"/>
                </token>
                <token content="scanned" id="9-20">
                    <pos type="VBN"/>
                    <lemma type="scan"/>
                    <dep head="9-4" type="advcl"/>
                </token>
                <token content="and" id="9-21"/>
                <token content="I" id="9-22">
                    <pos type="PRP"/>
                    <lemma type="I"/>
                    <dep head="9-24" type="nsubjpass"/>
                </token>
                <token content="was" id="9-23">
                    <pos type="VBD"/>
                    <lemma type="be"/>
                    <dep head="9-24" type="auxpass"/>
                </token>
                <token content="searched" id="9-24">
                    <pos type="VBD"/>
                    <lemma type="search"/>
                    <dep head="9-20" type="conj"/>
                </token>
                <token content="." id="9-25"/>
            </sentence>
            <sentence id="10">
                <token content="Then" id="10-1">
                    <pos type="RB"/>
                    <lemma type="then"/>
                    <dep head="10-4" type="advmod"/>
                </token>
                <token content="," id="10-2"/>
                <token content="I" id="10-3">
                    <pos type="PRP"/>
                    <lemma type="I"/>
                    <dep head="10-4" type="nsubj"/>
                </token>
                <token content="went" id="10-4">
                    <pos type="VBD"/>
                    <lemma type="go"/>
                </token>
                <token content="to" id="10-5"/>
                <token content="my" id="10-6">
                    <pos type="PRP$"/>
                    <lemma type="my"/>
                </token>
                <token content="gate" id="10-7">
                    <pos type="NN"/>
                    <lemma type="gate"/>
                    <dep head="10-4" type="prep"/>
                </token>
                <token content="and" id="10-8"/>
                <token content="saw" id="10-9">
                    <pos type="VBD"/>
                    <lemma type="see"/>
                    <dep head="10-4" type="conj"/>
                </token>
                <token content="the" id="10-10">
                    <pos type="DT"/>
                    <lemma type="the"/>
                </token>
                <token content="airplane" id="10-11">
                    <pos type="NN"/>
                    <lemma type="airplane"/>
                    <dep head="10-9" type="dobj"/>
                </token>
                <token content="waiting" id="10-12">
                    <pos type="VBG"/>
                    <lemma type="wait"/>
                </token>
                <token content="outside" id="10-13">
                    <pos type="RB"/>
                    <lemma type="outside"/>
                    <dep head="10-12" type="advmod"/>
                </token>
                <token content="on" id="10-14"/>
                <token content="the" id="10-15">
                    <pos type="DT"/>
                    <lemma type="the"/>
                </token>
                <token content="loading" id="10-16">
                    <pos type="NN"/>
                    <lemma type="loading"/>
                </token>
                <token content="arm" id="10-17">
                    <pos type="NN"/>
                    <lemma type="arm"/>
                    <dep head="10-12" type="prep"/>
                </token>
                <token content="." id="10-18"/>
            </sentence>
            <sentence id="11">
                <token content="After" id="11-1"/>
                <token content="20" id="11-2">
                    <pos type="CD"/>
                    <lemma type="20"/>
                </token>
                <token content="minutes" id="11-3">
                    <pos type="NNS"/>
                    <lemma type="minute"/>
                    <dep head="11-7" type="prep"/>
                </token>
                <token content="," id="11-4"/>
                <token content="the" id="11-5">
                    <pos type="DT"/>
                    <lemma type="the"/>
                </token>
                <token content="stewardess" id="11-6">
                    <pos type="NNS"/>
                    <lemma type="stewardess"/>
                    <dep head="11-7" type="nsubj"/>
                </token>
                <token content="made" id="11-7">
                    <pos type="VBD"/>
                    <lemma type="make"/>
                </token>
                <token content="an" id="11-8">
                    <pos type="DT"/>
                    <lemma type="a"/>
                </token>
                <token content="announcement" id="11-9">
                    <pos type="NN"/>
                    <lemma type="announcement"/>
                    <dep head="11-7" type="dobj"/>
                </token>
                <token content="that" id="11-10">
                    <pos type="IN"/>
                    <lemma type="that"/>
                    <dep head="11-14" type="mark"/>
                </token>
                <token content="the" id="11-11">
                    <pos type="DT"/>
                    <lemma type="the"/>
                </token>
                <token content="airplane" id="11-12">
                    <pos type="NN"/>
                    <lemma type="airplane"/>
                    <dep head="11-14" type="nsubj"/>
                </token>
                <token content="was" id="11-13">
                    <pos type="VBD"/>
                    <lemma type="be"/>
                    <dep head="11-14" type="aux"/>
                </token>
                <token content="boarding" id="11-14">
                    <pos type="VBG"/>
                    <lemma type="board"/>
                    <dep head="11-7" type="ccomp"/>
                </token>
                <token content="." id="11-15"/>
            </sentence>
            <sentence id="12">
                <token content="I" id="12-1">
                    <pos type="PRP"/>
                    <lemma type="I"/>
                    <dep head="12-2" type="nsubj"/>
                </token>
                <token content="got" id="12-2">
                    <pos type="VBD"/>
                    <lemma type="get"/>
                </token>
                <token content="on" id="12-3"/>
                <token content="the" id="12-4">
                    <pos type="DT"/>
                    <lemma type="the"/>
                </token>
                <token content="flight" id="12-5">
                    <pos type="NN"/>
                    <lemma type="flight"/>
                    <dep head="12-2" type="prep"/>
                </token>
                <token content="," id="12-6"/>
                <token content="took" id="12-7">
                    <pos type="VBD"/>
                    <lemma type="take"/>
                    <dep head="12-2" type="dep"/>
                </token>
                <token content="my" id="12-8">
                    <pos type="PRP$"/>
                    <lemma type="my"/>
                </token>
                <token content="seat" id="12-9">
                    <pos type="NN"/>
                    <lemma type="seat"/>
                    <dep head="12-7" type="dobj"/>
                </token>
                <token content="and" id="12-10"/>
                <token content="the" id="12-11">
                    <pos type="DT"/>
                    <lemma type="the"/>
                </token>
                <token content="airplane" id="12-12">
                    <pos type="NN"/>
                    <lemma type="airplane"/>
                    <dep head="12-13" type="nsubj"/>
                </token>
                <token content="took" id="12-13">
                    <pos type="VBD"/>
                    <lemma type="take"/>
                    <dep head="12-2" type="conj"/>
                </token>
                <token content="off" id="12-14">
                    <pos type="RP"/>
                    <lemma type="off"/>
                    <dep head="12-13" type="prt"/>
                </token>
                <token content="." id="12-15"/>
            </sentence>
            <sentence id="13">
                <token content="Then" id="13-1">
                    <pos type="RB"/>
                    <lemma type="then"/>
                    <dep head="13-3" type="advmod"/>
                </token>
                <token content="I" id="13-2">
                    <pos type="PRP"/>
                    <lemma type="I"/>
                    <dep head="13-3" type="nsubj"/>
                </token>
                <token content="flew" id="13-3">
                    <pos type="VBD"/>
                    <lemma type="fly"/>
                </token>
                <token content="in" id="13-4"/>
                <token content="the" id="13-5">
                    <pos type="DT"/>
                    <lemma type="the"/>
                </token>
                <token content="plane" id="13-6">
                    <pos type="NN"/>
                    <lemma type="plane"/>
                    <dep head="13-3" type="prep"/>
                </token>
                <token content="for" id="13-7"/>
                <token content="5" id="13-8">
                    <pos type="CD"/>
                    <lemma type="5"/>
                </token>
                <token content="hours" id="13-9">
                    <pos type="NNS"/>
                    <lemma type="hour"/>
                    <dep head="13-3" type="prep"/>
                </token>
                <token content="." id="13-10"/>
            </sentence>
        </sentences>
    </text>
    <annotations>
        <participants>
            <label from="1-1" id="0" name="ScrPart_passenger" text="I" type="participant"/>
            <label from="1-6" id="1" name="ScrPart_flight" text="trip" type="participant"/>
            <label from="1-8" id="2" name="ScrPart_target_location" text="Europe" type="participant"/>
            <label from="2-3" id="3" name="ScrPart_passenger" text="I" type="participant"/>
            <label from="2-5" id="4" name="NPart" text="online" type="participant"/>
            <label from="2-8" id="5" name="ScrPart_ticket" text="tickets" type="participant"/>
            <label from="2-11" id="6" name="ScrPart_target_location" text="destination" type="participant"/>
            <label from="2-13" id="7" name="ScrPart_target_location" text="Bulgaria" type="participant"/>
            <label from="3-3" id="8" name="ScrPart_passenger" text="I" type="participant"/>
            <label from="3-6" id="9" name="ScrPart_ticket" text="online tickets" to="3-7" type="participant"/>
            <label from="3-7" id="10" name="ScrPart_ticket" text="tickets" type="participant"/>
            <label from="3-9" id="11" name="ScrPart_passenger" text="my" type="participant"/>
            <label from="3-10" id="12" name="NPart" text="credit card" to="3-11" type="participant"/>
            <label from="3-11" id="13" name="NPart" text="card" type="participant"/>
            <label from="3-16" id="14" name="ScrPart_ticket" text="receipt" type="participant"/>
            <label from="3-18" id="15" name="ScrPart_passenger" text="my" type="participant"/>
            <label from="3-19" id="16" name="NPart" text="printer" type="participant"/>
            <label from="4-1" id="17" name="ScrPart_passenger" text="I" type="participant"/>
            <label from="4-4" id="18" name="ScrPart_passenger" text="my" type="participant"/>
            <label from="4-5" id="19" name="NPart" text="bedroom" type="participant"/>
            <label from="4-10" id="20" name="ScrPart_passenger" text="my" type="participant"/>
            <label from="4-11" id="21" name="ScrPart_check_in_luggage" text="bags" type="participant"/>
            <label from="5-2" id="22" name="ScrPart_passenger" text="I" type="participant"/>
            <label from="5-5" id="23" name="ScrPart_accomp_person" text="taxi" type="participant"/>
            <label from="6-3" id="24" name="ScrPart_accomp_person" text="taxi" type="participant"/>
            <label from="6-6" id="25" name="ScrPart_passenger" text="I" type="participant"/>
            <label from="6-8" id="26" name="ScrPart_passenger" text="my" type="participant"/>
            <label from="6-9" id="27" name="ScrPart_check_in_luggage" text="bags" type="participant"/>
            <label from="6-12" id="28" name="NPart" text="trunk" type="participant"/>
            <label from="6-15" id="29" name="ScrPart_accomp_person" text="taxi" type="participant"/>
            <label from="6-18" id="30" name="ScrPart_accomp_person" text="taxi driver" to="6-19" type="participant"/>
            <label from="6-19" id="31" name="ScrPart_accomp_person" text="driver" type="participant"/>
            <label from="6-21" id="32" name="ScrPart_passenger" text="me" type="participant"/>
            <label from="6-24" id="33" name="ScrPart_airport" text="airport" type="participant"/>
            <label from="7-3" id="34" name="ScrPart_airport" text="airport" type="participant"/>
            <label from="7-5" id="35" name="ScrPart_passenger" text="I" type="participant"/>
            <label from="7-9" id="36" name="ScrPart_line" text="line" type="participant"/>
            <label from="7-12" id="37" name="ScrPart_flight" text="flights" type="participant"/>
            <label from="7-16" id="38" name="ScrPart_passenger" text="my" type="participant"/>
            <label from="7-17" id="39" name="ScrPart_check_in_luggage" text="bags" type="participant"/>
            <label from="8-2" id="40" name="ScrPart_passenger" text="my" type="participant"/>
            <label from="8-3" id="41" name="ScrPart_check_in_luggage" text="bags" type="participant"/>
            <label from="8-8" id="42" name="ScrPart_passenger" text="I" type="participant"/>
            <label from="8-10" id="43" name="ScrPart_passenger" text="my" type="participant"/>
            <label from="8-11" id="44" name="ScrPart_boarding_pass" text="boarding pass" to="8-12" type="participant"/>
            <label from="8-12" id="45" name="ScrPart_boarding_pass" text="pass" type="participant"/>
            <label from="9-3" id="46" name="ScrPart_passenger" text="I" type="participant"/>
            <label from="9-8" id="47" name="ScrPart_security_check" text="floor" type="participant"/>
            <label from="9-11" id="48" name="ScrPart_terminal/gate" text="airport terminal" to="9-12" type="participant"/>
            <label from="9-12" id="49" name="ScrPart_terminal/gate" text="terminal" type="participant"/>
            <label from="9-15" id="50" name="ScrPart_passenger" text="my" type="participant"/>
            <label from="9-16" id="51" name="ScrPart_carry_on_luggage" text="carry on luggage" to="9-18" type="participant"/>
            <label from="9-18" id="52" name="ScrPart_carry_on_luggage" text="luggage" type="participant"/>
            <label from="9-22" id="53" name="ScrPart_passenger" text="I" type="participant"/>
            <label from="10-3" id="54" name="ScrPart_passenger" text="I" type="participant"/>
            <label from="10-6" id="55" name="ScrPart_passenger" text="my" type="participant"/>
            <label from="10-7" id="56" name="ScrPart_terminal/gate" text="gate" type="participant"/>
            <label from="10-11" id="57" name="ScrPart_plane" text="airplane" type="participant"/>
            <label from="10-16" id="58" name="ScrPart_location_airplane" text="loading arm" to="10-17" type="participant"/>
            <label from="10-17" id="59" name="ScrPart_location_airplane" text="arm" type="participant"/>
            <label from="11-2" id="60" name="ScrPart_time/date" text="20 minutes" to="11-3" type="participant"/>
            <label from="11-6" id="61" name="ScrPart_staff" text="stewardess" type="participant"/>
            <label from="11-9" id="62" name="NPart" text="announcement" type="participant"/>
            <label from="11-12" id="63" name="ScrPart_plane" text="airplane" type="participant"/>
            <label from="12-1" id="64" name="ScrPart_passenger" text="I" type="participant"/>
            <label from="12-5" id="65" name="ScrPart_flight" text="flight" type="participant"/>
            <label from="12-8" id="66" name="ScrPart_passenger" text="my" type="participant"/>
            <label from="12-9" id="67" name="ScrPart_seat" text="seat" type="participant"/>
            <label from="12-12" id="68" name="ScrPart_plane" text="airplane" type="participant"/>
            <label from="13-2" id="69" name="ScrPart_passenger" text="I" type="participant"/>
            <label from="13-6" id="70" name="ScrPart_plane" text="plane" type="participant"/>
            <label from="13-8" id="71" name="ScrPart_time/date" text="5 hours" to="13-9" type="participant"/>
        </participants>
        <events>
            <label from="1-2" id="72" name="UnrelEv" text="decided" type="event"/>
            <label from="1-4" id="73" name="Evoking" text="take a trip to Europe" to="1-8" type="event"/>
            <label from="2-4" id="74" name="RelNScrEv" text="went" type="event"/>
            <label from="2-7" id="75" name="ScrEv_get_ticket" text="found" type="event"/>
            <label from="3-4" id="76" name="ScrEv_get_ticket" text="purchased" type="event"/>
            <label from="3-13" id="77" name="ScrEv_get_ticket" text="printed out" to="3-14" type="event"/>
            <label from="4-2" id="78" name="RelNScrEv" text="went" type="event"/>
            <label from="4-7" id="79" name="ScrEv_pack_luggage" text="packed" type="event"/>
            <label from="5-3" id="80" name="RelNScrEv" text="called" type="event"/>
            <label from="6-4" id="81" name="RelNScrEv" text="arrived" type="event"/>
            <label from="6-7" id="82" name="RelNScrEv" text="put" type="event"/>
            <label from="6-20" id="83" name="ScrEv_get_airport" text="drove" type="event"/>
            <label from="7-6" id="84" name="ScrEv_wait" text="waited" type="event"/>
            <label from="7-14" id="85" name="ScrEv_check_in" text="check in" to="7-15" type="event"/>
            <label from="8-5" id="86" name="ScrEv_check_in" text="checked in" to="8-6" type="event"/>
            <label from="8-9" id="87" name="ScrEv_other" text="got" type="event"/>
            <label from="9-4" id="88" name="ScrEv_go_security_checks" text="went to" to="9-5" type="event"/>
            <label from="9-20" id="89" name="ScrEv_go_security_checks" text="scanned" type="event"/>
            <label from="9-24" id="90" name="ScrEv_go_security_checks" text="searched" type="event"/>
            <label from="10-4" id="91" name="ScrEv_find_terminal" text="went to" to="10-5" type="event"/>
            <label from="10-9" id="92" name="UnrelEv" text="saw" type="event"/>
            <label from="10-12" id="93" name="RelNScrEv" text="waiting" type="event"/>
            <label from="11-7" id="94" name="ScrEv_listen_call" text="made" type="event"/>
            <label from="11-14" id="95" name="ScrEv_board_plane" text="boarding" type="event"/>
            <label from="12-2" id="96" name="ScrEv_board_plane" text="got on" to="12-3" type="event"/>
            <label from="12-7" id="97" name="ScrEv_take_seat" text="took" type="event"/>
            <label from="12-13" id="98" name="ScrEv_take_off" text="took off" to="12-14" type="event"/>
            <label from="13-3" id="99" name="Evoking" text="flew in the plane" to="13-6" type="event"/>
        </events>
        <chains>
            <chain elements="3 0 8 11 15 17 18 20 22 25 26 32 35 38 40 42 43 46 50 53 54 55 64 66 69"/>
            <chain elements="37 1"/>
            <chain elements="7 2 6"/>
            <chain elements="10 5 14"/>
            <chain elements="39 21 27 41"/>
            <chain elements="24 23 29 31"/>
            <chain elements="63 57 68 70"/>
            <chain elements="33 34"/>
        </chains>
    </annotations>
</story>
