<?xml version="1.0" encoding="UTF-8" standalone="no"?>
<!DOCTYPE story SYSTEM "../InScript.dtd">
<story id="042" scenario="grocery">
    <text>
        <content>My cupboard is bare , so it is time to go grocery shopping . 
I do n't want to over-spend , so I make sure to bring a grocery list . 
I usually have a list of items I will need as I run out of them , I post them to the fridge . 
I grabbed my list and looked around to see if I need any additional items . 
I added any items and left my house . 
I got into my car and drove to the nearest grocery store , my favorite one . 
With my list in hand , I start shopping . 
I went to the middle isles first , since I want to get my refrigerated and frozen items last , do n't want them getting warm or thawing before I even get them home . 
I chose the express lane since I was n't getting too many items . 
The cashier was courteous to me , as I was to her . 
I bought my items and headed home . </content>
        <sentences>
            <sentence id="1">
                <token content="My" id="1-1">
                    <pos type="PRP$"/>
                    <lemma type="my"/>
                </token>
                <token content="cupboard" id="1-2">
                    <pos type="NN"/>
                    <lemma type="cupboard"/>
                </token>
                <token content="is" id="1-3">
                    <pos type="VBZ"/>
                    <lemma type="be"/>
                </token>
                <token content="bare" id="1-4">
                    <pos type="JJ"/>
                    <lemma type="bare"/>
                </token>
                <token content="," id="1-5"/>
                <token content="so" id="1-6">
                    <pos type="IN"/>
                    <lemma type="so"/>
                </token>
                <token content="it" id="1-7">
                    <pos type="PRP"/>
                    <lemma type="it"/>
                </token>
                <token content="is" id="1-8">
                    <pos type="VBZ"/>
                    <lemma type="be"/>
                </token>
                <token content="time" id="1-9">
                    <pos type="NN"/>
                    <lemma type="time"/>
                </token>
                <token content="to" id="1-10">
                    <pos type="TO"/>
                    <lemma type="to"/>
                    <dep head="1-11" type="aux"/>
                </token>
                <token content="go" id="1-11">
                    <pos type="VB"/>
                    <lemma type="go"/>
                </token>
                <token content="grocery" id="1-12">
                    <pos type="NN"/>
                    <lemma type="grocery"/>
                </token>
                <token content="shopping" id="1-13">
                    <pos type="NN"/>
                    <lemma type="shopping"/>
                    <dep head="1-11" type="dobj"/>
                </token>
                <token content="." id="1-14"/>
            </sentence>
            <sentence id="2">
                <token content="I" id="2-1">
                    <pos type="PRP"/>
                    <lemma type="I"/>
                    <dep head="2-4" type="nsubj"/>
                </token>
                <token content="do" id="2-2">
                    <pos type="VBP"/>
                    <lemma type="do"/>
                    <dep head="2-4" type="aux"/>
                </token>
                <token content="n't" id="2-3">
                    <pos type="RB"/>
                    <lemma type="not"/>
                    <dep head="2-4" type="neg"/>
                </token>
                <token content="want" id="2-4">
                    <pos type="VB"/>
                    <lemma type="want"/>
                </token>
                <token content="to" id="2-5"/>
                <token content="over-spend" id="2-6">
                    <pos type="NN"/>
                    <lemma type="over-spend"/>
                    <dep head="2-4" type="prep"/>
                </token>
                <token content="," id="2-7"/>
                <token content="so" id="2-8">
                    <pos type="IN"/>
                    <lemma type="so"/>
                    <dep head="2-4" type="dep"/>
                </token>
                <token content="I" id="2-9">
                    <pos type="PRP"/>
                    <lemma type="I"/>
                    <dep head="2-10" type="nsubj"/>
                </token>
                <token content="make" id="2-10">
                    <pos type="VBP"/>
                    <lemma type="make"/>
                    <dep head="2-4" type="parataxis"/>
                </token>
                <token content="sure" id="2-11">
                    <pos type="JJ"/>
                    <lemma type="sure"/>
                    <dep head="2-10" type="acomp"/>
                </token>
                <token content="to" id="2-12">
                    <pos type="TO"/>
                    <lemma type="to"/>
                    <dep head="2-13" type="aux"/>
                </token>
                <token content="bring" id="2-13">
                    <pos type="VB"/>
                    <lemma type="bring"/>
                </token>
                <token content="a" id="2-14">
                    <pos type="DT"/>
                    <lemma type="a"/>
                </token>
                <token content="grocery" id="2-15">
                    <pos type="NN"/>
                    <lemma type="grocery"/>
                </token>
                <token content="list" id="2-16">
                    <pos type="NN"/>
                    <lemma type="list"/>
                    <dep head="2-13" type="dobj"/>
                </token>
                <token content="." id="2-17"/>
            </sentence>
            <sentence id="3">
                <token content="I" id="3-1">
                    <pos type="PRP"/>
                    <lemma type="I"/>
                    <dep head="3-3" type="nsubj"/>
                </token>
                <token content="usually" id="3-2">
                    <pos type="RB"/>
                    <lemma type="usually"/>
                    <dep head="3-3" type="advmod"/>
                </token>
                <token content="have" id="3-3">
                    <pos type="VBP"/>
                    <lemma type="have"/>
                </token>
                <token content="a" id="3-4">
                    <pos type="DT"/>
                    <lemma type="a"/>
                </token>
                <token content="list" id="3-5">
                    <pos type="NN"/>
                    <lemma type="list"/>
                    <dep head="3-3" type="dobj"/>
                </token>
                <token content="of" id="3-6"/>
                <token content="items" id="3-7">
                    <pos type="NNS"/>
                    <lemma type="item"/>
                </token>
                <token content="I" id="3-8">
                    <pos type="PRP"/>
                    <lemma type="I"/>
                    <dep head="3-10" type="nsubj"/>
                </token>
                <token content="will" id="3-9">
                    <pos type="MD"/>
                    <lemma type="will"/>
                    <dep head="3-10" type="aux"/>
                </token>
                <token content="need" id="3-10">
                    <pos type="VB"/>
                    <lemma type="need"/>
                </token>
                <token content="as" id="3-11">
                    <pos type="IN"/>
                    <lemma type="as"/>
                    <dep head="3-13" type="mark"/>
                </token>
                <token content="I" id="3-12">
                    <pos type="PRP"/>
                    <lemma type="I"/>
                    <dep head="3-13" type="nsubj"/>
                </token>
                <token content="run" id="3-13">
                    <pos type="VBP"/>
                    <lemma type="run"/>
                    <dep head="3-10" type="advcl"/>
                </token>
                <token content="out" id="3-14"/>
                <token content="of" id="3-15"/>
                <token content="them" id="3-16">
                    <pos type="PRP"/>
                    <lemma type="they"/>
                    <dep head="3-13" type="prep"/>
                </token>
                <token content="," id="3-17"/>
                <token content="I" id="3-18">
                    <pos type="PRP"/>
                    <lemma type="I"/>
                    <dep head="3-19" type="nsubj"/>
                </token>
                <token content="post" id="3-19">
                    <pos type="VB"/>
                    <lemma type="post"/>
                    <dep head="3-3" type="ccomp"/>
                </token>
                <token content="them" id="3-20">
                    <pos type="PRP"/>
                    <lemma type="they"/>
                    <dep head="3-19" type="dobj"/>
                </token>
                <token content="to" id="3-21"/>
                <token content="the" id="3-22">
                    <pos type="DT"/>
                    <lemma type="the"/>
                </token>
                <token content="fridge" id="3-23">
                    <pos type="NN"/>
                    <lemma type="fridge"/>
                    <dep head="3-19" type="prep"/>
                </token>
                <token content="." id="3-24"/>
            </sentence>
            <sentence id="4">
                <token content="I" id="4-1">
                    <pos type="PRP"/>
                    <lemma type="I"/>
                    <dep head="4-2" type="nsubj"/>
                </token>
                <token content="grabbed" id="4-2">
                    <pos type="VBD"/>
                    <lemma type="grab"/>
                </token>
                <token content="my" id="4-3">
                    <pos type="PRP$"/>
                    <lemma type="my"/>
                </token>
                <token content="list" id="4-4">
                    <pos type="NN"/>
                    <lemma type="list"/>
                    <dep head="4-2" type="dobj"/>
                </token>
                <token content="and" id="4-5"/>
                <token content="looked" id="4-6">
                    <pos type="VBD"/>
                    <lemma type="look"/>
                    <dep head="4-2" type="conj"/>
                </token>
                <token content="around" id="4-7">
                    <pos type="RP"/>
                    <lemma type="around"/>
                    <dep head="4-6" type="prt"/>
                </token>
                <token content="to" id="4-8">
                    <pos type="TO"/>
                    <lemma type="to"/>
                    <dep head="4-9" type="aux"/>
                </token>
                <token content="see" id="4-9">
                    <pos type="VB"/>
                    <lemma type="see"/>
                    <dep head="4-6" type="xcomp"/>
                </token>
                <token content="if" id="4-10">
                    <pos type="IN"/>
                    <lemma type="if"/>
                    <dep head="4-12" type="mark"/>
                </token>
                <token content="I" id="4-11">
                    <pos type="PRP"/>
                    <lemma type="I"/>
                    <dep head="4-12" type="nsubj"/>
                </token>
                <token content="need" id="4-12">
                    <pos type="VBP"/>
                    <lemma type="need"/>
                    <dep head="4-9" type="advcl"/>
                </token>
                <token content="any" id="4-13">
                    <pos type="DT"/>
                    <lemma type="any"/>
                </token>
                <token content="additional" id="4-14">
                    <pos type="JJ"/>
                    <lemma type="additional"/>
                </token>
                <token content="items" id="4-15">
                    <pos type="NNS"/>
                    <lemma type="item"/>
                    <dep head="4-12" type="dobj"/>
                </token>
                <token content="." id="4-16"/>
            </sentence>
            <sentence id="5">
                <token content="I" id="5-1">
                    <pos type="PRP"/>
                    <lemma type="I"/>
                    <dep head="5-2" type="nsubj"/>
                </token>
                <token content="added" id="5-2">
                    <pos type="VBD"/>
                    <lemma type="add"/>
                </token>
                <token content="any" id="5-3">
                    <pos type="DT"/>
                    <lemma type="any"/>
                </token>
                <token content="items" id="5-4">
                    <pos type="NNS"/>
                    <lemma type="item"/>
                    <dep head="5-2" type="dobj"/>
                </token>
                <token content="and" id="5-5"/>
                <token content="left" id="5-6">
                    <pos type="VBD"/>
                    <lemma type="leave"/>
                    <dep head="5-2" type="conj"/>
                </token>
                <token content="my" id="5-7">
                    <pos type="PRP$"/>
                    <lemma type="my"/>
                </token>
                <token content="house" id="5-8">
                    <pos type="NN"/>
                    <lemma type="house"/>
                    <dep head="5-6" type="dobj"/>
                </token>
                <token content="." id="5-9"/>
            </sentence>
            <sentence id="6">
                <token content="I" id="6-1">
                    <pos type="PRP"/>
                    <lemma type="I"/>
                    <dep head="6-2" type="nsubj"/>
                </token>
                <token content="got" id="6-2">
                    <pos type="VBD"/>
                    <lemma type="get"/>
                </token>
                <token content="into" id="6-3"/>
                <token content="my" id="6-4">
                    <pos type="PRP$"/>
                    <lemma type="my"/>
                </token>
                <token content="car" id="6-5">
                    <pos type="NN"/>
                    <lemma type="car"/>
                    <dep head="6-2" type="prep"/>
                </token>
                <token content="and" id="6-6"/>
                <token content="drove" id="6-7">
                    <pos type="VBD"/>
                    <lemma type="drive"/>
                    <dep head="6-2" type="conj"/>
                </token>
                <token content="to" id="6-8"/>
                <token content="the" id="6-9">
                    <pos type="DT"/>
                    <lemma type="the"/>
                </token>
                <token content="nearest" id="6-10">
                    <pos type="JJS"/>
                    <lemma type="nearest"/>
                </token>
                <token content="grocery" id="6-11">
                    <pos type="NN"/>
                    <lemma type="grocery"/>
                </token>
                <token content="store" id="6-12">
                    <pos type="NN"/>
                    <lemma type="store"/>
                    <dep head="6-7" type="prep"/>
                </token>
                <token content="," id="6-13"/>
                <token content="my" id="6-14">
                    <pos type="PRP$"/>
                    <lemma type="my"/>
                </token>
                <token content="favorite" id="6-15">
                    <pos type="JJ"/>
                    <lemma type="favorite"/>
                </token>
                <token content="one" id="6-16">
                    <pos type="NN"/>
                    <lemma type="one"/>
                </token>
                <token content="." id="6-17"/>
            </sentence>
            <sentence id="7">
                <token content="With" id="7-1"/>
                <token content="my" id="7-2">
                    <pos type="PRP$"/>
                    <lemma type="my"/>
                </token>
                <token content="list" id="7-3">
                    <pos type="NN"/>
                    <lemma type="list"/>
                    <dep head="7-8" type="prep"/>
                </token>
                <token content="in" id="7-4"/>
                <token content="hand" id="7-5">
                    <pos type="NN"/>
                    <lemma type="hand"/>
                </token>
                <token content="," id="7-6"/>
                <token content="I" id="7-7">
                    <pos type="PRP"/>
                    <lemma type="I"/>
                    <dep head="7-8" type="nsubj"/>
                </token>
                <token content="start" id="7-8">
                    <pos type="VBP"/>
                    <lemma type="start"/>
                </token>
                <token content="shopping" id="7-9">
                    <pos type="NN"/>
                    <lemma type="shopping"/>
                    <dep head="7-8" type="dobj"/>
                </token>
                <token content="." id="7-10"/>
            </sentence>
            <sentence id="8">
                <token content="I" id="8-1">
                    <pos type="PRP"/>
                    <lemma type="I"/>
                    <dep head="8-2" type="nsubj"/>
                </token>
                <token content="went" id="8-2">
                    <pos type="VBD"/>
                    <lemma type="go"/>
                </token>
                <token content="to" id="8-3"/>
                <token content="the" id="8-4">
                    <pos type="DT"/>
                    <lemma type="the"/>
                </token>
                <token content="middle" id="8-5">
                    <pos type="JJ"/>
                    <lemma type="middle"/>
                </token>
                <token content="isles" id="8-6">
                    <pos type="NNS"/>
                    <lemma type="isle"/>
                    <dep head="8-2" type="prep"/>
                </token>
                <token content="first" id="8-7">
                    <pos type="JJ"/>
                    <lemma type="first"/>
                    <dep head="8-23" type="nsubj"/>
                </token>
                <token content="," id="8-8"/>
                <token content="since" id="8-9"/>
                <token content="I" id="8-10">
                    <pos type="PRP"/>
                    <lemma type="I"/>
                    <dep head="8-11" type="nsubj"/>
                </token>
                <token content="want" id="8-11">
                    <pos type="VBP"/>
                    <lemma type="want"/>
                </token>
                <token content="to" id="8-12">
                    <pos type="TO"/>
                    <lemma type="to"/>
                    <dep head="8-13" type="aux"/>
                </token>
                <token content="get" id="8-13">
                    <pos type="VB"/>
                    <lemma type="get"/>
                    <dep head="8-11" type="xcomp"/>
                </token>
                <token content="my" id="8-14">
                    <pos type="PRP$"/>
                    <lemma type="my"/>
                </token>
                <token content="refrigerated" id="8-15">
                    <pos type="JJ"/>
                    <lemma type="refrigerated"/>
                </token>
                <token content="and" id="8-16"/>
                <token content="frozen" id="8-17">
                    <pos type="JJ"/>
                    <lemma type="frozen"/>
                </token>
                <token content="items" id="8-18">
                    <pos type="NNS"/>
                    <lemma type="item"/>
                    <dep head="8-13" type="dobj"/>
                </token>
                <token content="last" id="8-19">
                    <pos type="RB"/>
                    <lemma type="last"/>
                    <dep head="8-13" type="advmod"/>
                </token>
                <token content="," id="8-20"/>
                <token content="do" id="8-21">
                    <pos type="VBP"/>
                    <lemma type="do"/>
                    <dep head="8-23" type="aux"/>
                </token>
                <token content="n't" id="8-22">
                    <pos type="RB"/>
                    <lemma type="not"/>
                    <dep head="8-23" type="neg"/>
                </token>
                <token content="want" id="8-23">
                    <pos type="VB"/>
                    <lemma type="want"/>
                    <dep head="8-2" type="ccomp"/>
                </token>
                <token content="them" id="8-24">
                    <pos type="PRP"/>
                    <lemma type="they"/>
                </token>
                <token content="getting" id="8-25">
                    <pos type="VBG"/>
                    <lemma type="get"/>
                </token>
                <token content="warm" id="8-26">
                    <pos type="JJ"/>
                    <lemma type="warm"/>
                    <dep head="8-23" type="ccomp"/>
                </token>
                <token content="or" id="8-27"/>
                <token content="thawing" id="8-28">
                    <pos type="VBG"/>
                    <lemma type="thaw"/>
                </token>
                <token content="before" id="8-29">
                    <pos type="IN"/>
                    <lemma type="before"/>
                    <dep head="8-32" type="mark"/>
                </token>
                <token content="I" id="8-30">
                    <pos type="PRP"/>
                    <lemma type="I"/>
                    <dep head="8-32" type="nsubj"/>
                </token>
                <token content="even" id="8-31">
                    <pos type="RB"/>
                    <lemma type="even"/>
                    <dep head="8-32" type="advmod"/>
                </token>
                <token content="get" id="8-32">
                    <pos type="VBP"/>
                    <lemma type="get"/>
                    <dep head="8-28" type="advcl"/>
                </token>
                <token content="them" id="8-33">
                    <pos type="PRP"/>
                    <lemma type="they"/>
                    <dep head="8-32" type="dobj"/>
                </token>
                <token content="home" id="8-34">
                    <pos type="RB"/>
                    <lemma type="home"/>
                    <dep head="8-32" type="advmod"/>
                </token>
                <token content="." id="8-35"/>
            </sentence>
            <sentence id="9">
                <token content="I" id="9-1">
                    <pos type="PRP"/>
                    <lemma type="I"/>
                    <dep head="9-2" type="nsubj"/>
                </token>
                <token content="chose" id="9-2">
                    <pos type="VBD"/>
                    <lemma type="choose"/>
                </token>
                <token content="the" id="9-3">
                    <pos type="DT"/>
                    <lemma type="the"/>
                </token>
                <token content="express" id="9-4">
                    <pos type="JJ"/>
                    <lemma type="express"/>
                </token>
                <token content="lane" id="9-5">
                    <pos type="NN"/>
                    <lemma type="lane"/>
                    <dep head="9-2" type="dobj"/>
                </token>
                <token content="since" id="9-6">
                    <pos type="IN"/>
                    <lemma type="since"/>
                    <dep head="9-10" type="mark"/>
                </token>
                <token content="I" id="9-7">
                    <pos type="PRP"/>
                    <lemma type="I"/>
                    <dep head="9-10" type="nsubj"/>
                </token>
                <token content="was" id="9-8">
                    <pos type="VBD"/>
                    <lemma type="be"/>
                    <dep head="9-10" type="aux"/>
                </token>
                <token content="n't" id="9-9">
                    <pos type="RB"/>
                    <lemma type="not"/>
                    <dep head="9-10" type="neg"/>
                </token>
                <token content="getting" id="9-10">
                    <pos type="VBG"/>
                    <lemma type="get"/>
                    <dep head="9-2" type="advcl"/>
                </token>
                <token content="too" id="9-11">
                    <pos type="RB"/>
                    <lemma type="too"/>
                </token>
                <token content="many" id="9-12">
                    <pos type="JJ"/>
                    <lemma type="many"/>
                </token>
                <token content="items" id="9-13">
                    <pos type="NNS"/>
                    <lemma type="item"/>
                    <dep head="9-10" type="dobj"/>
                </token>
                <token content="." id="9-14"/>
            </sentence>
            <sentence id="10">
                <token content="The" id="10-1">
                    <pos type="DT"/>
                    <lemma type="the"/>
                </token>
                <token content="cashier" id="10-2">
                    <pos type="NN"/>
                    <lemma type="cashier"/>
                </token>
                <token content="was" id="10-3">
                    <pos type="VBD"/>
                    <lemma type="be"/>
                </token>
                <token content="courteous" id="10-4">
                    <pos type="JJ"/>
                    <lemma type="courteous"/>
                </token>
                <token content="to" id="10-5"/>
                <token content="me" id="10-6">
                    <pos type="PRP"/>
                    <lemma type="I"/>
                </token>
                <token content="," id="10-7"/>
                <token content="as" id="10-8">
                    <pos type="IN"/>
                    <lemma type="as"/>
                    <dep head="10-10" type="mark"/>
                </token>
                <token content="I" id="10-9">
                    <pos type="PRP"/>
                    <lemma type="I"/>
                    <dep head="10-10" type="nsubj"/>
                </token>
                <token content="was" id="10-10">
                    <pos type="VBD"/>
                    <lemma type="be"/>
                </token>
                <token content="to" id="10-11"/>
                <token content="her" id="10-12">
                    <pos type="PRP"/>
                    <lemma type="she"/>
                    <dep head="10-10" type="prep"/>
                </token>
                <token content="." id="10-13"/>
            </sentence>
            <sentence id="11">
                <token content="I" id="11-1">
                    <pos type="PRP"/>
                    <lemma type="I"/>
                    <dep head="11-2" type="nsubj"/>
                </token>
                <token content="bought" id="11-2">
                    <pos type="VBD"/>
                    <lemma type="buy"/>
                </token>
                <token content="my" id="11-3">
                    <pos type="PRP$"/>
                    <lemma type="my"/>
                </token>
                <token content="items" id="11-4">
                    <pos type="NNS"/>
                    <lemma type="item"/>
                    <dep head="11-2" type="dobj"/>
                </token>
                <token content="and" id="11-5"/>
                <token content="headed" id="11-6">
                    <pos type="VBD"/>
                    <lemma type="head"/>
                    <dep head="11-2" type="conj"/>
                </token>
                <token content="home" id="11-7">
                    <pos type="NN"/>
                    <lemma type="home"/>
                    <dep head="11-6" type="dobj"/>
                </token>
                <token content="." id="11-8"/>
            </sentence>
        </sentences>
    </text>
    <annotations>
        <participants>
            <label from="1-1" id="0" name="ScrPart_shopper" text="My" type="participant"/>
            <label from="1-2" id="1" name="NPart" text="cupboard" type="participant"/>
            <label from="1-7" id="2" name="No_label" text="it" type="participant"/>
            <label from="1-9" id="3" name="No_label" text="time" type="participant"/>
            <label from="1-12" id="4" name="ScrPart_groceries" text="grocery" type="participant"/>
            <label from="2-1" id="5" name="ScrPart_shopper" text="I" type="participant"/>
            <label from="2-9" id="6" name="ScrPart_shopper" text="I" type="participant"/>
            <label from="2-15" id="7" name="ScrPart_grocery_list" text="grocery list" to="2-16" type="participant"/>
            <label from="2-16" id="8" name="ScrPart_grocery_list" text="list" type="participant"/>
            <label from="3-1" id="9" name="ScrPart_shopper" text="I" type="participant"/>
            <label from="3-5" id="10" name="ScrPart_grocery_list" text="list" type="participant"/>
            <label from="3-7" id="11" name="ScrPart_groceries" text="items" type="participant"/>
            <label from="3-8" id="12" name="ScrPart_shopper" text="I" type="participant"/>
            <label from="3-12" id="13" name="ScrPart_shopper" text="I" type="participant"/>
            <label from="3-16" id="14" name="ScrPart_groceries" text="them" type="participant"/>
            <label from="3-18" id="15" name="ScrPart_shopper" text="I" type="participant"/>
            <label from="3-20" id="16" name="ScrPart_groceries" text="them" type="participant"/>
            <label from="3-23" id="17" name="NPart" text="fridge" type="participant"/>
            <label from="4-1" id="18" name="ScrPart_shopper" text="I" type="participant"/>
            <label from="4-3" id="19" name="ScrPart_shopper" text="my" type="participant"/>
            <label from="4-4" id="20" name="ScrPart_grocery_list" text="list" type="participant"/>
            <label from="4-11" id="21" name="ScrPart_shopper" text="I" type="participant"/>
            <label from="4-15" id="22" name="ScrPart_groceries" text="items" type="participant"/>
            <label from="5-1" id="23" name="ScrPart_shopper" text="I" type="participant"/>
            <label from="5-4" id="24" name="ScrPart_groceries" text="items" type="participant"/>
            <label from="5-7" id="25" name="ScrPart_shopper" text="my" type="participant"/>
            <label from="5-8" id="26" name="NPart" text="house" type="participant"/>
            <label from="6-1" id="27" name="ScrPart_shopper" text="I" type="participant"/>
            <label from="6-4" id="28" name="ScrPart_shopper" text="my" type="participant"/>
            <label from="6-5" id="29" name="ScrPart_vehicle" text="car" type="participant"/>
            <label from="6-11" id="30" name="ScrPart_grocery_shop" text="grocery store" to="6-12" type="participant"/>
            <label from="6-12" id="31" name="ScrPart_grocery_shop" text="store" type="participant"/>
            <label from="6-14" id="32" name="ScrPart_shopper" text="my" type="participant"/>
            <label from="6-16" id="33" name="ScrPart_grocery_shop" text="one" type="participant"/>
            <label from="7-2" id="34" name="ScrPart_shopper" text="my" type="participant"/>
            <label from="7-3" id="35" name="ScrPart_grocery_list" text="list" type="participant"/>
            <label from="7-5" id="36" name="No_label" text="hand" type="participant"/>
            <label from="7-7" id="37" name="ScrPart_shopper" text="I" type="participant"/>
            <label from="8-1" id="38" name="ScrPart_shopper" text="I" type="participant"/>
            <label from="8-6" id="39" name="ScrPart_section" text="isles" type="participant"/>
            <label from="8-10" id="40" name="ScrPart_shopper" text="I" type="participant"/>
            <label from="8-14" id="41" name="ScrPart_shopper" text="my" type="participant"/>
            <label from="8-18" id="42" name="ScrPart_groceries" text="items" type="participant"/>
            <label from="8-24" id="43" name="ScrPart_groceries" text="them" type="participant"/>
            <label from="8-30" id="44" name="ScrPart_shopper" text="I" type="participant"/>
            <label from="8-33" id="45" name="ScrPart_groceries" text="them" type="participant"/>
            <label from="8-34" id="46" name="NPart" text="home" type="participant"/>
            <label from="9-1" id="47" name="ScrPart_shopper" text="I" type="participant"/>
            <label from="9-4" id="48" name="ScrPart_line" text="express lane" to="9-5" type="participant"/>
            <label from="9-5" id="49" name="ScrPart_line" text="lane" type="participant"/>
            <label from="9-7" id="50" name="ScrPart_shopper" text="I" type="participant"/>
            <label from="9-13" id="51" name="ScrPart_groceries" text="items" type="participant"/>
            <label from="10-2" id="52" name="ScrPart_grocery_staff" text="cashier" type="participant"/>
            <label from="10-6" id="53" name="ScrPart_shopper" text="me" type="participant"/>
            <label from="10-9" id="54" name="ScrPart_shopper" text="I" type="participant"/>
            <label from="10-12" id="55" name="ScrPart_grocery_staff" text="her" type="participant"/>
            <label from="11-1" id="56" name="ScrPart_shopper" text="I" type="participant"/>
            <label from="11-3" id="57" name="ScrPart_shopper" text="my" type="participant"/>
            <label from="11-4" id="58" name="ScrPart_groceries" text="items" type="participant"/>
            <label from="11-7" id="59" name="NPart" text="home" type="participant"/>
        </participants>
        <events>
            <label from="1-3" id="60" name="UnrelEv" text="is" type="event"/>
            <label from="1-8" id="61" name="UnrelEv" text="is" type="event"/>
            <label from="1-11" id="62" name="Evoking" text="go grocery shopping" to="1-13" type="event"/>
            <label from="1-13" id="63" name="ScrEv_get_groceries" text="shopping" type="event"/>
            <label from="2-6" id="64" name="ScrEv_pay" text="over-spend" type="event"/>
            <label from="2-10" id="65" name="UnrelEv" text="make sure" to="2-11" type="event"/>
            <label from="2-13" id="66" name="ScrEv_make_list" text="bring" type="event"/>
            <label from="3-3" id="67" name="ScrEv_make_list" text="have" type="event"/>
            <label from="3-10" id="68" name="RelNScrEv" text="need" type="event"/>
            <label from="3-13" id="69" name="RelNScrEv" text="run out" to="3-14" type="event"/>
            <label from="3-19" id="70" name="ScrEv_make_list" text="post" type="event"/>
            <label from="4-2" id="71" name="RelNScrEv" text="grabbed" type="event"/>
            <label from="4-6" id="72" name="RelNScrEv" text="looked around" to="4-7" type="event"/>
            <label from="4-9" id="73" name="UnrelEv" text="see" type="event"/>
            <label from="4-12" id="74" name="RelNScrEv" text="need" type="event"/>
            <label from="5-2" id="75" name="ScrEv_make_list" text="added" type="event"/>
            <label from="5-6" id="76" name="RelNScrEv" text="left" type="event"/>
            <label from="6-2" id="77" name="RelNScrEv" text="got into" to="6-3" type="event"/>
            <label from="6-7" id="78" name="ScrEv_go_grocery" text="drove" type="event"/>
            <label from="7-8" id="79" name="UnrelEv" text="start" type="event"/>
            <label from="7-9" id="80" name="Evoking" text="shopping" type="event"/>
            <label from="8-2" id="81" name="ScrEv_move_section" text="went" type="event"/>
            <label from="8-13" id="82" name="ScrEv_get_groceries" text="get" type="event"/>
            <label from="8-15" id="83" name="UnrelEv" text="refrigerated" type="event"/>
            <label from="8-17" id="84" name="UnrelEv" text="frozen" type="event"/>
            <label from="8-25" id="85" name="UnrelEv" text="getting" type="event"/>
            <label from="8-28" id="86" name="UnrelEv" text="thawing" type="event"/>
            <label from="8-32" id="87" name="RelNScrEv" text="get" type="event"/>
            <label from="9-2" id="88" name="ScrEv_go_checkout" text="chose" type="event"/>
            <label from="9-10" id="89" name="ScrEv_get_groceries" text="getting" type="event"/>
            <label from="10-3" id="90" name="RelNScrEv" text="was" type="event"/>
            <label from="10-10" id="91" name="RelNScrEv" text="was" type="event"/>
            <label from="11-2" id="92" name="ScrEv_pay" text="bought" type="event"/>
            <label from="11-6" id="93" name="ScrEv_leave" text="headed" type="event"/>
        </events>
        <chains>
            <chain elements="5 0 6 9 12 13 15 18 19 21 23 25 27 28 32 34 37 38 40 41 44 47 50 53 54 56 57"/>
            <chain elements="11 4 14 16 22 24 42 43 45 51 58"/>
            <chain elements="10 8 20 35"/>
            <chain elements="33 31"/>
            <chain elements="55 52"/>
        </chains>
    </annotations>
</story>
