<?xml version="1.0" encoding="UTF-8" standalone="no"?>
<!DOCTYPE story SYSTEM "../InScript.dtd">
<story id="096" scenario="grocery">
    <text>
        <content>Last night I realized I did not have anything for dinner . 
To solve this conundrum I first thought about ordering out food . 
This , I realized , was too expensive as I am a broke college graduate just trying to get by . 
I settled on an alternative , going to the grocery store to purchase food . 
I walked down the street from my apartment to the Whole Foods in the brisk spring air . 
I was on a mission , purchase delicious food . 
When I reached the Whole Foods , the distinct smell of smug filled my nostrils . 
Organic , natural , non deoderized humans paced to and fro within the confines of the kale infused shelving units . 
I quickly scuttled to the small frozen foods section to purchase some ` healthy ' junk food . 
I selected chicken tenders and a small frozen pizza . 
Skirting the weed smoking hippies throughout the store I returned to the front . 
I quickly made my purchase and sprinted back towards home to concoct my wonderfully delicious tendies and pizza . </content>
        <sentences>
            <sentence id="1">
                <token content="Last" id="1-1">
                    <pos type="JJ"/>
                    <lemma type="last"/>
                </token>
                <token content="night" id="1-2">
                    <pos type="NN"/>
                    <lemma type="night"/>
                    <dep head="1-4" type="tmod"/>
                </token>
                <token content="I" id="1-3">
                    <pos type="PRP"/>
                    <lemma type="I"/>
                    <dep head="1-4" type="nsubj"/>
                </token>
                <token content="realized" id="1-4">
                    <pos type="VBD"/>
                    <lemma type="realize"/>
                </token>
                <token content="I" id="1-5">
                    <pos type="PRP"/>
                    <lemma type="I"/>
                    <dep head="1-8" type="nsubj"/>
                </token>
                <token content="did" id="1-6">
                    <pos type="VBD"/>
                    <lemma type="do"/>
                    <dep head="1-8" type="aux"/>
                </token>
                <token content="not" id="1-7">
                    <pos type="RB"/>
                    <lemma type="not"/>
                    <dep head="1-8" type="neg"/>
                </token>
                <token content="have" id="1-8">
                    <pos type="VB"/>
                    <lemma type="have"/>
                    <dep head="1-4" type="ccomp"/>
                </token>
                <token content="anything" id="1-9">
                    <pos type="NN"/>
                    <lemma type="anything"/>
                    <dep head="1-8" type="dobj"/>
                </token>
                <token content="for" id="1-10"/>
                <token content="dinner" id="1-11">
                    <pos type="NN"/>
                    <lemma type="dinner"/>
                </token>
                <token content="." id="1-12"/>
            </sentence>
            <sentence id="2">
                <token content="To" id="2-1">
                    <pos type="TO"/>
                    <lemma type="to"/>
                    <dep head="2-2" type="aux"/>
                </token>
                <token content="solve" id="2-2">
                    <pos type="VB"/>
                    <lemma type="solve"/>
                    <dep head="2-7" type="dep"/>
                </token>
                <token content="this" id="2-3">
                    <pos type="DT"/>
                    <lemma type="this"/>
                </token>
                <token content="conundrum" id="2-4">
                    <pos type="NN"/>
                    <lemma type="conundrum"/>
                    <dep head="2-2" type="dobj"/>
                </token>
                <token content="I" id="2-5">
                    <pos type="PRP"/>
                    <lemma type="I"/>
                    <dep head="2-7" type="nsubj"/>
                </token>
                <token content="first" id="2-6">
                    <pos type="RB"/>
                    <lemma type="first"/>
                    <dep head="2-7" type="advmod"/>
                </token>
                <token content="thought" id="2-7">
                    <pos type="VBD"/>
                    <lemma type="think"/>
                </token>
                <token content="about" id="2-8"/>
                <token content="ordering" id="2-9">
                    <pos type="VBG"/>
                    <lemma type="order"/>
                    <dep head="2-7" type="prepc"/>
                </token>
                <token content="out" id="2-10">
                    <pos type="RP"/>
                    <lemma type="out"/>
                    <dep head="2-9" type="prt"/>
                </token>
                <token content="food" id="2-11">
                    <pos type="NN"/>
                    <lemma type="food"/>
                    <dep head="2-9" type="dobj"/>
                </token>
                <token content="." id="2-12"/>
            </sentence>
            <sentence id="3">
                <token content="This" id="3-1">
                    <pos type="DT"/>
                    <lemma type="this"/>
                </token>
                <token content="," id="3-2"/>
                <token content="I" id="3-3">
                    <pos type="PRP"/>
                    <lemma type="I"/>
                    <dep head="3-4" type="nsubj"/>
                </token>
                <token content="realized" id="3-4">
                    <pos type="VBD"/>
                    <lemma type="realize"/>
                </token>
                <token content="," id="3-5"/>
                <token content="was" id="3-6">
                    <pos type="VBD"/>
                    <lemma type="be"/>
                </token>
                <token content="too" id="3-7">
                    <pos type="RB"/>
                    <lemma type="too"/>
                </token>
                <token content="expensive" id="3-8">
                    <pos type="JJ"/>
                    <lemma type="expensive"/>
                </token>
                <token content="as" id="3-9">
                    <pos type="IN"/>
                    <lemma type="as"/>
                    <dep head="3-17" type="mark"/>
                </token>
                <token content="I" id="3-10">
                    <pos type="PRP"/>
                    <lemma type="I"/>
                    <dep head="3-17" type="nsubj"/>
                </token>
                <token content="am" id="3-11">
                    <pos type="VBP"/>
                    <lemma type="be"/>
                    <dep head="3-17" type="aux"/>
                </token>
                <token content="a" id="3-12">
                    <pos type="DT"/>
                    <lemma type="a"/>
                </token>
                <token content="broke" id="3-13">
                    <pos type="JJ"/>
                    <lemma type="broke"/>
                </token>
                <token content="college" id="3-14">
                    <pos type="NN"/>
                    <lemma type="college"/>
                </token>
                <token content="graduate" id="3-15">
                    <pos type="NN"/>
                    <lemma type="graduate"/>
                </token>
                <token content="just" id="3-16">
                    <pos type="RB"/>
                    <lemma type="just"/>
                    <dep head="3-17" type="advmod"/>
                </token>
                <token content="trying" id="3-17">
                    <pos type="VBG"/>
                    <lemma type="try"/>
                </token>
                <token content="to" id="3-18">
                    <pos type="TO"/>
                    <lemma type="to"/>
                    <dep head="3-19" type="aux"/>
                </token>
                <token content="get" id="3-19">
                    <pos type="VB"/>
                    <lemma type="get"/>
                    <dep head="3-17" type="xcomp"/>
                </token>
                <token content="by" id="3-20">
                    <pos type="IN"/>
                    <lemma type="by"/>
                    <dep head="3-19" type="prep"/>
                </token>
                <token content="." id="3-21"/>
            </sentence>
            <sentence id="4">
                <token content="I" id="4-1">
                    <pos type="PRP"/>
                    <lemma type="I"/>
                    <dep head="4-2" type="nsubj"/>
                </token>
                <token content="settled" id="4-2">
                    <pos type="VBD"/>
                    <lemma type="settle"/>
                </token>
                <token content="on" id="4-3"/>
                <token content="an" id="4-4">
                    <pos type="DT"/>
                    <lemma type="a"/>
                </token>
                <token content="alternative" id="4-5">
                    <pos type="NN"/>
                    <lemma type="alternative"/>
                    <dep head="4-2" type="prep"/>
                </token>
                <token content="," id="4-6"/>
                <token content="going" id="4-7">
                    <pos type="VBG"/>
                    <lemma type="go"/>
                    <dep head="4-2" type="xcomp"/>
                </token>
                <token content="to" id="4-8"/>
                <token content="the" id="4-9">
                    <pos type="DT"/>
                    <lemma type="the"/>
                </token>
                <token content="grocery" id="4-10">
                    <pos type="NN"/>
                    <lemma type="grocery"/>
                </token>
                <token content="store" id="4-11">
                    <pos type="NN"/>
                    <lemma type="store"/>
                    <dep head="4-7" type="prep"/>
                </token>
                <token content="to" id="4-12">
                    <pos type="TO"/>
                    <lemma type="to"/>
                    <dep head="4-13" type="aux"/>
                </token>
                <token content="purchase" id="4-13">
                    <pos type="VB"/>
                    <lemma type="purchase"/>
                    <dep head="4-7" type="xcomp"/>
                </token>
                <token content="food" id="4-14">
                    <pos type="NN"/>
                    <lemma type="food"/>
                    <dep head="4-13" type="dobj"/>
                </token>
                <token content="." id="4-15"/>
            </sentence>
            <sentence id="5">
                <token content="I" id="5-1">
                    <pos type="PRP"/>
                    <lemma type="I"/>
                    <dep head="5-2" type="nsubj"/>
                </token>
                <token content="walked" id="5-2">
                    <pos type="VBD"/>
                    <lemma type="walk"/>
                </token>
                <token content="down" id="5-3">
                    <pos type="RP"/>
                    <lemma type="down"/>
                    <dep head="5-2" type="prt"/>
                </token>
                <token content="the" id="5-4">
                    <pos type="DT"/>
                    <lemma type="the"/>
                </token>
                <token content="street" id="5-5">
                    <pos type="NN"/>
                    <lemma type="street"/>
                    <dep head="5-2" type="dobj"/>
                </token>
                <token content="from" id="5-6"/>
                <token content="my" id="5-7">
                    <pos type="PRP$"/>
                    <lemma type="my"/>
                </token>
                <token content="apartment" id="5-8">
                    <pos type="NN"/>
                    <lemma type="apartment"/>
                    <dep head="5-2" type="prep"/>
                </token>
                <token content="to" id="5-9"/>
                <token content="the" id="5-10">
                    <pos type="DT"/>
                    <lemma type="the"/>
                </token>
                <token content="Whole" id="5-11">
                    <pos type="JJ"/>
                    <lemma type="whole"/>
                </token>
                <token content="Foods" id="5-12">
                    <pos type="NNPS"/>
                    <lemma type="Foods"/>
                    <dep head="5-2" type="prep"/>
                </token>
                <token content="in" id="5-13"/>
                <token content="the" id="5-14">
                    <pos type="DT"/>
                    <lemma type="the"/>
                </token>
                <token content="brisk" id="5-15">
                    <pos type="JJ"/>
                    <lemma type="brisk"/>
                </token>
                <token content="spring" id="5-16">
                    <pos type="NN"/>
                    <lemma type="spring"/>
                </token>
                <token content="air" id="5-17">
                    <pos type="NN"/>
                    <lemma type="air"/>
                    <dep head="5-2" type="prep"/>
                </token>
                <token content="." id="5-18"/>
            </sentence>
            <sentence id="6">
                <token content="I" id="6-1">
                    <pos type="PRP"/>
                    <lemma type="I"/>
                    <dep head="6-2" type="nsubj"/>
                </token>
                <token content="was" id="6-2">
                    <pos type="VBD"/>
                    <lemma type="be"/>
                </token>
                <token content="on" id="6-3"/>
                <token content="a" id="6-4">
                    <pos type="DT"/>
                    <lemma type="a"/>
                </token>
                <token content="mission" id="6-5">
                    <pos type="NN"/>
                    <lemma type="mission"/>
                    <dep head="6-2" type="prep"/>
                </token>
                <token content="," id="6-6"/>
                <token content="purchase" id="6-7">
                    <pos type="NN"/>
                    <lemma type="purchase"/>
                </token>
                <token content="delicious" id="6-8">
                    <pos type="NN"/>
                    <lemma type="delicious"/>
                </token>
                <token content="food" id="6-9">
                    <pos type="NN"/>
                    <lemma type="food"/>
                </token>
                <token content="." id="6-10"/>
            </sentence>
            <sentence id="7">
                <token content="When" id="7-1">
                    <pos type="WRB"/>
                    <lemma type="when"/>
                    <dep head="7-3" type="advmod"/>
                </token>
                <token content="I" id="7-2">
                    <pos type="PRP"/>
                    <lemma type="I"/>
                    <dep head="7-3" type="nsubj"/>
                </token>
                <token content="reached" id="7-3">
                    <pos type="VBD"/>
                    <lemma type="reach"/>
                    <dep head="7-13" type="advcl"/>
                </token>
                <token content="the" id="7-4">
                    <pos type="DT"/>
                    <lemma type="the"/>
                </token>
                <token content="Whole" id="7-5">
                    <pos type="JJ"/>
                    <lemma type="whole"/>
                </token>
                <token content="Foods" id="7-6">
                    <pos type="NNP"/>
                    <lemma type="Foods"/>
                    <dep head="7-3" type="dobj"/>
                </token>
                <token content="," id="7-7"/>
                <token content="the" id="7-8">
                    <pos type="DT"/>
                    <lemma type="the"/>
                </token>
                <token content="distinct" id="7-9">
                    <pos type="JJ"/>
                    <lemma type="distinct"/>
                </token>
                <token content="smell" id="7-10">
                    <pos type="NN"/>
                    <lemma type="smell"/>
                    <dep head="7-13" type="nsubj"/>
                </token>
                <token content="of" id="7-11"/>
                <token content="smug" id="7-12">
                    <pos type="NNP"/>
                    <lemma type="smug"/>
                </token>
                <token content="filled" id="7-13">
                    <pos type="VBD"/>
                    <lemma type="fill"/>
                </token>
                <token content="my" id="7-14">
                    <pos type="PRP$"/>
                    <lemma type="my"/>
                </token>
                <token content="nostrils" id="7-15">
                    <pos type="NNS"/>
                    <lemma type="nostril"/>
                    <dep head="7-13" type="dobj"/>
                </token>
                <token content="." id="7-16"/>
            </sentence>
            <sentence id="8">
                <token content="Organic" id="8-1">
                    <pos type="NNP"/>
                    <lemma type="Organic"/>
                    <dep head="8-5" type="nsubj"/>
                </token>
                <token content="," id="8-2"/>
                <token content="natural" id="8-3">
                    <pos type="JJ"/>
                    <lemma type="natural"/>
                </token>
                <token content="," id="8-4"/>
                <token content="non" id="8-5">
                    <pos type="VBP"/>
                    <lemma type="non"/>
                </token>
                <token content="deoderized" id="8-6">
                    <pos type="JJ"/>
                    <lemma type="deoderized"/>
                </token>
                <token content="humans" id="8-7">
                    <pos type="NNS"/>
                    <lemma type="human"/>
                    <dep head="8-8" type="nsubj"/>
                </token>
                <token content="paced" id="8-8">
                    <pos type="VBD"/>
                    <lemma type="pace"/>
                    <dep head="8-5" type="ccomp"/>
                </token>
                <token content="to" id="8-9">
                    <pos type="TO"/>
                    <lemma type="to"/>
                    <dep head="8-8" type="advmod"/>
                </token>
                <token content="and" id="8-10"/>
                <token content="fro" id="8-11">
                    <pos type="RB"/>
                    <lemma type="fro"/>
                </token>
                <token content="within" id="8-12"/>
                <token content="the" id="8-13">
                    <pos type="DT"/>
                    <lemma type="the"/>
                </token>
                <token content="confines" id="8-14">
                    <pos type="NNS"/>
                    <lemma type="confines"/>
                    <dep head="8-8" type="prep"/>
                </token>
                <token content="of" id="8-15"/>
                <token content="the" id="8-16">
                    <pos type="DT"/>
                    <lemma type="the"/>
                </token>
                <token content="kale" id="8-17">
                    <pos type="NN"/>
                    <lemma type="kale"/>
                </token>
                <token content="infused" id="8-18">
                    <pos type="VBN"/>
                    <lemma type="infuse"/>
                </token>
                <token content="shelving" id="8-19">
                    <pos type="VBG"/>
                    <lemma type="shelve"/>
                    <dep head="8-18" type="xcomp"/>
                </token>
                <token content="units" id="8-20">
                    <pos type="NNS"/>
                    <lemma type="unit"/>
                    <dep head="8-19" type="dobj"/>
                </token>
                <token content="." id="8-21"/>
            </sentence>
            <sentence id="9">
                <token content="I" id="9-1">
                    <pos type="PRP"/>
                    <lemma type="I"/>
                    <dep head="9-3" type="nsubj"/>
                </token>
                <token content="quickly" id="9-2">
                    <pos type="RB"/>
                    <lemma type="quickly"/>
                    <dep head="9-3" type="advmod"/>
                </token>
                <token content="scuttled" id="9-3">
                    <pos type="VBD"/>
                    <lemma type="scuttle"/>
                </token>
                <token content="to" id="9-4"/>
                <token content="the" id="9-5">
                    <pos type="DT"/>
                    <lemma type="the"/>
                </token>
                <token content="small" id="9-6">
                    <pos type="JJ"/>
                    <lemma type="small"/>
                </token>
                <token content="frozen" id="9-7">
                    <pos type="JJ"/>
                    <lemma type="frozen"/>
                </token>
                <token content="foods" id="9-8">
                    <pos type="NNS"/>
                    <lemma type="food"/>
                </token>
                <token content="section" id="9-9">
                    <pos type="NN"/>
                    <lemma type="section"/>
                    <dep head="9-3" type="prep"/>
                </token>
                <token content="to" id="9-10">
                    <pos type="TO"/>
                    <lemma type="to"/>
                    <dep head="9-11" type="aux"/>
                </token>
                <token content="purchase" id="9-11">
                    <pos type="VB"/>
                    <lemma type="purchase"/>
                    <dep head="9-3" type="xcomp"/>
                </token>
                <token content="some" id="9-12">
                    <pos type="DT"/>
                    <lemma type="some"/>
                </token>
                <token content="`" id="9-13"/>
                <token content="healthy" id="9-14">
                    <pos type="JJ"/>
                    <lemma type="healthy"/>
                </token>
                <token content="'" id="9-15"/>
                <token content="junk" id="9-16">
                    <pos type="NN"/>
                    <lemma type="junk"/>
                </token>
                <token content="food" id="9-17">
                    <pos type="NN"/>
                    <lemma type="food"/>
                    <dep head="9-11" type="dobj"/>
                </token>
                <token content="." id="9-18"/>
            </sentence>
            <sentence id="10">
                <token content="I" id="10-1">
                    <pos type="PRP"/>
                    <lemma type="I"/>
                    <dep head="10-2" type="nsubj"/>
                </token>
                <token content="selected" id="10-2">
                    <pos type="VBD"/>
                    <lemma type="select"/>
                </token>
                <token content="chicken" id="10-3">
                    <pos type="NN"/>
                    <lemma type="chicken"/>
                </token>
                <token content="tenders" id="10-4">
                    <pos type="NNS"/>
                    <lemma type="tender"/>
                    <dep head="10-2" type="dobj"/>
                </token>
                <token content="and" id="10-5"/>
                <token content="a" id="10-6">
                    <pos type="DT"/>
                    <lemma type="a"/>
                </token>
                <token content="small" id="10-7">
                    <pos type="JJ"/>
                    <lemma type="small"/>
                </token>
                <token content="frozen" id="10-8">
                    <pos type="VBN"/>
                    <lemma type="freeze"/>
                </token>
                <token content="pizza" id="10-9">
                    <pos type="NN"/>
                    <lemma type="pizza"/>
                </token>
                <token content="." id="10-10"/>
            </sentence>
            <sentence id="11">
                <token content="Skirting" id="11-1">
                    <pos type="VBG"/>
                    <lemma type="skirt"/>
                    <dep head="11-10" type="dep"/>
                </token>
                <token content="the" id="11-2">
                    <pos type="DT"/>
                    <lemma type="the"/>
                </token>
                <token content="weed" id="11-3">
                    <pos type="NN"/>
                    <lemma type="weed"/>
                </token>
                <token content="smoking" id="11-4">
                    <pos type="NN"/>
                    <lemma type="smoking"/>
                </token>
                <token content="hippies" id="11-5">
                    <pos type="NNS"/>
                    <lemma type="hippie"/>
                    <dep head="11-1" type="dobj"/>
                </token>
                <token content="throughout" id="11-6"/>
                <token content="the" id="11-7">
                    <pos type="DT"/>
                    <lemma type="the"/>
                </token>
                <token content="store" id="11-8">
                    <pos type="NN"/>
                    <lemma type="store"/>
                    <dep head="11-1" type="prep"/>
                </token>
                <token content="I" id="11-9">
                    <pos type="PRP"/>
                    <lemma type="I"/>
                    <dep head="11-10" type="nsubj"/>
                </token>
                <token content="returned" id="11-10">
                    <pos type="VBD"/>
                    <lemma type="return"/>
                </token>
                <token content="to" id="11-11"/>
                <token content="the" id="11-12">
                    <pos type="DT"/>
                    <lemma type="the"/>
                </token>
                <token content="front" id="11-13">
                    <pos type="NN"/>
                    <lemma type="front"/>
                    <dep head="11-10" type="prep"/>
                </token>
                <token content="." id="11-14"/>
            </sentence>
            <sentence id="12">
                <token content="I" id="12-1">
                    <pos type="PRP"/>
                    <lemma type="I"/>
                    <dep head="12-3" type="nsubj"/>
                </token>
                <token content="quickly" id="12-2">
                    <pos type="RB"/>
                    <lemma type="quickly"/>
                    <dep head="12-3" type="advmod"/>
                </token>
                <token content="made" id="12-3">
                    <pos type="VBD"/>
                    <lemma type="make"/>
                </token>
                <token content="my" id="12-4">
                    <pos type="PRP$"/>
                    <lemma type="my"/>
                </token>
                <token content="purchase" id="12-5">
                    <pos type="NN"/>
                    <lemma type="purchase"/>
                    <dep head="12-3" type="dobj"/>
                </token>
                <token content="and" id="12-6"/>
                <token content="sprinted" id="12-7">
                    <pos type="VBD"/>
                    <lemma type="sprint"/>
                    <dep head="12-3" type="conj"/>
                </token>
                <token content="back" id="12-8">
                    <pos type="RP"/>
                    <lemma type="back"/>
                    <dep head="12-7" type="prt"/>
                </token>
                <token content="towards" id="12-9"/>
                <token content="home" id="12-10">
                    <pos type="NN"/>
                    <lemma type="home"/>
                    <dep head="12-7" type="prep"/>
                </token>
                <token content="to" id="12-11">
                    <pos type="TO"/>
                    <lemma type="to"/>
                    <dep head="12-12" type="aux"/>
                </token>
                <token content="concoct" id="12-12">
                    <pos type="VB"/>
                    <lemma type="concoct"/>
                    <dep head="12-7" type="xcomp"/>
                </token>
                <token content="my" id="12-13">
                    <pos type="PRP$"/>
                    <lemma type="my"/>
                </token>
                <token content="wonderfully" id="12-14">
                    <pos type="RB"/>
                    <lemma type="wonderfully"/>
                </token>
                <token content="delicious" id="12-15">
                    <pos type="JJ"/>
                    <lemma type="delicious"/>
                </token>
                <token content="tendies" id="12-16">
                    <pos type="NNS"/>
                    <lemma type="tendy"/>
                    <dep head="12-12" type="dobj"/>
                </token>
                <token content="and" id="12-17"/>
                <token content="pizza" id="12-18">
                    <pos type="NN"/>
                    <lemma type="pizza"/>
                </token>
                <token content="." id="12-19"/>
            </sentence>
        </sentences>
    </text>
    <annotations>
        <participants>
            <label from="1-2" id="0" name="NPart" text="night" type="participant"/>
            <label from="1-3" id="1" name="ScrPart_shopper" text="I" type="participant"/>
            <label from="1-5" id="2" name="ScrPart_shopper" text="I" type="participant"/>
            <label from="1-9" id="3" name="No_label" text="anything" type="participant"/>
            <label from="1-11" id="4" name="NPart" text="dinner" type="participant"/>
            <label from="2-4" id="5" name="NPart" text="conundrum" type="participant"/>
            <label from="2-5" id="6" name="ScrPart_shopper" text="I" type="participant"/>
            <label from="2-11" id="7" name="NPart" text="food" type="participant"/>
            <label from="3-3" id="8" name="ScrPart_shopper" text="I" type="participant"/>
            <label from="3-10" id="9" name="ScrPart_shopper" text="I" type="participant"/>
            <label from="3-13" id="10" name="ScrPart_shopper" text="broke college graduate" to="3-15" type="participant"/>
            <label from="3-15" id="11" name="ScrPart_shopper" text="graduate" type="participant"/>
            <label from="4-1" id="12" name="ScrPart_shopper" text="I" type="participant"/>
            <label from="4-5" id="13" name="NPart" text="alternative" type="participant"/>
            <label from="4-10" id="14" name="ScrPart_grocery_shop" text="grocery store" to="4-11" type="participant"/>
            <label from="4-11" id="15" name="ScrPart_grocery_shop" text="store" type="participant"/>
            <label from="4-14" id="16" name="ScrPart_groceries" text="food" type="participant"/>
            <label from="5-1" id="17" name="ScrPart_shopper" text="I" type="participant"/>
            <label from="5-5" id="18" name="NPart" text="street" type="participant"/>
            <label from="5-7" id="19" name="ScrPart_shopper" text="my" type="participant"/>
            <label from="5-8" id="20" name="NPart" text="apartment" type="participant"/>
            <label from="5-11" id="21" name="ScrPart_grocery_shop" text="Whole Foods" to="5-12" type="participant"/>
            <label from="5-12" id="22" name="ScrPart_grocery_shop" text="Foods" type="participant"/>
            <label from="5-16" id="23" name="NPart" text="spring air" to="5-17" type="participant"/>
            <label from="5-17" id="24" name="NPart" text="air" type="participant"/>
            <label from="6-1" id="25" name="ScrPart_shopper" text="I" type="participant"/>
            <label from="6-5" id="26" name="NPart" text="mission" type="participant"/>
            <label from="6-9" id="27" name="ScrPart_groceries" text="food" type="participant"/>
            <label from="7-2" id="28" name="ScrPart_shopper" text="I" type="participant"/>
            <label from="7-5" id="29" name="ScrPart_grocery_shop" text="Whole Foods" to="7-6" type="participant"/>
            <label from="7-6" id="30" name="ScrPart_grocery_shop" text="Foods" type="participant"/>
            <label from="7-10" id="31" name="NPart" text="smell" type="participant"/>
            <label from="7-14" id="32" name="ScrPart_shopper" text="my" type="participant"/>
            <label from="7-15" id="33" name="NPart" text="nostrils" type="participant"/>
            <label from="8-7" id="34" name="ScrPart_shopper" text="humans" type="participant"/>
            <label from="8-14" id="35" name="NPart" text="confines" type="participant"/>
            <label from="8-17" id="36" name="ScrPart_groceries" text="kale" type="participant"/>
            <label from="8-19" id="37" name="ScrPart_section" text="shelving units" to="8-20" type="participant"/>
            <label from="8-20" id="38" name="ScrPart_section" text="units" type="participant"/>
            <label from="9-1" id="39" name="ScrPart_shopper" text="I" type="participant"/>
            <label from="9-7" id="40" name="ScrPart_section" text="frozen foods section" to="9-9" type="participant"/>
            <label from="9-9" id="41" name="ScrPart_section" text="section" type="participant"/>
            <label from="9-16" id="42" name="ScrPart_groceries" text="junk food" to="9-17" type="participant"/>
            <label from="9-17" id="43" name="ScrPart_groceries" text="food" type="participant"/>
            <label from="10-1" id="44" name="ScrPart_shopper" text="I" type="participant"/>
            <label from="10-3" id="45" name="ScrPart_groceries" text="chicken tenders" to="10-4" type="participant"/>
            <label from="10-4" id="46" name="ScrPart_groceries" text="tenders" type="participant"/>
            <label from="10-8" id="47" name="ScrPart_groceries" text="frozen pizza" to="10-9" type="participant"/>
            <label from="10-9" id="48" name="ScrPart_groceries" text="pizza" type="participant"/>
            <label from="11-5" id="49" name="ScrPart_shopper" text="hippies" type="participant"/>
            <label from="11-8" id="50" name="ScrPart_grocery_shop" text="store" type="participant"/>
            <label from="11-9" id="51" name="ScrPart_shopper" text="I" type="participant"/>
            <label from="11-13" id="52" name="ScrPart_section" text="front" type="participant"/>
            <label from="12-1" id="53" name="ScrPart_shopper" text="I" type="participant"/>
            <label from="12-4" id="54" name="ScrPart_shopper" text="my" type="participant"/>
            <label from="12-5" id="55" name="SuppVComp" text="purchase" type="participant"/>
            <label from="12-10" id="56" name="NPart" text="home" type="participant"/>
            <label from="12-13" id="57" name="ScrPart_shopper" text="my" type="participant"/>
            <label from="12-16" id="58" name="ScrPart_groceries" text="tendies" type="participant"/>
            <label from="12-18" id="59" name="ScrPart_groceries" text="pizza" type="participant"/>
        </participants>
        <events>
            <label from="1-4" id="60" name="UnrelEv" text="realized" type="event"/>
            <label from="1-8" id="61" name="UnrelEv" text="have" type="event"/>
            <label from="2-2" id="62" name="UnrelEv" text="solve" type="event"/>
            <label from="2-7" id="63" name="UnrelEv" text="thought" type="event"/>
            <label from="2-9" id="64" name="UnrelEv" text="ordering" type="event"/>
            <label from="3-4" id="65" name="UnrelEv" text="realized" type="event"/>
            <label from="3-6" id="66" name="UnrelEv" text="was" type="event"/>
            <label from="3-19" id="67" name="UnrelEv" text="get" type="event"/>
            <label from="4-2" id="68" name="UnrelEv" text="settled" type="event"/>
            <label from="4-7" id="69" name="Evoking" text="going to the grocery store" to="4-11" type="event"/>
            <label from="4-7" id="70" name="ScrEv_go_grocery" text="going" type="event"/>
            <label from="4-13" id="71" name="ScrEv_get_groceries" text="purchase" type="event"/>
            <label from="5-2" id="72" name="ScrEv_go_grocery" text="walked down" to="5-3" type="event"/>
            <label from="5-2" id="73" name="ScrEv_go_grocery" text="walked" type="event"/>
            <label from="6-2" id="74" name="UnrelEv" text="was" type="event"/>
            <label from="6-7" id="75" name="ScrEv_get_groceries" text="purchase" type="event"/>
            <label from="7-3" id="76" name="ScrEv_go_grocery" text="reached" type="event"/>
            <label from="7-13" id="77" name="UnrelEv" text="filled" type="event"/>
            <label from="8-6" id="78" name="UnrelEv" text="deoderized" type="event"/>
            <label from="8-8" id="79" name="ScrEv_move_section" text="paced" type="event"/>
            <label from="8-18" id="80" name="UnrelEv" text="infused" type="event"/>
            <label from="9-3" id="81" name="ScrEv_move_section" text="scuttled" type="event"/>
            <label from="9-11" id="82" name="ScrEv_get_groceries" text="purchase" type="event"/>
            <label from="10-2" id="83" name="ScrEv_get_groceries" text="selected" type="event"/>
            <label from="11-1" id="84" name="UnrelEv" text="Skirting" type="event"/>
            <label from="11-4" id="85" name="UnrelEv" text="smoking" type="event"/>
            <label from="11-10" id="86" name="ScrEv_move_section" text="returned" type="event"/>
            <label from="12-3" id="87" name="ScrEv_get_groceries" text="made" type="event"/>
            <label from="12-7" id="88" name="ScrEv_leave" text="sprinted back" to="12-8" type="event"/>
            <label from="12-7" id="89" name="ScrEv_leave" text="sprinted" type="event"/>
            <label from="12-12" id="90" name="UnrelEv" text="concoct" type="event"/>
        </events>
        <chains>
            <chain elements="1 2 6 8 9 11 12 17 19 25 28 32 39 44 51 53 54 57"/>
            <chain elements="15 22 30 50"/>
            <chain elements="27 43"/>
            <chain elements="46 58"/>
            <chain elements="48 59"/>
            <chain elements="20 56"/>
        </chains>
    </annotations>
</story>
