<?xml version="1.0" encoding="UTF-8" standalone="no"?>
<!DOCTYPE story SYSTEM "../InScript.dtd">
<story id="024" scenario="grocery">
    <text>
        <content>I needed to do my weekly grocery shopping . 
I prepared by first looking through my cupboards and the refrigerator and freezer to see what I already had and what I needed . 
Then I made a list by category of everything I needed for the upcoming week . 
I drove to Shopper 's Food Warehouse , parked the car , found a cart near the front door and went in to begin my shopping . 
I started in the produce section and picked out everything I needed in the way of fruits and vegetables . 
Then I shopped for meats , cheeses , canned goods , milk , eggs , juice , bread , cereal , paper products , and frozen items . 
I went through the check-out line with my purchases and paid with a credit card . 
The cashier bagged all my items and put them back in the cart . 
I rolled the cart close to my car and unloaded the bags into the trunk of my car , then went home and put everything away . </content>
        <sentences>
            <sentence id="1">
                <token content="I" id="1-1">
                    <pos type="PRP"/>
                    <lemma type="I"/>
                    <dep head="1-2" type="nsubj"/>
                </token>
                <token content="needed" id="1-2">
                    <pos type="VBD"/>
                    <lemma type="need"/>
                </token>
                <token content="to" id="1-3">
                    <pos type="TO"/>
                    <lemma type="to"/>
                    <dep head="1-4" type="aux"/>
                </token>
                <token content="do" id="1-4">
                    <pos type="VB"/>
                    <lemma type="do"/>
                    <dep head="1-2" type="xcomp"/>
                </token>
                <token content="my" id="1-5">
                    <pos type="PRP$"/>
                    <lemma type="my"/>
                </token>
                <token content="weekly" id="1-6">
                    <pos type="JJ"/>
                    <lemma type="weekly"/>
                </token>
                <token content="grocery" id="1-7">
                    <pos type="NN"/>
                    <lemma type="grocery"/>
                </token>
                <token content="shopping" id="1-8">
                    <pos type="NN"/>
                    <lemma type="shopping"/>
                    <dep head="1-4" type="dobj"/>
                </token>
                <token content="." id="1-9"/>
            </sentence>
            <sentence id="2">
                <token content="I" id="2-1">
                    <pos type="PRP"/>
                    <lemma type="I"/>
                    <dep head="2-2" type="nsubj"/>
                </token>
                <token content="prepared" id="2-2">
                    <pos type="VBD"/>
                    <lemma type="prepare"/>
                </token>
                <token content="by" id="2-3"/>
                <token content="first" id="2-4">
                    <pos type="RB"/>
                    <lemma type="first"/>
                    <dep head="2-5" type="advmod"/>
                </token>
                <token content="looking" id="2-5">
                    <pos type="VBG"/>
                    <lemma type="look"/>
                    <dep head="2-2" type="prepc"/>
                </token>
                <token content="through" id="2-6"/>
                <token content="my" id="2-7">
                    <pos type="PRP$"/>
                    <lemma type="my"/>
                </token>
                <token content="cupboards" id="2-8">
                    <pos type="NNS"/>
                    <lemma type="cupboard"/>
                    <dep head="2-5" type="prep"/>
                </token>
                <token content="and" id="2-9"/>
                <token content="the" id="2-10">
                    <pos type="DT"/>
                    <lemma type="the"/>
                </token>
                <token content="refrigerator" id="2-11">
                    <pos type="NN"/>
                    <lemma type="refrigerator"/>
                </token>
                <token content="and" id="2-12"/>
                <token content="freezer" id="2-13">
                    <pos type="NN"/>
                    <lemma type="freezer"/>
                </token>
                <token content="to" id="2-14">
                    <pos type="TO"/>
                    <lemma type="to"/>
                    <dep head="2-15" type="aux"/>
                </token>
                <token content="see" id="2-15">
                    <pos type="VB"/>
                    <lemma type="see"/>
                    <dep head="2-5" type="xcomp"/>
                </token>
                <token content="what" id="2-16">
                    <pos type="WP"/>
                    <lemma type="what"/>
                    <dep head="2-19" type="dobj"/>
                </token>
                <token content="I" id="2-17">
                    <pos type="PRP"/>
                    <lemma type="I"/>
                    <dep head="2-19" type="nsubj"/>
                </token>
                <token content="already" id="2-18">
                    <pos type="RB"/>
                    <lemma type="already"/>
                    <dep head="2-19" type="advmod"/>
                </token>
                <token content="had" id="2-19">
                    <pos type="VBD"/>
                    <lemma type="have"/>
                    <dep head="2-15" type="dep"/>
                </token>
                <token content="and" id="2-20"/>
                <token content="what" id="2-21">
                    <pos type="WP"/>
                    <lemma type="what"/>
                    <dep head="2-23" type="dobj"/>
                </token>
                <token content="I" id="2-22">
                    <pos type="PRP"/>
                    <lemma type="I"/>
                    <dep head="2-23" type="nsubj"/>
                </token>
                <token content="needed" id="2-23">
                    <pos type="VBD"/>
                    <lemma type="need"/>
                    <dep head="2-19" type="conj"/>
                </token>
                <token content="." id="2-24"/>
            </sentence>
            <sentence id="3">
                <token content="Then" id="3-1">
                    <pos type="RB"/>
                    <lemma type="then"/>
                    <dep head="3-3" type="advmod"/>
                </token>
                <token content="I" id="3-2">
                    <pos type="PRP"/>
                    <lemma type="I"/>
                    <dep head="3-3" type="nsubj"/>
                </token>
                <token content="made" id="3-3">
                    <pos type="VBD"/>
                    <lemma type="make"/>
                </token>
                <token content="a" id="3-4">
                    <pos type="DT"/>
                    <lemma type="a"/>
                </token>
                <token content="list" id="3-5">
                    <pos type="NN"/>
                    <lemma type="list"/>
                    <dep head="3-3" type="dobj"/>
                </token>
                <token content="by" id="3-6"/>
                <token content="category" id="3-7">
                    <pos type="NN"/>
                    <lemma type="category"/>
                    <dep head="3-3" type="prep"/>
                </token>
                <token content="of" id="3-8"/>
                <token content="everything" id="3-9">
                    <pos type="NN"/>
                    <lemma type="everything"/>
                </token>
                <token content="I" id="3-10">
                    <pos type="PRP"/>
                    <lemma type="I"/>
                    <dep head="3-11" type="nsubj"/>
                </token>
                <token content="needed" id="3-11">
                    <pos type="VBD"/>
                    <lemma type="need"/>
                </token>
                <token content="for" id="3-12"/>
                <token content="the" id="3-13">
                    <pos type="DT"/>
                    <lemma type="the"/>
                </token>
                <token content="upcoming" id="3-14">
                    <pos type="NN"/>
                    <lemma type="upcoming"/>
                    <dep head="3-11" type="prep"/>
                </token>
                <token content="week" id="3-15">
                    <pos type="NN"/>
                    <lemma type="week"/>
                    <dep head="3-11" type="tmod"/>
                </token>
                <token content="." id="3-16"/>
            </sentence>
            <sentence id="4">
                <token content="I" id="4-1">
                    <pos type="PRP"/>
                    <lemma type="I"/>
                    <dep head="4-2" type="nsubj"/>
                </token>
                <token content="drove" id="4-2">
                    <pos type="VBD"/>
                    <lemma type="drive"/>
                </token>
                <token content="to" id="4-3"/>
                <token content="Shopper" id="4-4">
                    <pos type="NNP"/>
                    <lemma type="Shopper"/>
                </token>
                <token content="'s" id="4-5"/>
                <token content="Food" id="4-6">
                    <pos type="NNP"/>
                    <lemma type="Food"/>
                </token>
                <token content="Warehouse" id="4-7">
                    <pos type="NNP"/>
                    <lemma type="Warehouse"/>
                    <dep head="4-2" type="prep"/>
                </token>
                <token content="," id="4-8"/>
                <token content="parked" id="4-9">
                    <pos type="VBD"/>
                    <lemma type="park"/>
                    <dep head="4-2" type="conj"/>
                </token>
                <token content="the" id="4-10">
                    <pos type="DT"/>
                    <lemma type="the"/>
                </token>
                <token content="car" id="4-11">
                    <pos type="NN"/>
                    <lemma type="car"/>
                    <dep head="4-9" type="dobj"/>
                </token>
                <token content="," id="4-12"/>
                <token content="found" id="4-13">
                    <pos type="VBD"/>
                    <lemma type="find"/>
                    <dep head="4-2" type="conj"/>
                </token>
                <token content="a" id="4-14">
                    <pos type="DT"/>
                    <lemma type="a"/>
                </token>
                <token content="cart" id="4-15">
                    <pos type="NN"/>
                    <lemma type="cart"/>
                    <dep head="4-13" type="dobj"/>
                </token>
                <token content="near" id="4-16"/>
                <token content="the" id="4-17">
                    <pos type="DT"/>
                    <lemma type="the"/>
                </token>
                <token content="front" id="4-18">
                    <pos type="JJ"/>
                    <lemma type="front"/>
                </token>
                <token content="door" id="4-19">
                    <pos type="NN"/>
                    <lemma type="door"/>
                </token>
                <token content="and" id="4-20"/>
                <token content="went" id="4-21">
                    <pos type="VBD"/>
                    <lemma type="go"/>
                    <dep head="4-2" type="conj"/>
                </token>
                <token content="in" id="4-22">
                    <pos type="RP"/>
                    <lemma type="in"/>
                    <dep head="4-21" type="prt"/>
                </token>
                <token content="to" id="4-23">
                    <pos type="TO"/>
                    <lemma type="to"/>
                    <dep head="4-24" type="aux"/>
                </token>
                <token content="begin" id="4-24">
                    <pos type="VB"/>
                    <lemma type="begin"/>
                    <dep head="4-21" type="xcomp"/>
                </token>
                <token content="my" id="4-25">
                    <pos type="PRP$"/>
                    <lemma type="my"/>
                </token>
                <token content="shopping" id="4-26">
                    <pos type="NN"/>
                    <lemma type="shopping"/>
                    <dep head="4-24" type="dobj"/>
                </token>
                <token content="." id="4-27"/>
            </sentence>
            <sentence id="5">
                <token content="I" id="5-1">
                    <pos type="PRP"/>
                    <lemma type="I"/>
                    <dep head="5-2" type="nsubj"/>
                </token>
                <token content="started" id="5-2">
                    <pos type="VBD"/>
                    <lemma type="start"/>
                </token>
                <token content="in" id="5-3"/>
                <token content="the" id="5-4">
                    <pos type="DT"/>
                    <lemma type="the"/>
                </token>
                <token content="produce" id="5-5">
                    <pos type="NN"/>
                    <lemma type="produce"/>
                </token>
                <token content="section" id="5-6">
                    <pos type="NN"/>
                    <lemma type="section"/>
                    <dep head="5-2" type="prep"/>
                </token>
                <token content="and" id="5-7"/>
                <token content="picked" id="5-8">
                    <pos type="VBD"/>
                    <lemma type="pick"/>
                    <dep head="5-2" type="conj"/>
                </token>
                <token content="out" id="5-9">
                    <pos type="RP"/>
                    <lemma type="out"/>
                    <dep head="5-8" type="prt"/>
                </token>
                <token content="everything" id="5-10">
                    <pos type="NN"/>
                    <lemma type="everything"/>
                    <dep head="5-8" type="dobj"/>
                </token>
                <token content="I" id="5-11">
                    <pos type="PRP"/>
                    <lemma type="I"/>
                    <dep head="5-12" type="nsubj"/>
                </token>
                <token content="needed" id="5-12">
                    <pos type="VBD"/>
                    <lemma type="need"/>
                </token>
                <token content="in" id="5-13"/>
                <token content="the" id="5-14">
                    <pos type="DT"/>
                    <lemma type="the"/>
                </token>
                <token content="way" id="5-15">
                    <pos type="NN"/>
                    <lemma type="way"/>
                    <dep head="5-8" type="prep"/>
                </token>
                <token content="of" id="5-16"/>
                <token content="fruits" id="5-17">
                    <pos type="NNS"/>
                    <lemma type="fruit"/>
                </token>
                <token content="and" id="5-18"/>
                <token content="vegetables" id="5-19">
                    <pos type="NNS"/>
                    <lemma type="vegetable"/>
                </token>
                <token content="." id="5-20"/>
            </sentence>
            <sentence id="6">
                <token content="Then" id="6-1">
                    <pos type="RB"/>
                    <lemma type="then"/>
                    <dep head="6-3" type="advmod"/>
                </token>
                <token content="I" id="6-2">
                    <pos type="PRP"/>
                    <lemma type="I"/>
                    <dep head="6-3" type="nsubj"/>
                </token>
                <token content="shopped" id="6-3">
                    <pos type="VBD"/>
                    <lemma type="shop"/>
                </token>
                <token content="for" id="6-4"/>
                <token content="meats" id="6-5">
                    <pos type="NNS"/>
                    <lemma type="meat"/>
                    <dep head="6-3" type="prep"/>
                </token>
                <token content="," id="6-6"/>
                <token content="cheeses" id="6-7">
                    <pos type="NNS"/>
                    <lemma type="cheese"/>
                </token>
                <token content="," id="6-8"/>
                <token content="canned" id="6-9">
                    <pos type="JJ"/>
                    <lemma type="canned"/>
                </token>
                <token content="goods" id="6-10">
                    <pos type="NNS"/>
                    <lemma type="goods"/>
                </token>
                <token content="," id="6-11"/>
                <token content="milk" id="6-12">
                    <pos type="NN"/>
                    <lemma type="milk"/>
                </token>
                <token content="," id="6-13"/>
                <token content="eggs" id="6-14">
                    <pos type="NNS"/>
                    <lemma type="egg"/>
                </token>
                <token content="," id="6-15"/>
                <token content="juice" id="6-16">
                    <pos type="NN"/>
                    <lemma type="juice"/>
                </token>
                <token content="," id="6-17"/>
                <token content="bread" id="6-18">
                    <pos type="NN"/>
                    <lemma type="bread"/>
                </token>
                <token content="," id="6-19"/>
                <token content="cereal" id="6-20">
                    <pos type="NN"/>
                    <lemma type="cereal"/>
                </token>
                <token content="," id="6-21"/>
                <token content="paper" id="6-22">
                    <pos type="NN"/>
                    <lemma type="paper"/>
                </token>
                <token content="products" id="6-23">
                    <pos type="NNS"/>
                    <lemma type="product"/>
                </token>
                <token content="," id="6-24"/>
                <token content="and" id="6-25"/>
                <token content="frozen" id="6-26">
                    <pos type="JJ"/>
                    <lemma type="frozen"/>
                </token>
                <token content="items" id="6-27">
                    <pos type="NNS"/>
                    <lemma type="item"/>
                </token>
                <token content="." id="6-28"/>
            </sentence>
            <sentence id="7">
                <token content="I" id="7-1">
                    <pos type="PRP"/>
                    <lemma type="I"/>
                    <dep head="7-2" type="nsubj"/>
                </token>
                <token content="went" id="7-2">
                    <pos type="VBD"/>
                    <lemma type="go"/>
                </token>
                <token content="through" id="7-3"/>
                <token content="the" id="7-4">
                    <pos type="DT"/>
                    <lemma type="the"/>
                </token>
                <token content="check-out" id="7-5">
                    <pos type="JJ"/>
                    <lemma type="check-out"/>
                </token>
                <token content="line" id="7-6">
                    <pos type="NN"/>
                    <lemma type="line"/>
                    <dep head="7-2" type="prep"/>
                </token>
                <token content="with" id="7-7"/>
                <token content="my" id="7-8">
                    <pos type="PRP$"/>
                    <lemma type="my"/>
                </token>
                <token content="purchases" id="7-9">
                    <pos type="NNS"/>
                    <lemma type="purchase"/>
                    <dep head="7-2" type="prep"/>
                </token>
                <token content="and" id="7-10"/>
                <token content="paid" id="7-11">
                    <pos type="VBD"/>
                    <lemma type="pay"/>
                    <dep head="7-2" type="conj"/>
                </token>
                <token content="with" id="7-12"/>
                <token content="a" id="7-13">
                    <pos type="DT"/>
                    <lemma type="a"/>
                </token>
                <token content="credit" id="7-14">
                    <pos type="NN"/>
                    <lemma type="credit"/>
                </token>
                <token content="card" id="7-15">
                    <pos type="NN"/>
                    <lemma type="card"/>
                    <dep head="7-11" type="prep"/>
                </token>
                <token content="." id="7-16"/>
            </sentence>
            <sentence id="8">
                <token content="The" id="8-1">
                    <pos type="DT"/>
                    <lemma type="the"/>
                </token>
                <token content="cashier" id="8-2">
                    <pos type="NN"/>
                    <lemma type="cashier"/>
                    <dep head="8-3" type="nsubj"/>
                </token>
                <token content="bagged" id="8-3">
                    <pos type="VBD"/>
                    <lemma type="bag"/>
                </token>
                <token content="all" id="8-4">
                    <pos type="PDT"/>
                    <lemma type="all"/>
                </token>
                <token content="my" id="8-5">
                    <pos type="PRP$"/>
                    <lemma type="my"/>
                </token>
                <token content="items" id="8-6">
                    <pos type="NNS"/>
                    <lemma type="item"/>
                    <dep head="8-3" type="dobj"/>
                </token>
                <token content="and" id="8-7"/>
                <token content="put" id="8-8">
                    <pos type="VBD"/>
                    <lemma type="put"/>
                    <dep head="8-3" type="conj"/>
                </token>
                <token content="them" id="8-9">
                    <pos type="PRP"/>
                    <lemma type="they"/>
                    <dep head="8-8" type="dobj"/>
                </token>
                <token content="back" id="8-10">
                    <pos type="RP"/>
                    <lemma type="back"/>
                    <dep head="8-8" type="prt"/>
                </token>
                <token content="in" id="8-11"/>
                <token content="the" id="8-12">
                    <pos type="DT"/>
                    <lemma type="the"/>
                </token>
                <token content="cart" id="8-13">
                    <pos type="NN"/>
                    <lemma type="cart"/>
                    <dep head="8-8" type="prep"/>
                </token>
                <token content="." id="8-14"/>
            </sentence>
            <sentence id="9">
                <token content="I" id="9-1">
                    <pos type="PRP"/>
                    <lemma type="I"/>
                    <dep head="9-2" type="nsubj"/>
                </token>
                <token content="rolled" id="9-2">
                    <pos type="VBD"/>
                    <lemma type="roll"/>
                </token>
                <token content="the" id="9-3">
                    <pos type="DT"/>
                    <lemma type="the"/>
                </token>
                <token content="cart" id="9-4">
                    <pos type="NN"/>
                    <lemma type="cart"/>
                </token>
                <token content="close" id="9-5">
                    <pos type="NN"/>
                    <lemma type="close"/>
                    <dep head="9-2" type="dobj"/>
                </token>
                <token content="to" id="9-6"/>
                <token content="my" id="9-7">
                    <pos type="PRP$"/>
                    <lemma type="my"/>
                </token>
                <token content="car" id="9-8">
                    <pos type="NN"/>
                    <lemma type="car"/>
                    <dep head="9-2" type="prep"/>
                </token>
                <token content="and" id="9-9"/>
                <token content="unloaded" id="9-10">
                    <pos type="JJ"/>
                    <lemma type="unloaded"/>
                    <dep head="9-2" type="conj"/>
                </token>
                <token content="the" id="9-11">
                    <pos type="DT"/>
                    <lemma type="the"/>
                </token>
                <token content="bags" id="9-12">
                    <pos type="NNS"/>
                    <lemma type="bag"/>
                </token>
                <token content="into" id="9-13"/>
                <token content="the" id="9-14">
                    <pos type="DT"/>
                    <lemma type="the"/>
                </token>
                <token content="trunk" id="9-15">
                    <pos type="NN"/>
                    <lemma type="trunk"/>
                </token>
                <token content="of" id="9-16"/>
                <token content="my" id="9-17">
                    <pos type="PRP$"/>
                    <lemma type="my"/>
                </token>
                <token content="car" id="9-18">
                    <pos type="NN"/>
                    <lemma type="car"/>
                </token>
                <token content="," id="9-19"/>
                <token content="then" id="9-20">
                    <pos type="RB"/>
                    <lemma type="then"/>
                    <dep head="9-21" type="advmod"/>
                </token>
                <token content="went" id="9-21">
                    <pos type="VBD"/>
                    <lemma type="go"/>
                    <dep head="9-2" type="dep"/>
                </token>
                <token content="home" id="9-22">
                    <pos type="NN"/>
                    <lemma type="home"/>
                </token>
                <token content="and" id="9-23"/>
                <token content="put" id="9-24">
                    <pos type="NN"/>
                    <lemma type="put"/>
                </token>
                <token content="everything" id="9-25">
                    <pos type="NN"/>
                    <lemma type="everything"/>
                    <dep head="9-21" type="dobj"/>
                </token>
                <token content="away" id="9-26">
                    <pos type="RP"/>
                    <lemma type="away"/>
                    <dep head="9-21" type="prt"/>
                </token>
                <token content="." id="9-27"/>
            </sentence>
        </sentences>
    </text>
    <annotations>
        <participants>
            <label from="1-1" id="0" name="ScrPart_shopper" text="I" type="participant"/>
            <label from="1-5" id="1" name="ScrPart_shopper" text="my" type="participant"/>
            <label from="1-7" id="2" name="ScrPart_groceries" text="grocery" type="participant"/>
            <label from="2-1" id="3" name="ScrPart_shopper" text="I" type="participant"/>
            <label from="2-7" id="4" name="ScrPart_shopper" text="my" type="participant"/>
            <label from="2-8" id="5" name="NPart" text="cupboards" type="participant"/>
            <label from="2-11" id="6" name="NPart" text="refrigerator" type="participant"/>
            <label from="2-13" id="7" name="NPart" text="freezer" type="participant"/>
            <label from="2-17" id="8" name="ScrPart_shopper" text="I" type="participant"/>
            <label from="2-22" id="9" name="ScrPart_shopper" text="I" type="participant"/>
            <label from="3-2" id="10" name="ScrPart_shopper" text="I" type="participant"/>
            <label from="3-5" id="11" name="ScrPart_grocery_list" text="list" type="participant"/>
            <label from="3-7" id="12" name="NPart" text="category" type="participant"/>
            <label from="3-9" id="13" name="ScrPart_groceries" text="everything" type="participant"/>
            <label from="3-10" id="14" name="ScrPart_shopper" text="I" type="participant"/>
            <label from="3-15" id="15" name="NPart" text="week" type="participant"/>
            <label from="4-1" id="16" name="ScrPart_shopper" text="I" type="participant"/>
            <label from="4-6" id="17" name="ScrPart_grocery_shop" text="Food Warehouse" to="4-7" type="participant"/>
            <label from="4-7" id="18" name="ScrPart_grocery_shop" text="Warehouse" type="participant"/>
            <label from="4-11" id="19" name="ScrPart_vehicle" text="car" type="participant"/>
            <label from="4-15" id="20" name="ScrPart_shopping_cart/basket" text="cart" type="participant"/>
            <label from="4-19" id="21" name="NPart" text="door" type="participant"/>
            <label from="4-25" id="22" name="ScrPart_shopper" text="my" type="participant"/>
            <label from="5-1" id="23" name="ScrPart_shopper" text="I" type="participant"/>
            <label from="5-5" id="24" name="ScrPart_section" text="produce section" to="5-6" type="participant"/>
            <label from="5-6" id="25" name="ScrPart_section" text="section" type="participant"/>
            <label from="5-10" id="26" name="ScrPart_groceries" text="everything" type="participant"/>
            <label from="5-11" id="27" name="ScrPart_shopper" text="I" type="participant"/>
            <label from="5-15" id="28" name="No_label" text="way" type="participant"/>
            <label from="5-17" id="29" name="ScrPart_groceries" text="fruits" type="participant"/>
            <label from="5-19" id="30" name="ScrPart_groceries" text="vegetables" type="participant"/>
            <label from="6-2" id="31" name="ScrPart_shopper" text="I" type="participant"/>
            <label from="6-5" id="32" name="ScrPart_groceries" text="meats" type="participant"/>
            <label from="6-7" id="33" name="ScrPart_groceries" text="cheeses" type="participant"/>
            <label from="6-9" id="34" name="ScrPart_groceries" text="canned goods" to="6-10" type="participant"/>
            <label from="6-10" id="35" name="ScrPart_groceries" text="goods" type="participant"/>
            <label from="6-12" id="36" name="ScrPart_groceries" text="milk" type="participant"/>
            <label from="6-14" id="37" name="ScrPart_groceries" text="eggs" type="participant"/>
            <label from="6-16" id="38" name="ScrPart_groceries" text="juice" type="participant"/>
            <label from="6-18" id="39" name="ScrPart_groceries" text="bread" type="participant"/>
            <label from="6-20" id="40" name="ScrPart_groceries" text="cereal" type="participant"/>
            <label from="6-22" id="41" name="ScrPart_groceries" text="paper products" to="6-23" type="participant"/>
            <label from="6-23" id="42" name="ScrPart_groceries" text="products" type="participant"/>
            <label from="6-26" id="43" name="ScrPart_groceries" text="frozen items" to="6-27" type="participant"/>
            <label from="6-27" id="44" name="ScrPart_groceries" text="items" type="participant"/>
            <label from="7-1" id="45" name="ScrPart_shopper" text="I" type="participant"/>
            <label from="7-5" id="46" name="ScrPart_line" text="check-out line" to="7-6" type="participant"/>
            <label from="7-6" id="47" name="ScrPart_line" text="line" type="participant"/>
            <label from="7-8" id="48" name="ScrPart_shopper" text="my" type="participant"/>
            <label from="7-9" id="49" name="ScrPart_groceries" text="purchases" type="participant"/>
            <label from="7-14" id="50" name="ScrPart_payment_means" text="credit card" to="7-15" type="participant"/>
            <label from="7-15" id="51" name="ScrPart_payment_means" text="card" type="participant"/>
            <label from="8-2" id="52" name="ScrPart_grocery_staff" text="cashier" type="participant"/>
            <label from="8-5" id="53" name="ScrPart_shopper" text="my" type="participant"/>
            <label from="8-6" id="54" name="ScrPart_groceries" text="items" type="participant"/>
            <label from="8-9" id="55" name="ScrPart_groceries" text="them" type="participant"/>
            <label from="8-13" id="56" name="ScrPart_shopping_cart/basket" text="cart" type="participant"/>
            <label from="9-1" id="57" name="ScrPart_shopper" text="I" type="participant"/>
            <label from="9-4" id="58" name="ScrPart_shopping_cart/basket" text="cart" type="participant"/>
            <label from="9-7" id="59" name="ScrPart_shopper" text="my" type="participant"/>
            <label from="9-8" id="60" name="ScrPart_vehicle" text="car" type="participant"/>
            <label from="9-12" id="61" name="ScrPart_shopping_bags" text="bags" type="participant"/>
            <label from="9-15" id="62" name="NPart" text="trunk" type="participant"/>
            <label from="9-17" id="63" name="ScrPart_shopper" text="my" type="participant"/>
            <label from="9-18" id="64" name="ScrPart_vehicle" text="car" type="participant"/>
            <label from="9-22" id="65" name="NPart" text="home" type="participant"/>
            <label from="9-25" id="66" name="ScrPart_groceries" text="everything" type="participant"/>
        </participants>
        <events>
            <label from="1-4" id="67" name="UnrelEv" text="do" type="event"/>
            <label from="1-7" id="68" name="Evoking" text="grocery shopping" to="1-8" type="event"/>
            <label from="1-8" id="69" name="ScrEv_get_groceries" text="shopping" type="event"/>
            <label from="2-2" id="70" name="UnrelEv" text="prepared" type="event"/>
            <label from="2-5" id="71" name="RelNScrEv" text="looking" type="event"/>
            <label from="2-15" id="72" name="RelNScrEv" text="see" type="event"/>
            <label from="2-19" id="73" name="UnrelEv" text="had" type="event"/>
            <label from="2-23" id="74" name="UnrelEv" text="needed" type="event"/>
            <label from="3-3" id="75" name="ScrEv_make_list" text="made" type="event"/>
            <label from="3-11" id="76" name="UnrelEv" text="needed" type="event"/>
            <label from="4-2" id="77" name="ScrEv_go_grocery" text="drove" type="event"/>
            <label from="4-9" id="78" name="RelNScrEv" text="parked" type="event"/>
            <label from="4-13" id="79" name="ScrEv_take_shop_cart" text="found" type="event"/>
            <label from="4-21" id="80" name="ScrEv_enter" text="went in" to="4-22" type="event"/>
            <label from="4-24" id="81" name="UnrelEv" text="begin" type="event"/>
            <label from="4-26" id="82" name="Evoking" text="shopping" type="event"/>
            <label from="5-2" id="83" name="UnrelEv" text="started" type="event"/>
            <label from="5-8" id="84" name="ScrEv_get_groceries" text="picked out" to="5-9" type="event"/>
            <label from="5-12" id="85" name="UnrelEv" text="needed" type="event"/>
            <label from="6-3" id="86" name="ScrEv_get_groceries" text="shopped" type="event"/>
            <label from="7-2" id="87" name="ScrEv_go_checkout" text="went" type="event"/>
            <label from="7-11" id="88" name="ScrEv_pay" text="paid" type="event"/>
            <label from="8-3" id="89" name="ScrEv_pack_groceries" text="bagged" type="event"/>
            <label from="8-8" id="90" name="RelNScrEv" text="put" type="event"/>
            <label from="9-2" id="91" name="ScrEv_bring_vehicle" text="rolled" type="event"/>
            <label from="9-10" id="92" name="ScrEv_bring_vehicle" text="unloaded" type="event"/>
            <label from="9-21" id="93" name="ScrEv_leave" text="went" type="event"/>
            <label from="9-24" id="94" name="RelNScrEv" text="put" type="event"/>
        </events>
        <chains>
            <chain elements="0 1 3 4 8 9 10 14 16 22 23 27 31 45 48 53 57 59 63"/>
            <chain elements="26 29 30" name="group_fruits_vegetables"/>
            <chain elements="13 49 54 55 66"/>
            <chain elements="20 56 58"/>
            <chain elements="19 60 64"/>
        </chains>
    </annotations>
</story>
