<?xml version="1.0" encoding="UTF-8" standalone="no"?>
<!DOCTYPE story SYSTEM "../InScript.dtd">
<story id="045" scenario="haircut">
    <text>
        <content>I was looking in the mirror this morning and noticed my hair had gotten out of control . 
So I decided to get a hair cut . 
I was new to the area , so first I wanted to research all the available barber shops nearby . 
I found three different places , and all with great reviews . 
So I decided to go the closest one to my house . 
When I got there , I had to wait for the 4 people currently waiting before I arrived . 
I started looking at the posters on the wall and came up with some new ideas on what hair cut style I think would look best on me . 
I decided on a buzz cut . 
When it was my turn I told the barber I wanted a buzz cut . 
He trimmed my hair low , then got a fine-edge razor to get my hairline . 
I walked out the barber shop feeling like a new man . </content>
        <sentences>
            <sentence id="1">
                <token content="I" id="1-1">
                    <pos type="PRP"/>
                    <lemma type="I"/>
                    <dep head="1-3" type="nsubj"/>
                </token>
                <token content="was" id="1-2">
                    <pos type="VBD"/>
                    <lemma type="be"/>
                    <dep head="1-3" type="aux"/>
                </token>
                <token content="looking" id="1-3">
                    <pos type="VBG"/>
                    <lemma type="look"/>
                </token>
                <token content="in" id="1-4"/>
                <token content="the" id="1-5">
                    <pos type="DT"/>
                    <lemma type="the"/>
                </token>
                <token content="mirror" id="1-6">
                    <pos type="NN"/>
                    <lemma type="mirror"/>
                    <dep head="1-3" type="prep"/>
                </token>
                <token content="this" id="1-7">
                    <pos type="DT"/>
                    <lemma type="this"/>
                </token>
                <token content="morning" id="1-8">
                    <pos type="NN"/>
                    <lemma type="morning"/>
                    <dep head="1-3" type="tmod"/>
                </token>
                <token content="and" id="1-9"/>
                <token content="noticed" id="1-10">
                    <pos type="VBD"/>
                    <lemma type="notice"/>
                    <dep head="1-3" type="conj"/>
                </token>
                <token content="my" id="1-11">
                    <pos type="PRP$"/>
                    <lemma type="my"/>
                </token>
                <token content="hair" id="1-12">
                    <pos type="NN"/>
                    <lemma type="hair"/>
                    <dep head="1-14" type="nsubj"/>
                </token>
                <token content="had" id="1-13">
                    <pos type="VBD"/>
                    <lemma type="have"/>
                    <dep head="1-14" type="aux"/>
                </token>
                <token content="gotten" id="1-14">
                    <pos type="VBN"/>
                    <lemma type="get"/>
                    <dep head="1-10" type="ccomp"/>
                </token>
                <token content="out" id="1-15"/>
                <token content="of" id="1-16"/>
                <token content="control" id="1-17">
                    <pos type="NN"/>
                    <lemma type="control"/>
                    <dep head="1-14" type="prep"/>
                </token>
                <token content="." id="1-18"/>
            </sentence>
            <sentence id="2">
                <token content="So" id="2-1">
                    <pos type="IN"/>
                    <lemma type="so"/>
                    <dep head="2-3" type="dep"/>
                </token>
                <token content="I" id="2-2">
                    <pos type="PRP"/>
                    <lemma type="I"/>
                    <dep head="2-3" type="nsubj"/>
                </token>
                <token content="decided" id="2-3">
                    <pos type="VBD"/>
                    <lemma type="decide"/>
                </token>
                <token content="to" id="2-4">
                    <pos type="TO"/>
                    <lemma type="to"/>
                    <dep head="2-5" type="aux"/>
                </token>
                <token content="get" id="2-5">
                    <pos type="VB"/>
                    <lemma type="get"/>
                    <dep head="2-3" type="xcomp"/>
                </token>
                <token content="a" id="2-6">
                    <pos type="DT"/>
                    <lemma type="a"/>
                </token>
                <token content="hair" id="2-7">
                    <pos type="NN"/>
                    <lemma type="hair"/>
                </token>
                <token content="cut" id="2-8">
                    <pos type="NN"/>
                    <lemma type="cut"/>
                    <dep head="2-5" type="dobj"/>
                </token>
                <token content="." id="2-9"/>
            </sentence>
            <sentence id="3">
                <token content="I" id="3-1">
                    <pos type="PRP"/>
                    <lemma type="I"/>
                </token>
                <token content="was" id="3-2">
                    <pos type="VBD"/>
                    <lemma type="be"/>
                </token>
                <token content="new" id="3-3">
                    <pos type="JJ"/>
                    <lemma type="new"/>
                </token>
                <token content="to" id="3-4"/>
                <token content="the" id="3-5">
                    <pos type="DT"/>
                    <lemma type="the"/>
                </token>
                <token content="area" id="3-6">
                    <pos type="NN"/>
                    <lemma type="area"/>
                </token>
                <token content="," id="3-7"/>
                <token content="so" id="3-8">
                    <pos type="IN"/>
                    <lemma type="so"/>
                </token>
                <token content="first" id="3-9">
                    <pos type="RB"/>
                    <lemma type="first"/>
                    <dep head="3-11" type="advmod"/>
                </token>
                <token content="I" id="3-10">
                    <pos type="PRP"/>
                    <lemma type="I"/>
                    <dep head="3-11" type="nsubj"/>
                </token>
                <token content="wanted" id="3-11">
                    <pos type="VBD"/>
                    <lemma type="want"/>
                </token>
                <token content="to" id="3-12">
                    <pos type="TO"/>
                    <lemma type="to"/>
                    <dep head="3-13" type="aux"/>
                </token>
                <token content="research" id="3-13">
                    <pos type="VB"/>
                    <lemma type="research"/>
                    <dep head="3-11" type="xcomp"/>
                </token>
                <token content="all" id="3-14">
                    <pos type="PDT"/>
                    <lemma type="all"/>
                </token>
                <token content="the" id="3-15">
                    <pos type="DT"/>
                    <lemma type="the"/>
                </token>
                <token content="available" id="3-16">
                    <pos type="JJ"/>
                    <lemma type="available"/>
                </token>
                <token content="barber" id="3-17">
                    <pos type="NN"/>
                    <lemma type="barber"/>
                </token>
                <token content="shops" id="3-18">
                    <pos type="NNS"/>
                    <lemma type="shop"/>
                    <dep head="3-13" type="dobj"/>
                </token>
                <token content="nearby" id="3-19">
                    <pos type="RB"/>
                    <lemma type="nearby"/>
                    <dep head="3-13" type="advmod"/>
                </token>
                <token content="." id="3-20"/>
            </sentence>
            <sentence id="4">
                <token content="I" id="4-1">
                    <pos type="PRP"/>
                    <lemma type="I"/>
                    <dep head="4-2" type="nsubj"/>
                </token>
                <token content="found" id="4-2">
                    <pos type="VBD"/>
                    <lemma type="find"/>
                </token>
                <token content="three" id="4-3">
                    <pos type="CD"/>
                    <lemma type="three"/>
                </token>
                <token content="different" id="4-4">
                    <pos type="JJ"/>
                    <lemma type="different"/>
                </token>
                <token content="places" id="4-5">
                    <pos type="NNS"/>
                    <lemma type="place"/>
                    <dep head="4-2" type="dobj"/>
                </token>
                <token content="," id="4-6"/>
                <token content="and" id="4-7"/>
                <token content="all" id="4-8">
                    <pos type="DT"/>
                    <lemma type="all"/>
                </token>
                <token content="with" id="4-9"/>
                <token content="great" id="4-10">
                    <pos type="JJ"/>
                    <lemma type="great"/>
                </token>
                <token content="reviews" id="4-11">
                    <pos type="NNS"/>
                    <lemma type="review"/>
                </token>
                <token content="." id="4-12"/>
            </sentence>
            <sentence id="5">
                <token content="So" id="5-1">
                    <pos type="IN"/>
                    <lemma type="so"/>
                    <dep head="5-3" type="dep"/>
                </token>
                <token content="I" id="5-2">
                    <pos type="PRP"/>
                    <lemma type="I"/>
                    <dep head="5-3" type="nsubj"/>
                </token>
                <token content="decided" id="5-3">
                    <pos type="VBD"/>
                    <lemma type="decide"/>
                </token>
                <token content="to" id="5-4">
                    <pos type="TO"/>
                    <lemma type="to"/>
                    <dep head="5-5" type="aux"/>
                </token>
                <token content="go" id="5-5">
                    <pos type="VB"/>
                    <lemma type="go"/>
                    <dep head="5-3" type="xcomp"/>
                </token>
                <token content="the" id="5-6">
                    <pos type="DT"/>
                    <lemma type="the"/>
                </token>
                <token content="closest" id="5-7">
                    <pos type="JJS"/>
                    <lemma type="closest"/>
                </token>
                <token content="one" id="5-8">
                    <pos type="NN"/>
                    <lemma type="one"/>
                    <dep head="5-5" type="dobj"/>
                </token>
                <token content="to" id="5-9"/>
                <token content="my" id="5-10">
                    <pos type="PRP$"/>
                    <lemma type="my"/>
                </token>
                <token content="house" id="5-11">
                    <pos type="NN"/>
                    <lemma type="house"/>
                    <dep head="5-5" type="prep"/>
                </token>
                <token content="." id="5-12"/>
            </sentence>
            <sentence id="6">
                <token content="When" id="6-1">
                    <pos type="WRB"/>
                    <lemma type="when"/>
                    <dep head="6-3" type="advmod"/>
                </token>
                <token content="I" id="6-2">
                    <pos type="PRP"/>
                    <lemma type="I"/>
                    <dep head="6-3" type="nsubj"/>
                </token>
                <token content="got" id="6-3">
                    <pos type="VBD"/>
                    <lemma type="get"/>
                    <dep head="6-7" type="advcl"/>
                </token>
                <token content="there" id="6-4">
                    <pos type="RB"/>
                    <lemma type="there"/>
                    <dep head="6-3" type="advmod"/>
                </token>
                <token content="," id="6-5"/>
                <token content="I" id="6-6">
                    <pos type="PRP"/>
                    <lemma type="I"/>
                    <dep head="6-7" type="nsubj"/>
                </token>
                <token content="had" id="6-7">
                    <pos type="VBD"/>
                    <lemma type="have"/>
                </token>
                <token content="to" id="6-8">
                    <pos type="TO"/>
                    <lemma type="to"/>
                    <dep head="6-9" type="aux"/>
                </token>
                <token content="wait" id="6-9">
                    <pos type="VB"/>
                    <lemma type="wait"/>
                    <dep head="6-7" type="xcomp"/>
                </token>
                <token content="for" id="6-10"/>
                <token content="the" id="6-11">
                    <pos type="DT"/>
                    <lemma type="the"/>
                </token>
                <token content="4" id="6-12">
                    <pos type="CD"/>
                    <lemma type="4"/>
                </token>
                <token content="people" id="6-13">
                    <pos type="NNS"/>
                    <lemma type="people"/>
                    <dep head="6-9" type="prep"/>
                </token>
                <token content="currently" id="6-14">
                    <pos type="RB"/>
                    <lemma type="currently"/>
                    <dep head="6-15" type="advmod"/>
                </token>
                <token content="waiting" id="6-15">
                    <pos type="VBG"/>
                    <lemma type="wait"/>
                    <dep head="6-7" type="xcomp"/>
                </token>
                <token content="before" id="6-16">
                    <pos type="IN"/>
                    <lemma type="before"/>
                    <dep head="6-18" type="mark"/>
                </token>
                <token content="I" id="6-17">
                    <pos type="PRP"/>
                    <lemma type="I"/>
                    <dep head="6-18" type="nsubj"/>
                </token>
                <token content="arrived" id="6-18">
                    <pos type="VBD"/>
                    <lemma type="arrive"/>
                    <dep head="6-15" type="advcl"/>
                </token>
                <token content="." id="6-19"/>
            </sentence>
            <sentence id="7">
                <token content="I" id="7-1">
                    <pos type="PRP"/>
                    <lemma type="I"/>
                    <dep head="7-2" type="nsubj"/>
                </token>
                <token content="started" id="7-2">
                    <pos type="VBD"/>
                    <lemma type="start"/>
                </token>
                <token content="looking" id="7-3">
                    <pos type="VBG"/>
                    <lemma type="look"/>
                    <dep head="7-2" type="xcomp"/>
                </token>
                <token content="at" id="7-4"/>
                <token content="the" id="7-5">
                    <pos type="DT"/>
                    <lemma type="the"/>
                </token>
                <token content="posters" id="7-6">
                    <pos type="NNS"/>
                    <lemma type="poster"/>
                    <dep head="7-3" type="prep"/>
                </token>
                <token content="on" id="7-7"/>
                <token content="the" id="7-8">
                    <pos type="DT"/>
                    <lemma type="the"/>
                </token>
                <token content="wall" id="7-9">
                    <pos type="NN"/>
                    <lemma type="wall"/>
                </token>
                <token content="and" id="7-10"/>
                <token content="came" id="7-11">
                    <pos type="VBD"/>
                    <lemma type="come"/>
                    <dep head="7-2" type="conj"/>
                </token>
                <token content="up" id="7-12">
                    <pos type="RP"/>
                    <lemma type="up"/>
                    <dep head="7-11" type="prt"/>
                </token>
                <token content="with" id="7-13"/>
                <token content="some" id="7-14">
                    <pos type="DT"/>
                    <lemma type="some"/>
                </token>
                <token content="new" id="7-15">
                    <pos type="JJ"/>
                    <lemma type="new"/>
                </token>
                <token content="ideas" id="7-16">
                    <pos type="NNS"/>
                    <lemma type="idea"/>
                    <dep head="7-11" type="prep"/>
                </token>
                <token content="on" id="7-17"/>
                <token content="what" id="7-18">
                    <pos type="WDT"/>
                    <lemma type="what"/>
                </token>
                <token content="hair" id="7-19">
                    <pos type="NN"/>
                    <lemma type="hair"/>
                    <dep head="7-25" type="prep"/>
                </token>
                <token content="cut" id="7-20">
                    <pos type="NN"/>
                    <lemma type="cut"/>
                </token>
                <token content="style" id="7-21">
                    <pos type="NN"/>
                    <lemma type="style"/>
                    <dep head="7-25" type="nsubj"/>
                </token>
                <token content="I" id="7-22">
                    <pos type="PRP"/>
                    <lemma type="I"/>
                    <dep head="7-23" type="nsubj"/>
                </token>
                <token content="think" id="7-23">
                    <pos type="VBP"/>
                    <lemma type="think"/>
                </token>
                <token content="would" id="7-24">
                    <pos type="MD"/>
                    <lemma type="would"/>
                    <dep head="7-25" type="aux"/>
                </token>
                <token content="look" id="7-25">
                    <pos type="VB"/>
                    <lemma type="look"/>
                </token>
                <token content="best" id="7-26">
                    <pos type="JJS"/>
                    <lemma type="best"/>
                    <dep head="7-25" type="dobj"/>
                </token>
                <token content="on" id="7-27"/>
                <token content="me" id="7-28">
                    <pos type="PRP"/>
                    <lemma type="I"/>
                </token>
                <token content="." id="7-29"/>
            </sentence>
            <sentence id="8">
                <token content="I" id="8-1">
                    <pos type="PRP"/>
                    <lemma type="I"/>
                    <dep head="8-2" type="nsubj"/>
                </token>
                <token content="decided" id="8-2">
                    <pos type="VBD"/>
                    <lemma type="decide"/>
                </token>
                <token content="on" id="8-3"/>
                <token content="a" id="8-4">
                    <pos type="DT"/>
                    <lemma type="a"/>
                </token>
                <token content="buzz" id="8-5">
                    <pos type="JJ"/>
                    <lemma type="buzz"/>
                </token>
                <token content="cut" id="8-6">
                    <pos type="NN"/>
                    <lemma type="cut"/>
                    <dep head="8-2" type="prep"/>
                </token>
                <token content="." id="8-7"/>
            </sentence>
            <sentence id="9">
                <token content="When" id="9-1">
                    <pos type="WRB"/>
                    <lemma type="when"/>
                </token>
                <token content="it" id="9-2">
                    <pos type="PRP"/>
                    <lemma type="it"/>
                </token>
                <token content="was" id="9-3">
                    <pos type="VBD"/>
                    <lemma type="be"/>
                </token>
                <token content="my" id="9-4">
                    <pos type="PRP$"/>
                    <lemma type="my"/>
                </token>
                <token content="turn" id="9-5">
                    <pos type="NN"/>
                    <lemma type="turn"/>
                    <dep head="9-7" type="advcl"/>
                </token>
                <token content="I" id="9-6">
                    <pos type="PRP"/>
                    <lemma type="I"/>
                    <dep head="9-7" type="nsubj"/>
                </token>
                <token content="told" id="9-7">
                    <pos type="VBD"/>
                    <lemma type="tell"/>
                </token>
                <token content="the" id="9-8">
                    <pos type="DT"/>
                    <lemma type="the"/>
                </token>
                <token content="barber" id="9-9">
                    <pos type="NN"/>
                    <lemma type="barber"/>
                    <dep head="9-7" type="dobj"/>
                </token>
                <token content="I" id="9-10">
                    <pos type="PRP"/>
                    <lemma type="I"/>
                    <dep head="9-11" type="nsubj"/>
                </token>
                <token content="wanted" id="9-11">
                    <pos type="VBD"/>
                    <lemma type="want"/>
                </token>
                <token content="a" id="9-12">
                    <pos type="DT"/>
                    <lemma type="a"/>
                </token>
                <token content="buzz" id="9-13">
                    <pos type="JJ"/>
                    <lemma type="buzz"/>
                </token>
                <token content="cut" id="9-14">
                    <pos type="NN"/>
                    <lemma type="cut"/>
                    <dep head="9-11" type="dobj"/>
                </token>
                <token content="." id="9-15"/>
            </sentence>
            <sentence id="10">
                <token content="He" id="10-1">
                    <pos type="PRP"/>
                    <lemma type="he"/>
                    <dep head="10-2" type="nsubj"/>
                </token>
                <token content="trimmed" id="10-2">
                    <pos type="VBD"/>
                    <lemma type="trim"/>
                </token>
                <token content="my" id="10-3">
                    <pos type="PRP$"/>
                    <lemma type="my"/>
                </token>
                <token content="hair" id="10-4">
                    <pos type="NN"/>
                    <lemma type="hair"/>
                </token>
                <token content="low" id="10-5">
                    <pos type="JJ"/>
                    <lemma type="low"/>
                    <dep head="10-2" type="xcomp"/>
                </token>
                <token content="," id="10-6"/>
                <token content="then" id="10-7">
                    <pos type="RB"/>
                    <lemma type="then"/>
                    <dep head="10-8" type="advmod"/>
                </token>
                <token content="got" id="10-8">
                    <pos type="VBD"/>
                    <lemma type="get"/>
                    <dep head="10-2" type="dep"/>
                </token>
                <token content="a" id="10-9">
                    <pos type="DT"/>
                    <lemma type="a"/>
                </token>
                <token content="fine-edge" id="10-10">
                    <pos type="JJ"/>
                    <lemma type="fine-edge"/>
                </token>
                <token content="razor" id="10-11">
                    <pos type="NN"/>
                    <lemma type="razor"/>
                    <dep head="10-8" type="dobj"/>
                </token>
                <token content="to" id="10-12">
                    <pos type="TO"/>
                    <lemma type="to"/>
                    <dep head="10-13" type="aux"/>
                </token>
                <token content="get" id="10-13">
                    <pos type="VB"/>
                    <lemma type="get"/>
                    <dep head="10-8" type="vmod"/>
                </token>
                <token content="my" id="10-14">
                    <pos type="PRP$"/>
                    <lemma type="my"/>
                </token>
                <token content="hairline" id="10-15">
                    <pos type="NN"/>
                    <lemma type="hairline"/>
                    <dep head="10-13" type="dobj"/>
                </token>
                <token content="." id="10-16"/>
            </sentence>
            <sentence id="11">
                <token content="I" id="11-1">
                    <pos type="PRP"/>
                    <lemma type="I"/>
                    <dep head="11-2" type="nsubj"/>
                </token>
                <token content="walked" id="11-2">
                    <pos type="VBD"/>
                    <lemma type="walk"/>
                </token>
                <token content="out" id="11-3">
                    <pos type="RP"/>
                    <lemma type="out"/>
                    <dep head="11-2" type="prt"/>
                </token>
                <token content="the" id="11-4">
                    <pos type="DT"/>
                    <lemma type="the"/>
                </token>
                <token content="barber" id="11-5">
                    <pos type="NN"/>
                    <lemma type="barber"/>
                </token>
                <token content="shop" id="11-6">
                    <pos type="NN"/>
                    <lemma type="shop"/>
                    <dep head="11-2" type="dobj"/>
                </token>
                <token content="feeling" id="11-7">
                    <pos type="VBG"/>
                    <lemma type="feel"/>
                </token>
                <token content="like" id="11-8"/>
                <token content="a" id="11-9">
                    <pos type="DT"/>
                    <lemma type="a"/>
                </token>
                <token content="new" id="11-10">
                    <pos type="JJ"/>
                    <lemma type="new"/>
                </token>
                <token content="man" id="11-11">
                    <pos type="NN"/>
                    <lemma type="man"/>
                    <dep head="11-7" type="prep"/>
                </token>
                <token content="." id="11-12"/>
            </sentence>
        </sentences>
    </text>
    <annotations>
        <participants>
            <label from="1-1" id="0" name="ScrPart_customer" text="I" type="participant"/>
            <label from="1-6" id="1" name="NPart" text="mirror" type="participant"/>
            <label from="1-8" id="2" name="NPart" text="morning" type="participant"/>
            <label from="1-11" id="3" name="ScrPart_customer" text="my" type="participant"/>
            <label from="1-12" id="4" name="ScrPart_hair" text="hair" type="participant"/>
            <label from="1-17" id="5" name="No_label" text="control" type="participant"/>
            <label from="2-2" id="6" name="ScrPart_customer" text="I" type="participant"/>
            <label from="2-7" id="7" name="ScrPart_haircut" text="hair cut" to="2-8" type="participant"/>
            <label from="2-8" id="8" name="ScrPart_haircut" text="cut" type="participant"/>
            <label from="3-1" id="9" name="ScrPart_customer" text="I" type="participant"/>
            <label from="3-6" id="10" name="NPart" text="area" type="participant"/>
            <label from="3-10" id="11" name="ScrPart_customer" text="I" type="participant"/>
            <label from="3-17" id="12" name="ScrPart_salon" text="barber shops" to="3-18" type="participant"/>
            <label from="3-18" id="13" name="ScrPart_salon" text="shops" type="participant"/>
            <label from="4-1" id="14" name="ScrPart_customer" text="I" type="participant"/>
            <label from="4-5" id="15" name="ScrPart_salon" text="places" type="participant"/>
            <label from="4-11" id="16" name="NPart" text="reviews" type="participant"/>
            <label from="5-2" id="17" name="ScrPart_customer" text="I" type="participant"/>
            <label from="5-8" id="18" name="ScrPart_salon" text="one" type="participant"/>
            <label from="5-10" id="19" name="ScrPart_customer" text="my" type="participant"/>
            <label from="5-11" id="20" name="NPart" text="house" type="participant"/>
            <label from="6-2" id="21" name="ScrPart_customer" text="I" type="participant"/>
            <label from="6-6" id="22" name="ScrPart_customer" text="I" type="participant"/>
            <label from="6-13" id="23" name="ScrPart_customer" text="people" type="participant"/>
            <label from="6-17" id="24" name="ScrPart_customer" text="I" type="participant"/>
            <label from="7-1" id="25" name="ScrPart_customer" text="I" type="participant"/>
            <label from="7-6" id="26" name="NPart" text="posters" type="participant"/>
            <label from="7-9" id="27" name="NPart" text="wall" type="participant"/>
            <label from="7-16" id="28" name="NPart" text="ideas" type="participant"/>
            <label from="7-19" id="29" name="ScrPart_haircut" text="hair cut style" to="7-21" type="participant"/>
            <label from="7-21" id="30" name="ScrPart_haircut" text="style" type="participant"/>
            <label from="7-22" id="31" name="ScrPart_customer" text="I" type="participant"/>
            <label from="7-28" id="32" name="ScrPart_customer" text="me" type="participant"/>
            <label from="8-1" id="33" name="ScrPart_customer" text="I" type="participant"/>
            <label from="8-5" id="34" name="ScrPart_haircut" text="buzz cut" to="8-6" type="participant"/>
            <label from="8-6" id="35" name="ScrPart_haircut" text="cut" type="participant"/>
            <label from="9-2" id="36" name="No_label" text="it" type="participant"/>
            <label from="9-4" id="37" name="ScrPart_customer" text="my" type="participant"/>
            <label from="9-5" id="38" name="No_label" text="turn" type="participant"/>
            <label from="9-6" id="39" name="ScrPart_customer" text="I" type="participant"/>
            <label from="9-9" id="40" name="ScrPart_hairdresser" text="barber" type="participant"/>
            <label from="9-10" id="41" name="ScrPart_customer" text="I" type="participant"/>
            <label from="9-13" id="42" name="ScrPart_haircut" text="buzz cut" to="9-14" type="participant"/>
            <label from="9-14" id="43" name="ScrPart_haircut" text="cut" type="participant"/>
            <label from="10-1" id="44" name="ScrPart_hairdresser" text="He" type="participant"/>
            <label from="10-3" id="45" name="ScrPart_customer" text="my" type="participant"/>
            <label from="10-4" id="46" name="ScrPart_hair" text="hair" type="participant"/>
            <label from="10-10" id="47" name="ScrPart_scissors" text="fine-edge razor" to="10-11" type="participant"/>
            <label from="10-11" id="48" name="ScrPart_scissors" text="razor" type="participant"/>
            <label from="10-14" id="49" name="ScrPart_customer" text="my" type="participant"/>
            <label from="10-15" id="50" name="ScrPart_other" text="hairline" type="participant"/>
            <label from="11-1" id="51" name="ScrPart_customer" text="I" type="participant"/>
            <label from="11-5" id="52" name="ScrPart_salon" text="barber shop" to="11-6" type="participant"/>
            <label from="11-6" id="53" name="ScrPart_salon" text="shop" type="participant"/>
            <label from="11-11" id="54" name="NPart" text="man" type="participant"/>
        </participants>
        <events>
            <label from="1-3" id="55" name="UnrelEv" text="looking" type="event"/>
            <label from="1-10" id="56" name="UnrelEv" text="noticed" type="event"/>
            <label from="1-14" id="57" name="RelNScrEv" text="gotten" type="event"/>
            <label from="2-3" id="58" name="UnrelEv" text="decided" type="event"/>
            <label from="2-5" id="59" name="Evoking" text="get a hair cut" to="2-8" type="event"/>
            <label from="3-2" id="60" name="UnrelEv" text="was" type="event"/>
            <label from="3-13" id="61" name="RelNScrEv" text="research" type="event"/>
            <label from="4-2" id="62" name="RelNScrEv" text="found" type="event"/>
            <label from="5-3" id="63" name="UnrelEv" text="decided" type="event"/>
            <label from="5-5" id="64" name="ScrEv_get_salon" text="go" type="event"/>
            <label from="6-3" id="65" name="ScrEv_get_salon" text="got" type="event"/>
            <label from="6-9" id="66" name="ScrEv_wait" text="wait" type="event"/>
            <label from="6-15" id="67" name="ScrEv_wait" text="waiting" type="event"/>
            <label from="6-18" id="68" name="ScrEv_enter" text="arrived" type="event"/>
            <label from="7-2" id="69" name="UnrelEv" text="started" type="event"/>
            <label from="7-3" id="70" name="RelNScrEv" text="looking" type="event"/>
            <label from="7-11" id="71" name="RelNScrEv" text="came up" to="7-12" type="event"/>
            <label from="7-23" id="72" name="UnrelEv" text="think" type="event"/>
            <label from="7-25" id="73" name="RelNScrEv" text="look" type="event"/>
            <label from="8-2" id="74" name="RelNScrEv" text="decided" type="event"/>
            <label from="9-3" id="75" name="UnrelEv" text="was" type="event"/>
            <label from="9-7" id="76" name="ScrEv_talk_haircut" text="told" type="event"/>
            <label from="9-11" id="77" name="ScrEv_talk_haircut" text="wanted" type="event"/>
            <label from="10-2" id="78" name="ScrEv_cut" text="trimmed" type="event"/>
            <label from="10-8" id="79" name="RelNScrEv" text="got" type="event"/>
            <label from="10-13" id="80" name="ScrEv_cut" text="get" type="event"/>
            <label from="11-2" id="81" name="ScrEv_leave" text="walked out" to="11-3" type="event"/>
            <label from="11-7" id="82" name="ScrEv_customer_opinion" text="feeling" type="event"/>
        </events>
        <chains>
            <chain elements="3 0 6 9 11 14 17 19 21 22 24 25 31 32 33 37 39 41 45 49 51"/>
            <chain elements="46 4"/>
            <chain elements="30 8 35 43"/>
            <chain elements="15 13 18 53"/>
            <chain elements="44 40"/>
        </chains>
    </annotations>
</story>
