<?xml version="1.0" encoding="UTF-8" standalone="no"?>
<!DOCTYPE story SYSTEM "../InScript.dtd">
<story id="043" scenario="haircut">
    <text>
        <content>I always wear my hair very long , but it needed trimmed because I had some split ends . 
I went to my favorite hairdresser , Michael . 
He works in a very nice salon . 
We 're friends , so he gave me a hug when he saw me come in . 
I was seated in the chair and had an apron tied around my neck to keep the hair off . 
First Michael shampooed my hair , and blew it dry . 
Then , he brushed and combed it out thoroughly . 
It was relaxing and enjoyable to have Michael 's skilled hands working with my hair . 
He is the only hairdresser I 'll go to . 
before long , it was time for the actual cutting of my hair . 
he knew I wanted it left long , so he trimmed off the damaged ends and did the ends of my hair in a pleasing half-moon shape . 
My hair looks great and I enjoyed my time at the hairdresser 's . </content>
        <sentences>
            <sentence id="1">
                <token content="I" id="1-1">
                    <pos type="PRP"/>
                    <lemma type="I"/>
                    <dep head="1-3" type="nsubj"/>
                </token>
                <token content="always" id="1-2">
                    <pos type="RB"/>
                    <lemma type="always"/>
                    <dep head="1-3" type="advmod"/>
                </token>
                <token content="wear" id="1-3">
                    <pos type="VBP"/>
                    <lemma type="wear"/>
                </token>
                <token content="my" id="1-4">
                    <pos type="PRP$"/>
                    <lemma type="my"/>
                </token>
                <token content="hair" id="1-5">
                    <pos type="NN"/>
                    <lemma type="hair"/>
                    <dep head="1-3" type="dobj"/>
                </token>
                <token content="very" id="1-6">
                    <pos type="RB"/>
                    <lemma type="very"/>
                </token>
                <token content="long" id="1-7">
                    <pos type="RB"/>
                    <lemma type="long"/>
                    <dep head="1-3" type="advmod"/>
                </token>
                <token content="," id="1-8"/>
                <token content="but" id="1-9"/>
                <token content="it" id="1-10">
                    <pos type="PRP"/>
                    <lemma type="it"/>
                    <dep head="1-11" type="nsubj"/>
                </token>
                <token content="needed" id="1-11">
                    <pos type="VBD"/>
                    <lemma type="need"/>
                    <dep head="1-3" type="conj"/>
                </token>
                <token content="trimmed" id="1-12">
                    <pos type="VBD"/>
                    <lemma type="trim"/>
                    <dep head="1-11" type="ccomp"/>
                </token>
                <token content="because" id="1-13">
                    <pos type="IN"/>
                    <lemma type="because"/>
                    <dep head="1-15" type="mark"/>
                </token>
                <token content="I" id="1-14">
                    <pos type="PRP"/>
                    <lemma type="I"/>
                    <dep head="1-15" type="nsubj"/>
                </token>
                <token content="had" id="1-15">
                    <pos type="VBD"/>
                    <lemma type="have"/>
                    <dep head="1-12" type="advcl"/>
                </token>
                <token content="some" id="1-16">
                    <pos type="DT"/>
                    <lemma type="some"/>
                </token>
                <token content="split" id="1-17">
                    <pos type="NN"/>
                    <lemma type="split"/>
                </token>
                <token content="ends" id="1-18">
                    <pos type="NNS"/>
                    <lemma type="end"/>
                    <dep head="1-15" type="dobj"/>
                </token>
                <token content="." id="1-19"/>
            </sentence>
            <sentence id="2">
                <token content="I" id="2-1">
                    <pos type="PRP"/>
                    <lemma type="I"/>
                    <dep head="2-2" type="nsubj"/>
                </token>
                <token content="went" id="2-2">
                    <pos type="VBD"/>
                    <lemma type="go"/>
                </token>
                <token content="to" id="2-3"/>
                <token content="my" id="2-4">
                    <pos type="PRP$"/>
                    <lemma type="my"/>
                </token>
                <token content="favorite" id="2-5">
                    <pos type="JJ"/>
                    <lemma type="favorite"/>
                </token>
                <token content="hairdresser" id="2-6">
                    <pos type="NN"/>
                    <lemma type="hairdresser"/>
                    <dep head="2-2" type="prep"/>
                </token>
                <token content="," id="2-7"/>
                <token content="Michael" id="2-8">
                    <pos type="NNP"/>
                    <lemma type="Michael"/>
                </token>
                <token content="." id="2-9"/>
            </sentence>
            <sentence id="3">
                <token content="He" id="3-1">
                    <pos type="PRP"/>
                    <lemma type="he"/>
                    <dep head="3-2" type="nsubj"/>
                </token>
                <token content="works" id="3-2">
                    <pos type="VBZ"/>
                    <lemma type="work"/>
                </token>
                <token content="in" id="3-3"/>
                <token content="a" id="3-4">
                    <pos type="DT"/>
                    <lemma type="a"/>
                </token>
                <token content="very" id="3-5">
                    <pos type="RB"/>
                    <lemma type="very"/>
                </token>
                <token content="nice" id="3-6">
                    <pos type="JJ"/>
                    <lemma type="nice"/>
                </token>
                <token content="salon" id="3-7">
                    <pos type="NN"/>
                    <lemma type="salon"/>
                    <dep head="3-2" type="prep"/>
                </token>
                <token content="." id="3-8"/>
            </sentence>
            <sentence id="4">
                <token content="We" id="4-1">
                    <pos type="PRP"/>
                    <lemma type="we"/>
                </token>
                <token content="'re" id="4-2">
                    <pos type="VBP"/>
                    <lemma type="be"/>
                </token>
                <token content="friends" id="4-3">
                    <pos type="NNS"/>
                    <lemma type="friend"/>
                </token>
                <token content="," id="4-4"/>
                <token content="so" id="4-5">
                    <pos type="IN"/>
                    <lemma type="so"/>
                </token>
                <token content="he" id="4-6">
                    <pos type="PRP"/>
                    <lemma type="he"/>
                    <dep head="4-7" type="nsubj"/>
                </token>
                <token content="gave" id="4-7">
                    <pos type="VBD"/>
                    <lemma type="give"/>
                </token>
                <token content="me" id="4-8">
                    <pos type="PRP"/>
                    <lemma type="I"/>
                    <dep head="4-7" type="iobj"/>
                </token>
                <token content="a" id="4-9">
                    <pos type="DT"/>
                    <lemma type="a"/>
                </token>
                <token content="hug" id="4-10">
                    <pos type="NN"/>
                    <lemma type="hug"/>
                    <dep head="4-7" type="dobj"/>
                </token>
                <token content="when" id="4-11">
                    <pos type="WRB"/>
                    <lemma type="when"/>
                    <dep head="4-13" type="advmod"/>
                </token>
                <token content="he" id="4-12">
                    <pos type="PRP"/>
                    <lemma type="he"/>
                    <dep head="4-13" type="nsubj"/>
                </token>
                <token content="saw" id="4-13">
                    <pos type="VBD"/>
                    <lemma type="see"/>
                </token>
                <token content="me" id="4-14">
                    <pos type="PRP"/>
                    <lemma type="I"/>
                    <dep head="4-15" type="nsubj"/>
                </token>
                <token content="come" id="4-15">
                    <pos type="VBP"/>
                    <lemma type="come"/>
                    <dep head="4-13" type="ccomp"/>
                </token>
                <token content="in" id="4-16">
                    <pos type="RP"/>
                    <lemma type="in"/>
                    <dep head="4-15" type="prt"/>
                </token>
                <token content="." id="4-17"/>
            </sentence>
            <sentence id="5">
                <token content="I" id="5-1">
                    <pos type="PRP"/>
                    <lemma type="I"/>
                    <dep head="5-3" type="nsubjpass"/>
                </token>
                <token content="was" id="5-2">
                    <pos type="VBD"/>
                    <lemma type="be"/>
                    <dep head="5-3" type="auxpass"/>
                </token>
                <token content="seated" id="5-3">
                    <pos type="VBN"/>
                    <lemma type="seat"/>
                </token>
                <token content="in" id="5-4"/>
                <token content="the" id="5-5">
                    <pos type="DT"/>
                    <lemma type="the"/>
                </token>
                <token content="chair" id="5-6">
                    <pos type="NN"/>
                    <lemma type="chair"/>
                    <dep head="5-3" type="prep"/>
                </token>
                <token content="and" id="5-7"/>
                <token content="had" id="5-8">
                    <pos type="VBD"/>
                    <lemma type="have"/>
                    <dep head="5-3" type="conj"/>
                </token>
                <token content="an" id="5-9">
                    <pos type="DT"/>
                    <lemma type="a"/>
                </token>
                <token content="apron" id="5-10">
                    <pos type="NN"/>
                    <lemma type="apron"/>
                    <dep head="5-8" type="dobj"/>
                </token>
                <token content="tied" id="5-11">
                    <pos type="VBN"/>
                    <lemma type="tie"/>
                </token>
                <token content="around" id="5-12"/>
                <token content="my" id="5-13">
                    <pos type="PRP$"/>
                    <lemma type="my"/>
                </token>
                <token content="neck" id="5-14">
                    <pos type="NN"/>
                    <lemma type="neck"/>
                    <dep head="5-11" type="prep"/>
                </token>
                <token content="to" id="5-15">
                    <pos type="TO"/>
                    <lemma type="to"/>
                    <dep head="5-16" type="aux"/>
                </token>
                <token content="keep" id="5-16">
                    <pos type="VB"/>
                    <lemma type="keep"/>
                </token>
                <token content="the" id="5-17">
                    <pos type="DT"/>
                    <lemma type="the"/>
                </token>
                <token content="hair" id="5-18">
                    <pos type="NN"/>
                    <lemma type="hair"/>
                    <dep head="5-16" type="dobj"/>
                </token>
                <token content="off" id="5-19">
                    <pos type="RP"/>
                    <lemma type="off"/>
                    <dep head="5-16" type="prt"/>
                </token>
                <token content="." id="5-20"/>
            </sentence>
            <sentence id="6">
                <token content="First" id="6-1">
                    <pos type="NNP"/>
                    <lemma type="First"/>
                </token>
                <token content="Michael" id="6-2">
                    <pos type="NNP"/>
                    <lemma type="Michael"/>
                    <dep head="6-3" type="nsubj"/>
                </token>
                <token content="shampooed" id="6-3">
                    <pos type="VBD"/>
                    <lemma type="shampoo"/>
                </token>
                <token content="my" id="6-4">
                    <pos type="PRP$"/>
                    <lemma type="my"/>
                </token>
                <token content="hair" id="6-5">
                    <pos type="NN"/>
                    <lemma type="hair"/>
                    <dep head="6-3" type="dobj"/>
                </token>
                <token content="," id="6-6"/>
                <token content="and" id="6-7"/>
                <token content="blew" id="6-8">
                    <pos type="VBD"/>
                    <lemma type="blow"/>
                    <dep head="6-3" type="conj"/>
                </token>
                <token content="it" id="6-9">
                    <pos type="PRP"/>
                    <lemma type="it"/>
                </token>
                <token content="dry" id="6-10">
                    <pos type="JJ"/>
                    <lemma type="dry"/>
                    <dep head="6-8" type="xcomp"/>
                </token>
                <token content="." id="6-11"/>
            </sentence>
            <sentence id="7">
                <token content="Then" id="7-1">
                    <pos type="RB"/>
                    <lemma type="then"/>
                    <dep head="7-4" type="advmod"/>
                </token>
                <token content="," id="7-2"/>
                <token content="he" id="7-3">
                    <pos type="PRP"/>
                    <lemma type="he"/>
                    <dep head="7-4" type="nsubj"/>
                </token>
                <token content="brushed" id="7-4">
                    <pos type="VBD"/>
                    <lemma type="brush"/>
                </token>
                <token content="and" id="7-5"/>
                <token content="combed" id="7-6">
                    <pos type="VBZ"/>
                    <lemma type="comb"/>
                    <dep head="7-4" type="conj"/>
                </token>
                <token content="it" id="7-7">
                    <pos type="PRP"/>
                    <lemma type="it"/>
                    <dep head="7-6" type="dobj"/>
                </token>
                <token content="out" id="7-8">
                    <pos type="RP"/>
                    <lemma type="out"/>
                    <dep head="7-6" type="prt"/>
                </token>
                <token content="thoroughly" id="7-9">
                    <pos type="RB"/>
                    <lemma type="thoroughly"/>
                    <dep head="7-6" type="advmod"/>
                </token>
                <token content="." id="7-10"/>
            </sentence>
            <sentence id="8">
                <token content="It" id="8-1">
                    <pos type="PRP"/>
                    <lemma type="it"/>
                </token>
                <token content="was" id="8-2">
                    <pos type="VBD"/>
                    <lemma type="be"/>
                </token>
                <token content="relaxing" id="8-3">
                    <pos type="JJ"/>
                    <lemma type="relaxing"/>
                </token>
                <token content="and" id="8-4"/>
                <token content="enjoyable" id="8-5">
                    <pos type="JJ"/>
                    <lemma type="enjoyable"/>
                </token>
                <token content="to" id="8-6">
                    <pos type="TO"/>
                    <lemma type="to"/>
                    <dep head="8-7" type="aux"/>
                </token>
                <token content="have" id="8-7">
                    <pos type="VB"/>
                    <lemma type="have"/>
                </token>
                <token content="Michael" id="8-8">
                    <pos type="NNP"/>
                    <lemma type="Michael"/>
                </token>
                <token content="'s" id="8-9"/>
                <token content="skilled" id="8-10">
                    <pos type="JJ"/>
                    <lemma type="skilled"/>
                </token>
                <token content="hands" id="8-11">
                    <pos type="NNS"/>
                    <lemma type="hand"/>
                    <dep head="8-7" type="dobj"/>
                </token>
                <token content="working" id="8-12">
                    <pos type="VBG"/>
                    <lemma type="work"/>
                </token>
                <token content="with" id="8-13"/>
                <token content="my" id="8-14">
                    <pos type="PRP$"/>
                    <lemma type="my"/>
                </token>
                <token content="hair" id="8-15">
                    <pos type="NN"/>
                    <lemma type="hair"/>
                    <dep head="8-12" type="prep"/>
                </token>
                <token content="." id="8-16"/>
            </sentence>
            <sentence id="9">
                <token content="He" id="9-1">
                    <pos type="PRP"/>
                    <lemma type="he"/>
                </token>
                <token content="is" id="9-2">
                    <pos type="VBZ"/>
                    <lemma type="be"/>
                </token>
                <token content="the" id="9-3">
                    <pos type="DT"/>
                    <lemma type="the"/>
                </token>
                <token content="only" id="9-4">
                    <pos type="JJ"/>
                    <lemma type="only"/>
                </token>
                <token content="hairdresser" id="9-5">
                    <pos type="NN"/>
                    <lemma type="hairdresser"/>
                </token>
                <token content="I" id="9-6">
                    <pos type="PRP"/>
                    <lemma type="I"/>
                    <dep head="9-8" type="nsubj"/>
                </token>
                <token content="'ll" id="9-7">
                    <pos type="MD"/>
                    <lemma type="'ll"/>
                    <dep head="9-8" type="aux"/>
                </token>
                <token content="go" id="9-8">
                    <pos type="VB"/>
                    <lemma type="go"/>
                </token>
                <token content="to" id="9-9">
                    <pos type="TO"/>
                    <lemma type="to"/>
                    <dep head="9-8" type="prep"/>
                </token>
                <token content="." id="9-10"/>
            </sentence>
            <sentence id="10">
                <token content="before" id="10-1">
                    <pos type="RB"/>
                    <lemma type="before"/>
                </token>
                <token content="long" id="10-2">
                    <pos type="RB"/>
                    <lemma type="long"/>
                </token>
                <token content="," id="10-3"/>
                <token content="it" id="10-4">
                    <pos type="PRP"/>
                    <lemma type="it"/>
                </token>
                <token content="was" id="10-5">
                    <pos type="VBD"/>
                    <lemma type="be"/>
                </token>
                <token content="time" id="10-6">
                    <pos type="NN"/>
                    <lemma type="time"/>
                </token>
                <token content="for" id="10-7"/>
                <token content="the" id="10-8">
                    <pos type="DT"/>
                    <lemma type="the"/>
                </token>
                <token content="actual" id="10-9">
                    <pos type="JJ"/>
                    <lemma type="actual"/>
                </token>
                <token content="cutting" id="10-10">
                    <pos type="NN"/>
                    <lemma type="cutting"/>
                </token>
                <token content="of" id="10-11"/>
                <token content="my" id="10-12">
                    <pos type="PRP$"/>
                    <lemma type="my"/>
                </token>
                <token content="hair" id="10-13">
                    <pos type="NN"/>
                    <lemma type="hair"/>
                </token>
                <token content="." id="10-14"/>
            </sentence>
            <sentence id="11">
                <token content="he" id="11-1">
                    <pos type="PRP"/>
                    <lemma type="he"/>
                    <dep head="11-2" type="nsubj"/>
                </token>
                <token content="knew" id="11-2">
                    <pos type="VBD"/>
                    <lemma type="know"/>
                </token>
                <token content="I" id="11-3">
                    <pos type="PRP"/>
                    <lemma type="I"/>
                    <dep head="11-4" type="nsubj"/>
                </token>
                <token content="wanted" id="11-4">
                    <pos type="VBD"/>
                    <lemma type="want"/>
                    <dep head="11-2" type="ccomp"/>
                </token>
                <token content="it" id="11-5">
                    <pos type="PRP"/>
                    <lemma type="it"/>
                    <dep head="11-6" type="nsubj"/>
                </token>
                <token content="left" id="11-6">
                    <pos type="VBD"/>
                    <lemma type="leave"/>
                    <dep head="11-4" type="ccomp"/>
                </token>
                <token content="long" id="11-7">
                    <pos type="RB"/>
                    <lemma type="long"/>
                    <dep head="11-6" type="advmod"/>
                </token>
                <token content="," id="11-8"/>
                <token content="so" id="11-9">
                    <pos type="IN"/>
                    <lemma type="so"/>
                    <dep head="11-2" type="dep"/>
                </token>
                <token content="he" id="11-10">
                    <pos type="PRP"/>
                    <lemma type="he"/>
                    <dep head="11-11" type="nsubj"/>
                </token>
                <token content="trimmed" id="11-11">
                    <pos type="VBD"/>
                    <lemma type="trim"/>
                    <dep head="11-2" type="parataxis"/>
                </token>
                <token content="off" id="11-12">
                    <pos type="RP"/>
                    <lemma type="off"/>
                    <dep head="11-11" type="prt"/>
                </token>
                <token content="the" id="11-13">
                    <pos type="DT"/>
                    <lemma type="the"/>
                </token>
                <token content="damaged" id="11-14">
                    <pos type="JJ"/>
                    <lemma type="damaged"/>
                </token>
                <token content="ends" id="11-15">
                    <pos type="NNS"/>
                    <lemma type="end"/>
                    <dep head="11-11" type="dobj"/>
                </token>
                <token content="and" id="11-16"/>
                <token content="did" id="11-17">
                    <pos type="VBD"/>
                    <lemma type="do"/>
                    <dep head="11-11" type="conj"/>
                </token>
                <token content="the" id="11-18">
                    <pos type="DT"/>
                    <lemma type="the"/>
                </token>
                <token content="ends" id="11-19">
                    <pos type="NNS"/>
                    <lemma type="end"/>
                    <dep head="11-17" type="dobj"/>
                </token>
                <token content="of" id="11-20"/>
                <token content="my" id="11-21">
                    <pos type="PRP$"/>
                    <lemma type="my"/>
                </token>
                <token content="hair" id="11-22">
                    <pos type="NN"/>
                    <lemma type="hair"/>
                </token>
                <token content="in" id="11-23"/>
                <token content="a" id="11-24">
                    <pos type="DT"/>
                    <lemma type="a"/>
                </token>
                <token content="pleasing" id="11-25">
                    <pos type="NN"/>
                    <lemma type="pleasing"/>
                </token>
                <token content="half-moon" id="11-26">
                    <pos type="JJ"/>
                    <lemma type="half-moon"/>
                </token>
                <token content="shape" id="11-27">
                    <pos type="NN"/>
                    <lemma type="shape"/>
                    <dep head="11-17" type="prep"/>
                </token>
                <token content="." id="11-28"/>
            </sentence>
            <sentence id="12">
                <token content="My" id="12-1">
                    <pos type="PRP$"/>
                    <lemma type="my"/>
                </token>
                <token content="hair" id="12-2">
                    <pos type="NN"/>
                    <lemma type="hair"/>
                    <dep head="12-3" type="nsubj"/>
                </token>
                <token content="looks" id="12-3">
                    <pos type="VBZ"/>
                    <lemma type="look"/>
                </token>
                <token content="great" id="12-4">
                    <pos type="JJ"/>
                    <lemma type="great"/>
                    <dep head="12-3" type="acomp"/>
                </token>
                <token content="and" id="12-5"/>
                <token content="I" id="12-6">
                    <pos type="PRP"/>
                    <lemma type="I"/>
                    <dep head="12-7" type="nsubj"/>
                </token>
                <token content="enjoyed" id="12-7">
                    <pos type="VBD"/>
                    <lemma type="enjoy"/>
                    <dep head="12-3" type="conj"/>
                </token>
                <token content="my" id="12-8">
                    <pos type="PRP$"/>
                    <lemma type="my"/>
                </token>
                <token content="time" id="12-9">
                    <pos type="NN"/>
                    <lemma type="time"/>
                    <dep head="12-7" type="dobj"/>
                </token>
                <token content="at" id="12-10"/>
                <token content="the" id="12-11">
                    <pos type="DT"/>
                    <lemma type="the"/>
                </token>
                <token content="hairdresser" id="12-12">
                    <pos type="NN"/>
                    <lemma type="hairdresser"/>
                    <dep head="12-7" type="prep"/>
                </token>
                <token content="'s" id="12-13">
                    <pos type="POS"/>
                    <lemma type="'s"/>
                </token>
                <token content="." id="12-14"/>
            </sentence>
        </sentences>
    </text>
    <annotations>
        <participants>
            <label from="1-1" id="0" name="ScrPart_customer" text="I" type="participant"/>
            <label from="1-4" id="1" name="ScrPart_customer" text="my" type="participant"/>
            <label from="1-5" id="2" name="ScrPart_hair" text="hair" type="participant"/>
            <label from="1-10" id="3" name="ScrPart_hair" text="it" type="participant"/>
            <label from="1-14" id="4" name="ScrPart_customer" text="I" type="participant"/>
            <label from="1-18" id="5" name="NPart" text="ends" type="participant"/>
            <label from="2-1" id="6" name="ScrPart_customer" text="I" type="participant"/>
            <label from="2-4" id="7" name="ScrPart_customer" text="my" type="participant"/>
            <label from="2-6" id="8" name="ScrPart_hairdresser" text="hairdresser" type="participant"/>
            <label from="2-8" id="9" name="ScrPart_hairdresser" text="Michael" type="participant"/>
            <label from="3-1" id="10" name="ScrPart_hairdresser" text="He" type="participant"/>
            <label from="3-7" id="11" name="ScrPart_salon" text="salon" type="participant"/>
            <label from="4-1" id="12" name="ScrPart_hairdresser_customer" text="We" type="participant"/>
            <label from="4-3" id="13" name="ScrPart_hairdresser_customer" text="friends" type="participant"/>
            <label from="4-6" id="14" name="ScrPart_hairdresser" text="he" type="participant"/>
            <label from="4-8" id="15" name="ScrPart_customer" text="me" type="participant"/>
            <label from="4-10" id="16" name="NPart" text="hug" type="participant"/>
            <label from="4-12" id="17" name="ScrPart_hairdresser" text="he" type="participant"/>
            <label from="4-14" id="18" name="ScrPart_customer" text="me" type="participant"/>
            <label from="5-1" id="19" name="ScrPart_customer" text="I" type="participant"/>
            <label from="5-6" id="20" name="ScrPart_chair" text="chair" type="participant"/>
            <label from="5-10" id="21" name="ScrPart_cape" text="apron" type="participant"/>
            <label from="5-13" id="22" name="ScrPart_customer" text="my" type="participant"/>
            <label from="5-14" id="23" name="NPart" text="neck" type="participant"/>
            <label from="5-18" id="24" name="ScrPart_hair" text="hair" type="participant"/>
            <label from="6-2" id="25" name="ScrPart_hairdresser" text="Michael" type="participant"/>
            <label from="6-4" id="26" name="ScrPart_customer" text="my" type="participant"/>
            <label from="6-5" id="27" name="ScrPart_hair" text="hair" type="participant"/>
            <label from="6-9" id="28" name="ScrPart_hair" text="it" type="participant"/>
            <label from="7-3" id="29" name="ScrPart_hairdresser" text="he" type="participant"/>
            <label from="7-7" id="30" name="ScrPart_hair" text="it" type="participant"/>
            <label from="8-1" id="31" name="No_label" text="It" type="participant"/>
            <label from="8-8" id="32" name="ScrPart_hairdresser" text="Michael" type="participant"/>
            <label from="8-11" id="33" name="NPart" text="hands" type="participant"/>
            <label from="8-14" id="34" name="ScrPart_customer" text="my" type="participant"/>
            <label from="8-15" id="35" name="ScrPart_hair" text="hair" type="participant"/>
            <label from="9-1" id="36" name="ScrPart_hairdresser" text="He" type="participant"/>
            <label from="9-5" id="37" name="ScrPart_hairdresser" text="hairdresser" type="participant"/>
            <label from="9-6" id="38" name="ScrPart_customer" text="I" type="participant"/>
            <label from="10-4" id="39" name="No_label" text="it" type="participant"/>
            <label from="10-6" id="40" name="No_label" text="time" type="participant"/>
            <label from="10-12" id="41" name="ScrPart_customer" text="my" type="participant"/>
            <label from="10-13" id="42" name="ScrPart_hair" text="hair" type="participant"/>
            <label from="11-1" id="43" name="ScrPart_hairdresser" text="he" type="participant"/>
            <label from="11-3" id="44" name="ScrPart_customer" text="I" type="participant"/>
            <label from="11-5" id="45" name="ScrPart_hair" text="it" type="participant"/>
            <label from="11-10" id="46" name="ScrPart_hairdresser" text="he" type="participant"/>
            <label from="11-15" id="47" name="NPart" text="ends" type="participant"/>
            <label from="11-19" id="48" name="NPart" text="ends" type="participant"/>
            <label from="11-21" id="49" name="ScrPart_customer" text="my" type="participant"/>
            <label from="11-22" id="50" name="ScrPart_hair" text="hair" type="participant"/>
            <label from="11-27" id="51" name="NPart" text="shape" type="participant"/>
            <label from="12-1" id="52" name="ScrPart_customer" text="My" type="participant"/>
            <label from="12-2" id="53" name="ScrPart_hair" text="hair" type="participant"/>
            <label from="12-6" id="54" name="ScrPart_customer" text="I" type="participant"/>
            <label from="12-8" id="55" name="ScrPart_customer" text="my" type="participant"/>
            <label from="12-9" id="56" name="ScrPart_time/date" text="time" type="participant"/>
            <label from="12-12" id="57" name="ScrPart_salon" text="hairdresser 's" to="12-13" type="participant"/>
        </participants>
        <events>
            <label from="1-3" id="58" name="RelNScrEv" text="wear" type="event"/>
            <label from="1-12" id="59" name="ScrEv_cut" text="trimmed" type="event"/>
            <label from="1-15" id="60" name="RelNScrEv" text="had" type="event"/>
            <label from="1-17" id="61" name="RelNScrEv" text="split" type="event"/>
            <label from="2-2" id="62" name="Evoking" text="went to my favorite hairdresser" to="2-6" type="event"/>
            <label from="3-2" id="63" name="RelNScrEv" text="works" type="event"/>
            <label from="4-2" id="64" name="UnrelEv" text="'re" type="event"/>
            <label from="4-7" id="65" name="RelNScrEv" text="gave" type="event"/>
            <label from="4-13" id="66" name="UnrelEv" text="saw" type="event"/>
            <label from="4-15" id="67" name="ScrEv_enter" text="come in" to="4-16" type="event"/>
            <label from="5-3" id="68" name="ScrEv_sit_down" text="seated" type="event"/>
            <label from="5-11" id="69" name="ScrEv_put_on_cape" text="tied" type="event"/>
            <label from="5-16" id="70" name="RelNScrEv" text="keep" type="event"/>
            <label from="6-3" id="71" name="ScrEv_wash" text="shampooed" type="event"/>
            <label from="6-8" id="72" name="ScrEv_dry" text="blew" type="event"/>
            <label from="7-4" id="73" name="ScrEv_comb" text="brushed" type="event"/>
            <label from="7-6" id="74" name="ScrEv_comb" text="combed" type="event"/>
            <label from="8-3" id="75" name="RelNScrEv" text="relaxing" type="event"/>
            <label from="8-10" id="76" name="RelNScrEv" text="skilled" type="event"/>
            <label from="8-12" id="77" name="RelNScrEv" text="working" type="event"/>
            <label from="9-2" id="78" name="UnrelEv" text="is" type="event"/>
            <label from="9-8" id="79" name="Unclear" text="go to" to="9-9" type="event"/>
            <label from="10-5" id="80" name="UnrelEv" text="was" type="event"/>
            <label from="10-10" id="81" name="ScrEv_cut" text="cutting" type="event"/>
            <label from="11-2" id="82" name="UnrelEv" text="knew" type="event"/>
            <label from="11-4" id="83" name="UnrelEv" text="wanted" type="event"/>
            <label from="11-6" id="84" name="RelNScrEv" text="left" type="event"/>
            <label from="11-11" id="85" name="ScrEv_cut" text="trimmed off" to="11-12" type="event"/>
            <label from="11-14" id="86" name="RelNScrEv" text="damaged" type="event"/>
            <label from="11-17" id="87" name="ScrEv_make_hair_style" text="did" type="event"/>
            <label from="11-25" id="88" name="ScrEv_customer_opinion" text="pleasing" type="event"/>
            <label from="12-3" id="89" name="ScrEv_customer_opinion" text="looks" type="event"/>
            <label from="12-7" id="90" name="ScrEv_customer_opinion" text="enjoyed" type="event"/>
        </events>
        <chains>
            <chain elements="1 0 4 6 7 15 18 19 22 26 34 38 41 44 49 52 54 55"/>
            <chain elements="3 2 24 27 28 30 35 42 45 50 53"/>
            <chain elements="9 8 10 14 17 25 29 32 36 37 43 46"/>
            <chain elements="57 11"/>
            <chain elements="12 13"/>
        </chains>
    </annotations>
</story>
