<?xml version="1.0" encoding="UTF-8" standalone="no"?>
<!DOCTYPE story SYSTEM "../InScript.dtd">
<story id="082" scenario="haircut">
    <text>
        <content>I went to the hair stylist for a trim . 
While I was seated in the waiting area , I happened to glance a cover of a hair styling book and , being intrigued , decided to pick it up and browse . 
I found a haircut I really liked . 
My hairstylist called my name and led me back to her barber chair . 
She wrapped a drape around my shoulders to protect my clothes from hair clippings , asking me what I was looking to do with my hair this time . 
I pointed out the book I had been looking through and showed her the picture I had found . 
She nodded , spritzed water on my head with her spray bottle , then grabbed her comb and started running it through my hair . 
She then grabbed her scissors and started trimming the length , parted some hair to one side and clipped that side . 
Then she parted and clipped the other to match , all the while chatting with me about stuff . 
A few moments later , she applied a little hair gel and worked it through my hair . 
Pleased with the outcome , she spun me around so I could see the mirror and asked how I liked my new hairdo . 
I loved it so much that I gave her a nice tip when I paid the bill ! </content>
        <sentences>
            <sentence id="1">
                <token content="I" id="1-1">
                    <pos type="PRP"/>
                    <lemma type="I"/>
                    <dep head="1-2" type="nsubj"/>
                </token>
                <token content="went" id="1-2">
                    <pos type="VBD"/>
                    <lemma type="go"/>
                </token>
                <token content="to" id="1-3"/>
                <token content="the" id="1-4">
                    <pos type="DT"/>
                    <lemma type="the"/>
                </token>
                <token content="hair" id="1-5">
                    <pos type="NN"/>
                    <lemma type="hair"/>
                </token>
                <token content="stylist" id="1-6">
                    <pos type="NN"/>
                    <lemma type="stylist"/>
                    <dep head="1-2" type="prep"/>
                </token>
                <token content="for" id="1-7"/>
                <token content="a" id="1-8">
                    <pos type="DT"/>
                    <lemma type="a"/>
                </token>
                <token content="trim" id="1-9">
                    <pos type="JJ"/>
                    <lemma type="trim"/>
                    <dep head="1-2" type="prep"/>
                </token>
                <token content="." id="1-10"/>
            </sentence>
            <sentence id="2">
                <token content="While" id="2-1">
                    <pos type="IN"/>
                    <lemma type="while"/>
                    <dep head="2-4" type="mark"/>
                </token>
                <token content="I" id="2-2">
                    <pos type="PRP"/>
                    <lemma type="I"/>
                    <dep head="2-4" type="nsubjpass"/>
                </token>
                <token content="was" id="2-3">
                    <pos type="VBD"/>
                    <lemma type="be"/>
                    <dep head="2-4" type="auxpass"/>
                </token>
                <token content="seated" id="2-4">
                    <pos type="VBN"/>
                    <lemma type="seat"/>
                    <dep head="2-11" type="advcl"/>
                </token>
                <token content="in" id="2-5"/>
                <token content="the" id="2-6">
                    <pos type="DT"/>
                    <lemma type="the"/>
                </token>
                <token content="waiting" id="2-7">
                    <pos type="VBG"/>
                    <lemma type="wait"/>
                </token>
                <token content="area" id="2-8">
                    <pos type="NN"/>
                    <lemma type="area"/>
                    <dep head="2-4" type="prep"/>
                </token>
                <token content="," id="2-9"/>
                <token content="I" id="2-10">
                    <pos type="PRP"/>
                    <lemma type="I"/>
                    <dep head="2-11" type="nsubj"/>
                </token>
                <token content="happened" id="2-11">
                    <pos type="VBD"/>
                    <lemma type="happen"/>
                </token>
                <token content="to" id="2-12">
                    <pos type="TO"/>
                    <lemma type="to"/>
                    <dep head="2-13" type="aux"/>
                </token>
                <token content="glance" id="2-13">
                    <pos type="VB"/>
                    <lemma type="glance"/>
                    <dep head="2-11" type="xcomp"/>
                </token>
                <token content="a" id="2-14">
                    <pos type="DT"/>
                    <lemma type="a"/>
                </token>
                <token content="cover" id="2-15">
                    <pos type="NN"/>
                    <lemma type="cover"/>
                    <dep head="2-13" type="dobj"/>
                </token>
                <token content="of" id="2-16"/>
                <token content="a" id="2-17">
                    <pos type="DT"/>
                    <lemma type="a"/>
                </token>
                <token content="hair" id="2-18">
                    <pos type="NN"/>
                    <lemma type="hair"/>
                </token>
                <token content="styling" id="2-19">
                    <pos type="VBG"/>
                    <lemma type="style"/>
                </token>
                <token content="book" id="2-20">
                    <pos type="NN"/>
                    <lemma type="book"/>
                </token>
                <token content="and" id="2-21"/>
                <token content="," id="2-22"/>
                <token content="being" id="2-23">
                    <pos type="VBG"/>
                    <lemma type="be"/>
                    <dep head="2-24" type="auxpass"/>
                </token>
                <token content="intrigued" id="2-24">
                    <pos type="VBN"/>
                    <lemma type="intrigue"/>
                    <dep head="2-11" type="parataxis"/>
                </token>
                <token content="," id="2-25"/>
                <token content="decided" id="2-26">
                    <pos type="VBN"/>
                    <lemma type="decide"/>
                    <dep head="2-11" type="conj"/>
                </token>
                <token content="to" id="2-27">
                    <pos type="TO"/>
                    <lemma type="to"/>
                    <dep head="2-28" type="aux"/>
                </token>
                <token content="pick" id="2-28">
                    <pos type="VB"/>
                    <lemma type="pick"/>
                    <dep head="2-26" type="xcomp"/>
                </token>
                <token content="it" id="2-29">
                    <pos type="PRP"/>
                    <lemma type="it"/>
                    <dep head="2-28" type="dobj"/>
                </token>
                <token content="up" id="2-30">
                    <pos type="RP"/>
                    <lemma type="up"/>
                    <dep head="2-28" type="prt"/>
                </token>
                <token content="and" id="2-31"/>
                <token content="browse" id="2-32">
                    <pos type="VB"/>
                    <lemma type="browse"/>
                    <dep head="2-28" type="conj"/>
                </token>
                <token content="." id="2-33"/>
            </sentence>
            <sentence id="3">
                <token content="I" id="3-1">
                    <pos type="PRP"/>
                    <lemma type="I"/>
                    <dep head="3-2" type="nsubj"/>
                </token>
                <token content="found" id="3-2">
                    <pos type="VBD"/>
                    <lemma type="find"/>
                </token>
                <token content="a" id="3-3">
                    <pos type="DT"/>
                    <lemma type="a"/>
                </token>
                <token content="haircut" id="3-4">
                    <pos type="NN"/>
                    <lemma type="haircut"/>
                    <dep head="3-2" type="dobj"/>
                </token>
                <token content="I" id="3-5">
                    <pos type="PRP"/>
                    <lemma type="I"/>
                    <dep head="3-7" type="nsubj"/>
                </token>
                <token content="really" id="3-6">
                    <pos type="RB"/>
                    <lemma type="really"/>
                    <dep head="3-7" type="advmod"/>
                </token>
                <token content="liked" id="3-7">
                    <pos type="VBD"/>
                    <lemma type="like"/>
                </token>
                <token content="." id="3-8"/>
            </sentence>
            <sentence id="4">
                <token content="My" id="4-1">
                    <pos type="PRP$"/>
                    <lemma type="my"/>
                </token>
                <token content="hairstylist" id="4-2">
                    <pos type="NN"/>
                    <lemma type="hairstylist"/>
                    <dep head="4-3" type="nsubj"/>
                </token>
                <token content="called" id="4-3">
                    <pos type="VBD"/>
                    <lemma type="call"/>
                </token>
                <token content="my" id="4-4">
                    <pos type="PRP$"/>
                    <lemma type="my"/>
                </token>
                <token content="name" id="4-5">
                    <pos type="NN"/>
                    <lemma type="name"/>
                    <dep head="4-3" type="dobj"/>
                </token>
                <token content="and" id="4-6"/>
                <token content="led" id="4-7">
                    <pos type="VBD"/>
                    <lemma type="lead"/>
                    <dep head="4-3" type="conj"/>
                </token>
                <token content="me" id="4-8">
                    <pos type="PRP"/>
                    <lemma type="I"/>
                    <dep head="4-7" type="dobj"/>
                </token>
                <token content="back" id="4-9">
                    <pos type="RP"/>
                    <lemma type="back"/>
                    <dep head="4-7" type="prt"/>
                </token>
                <token content="to" id="4-10"/>
                <token content="her" id="4-11">
                    <pos type="PRP$"/>
                    <lemma type="she"/>
                </token>
                <token content="barber" id="4-12">
                    <pos type="NN"/>
                    <lemma type="barber"/>
                </token>
                <token content="chair" id="4-13">
                    <pos type="NN"/>
                    <lemma type="chair"/>
                    <dep head="4-7" type="prep"/>
                </token>
                <token content="." id="4-14"/>
            </sentence>
            <sentence id="5">
                <token content="She" id="5-1">
                    <pos type="PRP"/>
                    <lemma type="she"/>
                    <dep head="5-2" type="nsubj"/>
                </token>
                <token content="wrapped" id="5-2">
                    <pos type="VBD"/>
                    <lemma type="wrap"/>
                </token>
                <token content="a" id="5-3">
                    <pos type="DT"/>
                    <lemma type="a"/>
                </token>
                <token content="drape" id="5-4">
                    <pos type="NN"/>
                    <lemma type="drape"/>
                    <dep head="5-2" type="dobj"/>
                </token>
                <token content="around" id="5-5"/>
                <token content="my" id="5-6">
                    <pos type="PRP$"/>
                    <lemma type="my"/>
                </token>
                <token content="shoulders" id="5-7">
                    <pos type="NNS"/>
                    <lemma type="shoulder"/>
                    <dep head="5-2" type="prep"/>
                </token>
                <token content="to" id="5-8">
                    <pos type="TO"/>
                    <lemma type="to"/>
                    <dep head="5-9" type="aux"/>
                </token>
                <token content="protect" id="5-9">
                    <pos type="VB"/>
                    <lemma type="protect"/>
                    <dep head="5-2" type="vmod"/>
                </token>
                <token content="my" id="5-10">
                    <pos type="PRP$"/>
                    <lemma type="my"/>
                </token>
                <token content="clothes" id="5-11">
                    <pos type="NNS"/>
                    <lemma type="clothes"/>
                    <dep head="5-9" type="dobj"/>
                </token>
                <token content="from" id="5-12"/>
                <token content="hair" id="5-13">
                    <pos type="NN"/>
                    <lemma type="hair"/>
                </token>
                <token content="clippings" id="5-14">
                    <pos type="NNS"/>
                    <lemma type="clipping"/>
                    <dep head="5-9" type="prep"/>
                </token>
                <token content="," id="5-15"/>
                <token content="asking" id="5-16">
                    <pos type="VBG"/>
                    <lemma type="ask"/>
                    <dep head="5-2" type="xcomp"/>
                </token>
                <token content="me" id="5-17">
                    <pos type="PRP"/>
                    <lemma type="I"/>
                    <dep head="5-16" type="dobj"/>
                </token>
                <token content="what" id="5-18">
                    <pos type="WP"/>
                    <lemma type="what"/>
                    <dep head="5-21" type="dobj"/>
                </token>
                <token content="I" id="5-19">
                    <pos type="PRP"/>
                    <lemma type="I"/>
                    <dep head="5-21" type="nsubj"/>
                </token>
                <token content="was" id="5-20">
                    <pos type="VBD"/>
                    <lemma type="be"/>
                    <dep head="5-21" type="aux"/>
                </token>
                <token content="looking" id="5-21">
                    <pos type="VBG"/>
                    <lemma type="look"/>
                    <dep head="5-16" type="dep"/>
                </token>
                <token content="to" id="5-22">
                    <pos type="TO"/>
                    <lemma type="to"/>
                    <dep head="5-23" type="aux"/>
                </token>
                <token content="do" id="5-23">
                    <pos type="VB"/>
                    <lemma type="do"/>
                    <dep head="5-21" type="xcomp"/>
                </token>
                <token content="with" id="5-24"/>
                <token content="my" id="5-25">
                    <pos type="PRP$"/>
                    <lemma type="my"/>
                </token>
                <token content="hair" id="5-26">
                    <pos type="NN"/>
                    <lemma type="hair"/>
                    <dep head="5-23" type="prep"/>
                </token>
                <token content="this" id="5-27">
                    <pos type="DT"/>
                    <lemma type="this"/>
                </token>
                <token content="time" id="5-28">
                    <pos type="NN"/>
                    <lemma type="time"/>
                    <dep head="5-23" type="dobj"/>
                </token>
                <token content="." id="5-29"/>
            </sentence>
            <sentence id="6">
                <token content="I" id="6-1">
                    <pos type="PRP"/>
                    <lemma type="I"/>
                    <dep head="6-2" type="nsubj"/>
                </token>
                <token content="pointed" id="6-2">
                    <pos type="VBD"/>
                    <lemma type="point"/>
                    <dep head="6-18" type="dep"/>
                </token>
                <token content="out" id="6-3">
                    <pos type="RP"/>
                    <lemma type="out"/>
                    <dep head="6-2" type="prt"/>
                </token>
                <token content="the" id="6-4">
                    <pos type="DT"/>
                    <lemma type="the"/>
                </token>
                <token content="book" id="6-5">
                    <pos type="NN"/>
                    <lemma type="book"/>
                    <dep head="6-2" type="dobj"/>
                </token>
                <token content="I" id="6-6">
                    <pos type="PRP"/>
                    <lemma type="I"/>
                    <dep head="6-9" type="nsubj"/>
                </token>
                <token content="had" id="6-7">
                    <pos type="VBD"/>
                    <lemma type="have"/>
                    <dep head="6-9" type="aux"/>
                </token>
                <token content="been" id="6-8">
                    <pos type="VBN"/>
                    <lemma type="be"/>
                    <dep head="6-9" type="aux"/>
                </token>
                <token content="looking" id="6-9">
                    <pos type="VBG"/>
                    <lemma type="look"/>
                </token>
                <token content="through" id="6-10">
                    <pos type="RP"/>
                    <lemma type="through"/>
                    <dep head="6-9" type="prt"/>
                </token>
                <token content="and" id="6-11"/>
                <token content="showed" id="6-12">
                    <pos type="VBD"/>
                    <lemma type="show"/>
                    <dep head="6-2" type="conj"/>
                </token>
                <token content="her" id="6-13">
                    <pos type="PRP"/>
                    <lemma type="she"/>
                </token>
                <token content="the" id="6-14">
                    <pos type="DT"/>
                    <lemma type="the"/>
                </token>
                <token content="picture" id="6-15">
                    <pos type="NN"/>
                    <lemma type="picture"/>
                    <dep head="6-12" type="xcomp"/>
                </token>
                <token content="I" id="6-16">
                    <pos type="PRP"/>
                    <lemma type="I"/>
                    <dep head="6-18" type="nsubj"/>
                </token>
                <token content="had" id="6-17">
                    <pos type="VBD"/>
                    <lemma type="have"/>
                    <dep head="6-18" type="aux"/>
                </token>
                <token content="found" id="6-18">
                    <pos type="VBN"/>
                    <lemma type="find"/>
                </token>
                <token content="." id="6-19"/>
            </sentence>
            <sentence id="7">
                <token content="She" id="7-1">
                    <pos type="PRP"/>
                    <lemma type="she"/>
                    <dep head="7-2" type="nsubj"/>
                </token>
                <token content="nodded" id="7-2">
                    <pos type="VBD"/>
                    <lemma type="nod"/>
                </token>
                <token content="," id="7-3"/>
                <token content="spritzed" id="7-4">
                    <pos type="VBD"/>
                    <lemma type="spritz"/>
                    <dep head="7-2" type="conj"/>
                </token>
                <token content="water" id="7-5">
                    <pos type="NN"/>
                    <lemma type="water"/>
                    <dep head="7-4" type="dobj"/>
                </token>
                <token content="on" id="7-6"/>
                <token content="my" id="7-7">
                    <pos type="PRP$"/>
                    <lemma type="my"/>
                </token>
                <token content="head" id="7-8">
                    <pos type="NN"/>
                    <lemma type="head"/>
                    <dep head="7-4" type="prep"/>
                </token>
                <token content="with" id="7-9"/>
                <token content="her" id="7-10">
                    <pos type="PRP$"/>
                    <lemma type="she"/>
                </token>
                <token content="spray" id="7-11">
                    <pos type="NN"/>
                    <lemma type="spray"/>
                </token>
                <token content="bottle" id="7-12">
                    <pos type="NN"/>
                    <lemma type="bottle"/>
                    <dep head="7-4" type="prep"/>
                </token>
                <token content="," id="7-13"/>
                <token content="then" id="7-14">
                    <pos type="RB"/>
                    <lemma type="then"/>
                    <dep head="7-15" type="advmod"/>
                </token>
                <token content="grabbed" id="7-15">
                    <pos type="VBD"/>
                    <lemma type="grab"/>
                    <dep head="7-2" type="conj"/>
                </token>
                <token content="her" id="7-16">
                    <pos type="PRP$"/>
                    <lemma type="she"/>
                </token>
                <token content="comb" id="7-17">
                    <pos type="NN"/>
                    <lemma type="comb"/>
                    <dep head="7-15" type="dobj"/>
                </token>
                <token content="and" id="7-18"/>
                <token content="started" id="7-19">
                    <pos type="VBD"/>
                    <lemma type="start"/>
                    <dep head="7-2" type="conj"/>
                </token>
                <token content="running" id="7-20">
                    <pos type="VBG"/>
                    <lemma type="run"/>
                    <dep head="7-19" type="xcomp"/>
                </token>
                <token content="it" id="7-21">
                    <pos type="PRP"/>
                    <lemma type="it"/>
                    <dep head="7-20" type="dobj"/>
                </token>
                <token content="through" id="7-22"/>
                <token content="my" id="7-23">
                    <pos type="PRP$"/>
                    <lemma type="my"/>
                </token>
                <token content="hair" id="7-24">
                    <pos type="NN"/>
                    <lemma type="hair"/>
                    <dep head="7-20" type="prep"/>
                </token>
                <token content="." id="7-25"/>
            </sentence>
            <sentence id="8">
                <token content="She" id="8-1">
                    <pos type="PRP"/>
                    <lemma type="she"/>
                    <dep head="8-3" type="nsubj"/>
                </token>
                <token content="then" id="8-2">
                    <pos type="RB"/>
                    <lemma type="then"/>
                    <dep head="8-3" type="advmod"/>
                </token>
                <token content="grabbed" id="8-3">
                    <pos type="VBD"/>
                    <lemma type="grab"/>
                </token>
                <token content="her" id="8-4">
                    <pos type="PRP$"/>
                    <lemma type="she"/>
                </token>
                <token content="scissors" id="8-5">
                    <pos type="NNS"/>
                    <lemma type="scissors"/>
                    <dep head="8-3" type="dobj"/>
                </token>
                <token content="and" id="8-6"/>
                <token content="started" id="8-7">
                    <pos type="VBD"/>
                    <lemma type="start"/>
                    <dep head="8-3" type="conj"/>
                </token>
                <token content="trimming" id="8-8">
                    <pos type="VBG"/>
                    <lemma type="trim"/>
                    <dep head="8-7" type="xcomp"/>
                </token>
                <token content="the" id="8-9">
                    <pos type="DT"/>
                    <lemma type="the"/>
                </token>
                <token content="length" id="8-10">
                    <pos type="NN"/>
                    <lemma type="length"/>
                    <dep head="8-8" type="dobj"/>
                </token>
                <token content="," id="8-11"/>
                <token content="parted" id="8-12">
                    <pos type="VBD"/>
                    <lemma type="part"/>
                    <dep head="8-3" type="dep"/>
                </token>
                <token content="some" id="8-13">
                    <pos type="DT"/>
                    <lemma type="some"/>
                </token>
                <token content="hair" id="8-14">
                    <pos type="NN"/>
                    <lemma type="hair"/>
                    <dep head="8-12" type="dobj"/>
                </token>
                <token content="to" id="8-15"/>
                <token content="one" id="8-16">
                    <pos type="CD"/>
                    <lemma type="one"/>
                </token>
                <token content="side" id="8-17">
                    <pos type="NN"/>
                    <lemma type="side"/>
                    <dep head="8-12" type="prep"/>
                </token>
                <token content="and" id="8-18"/>
                <token content="clipped" id="8-19">
                    <pos type="VBD"/>
                    <lemma type="clip"/>
                    <dep head="8-3" type="conj"/>
                </token>
                <token content="that" id="8-20">
                    <pos type="DT"/>
                    <lemma type="that"/>
                </token>
                <token content="side" id="8-21">
                    <pos type="NN"/>
                    <lemma type="side"/>
                    <dep head="8-19" type="dobj"/>
                </token>
                <token content="." id="8-22"/>
            </sentence>
            <sentence id="9">
                <token content="Then" id="9-1">
                    <pos type="RB"/>
                    <lemma type="then"/>
                    <dep head="9-3" type="advmod"/>
                </token>
                <token content="she" id="9-2">
                    <pos type="PRP"/>
                    <lemma type="she"/>
                    <dep head="9-3" type="nsubj"/>
                </token>
                <token content="parted" id="9-3">
                    <pos type="VBD"/>
                    <lemma type="part"/>
                </token>
                <token content="and" id="9-4"/>
                <token content="clipped" id="9-5">
                    <pos type="VBD"/>
                    <lemma type="clip"/>
                    <dep head="9-3" type="conj"/>
                </token>
                <token content="the" id="9-6">
                    <pos type="DT"/>
                    <lemma type="the"/>
                </token>
                <token content="other" id="9-7">
                    <pos type="JJ"/>
                    <lemma type="other"/>
                    <dep head="9-5" type="dobj"/>
                </token>
                <token content="to" id="9-8">
                    <pos type="TO"/>
                    <lemma type="to"/>
                    <dep head="9-9" type="aux"/>
                </token>
                <token content="match" id="9-9">
                    <pos type="VB"/>
                    <lemma type="match"/>
                    <dep head="9-5" type="vmod"/>
                </token>
                <token content="," id="9-10"/>
                <token content="all" id="9-11">
                    <pos type="PDT"/>
                    <lemma type="all"/>
                </token>
                <token content="the" id="9-12">
                    <pos type="DT"/>
                    <lemma type="the"/>
                </token>
                <token content="while" id="9-13">
                    <pos type="NN"/>
                    <lemma type="while"/>
                    <dep head="9-9" type="dobj"/>
                </token>
                <token content="chatting" id="9-14">
                    <pos type="VBG"/>
                    <lemma type="chat"/>
                    <dep head="9-9" type="xcomp"/>
                </token>
                <token content="with" id="9-15"/>
                <token content="me" id="9-16">
                    <pos type="PRP"/>
                    <lemma type="I"/>
                    <dep head="9-14" type="prep"/>
                </token>
                <token content="about" id="9-17"/>
                <token content="stuff" id="9-18">
                    <pos type="NN"/>
                    <lemma type="stuff"/>
                    <dep head="9-14" type="prep"/>
                </token>
                <token content="." id="9-19"/>
            </sentence>
            <sentence id="10">
                <token content="A" id="10-1">
                    <pos type="DT"/>
                    <lemma type="a"/>
                </token>
                <token content="few" id="10-2">
                    <pos type="JJ"/>
                    <lemma type="few"/>
                </token>
                <token content="moments" id="10-3">
                    <pos type="NNS"/>
                    <lemma type="moment"/>
                </token>
                <token content="later" id="10-4">
                    <pos type="RB"/>
                    <lemma type="later"/>
                    <dep head="10-7" type="advmod"/>
                </token>
                <token content="," id="10-5"/>
                <token content="she" id="10-6">
                    <pos type="PRP"/>
                    <lemma type="she"/>
                    <dep head="10-7" type="nsubj"/>
                </token>
                <token content="applied" id="10-7">
                    <pos type="VBD"/>
                    <lemma type="apply"/>
                </token>
                <token content="a" id="10-8">
                    <pos type="DT"/>
                    <lemma type="a"/>
                </token>
                <token content="little" id="10-9">
                    <pos type="JJ"/>
                    <lemma type="little"/>
                </token>
                <token content="hair" id="10-10">
                    <pos type="NN"/>
                    <lemma type="hair"/>
                </token>
                <token content="gel" id="10-11">
                    <pos type="NN"/>
                    <lemma type="gel"/>
                    <dep head="10-7" type="dobj"/>
                </token>
                <token content="and" id="10-12"/>
                <token content="worked" id="10-13">
                    <pos type="VBD"/>
                    <lemma type="work"/>
                    <dep head="10-7" type="conj"/>
                </token>
                <token content="it" id="10-14">
                    <pos type="PRP"/>
                    <lemma type="it"/>
                    <dep head="10-13" type="dobj"/>
                </token>
                <token content="through" id="10-15"/>
                <token content="my" id="10-16">
                    <pos type="PRP$"/>
                    <lemma type="my"/>
                </token>
                <token content="hair" id="10-17">
                    <pos type="NN"/>
                    <lemma type="hair"/>
                    <dep head="10-13" type="prep"/>
                </token>
                <token content="." id="10-18"/>
            </sentence>
            <sentence id="11">
                <token content="Pleased" id="11-1">
                    <pos type="VBN"/>
                    <lemma type="please"/>
                    <dep head="11-7" type="vmod"/>
                </token>
                <token content="with" id="11-2"/>
                <token content="the" id="11-3">
                    <pos type="DT"/>
                    <lemma type="the"/>
                </token>
                <token content="outcome" id="11-4">
                    <pos type="NN"/>
                    <lemma type="outcome"/>
                    <dep head="11-1" type="prep"/>
                </token>
                <token content="," id="11-5"/>
                <token content="she" id="11-6">
                    <pos type="PRP"/>
                    <lemma type="she"/>
                    <dep head="11-7" type="nsubj"/>
                </token>
                <token content="spun" id="11-7">
                    <pos type="VBD"/>
                    <lemma type="spin"/>
                </token>
                <token content="me" id="11-8">
                    <pos type="PRP"/>
                    <lemma type="I"/>
                    <dep head="11-7" type="dobj"/>
                </token>
                <token content="around" id="11-9">
                    <pos type="RB"/>
                    <lemma type="around"/>
                    <dep head="11-7" type="advmod"/>
                </token>
                <token content="so" id="11-10">
                    <pos type="IN"/>
                    <lemma type="so"/>
                    <dep head="11-13" type="mark"/>
                </token>
                <token content="I" id="11-11">
                    <pos type="PRP"/>
                    <lemma type="I"/>
                    <dep head="11-13" type="nsubj"/>
                </token>
                <token content="could" id="11-12">
                    <pos type="MD"/>
                    <lemma type="could"/>
                    <dep head="11-13" type="aux"/>
                </token>
                <token content="see" id="11-13">
                    <pos type="VB"/>
                    <lemma type="see"/>
                    <dep head="11-7" type="advcl"/>
                </token>
                <token content="the" id="11-14">
                    <pos type="DT"/>
                    <lemma type="the"/>
                </token>
                <token content="mirror" id="11-15">
                    <pos type="NN"/>
                    <lemma type="mirror"/>
                    <dep head="11-13" type="dobj"/>
                </token>
                <token content="and" id="11-16"/>
                <token content="asked" id="11-17">
                    <pos type="VBD"/>
                    <lemma type="ask"/>
                    <dep head="11-7" type="conj"/>
                </token>
                <token content="how" id="11-18">
                    <pos type="WRB"/>
                    <lemma type="how"/>
                    <dep head="11-20" type="advmod"/>
                </token>
                <token content="I" id="11-19">
                    <pos type="PRP"/>
                    <lemma type="I"/>
                    <dep head="11-20" type="nsubj"/>
                </token>
                <token content="liked" id="11-20">
                    <pos type="VBD"/>
                    <lemma type="like"/>
                    <dep head="11-17" type="ccomp"/>
                </token>
                <token content="my" id="11-21">
                    <pos type="PRP$"/>
                    <lemma type="my"/>
                </token>
                <token content="new" id="11-22">
                    <pos type="JJ"/>
                    <lemma type="new"/>
                </token>
                <token content="hairdo" id="11-23">
                    <pos type="NN"/>
                    <lemma type="hairdo"/>
                    <dep head="11-20" type="dobj"/>
                </token>
                <token content="." id="11-24"/>
            </sentence>
            <sentence id="12">
                <token content="I" id="12-1">
                    <pos type="PRP"/>
                    <lemma type="I"/>
                    <dep head="12-2" type="nsubj"/>
                </token>
                <token content="loved" id="12-2">
                    <pos type="VBD"/>
                    <lemma type="love"/>
                </token>
                <token content="it" id="12-3">
                    <pos type="PRP"/>
                    <lemma type="it"/>
                    <dep head="12-2" type="dobj"/>
                </token>
                <token content="so" id="12-4">
                    <pos type="RB"/>
                    <lemma type="so"/>
                </token>
                <token content="much" id="12-5">
                    <pos type="RB"/>
                    <lemma type="much"/>
                    <dep head="12-2" type="advmod"/>
                </token>
                <token content="that" id="12-6">
                    <pos type="IN"/>
                    <lemma type="that"/>
                    <dep head="12-8" type="mark"/>
                </token>
                <token content="I" id="12-7">
                    <pos type="PRP"/>
                    <lemma type="I"/>
                    <dep head="12-8" type="nsubj"/>
                </token>
                <token content="gave" id="12-8">
                    <pos type="VBD"/>
                    <lemma type="give"/>
                </token>
                <token content="her" id="12-9">
                    <pos type="PRP"/>
                    <lemma type="she"/>
                    <dep head="12-8" type="iobj"/>
                </token>
                <token content="a" id="12-10">
                    <pos type="DT"/>
                    <lemma type="a"/>
                </token>
                <token content="nice" id="12-11">
                    <pos type="JJ"/>
                    <lemma type="nice"/>
                </token>
                <token content="tip" id="12-12">
                    <pos type="NN"/>
                    <lemma type="tip"/>
                    <dep head="12-8" type="dobj"/>
                </token>
                <token content="when" id="12-13">
                    <pos type="WRB"/>
                    <lemma type="when"/>
                    <dep head="12-15" type="advmod"/>
                </token>
                <token content="I" id="12-14">
                    <pos type="PRP"/>
                    <lemma type="I"/>
                    <dep head="12-15" type="nsubj"/>
                </token>
                <token content="paid" id="12-15">
                    <pos type="VBD"/>
                    <lemma type="pay"/>
                </token>
                <token content="the" id="12-16">
                    <pos type="DT"/>
                    <lemma type="the"/>
                </token>
                <token content="bill" id="12-17">
                    <pos type="NN"/>
                    <lemma type="bill"/>
                    <dep head="12-15" type="dobj"/>
                </token>
                <token content="!" id="12-18"/>
            </sentence>
        </sentences>
    </text>
    <annotations>
        <participants>
            <label from="1-1" id="0" name="ScrPart_customer" text="I" type="participant"/>
            <label from="1-5" id="1" name="ScrPart_hairdresser" text="hair stylist" to="1-6" type="participant"/>
            <label from="1-6" id="2" name="ScrPart_hairdresser" text="stylist" type="participant"/>
            <label from="1-9" id="3" name="ScrPart_haircut" text="trim" type="participant"/>
            <label from="2-2" id="4" name="ScrPart_customer" text="I" type="participant"/>
            <label from="2-7" id="5" name="ScrPart_location_salon" text="waiting area" to="2-8" type="participant"/>
            <label from="2-8" id="6" name="ScrPart_location_salon" text="area" type="participant"/>
            <label from="2-9" id="7" name="ScrPart_customer" text=", I" to="2-10" type="participant"/>
            <label from="2-15" id="8" name="Head_of_Partitive" text="cover" type="participant"/>
            <label from="2-18" id="9" name="ScrPart_hair" text="hair" type="participant"/>
            <label from="2-19" id="10" name="ScrPart_other" text="styling book" to="2-20" type="participant"/>
            <label from="2-20" id="11" name="ScrPart_other" text="book" type="participant"/>
            <label from="2-29" id="12" name="ScrPart_other" text="it" type="participant"/>
            <label from="3-1" id="13" name="ScrPart_customer" text="I" type="participant"/>
            <label from="3-4" id="14" name="ScrPart_haircut" text="haircut" type="participant"/>
            <label from="3-5" id="15" name="ScrPart_customer" text="I" type="participant"/>
            <label from="4-1" id="16" name="ScrPart_customer" text="My" type="participant"/>
            <label from="4-2" id="17" name="ScrPart_hairdresser" text="hairstylist" type="participant"/>
            <label from="4-4" id="18" name="ScrPart_customer" text="my" type="participant"/>
            <label from="4-5" id="19" name="NPart" text="name" type="participant"/>
            <label from="4-8" id="20" name="ScrPart_customer" text="me" type="participant"/>
            <label from="4-11" id="21" name="ScrPart_hairdresser" text="her" type="participant"/>
            <label from="4-12" id="22" name="ScrPart_chair" text="barber chair" to="4-13" type="participant"/>
            <label from="4-13" id="23" name="ScrPart_chair" text="chair" type="participant"/>
            <label from="5-1" id="24" name="ScrPart_hairdresser" text="She" type="participant"/>
            <label from="5-4" id="25" name="ScrPart_cape" text="drape" type="participant"/>
            <label from="5-6" id="26" name="ScrPart_customer" text="my" type="participant"/>
            <label from="5-7" id="27" name="NPart" text="shoulders" type="participant"/>
            <label from="5-10" id="28" name="ScrPart_customer" text="my" type="participant"/>
            <label from="5-11" id="29" name="NPart" text="clothes" type="participant"/>
            <label from="5-13" id="30" name="ScrPart_other" text="hair clippings" to="5-14" type="participant"/>
            <label from="5-14" id="31" name="ScrPart_other" text="clippings" type="participant"/>
            <label from="5-17" id="32" name="ScrPart_customer" text="me" type="participant"/>
            <label from="5-19" id="33" name="ScrPart_customer" text="I" type="participant"/>
            <label from="5-25" id="34" name="ScrPart_customer" text="my" type="participant"/>
            <label from="5-26" id="35" name="ScrPart_hair" text="hair" type="participant"/>
            <label from="5-28" id="36" name="ScrPart_time/date" text="time" type="participant"/>
            <label from="6-1" id="37" name="ScrPart_customer" text="I" type="participant"/>
            <label from="6-5" id="38" name="ScrPart_other" text="book" type="participant"/>
            <label from="6-6" id="39" name="ScrPart_customer" text="I" type="participant"/>
            <label from="6-13" id="40" name="ScrPart_hairdresser" text="her" type="participant"/>
            <label from="6-14" id="41" name="ScrPart_customer" text="the" type="participant"/>
            <label from="6-15" id="42" name="ScrPart_other" text="picture" type="participant"/>
            <label from="6-16" id="43" name="ScrPart_customer" text="I" type="participant"/>
            <label from="7-1" id="44" name="ScrPart_hairdresser" text="She" type="participant"/>
            <label from="7-5" id="45" name="ScrPart_other" text="water" type="participant"/>
            <label from="7-7" id="46" name="ScrPart_customer" text="my" type="participant"/>
            <label from="7-8" id="47" name="ScrPart_other" text="head" type="participant"/>
            <label from="7-10" id="48" name="ScrPart_hairdresser" text="her" type="participant"/>
            <label from="7-11" id="49" name="ScrPart_other" text="spray bottle" to="7-12" type="participant"/>
            <label from="7-12" id="50" name="ScrPart_other" text="bottle" type="participant"/>
            <label from="7-16" id="51" name="ScrPart_hairdresser" text="her" type="participant"/>
            <label from="7-17" id="52" name="ScrPart_comb" text="comb" type="participant"/>
            <label from="7-21" id="53" name="ScrPart_comb" text="it" type="participant"/>
            <label from="7-23" id="54" name="ScrPart_customer" text="my" type="participant"/>
            <label from="7-24" id="55" name="ScrPart_hair" text="hair" type="participant"/>
            <label from="8-1" id="56" name="ScrPart_hairdresser" text="She" type="participant"/>
            <label from="8-4" id="57" name="ScrPart_hairdresser" text="her" type="participant"/>
            <label from="8-5" id="58" name="ScrPart_scissors" text="scissors" type="participant"/>
            <label from="8-10" id="59" name="ScrPart_other" text="length" type="participant"/>
            <label from="8-14" id="60" name="ScrPart_hair" text="hair" type="participant"/>
            <label from="8-17" id="61" name="ScrPart_other" text="side" type="participant"/>
            <label from="8-21" id="62" name="ScrPart_other" text="side" type="participant"/>
            <label from="9-2" id="63" name="ScrPart_hairdresser" text="she" type="participant"/>
            <label from="9-7" id="64" name="ScrPart_other" text="other" type="participant"/>
            <label from="9-13" id="65" name="NPart" text="while" type="participant"/>
            <label from="9-16" id="66" name="ScrPart_customer" text="me" type="participant"/>
            <label from="9-18" id="67" name="NPart" text="stuff" type="participant"/>
            <label from="10-3" id="68" name="ScrPart_time/date" text="moments" type="participant"/>
            <label from="10-6" id="69" name="ScrPart_hairdresser" text="she" type="participant"/>
            <label from="10-10" id="70" name="ScrPart_hair_styling/treatment" text="hair gel" to="10-11" type="participant"/>
            <label from="10-11" id="71" name="ScrPart_hair_styling/treatment" text="gel" type="participant"/>
            <label from="10-14" id="72" name="ScrPart_hair_styling/treatment" text="it" type="participant"/>
            <label from="10-16" id="73" name="ScrPart_customer" text="my" type="participant"/>
            <label from="10-17" id="74" name="ScrPart_hair" text="hair" type="participant"/>
            <label from="11-4" id="75" name="ScrPart_other" text="outcome" type="participant"/>
            <label from="11-6" id="76" name="ScrPart_hairdresser" text="she" type="participant"/>
            <label from="11-8" id="77" name="ScrPart_customer" text="me" type="participant"/>
            <label from="11-11" id="78" name="ScrPart_customer" text="I" type="participant"/>
            <label from="11-15" id="79" name="ScrPart_mirror" text="mirror" type="participant"/>
            <label from="11-19" id="80" name="ScrPart_customer" text="I" type="participant"/>
            <label from="11-21" id="81" name="ScrPart_customer" text="my" type="participant"/>
            <label from="11-23" id="82" name="ScrPart_haircut" text="hairdo" type="participant"/>
            <label from="12-1" id="83" name="ScrPart_customer" text="I" type="participant"/>
            <label from="12-3" id="84" name="No_label" text="it" type="participant"/>
            <label from="12-7" id="85" name="ScrPart_customer" text="I" type="participant"/>
            <label from="12-9" id="86" name="ScrPart_hairdresser" text="her" type="participant"/>
            <label from="12-12" id="87" name="ScrPart_tip" text="tip" type="participant"/>
            <label from="12-14" id="88" name="ScrPart_customer" text="I" type="participant"/>
            <label from="12-17" id="89" name="ScrPart_bill" text="bill" type="participant"/>
        </participants>
        <events>
            <label from="1-2" id="90" name="Evoking" text="went to the hair stylist" to="1-6" type="event"/>
            <label from="2-4" id="91" name="ScrEv_wait" text="seated" type="event"/>
            <label from="2-11" id="92" name="UnrelEv" text="happened to" to="2-12" type="event"/>
            <label from="2-11" id="93" name="UnrelEv" text="happened" type="event"/>
            <label from="2-13" id="94" name="UnrelEv" text="glance" type="event"/>
            <label from="2-24" id="95" name="UnrelEv" text="intrigued" type="event"/>
            <label from="2-26" id="96" name="UnrelEv" text="decided" type="event"/>
            <label from="2-28" id="97" name="RelNScrEv" text="pick" type="event"/>
            <label from="2-32" id="98" name="RelNScrEv" text="browse" type="event"/>
            <label from="3-2" id="99" name="UnrelEv" text="found" type="event"/>
            <label from="3-7" id="100" name="UnrelEv" text="liked" type="event"/>
            <label from="4-3" id="101" name="ScrEv_get_called" text="called" type="event"/>
            <label from="4-7" id="102" name="ScrEv_move_in_salon" text="led" type="event"/>
            <label from="5-2" id="103" name="ScrEv_put_on_cape" text="wrapped" type="event"/>
            <label from="5-9" id="104" name="RelNScrEv" text="protect" type="event"/>
            <label from="5-16" id="105" name="ScrEv_talk_haircut" text="asking" type="event"/>
            <label from="5-21" id="106" name="UnrelEv" text="looking" type="event"/>
            <label from="5-23" id="107" name="UnrelEv" text="do" type="event"/>
            <label from="6-2" id="108" name="ScrEv_talk_haircut" text="pointed out" to="6-3" type="event"/>
            <label from="6-2" id="109" name="ScrEv_talk_haircut" text="pointed" type="event"/>
            <label from="6-9" id="110" name="UnrelEv" text="looking through" to="6-10" type="event"/>
            <label from="6-9" id="111" name="UnrelEv" text="looking" type="event"/>
            <label from="6-12" id="112" name="ScrEv_talk_haircut" text="showed" type="event"/>
            <label from="6-18" id="113" name="UnrelEv" text="found" type="event"/>
            <label from="7-2" id="114" name="UnrelEv" text="nodded" type="event"/>
            <label from="7-4" id="115" name="ScrEv_other" text="spritzed" type="event"/>
            <label from="7-15" id="116" name="RelNScrEv" text="grabbed" type="event"/>
            <label from="7-20" id="117" name="ScrEv_comb" text="running" type="event"/>
            <label from="8-3" id="118" name="RelNScrEv" text="grabbed" type="event"/>
            <label from="8-7" id="119" name="UnrelEv" text="started" type="event"/>
            <label from="8-8" id="120" name="ScrEv_cut" text="trimming" type="event"/>
            <label from="8-12" id="121" name="RelNScrEv" text="parted" type="event"/>
            <label from="8-19" id="122" name="ScrEv_cut" text="clipped" type="event"/>
            <label from="9-3" id="123" name="RelNScrEv" text="parted" type="event"/>
            <label from="9-5" id="124" name="ScrEv_cut" text="clipped" type="event"/>
            <label from="9-14" id="125" name="ScrEv_small_talk" text="chatting" type="event"/>
            <label from="10-7" id="126" name="ScrEv_make_hair_style" text="applied" type="event"/>
            <label from="10-13" id="127" name="ScrEv_make_hair_style" text="worked" type="event"/>
            <label from="11-1" id="128" name="RelNScrEv" text="Pleased" type="event"/>
            <label from="11-7" id="129" name="UnrelEv" text="spun" type="event"/>
            <label from="11-13" id="130" name="ScrEv_look_mirror" text="see" type="event"/>
            <label from="11-17" id="131" name="ScrEv_customer_opinion" text="asked" type="event"/>
            <label from="11-20" id="132" name="ScrEv_customer_opinion" text="liked" type="event"/>
            <label from="12-2" id="133" name="ScrEv_customer_opinion" text="loved" type="event"/>
            <label from="12-8" id="134" name="ScrEv_leave_tip" text="gave" type="event"/>
            <label from="12-15" id="135" name="ScrEv_pay" text="paid" type="event"/>
        </events>
        <chains>
            <chain elements="0 4 7 13 15 16 18 20 26 28 32 33 34 37 39 43 46 54 66 73 77 78 80 81 83 85 88"/>
            <chain elements="11 12 38"/>
            <chain elements="2 17 21 24 40 44 48 51 56 57 63 69 76 86"/>
            <chain elements="52 53"/>
            <chain elements="35 55 60"/>
            <chain elements="61 62"/>
            <chain elements="71 72"/>
            <chain elements="14 82"/>
        </chains>
    </annotations>
</story>
