<?xml version="1.0" encoding="UTF-8" standalone="no"?>
<!DOCTYPE story SYSTEM "../InScript.dtd">
<story id="094" scenario="haircut">
    <text>
        <content>Getting a hair cut is not always fun but it has to be done regularly if you want to control your hair and not look shaggy and mangy . 
First pick a good barber or stylist that you think does a good job and stick with them . 
In time they will get to know your hair and needs and will consistantly cut your hair to your liking . 
Do n't be afraid to look at pictures of models or whatever to see styles you like and then ask the stylist to try to cut your hair like that . 
And always sit still so as they cut your hair they dont slip and mess up a cut . 
Then let them show your full cut from front to back with a mirror you hold up and look into the other mirror . 
After they take your hair cover thing then give them their money and a few extra dollars for a tip . </content>
        <sentences>
            <sentence id="1">
                <token content="Getting" id="1-1">
                    <pos type="VBG"/>
                    <lemma type="get"/>
                </token>
                <token content="a" id="1-2">
                    <pos type="DT"/>
                    <lemma type="a"/>
                </token>
                <token content="hair" id="1-3">
                    <pos type="NN"/>
                    <lemma type="hair"/>
                </token>
                <token content="cut" id="1-4">
                    <pos type="NN"/>
                    <lemma type="cut"/>
                    <dep head="1-1" type="dobj"/>
                </token>
                <token content="is" id="1-5">
                    <pos type="VBZ"/>
                    <lemma type="be"/>
                </token>
                <token content="not" id="1-6">
                    <pos type="RB"/>
                    <lemma type="not"/>
                </token>
                <token content="always" id="1-7">
                    <pos type="RB"/>
                    <lemma type="always"/>
                </token>
                <token content="fun" id="1-8">
                    <pos type="NN"/>
                    <lemma type="fun"/>
                </token>
                <token content="but" id="1-9"/>
                <token content="it" id="1-10">
                    <pos type="PRP"/>
                    <lemma type="it"/>
                    <dep head="1-11" type="nsubj"/>
                </token>
                <token content="has" id="1-11">
                    <pos type="VBZ"/>
                    <lemma type="have"/>
                </token>
                <token content="to" id="1-12">
                    <pos type="TO"/>
                    <lemma type="to"/>
                    <dep head="1-14" type="aux"/>
                </token>
                <token content="be" id="1-13">
                    <pos type="VB"/>
                    <lemma type="be"/>
                    <dep head="1-14" type="auxpass"/>
                </token>
                <token content="done" id="1-14">
                    <pos type="VBN"/>
                    <lemma type="do"/>
                    <dep head="1-11" type="xcomp"/>
                </token>
                <token content="regularly" id="1-15">
                    <pos type="RB"/>
                    <lemma type="regularly"/>
                    <dep head="1-14" type="advmod"/>
                </token>
                <token content="if" id="1-16">
                    <pos type="IN"/>
                    <lemma type="if"/>
                    <dep head="1-18" type="mark"/>
                </token>
                <token content="you" id="1-17">
                    <pos type="PRP"/>
                    <lemma type="you"/>
                    <dep head="1-18" type="nsubj"/>
                </token>
                <token content="want" id="1-18">
                    <pos type="VBP"/>
                    <lemma type="want"/>
                    <dep head="1-14" type="advcl"/>
                </token>
                <token content="to" id="1-19">
                    <pos type="TO"/>
                    <lemma type="to"/>
                    <dep head="1-20" type="aux"/>
                </token>
                <token content="control" id="1-20">
                    <pos type="VB"/>
                    <lemma type="control"/>
                    <dep head="1-18" type="xcomp"/>
                </token>
                <token content="your" id="1-21">
                    <pos type="PRP$"/>
                    <lemma type="you"/>
                </token>
                <token content="hair" id="1-22">
                    <pos type="NN"/>
                    <lemma type="hair"/>
                    <dep head="1-20" type="dobj"/>
                </token>
                <token content="and" id="1-23"/>
                <token content="not" id="1-24">
                    <pos type="RB"/>
                    <lemma type="not"/>
                    <dep head="1-25" type="neg"/>
                </token>
                <token content="look" id="1-25">
                    <pos type="VB"/>
                    <lemma type="look"/>
                    <dep head="1-20" type="conj"/>
                </token>
                <token content="shaggy" id="1-26">
                    <pos type="JJ"/>
                    <lemma type="shaggy"/>
                    <dep head="1-25" type="acomp"/>
                </token>
                <token content="and" id="1-27"/>
                <token content="mangy" id="1-28">
                    <pos type="JJ"/>
                    <lemma type="mangy"/>
                </token>
                <token content="." id="1-29"/>
            </sentence>
            <sentence id="2">
                <token content="First" id="2-1">
                    <pos type="JJ"/>
                    <lemma type="first"/>
                    <dep head="2-2" type="dep"/>
                </token>
                <token content="pick" id="2-2">
                    <pos type="VB"/>
                    <lemma type="pick"/>
                </token>
                <token content="a" id="2-3">
                    <pos type="DT"/>
                    <lemma type="a"/>
                </token>
                <token content="good" id="2-4">
                    <pos type="JJ"/>
                    <lemma type="good"/>
                </token>
                <token content="barber" id="2-5">
                    <pos type="NN"/>
                    <lemma type="barber"/>
                    <dep head="2-2" type="dobj"/>
                </token>
                <token content="or" id="2-6"/>
                <token content="stylist" id="2-7">
                    <pos type="NN"/>
                    <lemma type="stylist"/>
                </token>
                <token content="that" id="2-8">
                    <pos type="IN"/>
                    <lemma type="that"/>
                    <dep head="2-10" type="mark"/>
                </token>
                <token content="you" id="2-9">
                    <pos type="PRP"/>
                    <lemma type="you"/>
                    <dep head="2-10" type="nsubj"/>
                </token>
                <token content="think" id="2-10">
                    <pos type="VBP"/>
                    <lemma type="think"/>
                    <dep head="2-2" type="ccomp"/>
                </token>
                <token content="does" id="2-11">
                    <pos type="VBZ"/>
                    <lemma type="do"/>
                    <dep head="2-10" type="ccomp"/>
                </token>
                <token content="a" id="2-12">
                    <pos type="DT"/>
                    <lemma type="a"/>
                </token>
                <token content="good" id="2-13">
                    <pos type="JJ"/>
                    <lemma type="good"/>
                </token>
                <token content="job" id="2-14">
                    <pos type="NN"/>
                    <lemma type="job"/>
                    <dep head="2-11" type="dobj"/>
                </token>
                <token content="and" id="2-15"/>
                <token content="stick" id="2-16">
                    <pos type="VB"/>
                    <lemma type="stick"/>
                    <dep head="2-2" type="conj"/>
                </token>
                <token content="with" id="2-17"/>
                <token content="them" id="2-18">
                    <pos type="PRP"/>
                    <lemma type="they"/>
                    <dep head="2-16" type="prep"/>
                </token>
                <token content="." id="2-19"/>
            </sentence>
            <sentence id="3">
                <token content="In" id="3-1"/>
                <token content="time" id="3-2">
                    <pos type="NN"/>
                    <lemma type="time"/>
                    <dep head="3-5" type="prep"/>
                </token>
                <token content="they" id="3-3">
                    <pos type="PRP"/>
                    <lemma type="they"/>
                    <dep head="3-5" type="nsubj"/>
                </token>
                <token content="will" id="3-4">
                    <pos type="MD"/>
                    <lemma type="will"/>
                    <dep head="3-5" type="aux"/>
                </token>
                <token content="get" id="3-5">
                    <pos type="VB"/>
                    <lemma type="get"/>
                </token>
                <token content="to" id="3-6">
                    <pos type="TO"/>
                    <lemma type="to"/>
                    <dep head="3-7" type="aux"/>
                </token>
                <token content="know" id="3-7">
                    <pos type="VB"/>
                    <lemma type="know"/>
                    <dep head="3-5" type="xcomp"/>
                </token>
                <token content="your" id="3-8">
                    <pos type="PRP$"/>
                    <lemma type="you"/>
                </token>
                <token content="hair" id="3-9">
                    <pos type="NN"/>
                    <lemma type="hair"/>
                    <dep head="3-7" type="dobj"/>
                </token>
                <token content="and" id="3-10"/>
                <token content="needs" id="3-11">
                    <pos type="VBZ"/>
                    <lemma type="need"/>
                    <dep head="3-5" type="conj"/>
                </token>
                <token content="and" id="3-12"/>
                <token content="will" id="3-13">
                    <pos type="MD"/>
                    <lemma type="will"/>
                    <dep head="3-15" type="aux"/>
                </token>
                <token content="consistantly" id="3-14">
                    <pos type="RB"/>
                    <lemma type="consistantly"/>
                    <dep head="3-15" type="advmod"/>
                </token>
                <token content="cut" id="3-15">
                    <pos type="VB"/>
                    <lemma type="cut"/>
                    <dep head="3-11" type="conj"/>
                </token>
                <token content="your" id="3-16">
                    <pos type="PRP$"/>
                    <lemma type="you"/>
                </token>
                <token content="hair" id="3-17">
                    <pos type="NN"/>
                    <lemma type="hair"/>
                    <dep head="3-15" type="dobj"/>
                </token>
                <token content="to" id="3-18"/>
                <token content="your" id="3-19">
                    <pos type="PRP$"/>
                    <lemma type="you"/>
                </token>
                <token content="liking" id="3-20">
                    <pos type="NN"/>
                    <lemma type="liking"/>
                    <dep head="3-15" type="prep"/>
                </token>
                <token content="." id="3-21"/>
            </sentence>
            <sentence id="4">
                <token content="Do" id="4-1">
                    <pos type="VBP"/>
                    <lemma type="do"/>
                </token>
                <token content="n't" id="4-2">
                    <pos type="RB"/>
                    <lemma type="not"/>
                </token>
                <token content="be" id="4-3">
                    <pos type="VB"/>
                    <lemma type="be"/>
                </token>
                <token content="afraid" id="4-4">
                    <pos type="JJ"/>
                    <lemma type="afraid"/>
                    <dep head="4-17" type="advcl"/>
                </token>
                <token content="to" id="4-5">
                    <pos type="TO"/>
                    <lemma type="to"/>
                    <dep head="4-6" type="aux"/>
                </token>
                <token content="look" id="4-6">
                    <pos type="VB"/>
                    <lemma type="look"/>
                </token>
                <token content="at" id="4-7"/>
                <token content="pictures" id="4-8">
                    <pos type="NNS"/>
                    <lemma type="picture"/>
                    <dep head="4-6" type="prep"/>
                </token>
                <token content="of" id="4-9"/>
                <token content="models" id="4-10">
                    <pos type="NNS"/>
                    <lemma type="model"/>
                </token>
                <token content="or" id="4-11"/>
                <token content="whatever" id="4-12">
                    <pos type="WDT"/>
                    <lemma type="whatever"/>
                    <dep head="4-14" type="nsubj"/>
                </token>
                <token content="to" id="4-13">
                    <pos type="TO"/>
                    <lemma type="to"/>
                    <dep head="4-14" type="aux"/>
                </token>
                <token content="see" id="4-14">
                    <pos type="VB"/>
                    <lemma type="see"/>
                </token>
                <token content="styles" id="4-15">
                    <pos type="NNS"/>
                    <lemma type="style"/>
                    <dep head="4-14" type="dobj"/>
                </token>
                <token content="you" id="4-16">
                    <pos type="PRP"/>
                    <lemma type="you"/>
                    <dep head="4-17" type="nsubj"/>
                </token>
                <token content="like" id="4-17">
                    <pos type="VBP"/>
                    <lemma type="like"/>
                </token>
                <token content="and" id="4-18"/>
                <token content="then" id="4-19">
                    <pos type="RB"/>
                    <lemma type="then"/>
                    <dep head="4-20" type="advmod"/>
                </token>
                <token content="ask" id="4-20">
                    <pos type="VBP"/>
                    <lemma type="ask"/>
                    <dep head="4-17" type="conj"/>
                </token>
                <token content="the" id="4-21">
                    <pos type="DT"/>
                    <lemma type="the"/>
                </token>
                <token content="stylist" id="4-22">
                    <pos type="NN"/>
                    <lemma type="stylist"/>
                    <dep head="4-20" type="dobj"/>
                </token>
                <token content="to" id="4-23">
                    <pos type="TO"/>
                    <lemma type="to"/>
                    <dep head="4-24" type="aux"/>
                </token>
                <token content="try" id="4-24">
                    <pos type="VB"/>
                    <lemma type="try"/>
                </token>
                <token content="to" id="4-25">
                    <pos type="TO"/>
                    <lemma type="to"/>
                    <dep head="4-26" type="aux"/>
                </token>
                <token content="cut" id="4-26">
                    <pos type="VB"/>
                    <lemma type="cut"/>
                    <dep head="4-24" type="xcomp"/>
                </token>
                <token content="your" id="4-27">
                    <pos type="PRP$"/>
                    <lemma type="you"/>
                </token>
                <token content="hair" id="4-28">
                    <pos type="NN"/>
                    <lemma type="hair"/>
                    <dep head="4-26" type="dobj"/>
                </token>
                <token content="like" id="4-29"/>
                <token content="that" id="4-30">
                    <pos type="DT"/>
                    <lemma type="that"/>
                    <dep head="4-26" type="prep"/>
                </token>
                <token content="." id="4-31"/>
            </sentence>
            <sentence id="5">
                <token content="And" id="5-1">
                    <pos type="CC"/>
                    <lemma type="and"/>
                    <dep head="5-3" type="cc"/>
                </token>
                <token content="always" id="5-2">
                    <pos type="RB"/>
                    <lemma type="always"/>
                    <dep head="5-3" type="advmod"/>
                </token>
                <token content="sit" id="5-3">
                    <pos type="VBP"/>
                    <lemma type="sit"/>
                </token>
                <token content="still" id="5-4">
                    <pos type="RB"/>
                    <lemma type="still"/>
                    <dep head="5-3" type="advmod"/>
                </token>
                <token content="so" id="5-5">
                    <pos type="RB"/>
                    <lemma type="so"/>
                    <dep head="5-8" type="advmod"/>
                </token>
                <token content="as" id="5-6">
                    <pos type="IN"/>
                    <lemma type="as"/>
                    <dep head="5-8" type="mark"/>
                </token>
                <token content="they" id="5-7">
                    <pos type="PRP"/>
                    <lemma type="they"/>
                    <dep head="5-8" type="nsubj"/>
                </token>
                <token content="cut" id="5-8">
                    <pos type="VBD"/>
                    <lemma type="cut"/>
                    <dep head="5-3" type="dep"/>
                </token>
                <token content="your" id="5-9">
                    <pos type="PRP$"/>
                    <lemma type="you"/>
                </token>
                <token content="hair" id="5-10">
                    <pos type="NN"/>
                    <lemma type="hair"/>
                    <dep head="5-8" type="dobj"/>
                </token>
                <token content="they" id="5-11">
                    <pos type="PRP"/>
                    <lemma type="they"/>
                    <dep head="5-12" type="nsubj"/>
                </token>
                <token content="dont" id="5-12">
                    <pos type="VBP"/>
                    <lemma type="dont"/>
                    <dep head="5-8" type="dep"/>
                </token>
                <token content="slip" id="5-13">
                    <pos type="NN"/>
                    <lemma type="slip"/>
                    <dep head="5-12" type="dobj"/>
                </token>
                <token content="and" id="5-14"/>
                <token content="mess" id="5-15">
                    <pos type="NN"/>
                    <lemma type="mess"/>
                </token>
                <token content="up" id="5-16">
                    <pos type="RB"/>
                    <lemma type="up"/>
                    <dep head="5-12" type="advmod"/>
                </token>
                <token content="a" id="5-17">
                    <pos type="DT"/>
                    <lemma type="a"/>
                </token>
                <token content="cut" id="5-18">
                    <pos type="NN"/>
                    <lemma type="cut"/>
                </token>
                <token content="." id="5-19"/>
            </sentence>
            <sentence id="6">
                <token content="Then" id="6-1">
                    <pos type="RB"/>
                    <lemma type="then"/>
                    <dep head="6-2" type="advmod"/>
                </token>
                <token content="let" id="6-2">
                    <pos type="VB"/>
                    <lemma type="let"/>
                </token>
                <token content="them" id="6-3">
                    <pos type="PRP"/>
                    <lemma type="they"/>
                    <dep head="6-4" type="nsubj"/>
                </token>
                <token content="show" id="6-4">
                    <pos type="VB"/>
                    <lemma type="show"/>
                    <dep head="6-2" type="ccomp"/>
                </token>
                <token content="your" id="6-5">
                    <pos type="PRP$"/>
                    <lemma type="you"/>
                </token>
                <token content="full" id="6-6">
                    <pos type="JJ"/>
                    <lemma type="full"/>
                </token>
                <token content="cut" id="6-7">
                    <pos type="NN"/>
                    <lemma type="cut"/>
                    <dep head="6-4" type="dobj"/>
                </token>
                <token content="from" id="6-8"/>
                <token content="front" id="6-9">
                    <pos type="NN"/>
                    <lemma type="front"/>
                    <dep head="6-4" type="prep"/>
                </token>
                <token content="to" id="6-10">
                    <pos type="TO"/>
                    <lemma type="to"/>
                    <dep head="6-11" type="aux"/>
                </token>
                <token content="back" id="6-11">
                    <pos type="VB"/>
                    <lemma type="back"/>
                    <dep head="6-4" type="vmod"/>
                </token>
                <token content="with" id="6-12"/>
                <token content="a" id="6-13">
                    <pos type="DT"/>
                    <lemma type="a"/>
                </token>
                <token content="mirror" id="6-14">
                    <pos type="NN"/>
                    <lemma type="mirror"/>
                    <dep head="6-11" type="prep"/>
                </token>
                <token content="you" id="6-15">
                    <pos type="PRP"/>
                    <lemma type="you"/>
                    <dep head="6-16" type="nsubj"/>
                </token>
                <token content="hold" id="6-16">
                    <pos type="VBP"/>
                    <lemma type="hold"/>
                </token>
                <token content="up" id="6-17">
                    <pos type="RP"/>
                    <lemma type="up"/>
                    <dep head="6-16" type="prt"/>
                </token>
                <token content="and" id="6-18"/>
                <token content="look" id="6-19">
                    <pos type="VB"/>
                    <lemma type="look"/>
                    <dep head="6-4" type="conj"/>
                </token>
                <token content="into" id="6-20"/>
                <token content="the" id="6-21">
                    <pos type="DT"/>
                    <lemma type="the"/>
                </token>
                <token content="other" id="6-22">
                    <pos type="JJ"/>
                    <lemma type="other"/>
                </token>
                <token content="mirror" id="6-23">
                    <pos type="NN"/>
                    <lemma type="mirror"/>
                    <dep head="6-19" type="prep"/>
                </token>
                <token content="." id="6-24"/>
            </sentence>
            <sentence id="7">
                <token content="After" id="7-1">
                    <pos type="IN"/>
                    <lemma type="after"/>
                    <dep head="7-3" type="mark"/>
                </token>
                <token content="they" id="7-2">
                    <pos type="PRP"/>
                    <lemma type="they"/>
                    <dep head="7-3" type="nsubj"/>
                </token>
                <token content="take" id="7-3">
                    <pos type="VBP"/>
                    <lemma type="take"/>
                    <dep head="7-6" type="csubj"/>
                </token>
                <token content="your" id="7-4">
                    <pos type="PRP$"/>
                    <lemma type="you"/>
                </token>
                <token content="hair" id="7-5">
                    <pos type="NN"/>
                    <lemma type="hair"/>
                    <dep head="7-3" type="dobj"/>
                </token>
                <token content="cover" id="7-6">
                    <pos type="VB"/>
                    <lemma type="cover"/>
                </token>
                <token content="thing" id="7-7">
                    <pos type="NN"/>
                    <lemma type="thing"/>
                    <dep head="7-6" type="dobj"/>
                </token>
                <token content="then" id="7-8">
                    <pos type="RB"/>
                    <lemma type="then"/>
                    <dep head="7-6" type="advmod"/>
                </token>
                <token content="give" id="7-9">
                    <pos type="VB"/>
                    <lemma type="give"/>
                    <dep head="7-6" type="dep"/>
                </token>
                <token content="them" id="7-10">
                    <pos type="PRP"/>
                    <lemma type="they"/>
                    <dep head="7-9" type="iobj"/>
                </token>
                <token content="their" id="7-11">
                    <pos type="PRP$"/>
                    <lemma type="they"/>
                </token>
                <token content="money" id="7-12">
                    <pos type="NN"/>
                    <lemma type="money"/>
                    <dep head="7-9" type="dobj"/>
                </token>
                <token content="and" id="7-13"/>
                <token content="a" id="7-14">
                    <pos type="DT"/>
                    <lemma type="a"/>
                </token>
                <token content="few" id="7-15">
                    <pos type="JJ"/>
                    <lemma type="few"/>
                </token>
                <token content="extra" id="7-16">
                    <pos type="JJ"/>
                    <lemma type="extra"/>
                </token>
                <token content="dollars" id="7-17">
                    <pos type="NNS"/>
                    <lemma type="dollar"/>
                </token>
                <token content="for" id="7-18"/>
                <token content="a" id="7-19">
                    <pos type="DT"/>
                    <lemma type="a"/>
                </token>
                <token content="tip" id="7-20">
                    <pos type="NN"/>
                    <lemma type="tip"/>
                </token>
                <token content="." id="7-21"/>
            </sentence>
        </sentences>
    </text>
    <annotations>
        <participants>
            <label from="1-3" id="0" name="SuppVComp" text="hair cut" to="1-4" type="participant"/>
            <label from="1-8" id="1" name="No_label" text="fun" type="participant"/>
            <label from="1-10" id="2" name="ScrPart_haircut" text="it" type="participant"/>
            <label from="1-17" id="3" name="ScrPart_customer" text="you" type="participant"/>
            <label from="1-21" id="4" name="ScrPart_customer" text="your" type="participant"/>
            <label from="1-22" id="5" name="ScrPart_hair" text="hair" type="participant"/>
            <label from="2-1" id="6" name="No_label" text="First" type="participant"/>
            <label from="2-5" id="7" name="ScrPart_hairdresser" text="barber" type="participant"/>
            <label from="2-7" id="8" name="ScrPart_hairdresser" text="stylist" type="participant"/>
            <label from="2-9" id="9" name="ScrPart_customer" text="you" type="participant"/>
            <label from="2-14" id="10" name="SuppVComp" text="job" type="participant"/>
            <label from="2-18" id="11" name="ScrPart_hairdresser" text="them" type="participant"/>
            <label from="3-2" id="12" name="No_label" text="time" type="participant"/>
            <label from="3-3" id="13" name="ScrPart_hairdresser" text="they" type="participant"/>
            <label from="3-8" id="14" name="ScrPart_customer" text="your" type="participant"/>
            <label from="3-9" id="15" name="ScrPart_hair" text="hair" type="participant"/>
            <label from="3-11" id="16" name="ScrPart_other" text="needs" type="participant"/>
            <label from="3-16" id="17" name="ScrPart_customer" text="your" type="participant"/>
            <label from="3-17" id="18" name="ScrPart_hair" text="hair" type="participant"/>
            <label from="3-19" id="19" name="ScrPart_customer" text="your" type="participant"/>
            <label from="4-8" id="20" name="ScrPart_other" text="pictures" type="participant"/>
            <label from="4-10" id="21" name="ScrPart_other" text="models" type="participant"/>
            <label from="4-15" id="22" name="ScrPart_hair_styling/treatment" text="styles" type="participant"/>
            <label from="4-16" id="23" name="ScrPart_customer" text="you" type="participant"/>
            <label from="4-22" id="24" name="ScrPart_hairdresser" text="stylist" type="participant"/>
            <label from="4-27" id="25" name="ScrPart_customer" text="your" type="participant"/>
            <label from="4-28" id="26" name="ScrPart_hair" text="hair" type="participant"/>
            <label from="5-7" id="27" name="ScrPart_hairdresser" text="they" type="participant"/>
            <label from="5-9" id="28" name="ScrPart_customer" text="your" type="participant"/>
            <label from="5-10" id="29" name="ScrPart_hair" text="hair" type="participant"/>
            <label from="5-11" id="30" name="ScrPart_hairdresser" text="they" type="participant"/>
            <label from="5-18" id="31" name="ScrPart_haircut" text="cut" type="participant"/>
            <label from="6-3" id="32" name="ScrPart_hairdresser" text="them" type="participant"/>
            <label from="6-5" id="33" name="ScrPart_customer" text="your" type="participant"/>
            <label from="6-7" id="34" name="ScrPart_haircut" text="cut" type="participant"/>
            <label from="6-14" id="35" name="ScrPart_mirror" text="mirror" type="participant"/>
            <label from="6-15" id="36" name="ScrPart_customer" text="you" type="participant"/>
            <label from="6-23" id="37" name="ScrPart_mirror" text="mirror" type="participant"/>
            <label from="7-2" id="38" name="ScrPart_hairdresser" text="they" type="participant"/>
            <label from="7-4" id="39" name="ScrPart_customer" text="your" type="participant"/>
            <label from="7-5" id="40" name="ScrPart_hair" text="hair" type="participant"/>
            <label from="7-6" id="41" name="ScrPart_cape" text="cover thing" to="7-7" type="participant"/>
            <label from="7-7" id="42" name="ScrPart_cape" text="thing" type="participant"/>
            <label from="7-10" id="43" name="ScrPart_hairdresser" text="them" type="participant"/>
            <label from="7-11" id="44" name="ScrPart_hairdresser" text="their" type="participant"/>
            <label from="7-12" id="45" name="ScrPart_bill" text="money" type="participant"/>
            <label from="7-17" id="46" name="ScrPart_payment_means" text="dollars" type="participant"/>
            <label from="7-20" id="47" name="ScrPart_tip" text="tip" type="participant"/>
        </participants>
        <events>
            <label from="1-1" id="48" name="Evoking" text="Getting a hair cut" to="1-4" type="event"/>
            <label from="1-5" id="49" name="UnrelEv" text="is" type="event"/>
            <label from="1-14" id="50" name="UnrelEv" text="done" type="event"/>
            <label from="1-18" id="51" name="UnrelEv" text="want" type="event"/>
            <label from="1-20" id="52" name="UnrelEv" text="control" type="event"/>
            <label from="1-25" id="53" name="UnrelEv" text="look" type="event"/>
            <label from="2-2" id="54" name="RelNScrEv" text="pick" type="event"/>
            <label from="2-10" id="55" name="UnrelEv" text="think" type="event"/>
            <label from="2-11" id="56" name="UnrelEv" text="does" type="event"/>
            <label from="2-16" id="57" name="UnrelEv" text="stick" type="event"/>
            <label from="3-7" id="58" name="RelNScrEv" text="know" type="event"/>
            <label from="3-15" id="59" name="ScrEv_cut" text="cut" type="event"/>
            <label from="3-20" id="60" name="RelNScrEv" text="liking" type="event"/>
            <label from="4-3" id="61" name="UnrelEv" text="be" type="event"/>
            <label from="4-6" id="62" name="RelNScrEv" text="look" type="event"/>
            <label from="4-14" id="63" name="RelNScrEv" text="see" type="event"/>
            <label from="4-17" id="64" name="UnrelEv" text="like" type="event"/>
            <label from="4-20" id="65" name="ScrEv_talk_haircut" text="ask" type="event"/>
            <label from="4-24" id="66" name="UnrelEv" text="try" type="event"/>
            <label from="4-26" id="67" name="ScrEv_cut" text="cut" type="event"/>
            <label from="5-3" id="68" name="ScrEv_sit_down" text="sit" type="event"/>
            <label from="5-8" id="69" name="ScrEv_cut" text="cut" type="event"/>
            <label from="5-13" id="70" name="RelNScrEv" text="slip" type="event"/>
            <label from="5-15" id="71" name="RelNScrEv" text="mess up" to="5-16" type="event"/>
            <label from="5-15" id="72" name="RelNScrEv" text="mess" type="event"/>
            <label from="6-4" id="73" name="ScrEv_look_mirror" text="show" type="event"/>
            <label from="6-16" id="74" name="RelNScrEv" text="hold" type="event"/>
            <label from="6-19" id="75" name="ScrEv_look_mirror" text="look" type="event"/>
            <label from="7-3" id="76" name="ScrEv_remove_cap" text="take" type="event"/>
            <label from="7-9" id="77" name="ScrEv_pay" text="give" type="event"/>
        </events>
        <chains>
            <chain elements="3 4 9 14 17 19 23 25 28 33 36 39"/>
            <chain elements="7 11 8" name="group_stylist_barber"/>
            <chain elements="11 13 27 30 32"/>
            <chain elements="5 15 18 26 29"/>
            <chain elements="8 24"/>
            <chain elements="31 34"/>
            <chain elements="32 38" name="group_hairdresser_barber"/>
            <chain elements="38 43 44"/>
            <chain elements="0 2"/>
        </chains>
    </annotations>
</story>
