<?xml version="1.0" encoding="UTF-8" standalone="no"?>
<!DOCTYPE story SYSTEM "../InScript.dtd">
<story id="078" scenario="haircut">
    <text>
        <content>One morning , I was brushing my hair and realized it stretched all the way past my shoulders . 
I had to pull so far and hard that I realized it was time to get it cut . 
I called my barber and scheduled an appointment for 1:00 . 
When it came time for my appointment , I drove to the barber shop and waited for my barber to call my name . 
I looked through some pamphlets showing all the fancy hairdos I could get , but I decided to keep my simple hairstyle . 
When my barber called my name , I sat down in a special chair in front of the sink and leaned my head back . 
My barber gave my hair a quick shampoo and a rinse so that it would be clean for him . 
Next , I moved over to a special , big chair and he wrapped a smock around me so that the cut hair would n't get on my clothes . '' 
`` Just a trim , '' '' I told him . 
He pushed a foot pedal at the bottom of the chair and I was raised upwards so that he could see more clearly . 
He began snipping at my hair with his scissors , and I watched him in the mirror . 
After some time , he put the scissors away and began combing my hair . 
It was all done ! 
He brushed the loose hairs off my neck and unhooked the smock . 
The parts of my hair he had cut away were all over the floor . 
I paid him and went home with my clean , shorter hair . </content>
        <sentences>
            <sentence id="1">
                <token content="One" id="1-1">
                    <pos type="CD"/>
                    <lemma type="one"/>
                </token>
                <token content="morning" id="1-2">
                    <pos type="NN"/>
                    <lemma type="morning"/>
                    <dep head="1-6" type="tmod"/>
                </token>
                <token content="," id="1-3"/>
                <token content="I" id="1-4">
                    <pos type="PRP"/>
                    <lemma type="I"/>
                    <dep head="1-6" type="nsubj"/>
                </token>
                <token content="was" id="1-5">
                    <pos type="VBD"/>
                    <lemma type="be"/>
                    <dep head="1-6" type="aux"/>
                </token>
                <token content="brushing" id="1-6">
                    <pos type="VBG"/>
                    <lemma type="brush"/>
                </token>
                <token content="my" id="1-7">
                    <pos type="PRP$"/>
                    <lemma type="my"/>
                </token>
                <token content="hair" id="1-8">
                    <pos type="NN"/>
                    <lemma type="hair"/>
                    <dep head="1-6" type="dobj"/>
                </token>
                <token content="and" id="1-9"/>
                <token content="realized" id="1-10">
                    <pos type="VBD"/>
                    <lemma type="realize"/>
                    <dep head="1-6" type="conj"/>
                </token>
                <token content="it" id="1-11">
                    <pos type="PRP"/>
                    <lemma type="it"/>
                    <dep head="1-12" type="nsubj"/>
                </token>
                <token content="stretched" id="1-12">
                    <pos type="VBD"/>
                    <lemma type="stretch"/>
                    <dep head="1-10" type="ccomp"/>
                </token>
                <token content="all" id="1-13">
                    <pos type="PDT"/>
                    <lemma type="all"/>
                </token>
                <token content="the" id="1-14">
                    <pos type="DT"/>
                    <lemma type="the"/>
                </token>
                <token content="way" id="1-15">
                    <pos type="NN"/>
                    <lemma type="way"/>
                    <dep head="1-12" type="dobj"/>
                </token>
                <token content="past" id="1-16"/>
                <token content="my" id="1-17">
                    <pos type="PRP$"/>
                    <lemma type="my"/>
                </token>
                <token content="shoulders" id="1-18">
                    <pos type="NNS"/>
                    <lemma type="shoulder"/>
                    <dep head="1-12" type="prep"/>
                </token>
                <token content="." id="1-19"/>
            </sentence>
            <sentence id="2">
                <token content="I" id="2-1">
                    <pos type="PRP"/>
                    <lemma type="I"/>
                    <dep head="2-2" type="nsubj"/>
                </token>
                <token content="had" id="2-2">
                    <pos type="VBD"/>
                    <lemma type="have"/>
                </token>
                <token content="to" id="2-3">
                    <pos type="TO"/>
                    <lemma type="to"/>
                    <dep head="2-4" type="aux"/>
                </token>
                <token content="pull" id="2-4">
                    <pos type="VB"/>
                    <lemma type="pull"/>
                    <dep head="2-2" type="xcomp"/>
                </token>
                <token content="so" id="2-5">
                    <pos type="RB"/>
                    <lemma type="so"/>
                </token>
                <token content="far" id="2-6">
                    <pos type="RB"/>
                    <lemma type="far"/>
                    <dep head="2-4" type="advmod"/>
                </token>
                <token content="and" id="2-7"/>
                <token content="hard" id="2-8">
                    <pos type="RB"/>
                    <lemma type="hard"/>
                </token>
                <token content="that" id="2-9">
                    <pos type="IN"/>
                    <lemma type="that"/>
                    <dep head="2-11" type="mark"/>
                </token>
                <token content="I" id="2-10">
                    <pos type="PRP"/>
                    <lemma type="I"/>
                    <dep head="2-11" type="nsubj"/>
                </token>
                <token content="realized" id="2-11">
                    <pos type="VBD"/>
                    <lemma type="realize"/>
                    <dep head="2-4" type="ccomp"/>
                </token>
                <token content="it" id="2-12">
                    <pos type="PRP"/>
                    <lemma type="it"/>
                </token>
                <token content="was" id="2-13">
                    <pos type="VBD"/>
                    <lemma type="be"/>
                </token>
                <token content="time" id="2-14">
                    <pos type="NN"/>
                    <lemma type="time"/>
                    <dep head="2-11" type="ccomp"/>
                </token>
                <token content="to" id="2-15">
                    <pos type="TO"/>
                    <lemma type="to"/>
                    <dep head="2-16" type="aux"/>
                </token>
                <token content="get" id="2-16">
                    <pos type="VB"/>
                    <lemma type="get"/>
                    <dep head="2-2" type="xcomp"/>
                </token>
                <token content="it" id="2-17">
                    <pos type="PRP"/>
                    <lemma type="it"/>
                    <dep head="2-18" type="nsubj"/>
                </token>
                <token content="cut" id="2-18">
                    <pos type="VB"/>
                    <lemma type="cut"/>
                    <dep head="2-16" type="ccomp"/>
                </token>
                <token content="." id="2-19"/>
            </sentence>
            <sentence id="3">
                <token content="I" id="3-1">
                    <pos type="PRP"/>
                    <lemma type="I"/>
                    <dep head="3-2" type="nsubj"/>
                </token>
                <token content="called" id="3-2">
                    <pos type="VBD"/>
                    <lemma type="call"/>
                </token>
                <token content="my" id="3-3">
                    <pos type="PRP$"/>
                    <lemma type="my"/>
                </token>
                <token content="barber" id="3-4">
                    <pos type="NN"/>
                    <lemma type="barber"/>
                    <dep head="3-2" type="dobj"/>
                </token>
                <token content="and" id="3-5"/>
                <token content="scheduled" id="3-6">
                    <pos type="VBD"/>
                    <lemma type="schedule"/>
                    <dep head="3-2" type="conj"/>
                </token>
                <token content="an" id="3-7">
                    <pos type="DT"/>
                    <lemma type="a"/>
                </token>
                <token content="appointment" id="3-8">
                    <pos type="NN"/>
                    <lemma type="appointment"/>
                    <dep head="3-6" type="dobj"/>
                </token>
                <token content="for" id="3-9"/>
                <token content="1:00" id="3-10">
                    <pos type="CD"/>
                    <lemma type="1:00"/>
                    <dep head="3-6" type="prep"/>
                </token>
                <token content="." id="3-11"/>
            </sentence>
            <sentence id="4">
                <token content="When" id="4-1">
                    <pos type="WRB"/>
                    <lemma type="when"/>
                    <dep head="4-3" type="advmod"/>
                </token>
                <token content="it" id="4-2">
                    <pos type="PRP"/>
                    <lemma type="it"/>
                    <dep head="4-3" type="nsubj"/>
                </token>
                <token content="came" id="4-3">
                    <pos type="VBD"/>
                    <lemma type="come"/>
                    <dep head="4-10" type="advcl"/>
                </token>
                <token content="time" id="4-4">
                    <pos type="NN"/>
                    <lemma type="time"/>
                    <dep head="4-3" type="dobj"/>
                </token>
                <token content="for" id="4-5"/>
                <token content="my" id="4-6">
                    <pos type="PRP$"/>
                    <lemma type="my"/>
                </token>
                <token content="appointment" id="4-7">
                    <pos type="NN"/>
                    <lemma type="appointment"/>
                    <dep head="4-3" type="prep"/>
                </token>
                <token content="," id="4-8"/>
                <token content="I" id="4-9">
                    <pos type="PRP"/>
                    <lemma type="I"/>
                    <dep head="4-10" type="nsubj"/>
                </token>
                <token content="drove" id="4-10">
                    <pos type="VBD"/>
                    <lemma type="drive"/>
                </token>
                <token content="to" id="4-11"/>
                <token content="the" id="4-12">
                    <pos type="DT"/>
                    <lemma type="the"/>
                </token>
                <token content="barber" id="4-13">
                    <pos type="NN"/>
                    <lemma type="barber"/>
                </token>
                <token content="shop" id="4-14">
                    <pos type="NN"/>
                    <lemma type="shop"/>
                    <dep head="4-10" type="prep"/>
                </token>
                <token content="and" id="4-15"/>
                <token content="waited" id="4-16">
                    <pos type="VBD"/>
                    <lemma type="wait"/>
                    <dep head="4-10" type="conj"/>
                </token>
                <token content="for" id="4-17"/>
                <token content="my" id="4-18">
                    <pos type="PRP$"/>
                    <lemma type="my"/>
                </token>
                <token content="barber" id="4-19">
                    <pos type="NN"/>
                    <lemma type="barber"/>
                    <dep head="4-16" type="prep"/>
                </token>
                <token content="to" id="4-20">
                    <pos type="TO"/>
                    <lemma type="to"/>
                    <dep head="4-21" type="aux"/>
                </token>
                <token content="call" id="4-21">
                    <pos type="VB"/>
                    <lemma type="call"/>
                </token>
                <token content="my" id="4-22">
                    <pos type="PRP$"/>
                    <lemma type="my"/>
                </token>
                <token content="name" id="4-23">
                    <pos type="NN"/>
                    <lemma type="name"/>
                    <dep head="4-21" type="dobj"/>
                </token>
                <token content="." id="4-24"/>
            </sentence>
            <sentence id="5">
                <token content="I" id="5-1">
                    <pos type="PRP"/>
                    <lemma type="I"/>
                    <dep head="5-2" type="nsubj"/>
                </token>
                <token content="looked" id="5-2">
                    <pos type="VBD"/>
                    <lemma type="look"/>
                </token>
                <token content="through" id="5-3"/>
                <token content="some" id="5-4">
                    <pos type="DT"/>
                    <lemma type="some"/>
                </token>
                <token content="pamphlets" id="5-5">
                    <pos type="NNS"/>
                    <lemma type="pamphlet"/>
                    <dep head="5-2" type="prep"/>
                </token>
                <token content="showing" id="5-6">
                    <pos type="VBG"/>
                    <lemma type="show"/>
                    <dep head="5-2" type="xcomp"/>
                </token>
                <token content="all" id="5-7">
                    <pos type="PDT"/>
                    <lemma type="all"/>
                </token>
                <token content="the" id="5-8">
                    <pos type="DT"/>
                    <lemma type="the"/>
                </token>
                <token content="fancy" id="5-9">
                    <pos type="JJ"/>
                    <lemma type="fancy"/>
                </token>
                <token content="hairdos" id="5-10">
                    <pos type="NNS"/>
                    <lemma type="hairdo"/>
                    <dep head="5-6" type="dobj"/>
                </token>
                <token content="I" id="5-11">
                    <pos type="PRP"/>
                    <lemma type="I"/>
                    <dep head="5-13" type="nsubj"/>
                </token>
                <token content="could" id="5-12">
                    <pos type="MD"/>
                    <lemma type="could"/>
                    <dep head="5-13" type="aux"/>
                </token>
                <token content="get" id="5-13">
                    <pos type="VB"/>
                    <lemma type="get"/>
                </token>
                <token content="," id="5-14"/>
                <token content="but" id="5-15"/>
                <token content="I" id="5-16">
                    <pos type="PRP"/>
                    <lemma type="I"/>
                    <dep head="5-17" type="nsubj"/>
                </token>
                <token content="decided" id="5-17">
                    <pos type="VBD"/>
                    <lemma type="decide"/>
                    <dep head="5-2" type="conj"/>
                </token>
                <token content="to" id="5-18">
                    <pos type="TO"/>
                    <lemma type="to"/>
                    <dep head="5-19" type="aux"/>
                </token>
                <token content="keep" id="5-19">
                    <pos type="VB"/>
                    <lemma type="keep"/>
                    <dep head="5-17" type="xcomp"/>
                </token>
                <token content="my" id="5-20">
                    <pos type="PRP$"/>
                    <lemma type="my"/>
                </token>
                <token content="simple" id="5-21">
                    <pos type="JJ"/>
                    <lemma type="simple"/>
                </token>
                <token content="hairstyle" id="5-22">
                    <pos type="NN"/>
                    <lemma type="hairstyle"/>
                    <dep head="5-19" type="dobj"/>
                </token>
                <token content="." id="5-23"/>
            </sentence>
            <sentence id="6">
                <token content="When" id="6-1">
                    <pos type="WRB"/>
                    <lemma type="when"/>
                    <dep head="6-4" type="advmod"/>
                </token>
                <token content="my" id="6-2">
                    <pos type="PRP$"/>
                    <lemma type="my"/>
                </token>
                <token content="barber" id="6-3">
                    <pos type="NN"/>
                    <lemma type="barber"/>
                    <dep head="6-4" type="nsubj"/>
                </token>
                <token content="called" id="6-4">
                    <pos type="VBD"/>
                    <lemma type="call"/>
                    <dep head="6-9" type="advcl"/>
                </token>
                <token content="my" id="6-5">
                    <pos type="PRP$"/>
                    <lemma type="my"/>
                </token>
                <token content="name" id="6-6">
                    <pos type="NN"/>
                    <lemma type="name"/>
                    <dep head="6-4" type="dobj"/>
                </token>
                <token content="," id="6-7"/>
                <token content="I" id="6-8">
                    <pos type="PRP"/>
                    <lemma type="I"/>
                    <dep head="6-9" type="nsubj"/>
                </token>
                <token content="sat" id="6-9">
                    <pos type="VBD"/>
                    <lemma type="sit"/>
                </token>
                <token content="down" id="6-10">
                    <pos type="RP"/>
                    <lemma type="down"/>
                    <dep head="6-9" type="prt"/>
                </token>
                <token content="in" id="6-11"/>
                <token content="a" id="6-12">
                    <pos type="DT"/>
                    <lemma type="a"/>
                </token>
                <token content="special" id="6-13">
                    <pos type="JJ"/>
                    <lemma type="special"/>
                </token>
                <token content="chair" id="6-14">
                    <pos type="NN"/>
                    <lemma type="chair"/>
                    <dep head="6-9" type="prep"/>
                </token>
                <token content="in" id="6-15"/>
                <token content="front" id="6-16"/>
                <token content="of" id="6-17"/>
                <token content="the" id="6-18">
                    <pos type="DT"/>
                    <lemma type="the"/>
                </token>
                <token content="sink" id="6-19">
                    <pos type="NN"/>
                    <lemma type="sink"/>
                </token>
                <token content="and" id="6-20"/>
                <token content="leaned" id="6-21">
                    <pos type="VBD"/>
                    <lemma type="lean"/>
                    <dep head="6-9" type="conj"/>
                </token>
                <token content="my" id="6-22">
                    <pos type="PRP$"/>
                    <lemma type="my"/>
                </token>
                <token content="head" id="6-23">
                    <pos type="NN"/>
                    <lemma type="head"/>
                    <dep head="6-21" type="dobj"/>
                </token>
                <token content="back" id="6-24">
                    <pos type="RB"/>
                    <lemma type="back"/>
                    <dep head="6-21" type="advmod"/>
                </token>
                <token content="." id="6-25"/>
            </sentence>
            <sentence id="7">
                <token content="My" id="7-1">
                    <pos type="PRP$"/>
                    <lemma type="my"/>
                </token>
                <token content="barber" id="7-2">
                    <pos type="NN"/>
                    <lemma type="barber"/>
                    <dep head="7-3" type="nsubj"/>
                </token>
                <token content="gave" id="7-3">
                    <pos type="VBD"/>
                    <lemma type="give"/>
                </token>
                <token content="my" id="7-4">
                    <pos type="PRP$"/>
                    <lemma type="my"/>
                </token>
                <token content="hair" id="7-5">
                    <pos type="NN"/>
                    <lemma type="hair"/>
                    <dep head="7-3" type="dep"/>
                </token>
                <token content="a" id="7-6">
                    <pos type="DT"/>
                    <lemma type="a"/>
                </token>
                <token content="quick" id="7-7">
                    <pos type="JJ"/>
                    <lemma type="quick"/>
                </token>
                <token content="shampoo" id="7-8">
                    <pos type="NN"/>
                    <lemma type="shampoo"/>
                    <dep head="7-3" type="dobj"/>
                </token>
                <token content="and" id="7-9"/>
                <token content="a" id="7-10">
                    <pos type="DT"/>
                    <lemma type="a"/>
                </token>
                <token content="rinse" id="7-11">
                    <pos type="NN"/>
                    <lemma type="rinse"/>
                </token>
                <token content="so" id="7-12">
                    <pos type="RB"/>
                    <lemma type="so"/>
                </token>
                <token content="that" id="7-13">
                    <pos type="IN"/>
                    <lemma type="that"/>
                </token>
                <token content="it" id="7-14">
                    <pos type="PRP"/>
                    <lemma type="it"/>
                </token>
                <token content="would" id="7-15">
                    <pos type="MD"/>
                    <lemma type="would"/>
                </token>
                <token content="be" id="7-16">
                    <pos type="VB"/>
                    <lemma type="be"/>
                </token>
                <token content="clean" id="7-17">
                    <pos type="JJ"/>
                    <lemma type="clean"/>
                    <dep head="7-3" type="advcl"/>
                </token>
                <token content="for" id="7-18"/>
                <token content="him" id="7-19">
                    <pos type="PRP"/>
                    <lemma type="he"/>
                </token>
                <token content="." id="7-20"/>
            </sentence>
            <sentence id="8">
                <token content="Next" id="8-1">
                    <pos type="RB"/>
                    <lemma type="next"/>
                    <dep head="8-4" type="advmod"/>
                </token>
                <token content="," id="8-2"/>
                <token content="I" id="8-3">
                    <pos type="PRP"/>
                    <lemma type="I"/>
                    <dep head="8-4" type="nsubj"/>
                </token>
                <token content="moved" id="8-4">
                    <pos type="VBD"/>
                    <lemma type="move"/>
                </token>
                <token content="over" id="8-5">
                    <pos type="RP"/>
                    <lemma type="over"/>
                    <dep head="8-4" type="prt"/>
                </token>
                <token content="to" id="8-6"/>
                <token content="a" id="8-7">
                    <pos type="DT"/>
                    <lemma type="a"/>
                </token>
                <token content="special" id="8-8">
                    <pos type="JJ"/>
                    <lemma type="special"/>
                </token>
                <token content="," id="8-9"/>
                <token content="big" id="8-10">
                    <pos type="JJ"/>
                    <lemma type="big"/>
                </token>
                <token content="chair" id="8-11">
                    <pos type="NN"/>
                    <lemma type="chair"/>
                    <dep head="8-4" type="prep"/>
                </token>
                <token content="and" id="8-12"/>
                <token content="he" id="8-13">
                    <pos type="PRP"/>
                    <lemma type="he"/>
                    <dep head="8-14" type="nsubj"/>
                </token>
                <token content="wrapped" id="8-14">
                    <pos type="VBD"/>
                    <lemma type="wrap"/>
                    <dep head="8-4" type="conj"/>
                </token>
                <token content="a" id="8-15">
                    <pos type="DT"/>
                    <lemma type="a"/>
                </token>
                <token content="smock" id="8-16">
                    <pos type="NN"/>
                    <lemma type="smock"/>
                    <dep head="8-14" type="dobj"/>
                </token>
                <token content="around" id="8-17"/>
                <token content="me" id="8-18">
                    <pos type="PRP"/>
                    <lemma type="I"/>
                    <dep head="8-14" type="prep"/>
                </token>
                <token content="so" id="8-19">
                    <pos type="RB"/>
                    <lemma type="so"/>
                    <dep head="8-26" type="advmod"/>
                </token>
                <token content="that" id="8-20">
                    <pos type="IN"/>
                    <lemma type="that"/>
                    <dep head="8-26" type="mark"/>
                </token>
                <token content="the" id="8-21">
                    <pos type="DT"/>
                    <lemma type="the"/>
                </token>
                <token content="cut" id="8-22">
                    <pos type="NN"/>
                    <lemma type="cut"/>
                </token>
                <token content="hair" id="8-23">
                    <pos type="NN"/>
                    <lemma type="hair"/>
                    <dep head="8-26" type="nsubj"/>
                </token>
                <token content="would" id="8-24">
                    <pos type="MD"/>
                    <lemma type="would"/>
                    <dep head="8-26" type="aux"/>
                </token>
                <token content="n't" id="8-25">
                    <pos type="RB"/>
                    <lemma type="not"/>
                    <dep head="8-26" type="neg"/>
                </token>
                <token content="get" id="8-26">
                    <pos type="VB"/>
                    <lemma type="get"/>
                    <dep head="8-14" type="advcl"/>
                </token>
                <token content="on" id="8-27"/>
                <token content="my" id="8-28">
                    <pos type="PRP$"/>
                    <lemma type="my"/>
                </token>
                <token content="clothes" id="8-29">
                    <pos type="NNS"/>
                    <lemma type="clothes"/>
                    <dep head="8-26" type="prep"/>
                </token>
                <token content="." id="8-30"/>
                <token content="''" id="8-31"/>
            </sentence>
            <sentence id="9">
                <token content="``" id="9-1"/>
                <token content="Just" id="9-2">
                    <pos type="RB"/>
                    <lemma type="just"/>
                </token>
                <token content="a" id="9-3">
                    <pos type="DT"/>
                    <lemma type="a"/>
                    <dep head="9-4" type="nsubj"/>
                </token>
                <token content="trim" id="9-4">
                    <pos type="VB"/>
                    <lemma type="trim"/>
                    <dep head="9-9" type="ccomp"/>
                </token>
                <token content="," id="9-5"/>
                <token content="''" id="9-6"/>
                <token content="''" id="9-7"/>
                <token content="I" id="9-8">
                    <pos type="PRP"/>
                    <lemma type="I"/>
                    <dep head="9-9" type="nsubj"/>
                </token>
                <token content="told" id="9-9">
                    <pos type="VBD"/>
                    <lemma type="tell"/>
                </token>
                <token content="him" id="9-10">
                    <pos type="PRP"/>
                    <lemma type="he"/>
                    <dep head="9-9" type="dobj"/>
                </token>
                <token content="." id="9-11"/>
            </sentence>
            <sentence id="10">
                <token content="He" id="10-1">
                    <pos type="PRP"/>
                    <lemma type="he"/>
                    <dep head="10-2" type="nsubj"/>
                </token>
                <token content="pushed" id="10-2">
                    <pos type="VBD"/>
                    <lemma type="push"/>
                </token>
                <token content="a" id="10-3">
                    <pos type="DT"/>
                    <lemma type="a"/>
                </token>
                <token content="foot" id="10-4">
                    <pos type="NN"/>
                    <lemma type="foot"/>
                    <dep head="10-5" type="nsubj"/>
                </token>
                <token content="pedal" id="10-5">
                    <pos type="VB"/>
                    <lemma type="pedal"/>
                    <dep head="10-2" type="ccomp"/>
                </token>
                <token content="at" id="10-6"/>
                <token content="the" id="10-7">
                    <pos type="DT"/>
                    <lemma type="the"/>
                </token>
                <token content="bottom" id="10-8">
                    <pos type="NN"/>
                    <lemma type="bottom"/>
                    <dep head="10-5" type="prep"/>
                </token>
                <token content="of" id="10-9"/>
                <token content="the" id="10-10">
                    <pos type="DT"/>
                    <lemma type="the"/>
                </token>
                <token content="chair" id="10-11">
                    <pos type="NN"/>
                    <lemma type="chair"/>
                </token>
                <token content="and" id="10-12"/>
                <token content="I" id="10-13">
                    <pos type="PRP"/>
                    <lemma type="I"/>
                    <dep head="10-15" type="nsubjpass"/>
                </token>
                <token content="was" id="10-14">
                    <pos type="VBD"/>
                    <lemma type="be"/>
                    <dep head="10-15" type="auxpass"/>
                </token>
                <token content="raised" id="10-15">
                    <pos type="VBN"/>
                    <lemma type="raise"/>
                    <dep head="10-2" type="conj"/>
                </token>
                <token content="upwards" id="10-16">
                    <pos type="NNS"/>
                    <lemma type="upward"/>
                    <dep head="10-15" type="dobj"/>
                </token>
                <token content="so" id="10-17">
                    <pos type="RB"/>
                    <lemma type="so"/>
                    <dep head="10-21" type="advmod"/>
                </token>
                <token content="that" id="10-18">
                    <pos type="IN"/>
                    <lemma type="that"/>
                    <dep head="10-21" type="mark"/>
                </token>
                <token content="he" id="10-19">
                    <pos type="PRP"/>
                    <lemma type="he"/>
                    <dep head="10-21" type="nsubj"/>
                </token>
                <token content="could" id="10-20">
                    <pos type="MD"/>
                    <lemma type="could"/>
                    <dep head="10-21" type="aux"/>
                </token>
                <token content="see" id="10-21">
                    <pos type="VB"/>
                    <lemma type="see"/>
                    <dep head="10-15" type="advcl"/>
                </token>
                <token content="more" id="10-22">
                    <pos type="JJR"/>
                    <lemma type="more"/>
                    <dep head="10-21" type="dobj"/>
                </token>
                <token content="clearly" id="10-23">
                    <pos type="RB"/>
                    <lemma type="clearly"/>
                    <dep head="10-21" type="advmod"/>
                </token>
                <token content="." id="10-24"/>
            </sentence>
            <sentence id="11">
                <token content="He" id="11-1">
                    <pos type="PRP"/>
                    <lemma type="he"/>
                    <dep head="11-2" type="nsubj"/>
                </token>
                <token content="began" id="11-2">
                    <pos type="VBD"/>
                    <lemma type="begin"/>
                </token>
                <token content="snipping" id="11-3">
                    <pos type="VBG"/>
                    <lemma type="snip"/>
                    <dep head="11-2" type="xcomp"/>
                </token>
                <token content="at" id="11-4"/>
                <token content="my" id="11-5">
                    <pos type="PRP$"/>
                    <lemma type="my"/>
                </token>
                <token content="hair" id="11-6">
                    <pos type="NN"/>
                    <lemma type="hair"/>
                    <dep head="11-3" type="prep"/>
                </token>
                <token content="with" id="11-7"/>
                <token content="his" id="11-8">
                    <pos type="PRP$"/>
                    <lemma type="he"/>
                </token>
                <token content="scissors" id="11-9">
                    <pos type="NNS"/>
                    <lemma type="scissors"/>
                    <dep head="11-3" type="prep"/>
                </token>
                <token content="," id="11-10"/>
                <token content="and" id="11-11"/>
                <token content="I" id="11-12">
                    <pos type="PRP"/>
                    <lemma type="I"/>
                    <dep head="11-13" type="nsubj"/>
                </token>
                <token content="watched" id="11-13">
                    <pos type="VBD"/>
                    <lemma type="watch"/>
                    <dep head="11-2" type="conj"/>
                </token>
                <token content="him" id="11-14">
                    <pos type="PRP"/>
                    <lemma type="he"/>
                    <dep head="11-13" type="dobj"/>
                </token>
                <token content="in" id="11-15"/>
                <token content="the" id="11-16">
                    <pos type="DT"/>
                    <lemma type="the"/>
                </token>
                <token content="mirror" id="11-17">
                    <pos type="NN"/>
                    <lemma type="mirror"/>
                    <dep head="11-13" type="prep"/>
                </token>
                <token content="." id="11-18"/>
            </sentence>
            <sentence id="12">
                <token content="After" id="12-1"/>
                <token content="some" id="12-2">
                    <pos type="DT"/>
                    <lemma type="some"/>
                </token>
                <token content="time" id="12-3">
                    <pos type="NN"/>
                    <lemma type="time"/>
                    <dep head="12-6" type="prep"/>
                </token>
                <token content="," id="12-4"/>
                <token content="he" id="12-5">
                    <pos type="PRP"/>
                    <lemma type="he"/>
                    <dep head="12-6" type="nsubj"/>
                </token>
                <token content="put" id="12-6">
                    <pos type="VBP"/>
                    <lemma type="put"/>
                </token>
                <token content="the" id="12-7">
                    <pos type="DT"/>
                    <lemma type="the"/>
                </token>
                <token content="scissors" id="12-8">
                    <pos type="NNS"/>
                    <lemma type="scissors"/>
                    <dep head="12-6" type="dobj"/>
                </token>
                <token content="away" id="12-9">
                    <pos type="RP"/>
                    <lemma type="away"/>
                    <dep head="12-6" type="prt"/>
                </token>
                <token content="and" id="12-10"/>
                <token content="began" id="12-11">
                    <pos type="VBD"/>
                    <lemma type="begin"/>
                    <dep head="12-6" type="conj"/>
                </token>
                <token content="combing" id="12-12">
                    <pos type="VBG"/>
                    <lemma type="comb"/>
                    <dep head="12-11" type="xcomp"/>
                </token>
                <token content="my" id="12-13">
                    <pos type="PRP$"/>
                    <lemma type="my"/>
                </token>
                <token content="hair" id="12-14">
                    <pos type="NN"/>
                    <lemma type="hair"/>
                    <dep head="12-12" type="dobj"/>
                </token>
                <token content="." id="12-15"/>
            </sentence>
            <sentence id="13">
                <token content="It" id="13-1">
                    <pos type="PRP"/>
                    <lemma type="it"/>
                    <dep head="13-4" type="nsubjpass"/>
                </token>
                <token content="was" id="13-2">
                    <pos type="VBD"/>
                    <lemma type="be"/>
                    <dep head="13-4" type="auxpass"/>
                </token>
                <token content="all" id="13-3">
                    <pos type="RB"/>
                    <lemma type="all"/>
                    <dep head="13-4" type="advmod"/>
                </token>
                <token content="done" id="13-4">
                    <pos type="VBN"/>
                    <lemma type="do"/>
                </token>
                <token content="!" id="13-5"/>
            </sentence>
            <sentence id="14">
                <token content="He" id="14-1">
                    <pos type="PRP"/>
                    <lemma type="he"/>
                    <dep head="14-2" type="nsubj"/>
                </token>
                <token content="brushed" id="14-2">
                    <pos type="VBD"/>
                    <lemma type="brush"/>
                </token>
                <token content="the" id="14-3">
                    <pos type="DT"/>
                    <lemma type="the"/>
                </token>
                <token content="loose" id="14-4">
                    <pos type="JJ"/>
                    <lemma type="loose"/>
                </token>
                <token content="hairs" id="14-5">
                    <pos type="NNS"/>
                    <lemma type="hair"/>
                    <dep head="14-2" type="dobj"/>
                </token>
                <token content="off" id="14-6"/>
                <token content="my" id="14-7">
                    <pos type="PRP$"/>
                    <lemma type="my"/>
                </token>
                <token content="neck" id="14-8">
                    <pos type="NN"/>
                    <lemma type="neck"/>
                    <dep head="14-2" type="prep"/>
                </token>
                <token content="and" id="14-9"/>
                <token content="unhooked" id="14-10">
                    <pos type="VBD"/>
                    <lemma type="unhook"/>
                    <dep head="14-2" type="conj"/>
                </token>
                <token content="the" id="14-11">
                    <pos type="DT"/>
                    <lemma type="the"/>
                </token>
                <token content="smock" id="14-12">
                    <pos type="NN"/>
                    <lemma type="smock"/>
                    <dep head="14-10" type="dobj"/>
                </token>
                <token content="." id="14-13"/>
            </sentence>
            <sentence id="15">
                <token content="The" id="15-1">
                    <pos type="DT"/>
                    <lemma type="the"/>
                </token>
                <token content="parts" id="15-2">
                    <pos type="NNS"/>
                    <lemma type="part"/>
                </token>
                <token content="of" id="15-3"/>
                <token content="my" id="15-4">
                    <pos type="PRP$"/>
                    <lemma type="my"/>
                </token>
                <token content="hair" id="15-5">
                    <pos type="NN"/>
                    <lemma type="hair"/>
                </token>
                <token content="he" id="15-6">
                    <pos type="PRP"/>
                    <lemma type="he"/>
                    <dep head="15-8" type="nsubj"/>
                </token>
                <token content="had" id="15-7">
                    <pos type="VBD"/>
                    <lemma type="have"/>
                    <dep head="15-8" type="aux"/>
                </token>
                <token content="cut" id="15-8">
                    <pos type="VBN"/>
                    <lemma type="cut"/>
                </token>
                <token content="away" id="15-9">
                    <pos type="RP"/>
                    <lemma type="away"/>
                    <dep head="15-8" type="prt"/>
                </token>
                <token content="were" id="15-10">
                    <pos type="VBD"/>
                    <lemma type="be"/>
                </token>
                <token content="all" id="15-11">
                    <pos type="DT"/>
                    <lemma type="all"/>
                </token>
                <token content="over" id="15-12"/>
                <token content="the" id="15-13">
                    <pos type="DT"/>
                    <lemma type="the"/>
                </token>
                <token content="floor" id="15-14">
                    <pos type="NN"/>
                    <lemma type="floor"/>
                </token>
                <token content="." id="15-15"/>
            </sentence>
            <sentence id="16">
                <token content="I" id="16-1">
                    <pos type="PRP"/>
                    <lemma type="I"/>
                    <dep head="16-2" type="nsubj"/>
                </token>
                <token content="paid" id="16-2">
                    <pos type="VBD"/>
                    <lemma type="pay"/>
                </token>
                <token content="him" id="16-3">
                    <pos type="PRP"/>
                    <lemma type="he"/>
                    <dep head="16-2" type="dobj"/>
                </token>
                <token content="and" id="16-4"/>
                <token content="went" id="16-5">
                    <pos type="VBD"/>
                    <lemma type="go"/>
                    <dep head="16-2" type="conj"/>
                </token>
                <token content="home" id="16-6">
                    <pos type="NN"/>
                    <lemma type="home"/>
                    <dep head="16-5" type="dobj"/>
                </token>
                <token content="with" id="16-7"/>
                <token content="my" id="16-8">
                    <pos type="PRP$"/>
                    <lemma type="my"/>
                </token>
                <token content="clean" id="16-9">
                    <pos type="JJ"/>
                    <lemma type="clean"/>
                </token>
                <token content="," id="16-10"/>
                <token content="shorter" id="16-11">
                    <pos type="JJR"/>
                    <lemma type="shorter"/>
                </token>
                <token content="hair" id="16-12">
                    <pos type="NN"/>
                    <lemma type="hair"/>
                    <dep head="16-5" type="prep"/>
                </token>
                <token content="." id="16-13"/>
            </sentence>
        </sentences>
    </text>
    <annotations>
        <participants>
            <label from="1-2" id="0" name="ScrPart_time/date" text="morning" type="participant"/>
            <label from="1-4" id="1" name="ScrPart_customer" text="I" type="participant"/>
            <label from="1-7" id="2" name="ScrPart_customer" text="my" type="participant"/>
            <label from="1-8" id="3" name="ScrPart_hair" text="hair" type="participant"/>
            <label from="1-11" id="4" name="ScrPart_hair" text="it" type="participant"/>
            <label from="1-15" id="5" name="No_label" text="way" type="participant"/>
            <label from="1-17" id="6" name="ScrPart_customer" text="my" type="participant"/>
            <label from="1-18" id="7" name="NPart" text="shoulders" type="participant"/>
            <label from="2-1" id="8" name="ScrPart_customer" text="I" type="participant"/>
            <label from="2-10" id="9" name="ScrPart_customer" text="I" type="participant"/>
            <label from="2-12" id="10" name="No_label" text="it" type="participant"/>
            <label from="2-14" id="11" name="ScrPart_time/date" text="time" type="participant"/>
            <label from="2-17" id="12" name="ScrPart_hair" text="it" type="participant"/>
            <label from="3-1" id="13" name="ScrPart_customer" text="I" type="participant"/>
            <label from="3-3" id="14" name="ScrPart_customer" text="my" type="participant"/>
            <label from="3-4" id="15" name="ScrPart_hairdresser" text="barber" type="participant"/>
            <label from="3-8" id="16" name="ScrPart_appointment" text="appointment" type="participant"/>
            <label from="3-10" id="17" name="ScrPart_time/date" text="1:00" type="participant"/>
            <label from="4-2" id="18" name="No_label" text="it" type="participant"/>
            <label from="4-4" id="19" name="ScrPart_time/date" text="time" type="participant"/>
            <label from="4-6" id="20" name="ScrPart_customer" text="my" type="participant"/>
            <label from="4-7" id="21" name="ScrPart_appointment" text="appointment" type="participant"/>
            <label from="4-9" id="22" name="ScrPart_customer" text="I" type="participant"/>
            <label from="4-13" id="23" name="ScrPart_salon" text="barber shop" to="4-14" type="participant"/>
            <label from="4-14" id="24" name="ScrPart_salon" text="shop" type="participant"/>
            <label from="4-18" id="25" name="ScrPart_customer" text="my" type="participant"/>
            <label from="4-19" id="26" name="ScrPart_hairdresser" text="barber" type="participant"/>
            <label from="4-22" id="27" name="ScrPart_customer" text="my" type="participant"/>
            <label from="4-23" id="28" name="NPart" text="name" type="participant"/>
            <label from="5-1" id="29" name="ScrPart_customer" text="I" type="participant"/>
            <label from="5-5" id="30" name="ScrPart_entertainment" text="pamphlets" type="participant"/>
            <label from="5-10" id="31" name="ScrPart_haircut" text="hairdos" type="participant"/>
            <label from="5-11" id="32" name="ScrPart_customer" text="I" type="participant"/>
            <label from="5-16" id="33" name="ScrPart_customer" text="I" type="participant"/>
            <label from="5-20" id="34" name="ScrPart_customer" text="my" type="participant"/>
            <label from="5-22" id="35" name="ScrPart_haircut" text="hairstyle" type="participant"/>
            <label from="6-2" id="36" name="ScrPart_customer" text="my" type="participant"/>
            <label from="6-3" id="37" name="ScrPart_hairdresser" text="barber" type="participant"/>
            <label from="6-5" id="38" name="ScrPart_customer" text="my" type="participant"/>
            <label from="6-6" id="39" name="NPart" text="name" type="participant"/>
            <label from="6-8" id="40" name="ScrPart_customer" text="I" type="participant"/>
            <label from="6-14" id="41" name="ScrPart_chair" text="chair" type="participant"/>
            <label from="6-16" id="42" name="No_label" text="front" type="participant"/>
            <label from="6-19" id="43" name="ScrPart_wash_basin" text="sink" type="participant"/>
            <label from="6-22" id="44" name="ScrPart_customer" text="my" type="participant"/>
            <label from="6-23" id="45" name="ScrPart_other" text="head" type="participant"/>
            <label from="7-1" id="46" name="ScrPart_customer" text="My" type="participant"/>
            <label from="7-2" id="47" name="ScrPart_hairdresser" text="barber" type="participant"/>
            <label from="7-4" id="48" name="ScrPart_customer" text="my" type="participant"/>
            <label from="7-5" id="49" name="ScrPart_hair" text="hair" type="participant"/>
            <label from="7-8" id="50" name="ScrPart_hair_styling/treatment" text="shampoo" type="participant"/>
            <label from="7-14" id="51" name="ScrPart_hair" text="it" type="participant"/>
            <label from="7-19" id="52" name="ScrPart_hairdresser" text="him" type="participant"/>
            <label from="8-3" id="53" name="ScrPart_customer" text="I" type="participant"/>
            <label from="8-11" id="54" name="ScrPart_chair" text="chair" type="participant"/>
            <label from="8-13" id="55" name="ScrPart_hairdresser" text="he" type="participant"/>
            <label from="8-16" id="56" name="ScrPart_cape" text="smock" type="participant"/>
            <label from="8-18" id="57" name="ScrPart_customer" text="me" type="participant"/>
            <label from="8-23" id="58" name="ScrPart_hair" text="hair" type="participant"/>
            <label from="8-28" id="59" name="ScrPart_customer" text="my" type="participant"/>
            <label from="8-29" id="60" name="ScrPart_other" text="clothes" type="participant"/>
            <label from="9-4" id="61" name="ScrPart_haircut" text="trim" type="participant"/>
            <label from="9-8" id="62" name="ScrPart_customer" text="I" type="participant"/>
            <label from="9-10" id="63" name="ScrPart_hairdresser" text="him" type="participant"/>
            <label from="10-1" id="64" name="ScrPart_hairdresser" text="He" type="participant"/>
            <label from="10-4" id="65" name="ScrPart_other" text="foot pedal" to="10-5" type="participant"/>
            <label from="10-8" id="66" name="Head_of_Partitive" text="bottom" type="participant"/>
            <label from="10-11" id="67" name="ScrPart_chair" text="chair" type="participant"/>
            <label from="10-13" id="68" name="ScrPart_customer" text="I" type="participant"/>
            <label from="10-19" id="69" name="ScrPart_hairdresser" text="he" type="participant"/>
            <label from="11-1" id="70" name="ScrPart_hairdresser" text="He" type="participant"/>
            <label from="11-5" id="71" name="ScrPart_customer" text="my" type="participant"/>
            <label from="11-6" id="72" name="ScrPart_hair" text="hair" type="participant"/>
            <label from="11-8" id="73" name="ScrPart_hairdresser" text="his" type="participant"/>
            <label from="11-9" id="74" name="ScrPart_scissors" text="scissors" type="participant"/>
            <label from="11-12" id="75" name="ScrPart_customer" text="I" type="participant"/>
            <label from="11-14" id="76" name="ScrPart_hairdresser" text="him" type="participant"/>
            <label from="11-17" id="77" name="ScrPart_mirror" text="mirror" type="participant"/>
            <label from="12-3" id="78" name="No_label" text="time" type="participant"/>
            <label from="12-5" id="79" name="ScrPart_hairdresser" text="he" type="participant"/>
            <label from="12-8" id="80" name="ScrPart_scissors" text="scissors" type="participant"/>
            <label from="12-13" id="81" name="ScrPart_customer" text="my" type="participant"/>
            <label from="12-14" id="82" name="ScrPart_hair" text="hair" type="participant"/>
            <label from="13-1" id="83" name="No_label" text="It" type="participant"/>
            <label from="14-1" id="84" name="ScrPart_hairdresser" text="He" type="participant"/>
            <label from="14-5" id="85" name="ScrPart_hair" text="hairs" type="participant"/>
            <label from="14-7" id="86" name="ScrPart_customer" text="my" type="participant"/>
            <label from="14-8" id="87" name="NPart" text="neck" type="participant"/>
            <label from="14-12" id="88" name="ScrPart_cape" text="smock" type="participant"/>
            <label from="15-2" id="89" name="Head_of_Partitive" text="parts" type="participant"/>
            <label from="15-4" id="90" name="ScrPart_customer" text="my" type="participant"/>
            <label from="15-5" id="91" name="ScrPart_hair" text="hair" type="participant"/>
            <label from="15-6" id="92" name="ScrPart_hairdresser" text="he" type="participant"/>
            <label from="15-14" id="93" name="NPart" text="floor" type="participant"/>
            <label from="16-1" id="94" name="ScrPart_customer" text="I" type="participant"/>
            <label from="16-3" id="95" name="ScrPart_hairdresser" text="him" type="participant"/>
            <label from="16-6" id="96" name="NPart" text="home" type="participant"/>
            <label from="16-8" id="97" name="ScrPart_customer" text="my" type="participant"/>
            <label from="16-12" id="98" name="ScrPart_hair" text="hair" type="participant"/>
        </participants>
        <events>
            <label from="1-6" id="99" name="ScrEv_brush_hair" text="brushing" type="event"/>
            <label from="1-10" id="100" name="UnrelEv" text="realized" type="event"/>
            <label from="1-12" id="101" name="UnrelEv" text="stretched" type="event"/>
            <label from="2-4" id="102" name="UnrelEv" text="pull" type="event"/>
            <label from="2-11" id="103" name="UnrelEv" text="realized" type="event"/>
            <label from="2-13" id="104" name="UnrelEv" text="was" type="event"/>
            <label from="2-16" id="105" name="Evoking" text="get it cut" to="2-18" type="event"/>
            <label from="3-2" id="106" name="UnrelEv" text="called" type="event"/>
            <label from="3-6" id="107" name="ScrEv_make_appointment" text="scheduled" type="event"/>
            <label from="4-3" id="108" name="UnrelEv" text="came" type="event"/>
            <label from="4-10" id="109" name="ScrEv_get_salon" text="drove" type="event"/>
            <label from="4-16" id="110" name="ScrEv_wait" text="waited" type="event"/>
            <label from="4-21" id="111" name="RelNScrEv" text="call" type="event"/>
            <label from="5-2" id="112" name="RelNScrEv" text="looked through" to="5-3" type="event"/>
            <label from="5-2" id="113" name="RelNScrEv" text="looked" type="event"/>
            <label from="5-6" id="114" name="UnrelEv" text="showing" type="event"/>
            <label from="5-13" id="115" name="RelNScrEv" text="get" type="event"/>
            <label from="5-17" id="116" name="UnrelEv" text="decided" type="event"/>
            <label from="5-19" id="117" name="UnrelEv" text="keep" type="event"/>
            <label from="6-4" id="118" name="ScrEv_get_called" text="called" type="event"/>
            <label from="6-9" id="119" name="ScrEv_prepare_wash" text="sat down" to="6-10" type="event"/>
            <label from="6-9" id="120" name="ScrEv_prepare_wash" text="sat" type="event"/>
            <label from="6-21" id="121" name="ScrEv_prepare_wash" text="leaned" type="event"/>
            <label from="7-3" id="122" name="ScrEv_wash" text="gave" type="event"/>
            <label from="7-11" id="123" name="ScrEv_wash" text="rinse" type="event"/>
            <label from="7-16" id="124" name="UnrelEv" text="be" type="event"/>
            <label from="8-4" id="125" name="ScrEv_move_in_salon" text="moved over" to="8-5" type="event"/>
            <label from="8-4" id="126" name="ScrEv_move_in_salon" text="moved" type="event"/>
            <label from="8-14" id="127" name="ScrEv_put_on_cape" text="wrapped" type="event"/>
            <label from="8-22" id="128" name="ScrEv_cut" text="cut" type="event"/>
            <label from="8-26" id="129" name="RelNScrEv" text="get" type="event"/>
            <label from="10-2" id="130" name="RelNScrEv" text="pushed" type="event"/>
            <label from="10-15" id="131" name="RelNScrEv" text="raised" type="event"/>
            <label from="10-21" id="132" name="UnrelEv" text="see" type="event"/>
            <label from="11-2" id="133" name="UnrelEv" text="began" type="event"/>
            <label from="11-3" id="134" name="ScrEv_cut" text="snipping" type="event"/>
            <label from="11-13" id="135" name="ScrEv_look_mirror" text="watched" type="event"/>
            <label from="12-6" id="136" name="RelNScrEv" text="put" type="event"/>
            <label from="12-11" id="137" name="UnrelEv" text="began" type="event"/>
            <label from="12-12" id="138" name="ScrEv_comb" text="combing" type="event"/>
            <label from="13-2" id="139" name="UnrelEv" text="was" type="event"/>
            <label from="13-4" id="140" name="UnrelEv" text="done" type="event"/>
            <label from="14-2" id="141" name="ScrEv_brush_hair" text="brushed" type="event"/>
            <label from="14-10" id="142" name="ScrEv_remove_cap" text="unhooked" type="event"/>
            <label from="15-8" id="143" name="ScrEv_cut" text="cut" type="event"/>
            <label from="15-10" id="144" name="UnrelEv" text="were" type="event"/>
            <label from="16-2" id="145" name="ScrEv_pay" text="paid" type="event"/>
            <label from="16-5" id="146" name="UnrelEv" text="went" type="event"/>
        </events>
        <chains>
            <chain elements="1 2 6 8 9 13 22 25 27 29 32 33 34 36 38 40 44 46 48 53 57 59 62 68 71 75 81 86 90 94 97"/>
            <chain elements="3 4 12 49 51 58 72 82 85 91 98"/>
            <chain elements="16 21"/>
            <chain elements="15 26 37 47 52 55 63 64 69 70 73 76 79 84 92 95"/>
            <chain elements="31 35 61"/>
            <chain elements="41 54 67"/>
            <chain elements="74 80"/>
        </chains>
    </annotations>
</story>
