<?xml version="1.0" encoding="UTF-8" standalone="no"?>
<!DOCTYPE story SYSTEM "../InScript.dtd">
<story id="095" scenario="haircut">
    <text>
        <content>As I was getting ready for work this morning , I noticed in the mirror that my hair was getting a bit longer than I 'd like . 
I resolved to go get a haircut after work . 
While I was at work , I researched salons . 
I decided on one while I was at lunch , and called to make an appointment for 5 pm . 
I got there about 15 minutes early , and informed the receptionist that I had an appointment . 
She welcomed me and asked me to have a seat . 
I saw and perused a few magazines and hairstyle books while I waited , and actually found a style I liked more than what I had already had in mind . 
Once the stylist was done with her previous client , she came to greet me . 
She asked what I wanted and I presented the picture I found . 
She said that was no problem , and took me back to the styling chair . 
She washed and conditioned my hair and put a cape on me . 
She confirmed with me again what I wanted , and set off to cutting . 
I sat as tiny bits of hair fell all around me . 
Once she was done , she blow dried and styled my hair . 
It looked just like the picture . 
That 's how I got a hair cut . </content>
        <sentences>
            <sentence id="1">
                <token content="As" id="1-1">
                    <pos type="IN"/>
                    <lemma type="as"/>
                    <dep head="1-4" type="mark"/>
                </token>
                <token content="I" id="1-2">
                    <pos type="PRP"/>
                    <lemma type="I"/>
                    <dep head="1-4" type="nsubj"/>
                </token>
                <token content="was" id="1-3">
                    <pos type="VBD"/>
                    <lemma type="be"/>
                    <dep head="1-4" type="aux"/>
                </token>
                <token content="getting" id="1-4">
                    <pos type="VBG"/>
                    <lemma type="get"/>
                    <dep head="1-12" type="advcl"/>
                </token>
                <token content="ready" id="1-5">
                    <pos type="JJ"/>
                    <lemma type="ready"/>
                    <dep head="1-4" type="xcomp"/>
                </token>
                <token content="for" id="1-6"/>
                <token content="work" id="1-7">
                    <pos type="NN"/>
                    <lemma type="work"/>
                </token>
                <token content="this" id="1-8">
                    <pos type="DT"/>
                    <lemma type="this"/>
                </token>
                <token content="morning" id="1-9">
                    <pos type="NN"/>
                    <lemma type="morning"/>
                    <dep head="1-4" type="tmod"/>
                </token>
                <token content="," id="1-10"/>
                <token content="I" id="1-11">
                    <pos type="PRP"/>
                    <lemma type="I"/>
                    <dep head="1-12" type="nsubj"/>
                </token>
                <token content="noticed" id="1-12">
                    <pos type="VBD"/>
                    <lemma type="notice"/>
                </token>
                <token content="in" id="1-13"/>
                <token content="the" id="1-14">
                    <pos type="DT"/>
                    <lemma type="the"/>
                </token>
                <token content="mirror" id="1-15">
                    <pos type="NN"/>
                    <lemma type="mirror"/>
                    <dep head="1-12" type="prep"/>
                </token>
                <token content="that" id="1-16">
                    <pos type="IN"/>
                    <lemma type="that"/>
                    <dep head="1-20" type="mark"/>
                </token>
                <token content="my" id="1-17">
                    <pos type="PRP$"/>
                    <lemma type="my"/>
                </token>
                <token content="hair" id="1-18">
                    <pos type="NN"/>
                    <lemma type="hair"/>
                    <dep head="1-20" type="nsubj"/>
                </token>
                <token content="was" id="1-19">
                    <pos type="VBD"/>
                    <lemma type="be"/>
                    <dep head="1-20" type="aux"/>
                </token>
                <token content="getting" id="1-20">
                    <pos type="VBG"/>
                    <lemma type="get"/>
                    <dep head="1-12" type="ccomp"/>
                </token>
                <token content="a" id="1-21">
                    <pos type="DT"/>
                    <lemma type="a"/>
                </token>
                <token content="bit" id="1-22">
                    <pos type="RB"/>
                    <lemma type="bit"/>
                </token>
                <token content="longer" id="1-23">
                    <pos type="RBR"/>
                    <lemma type="longer"/>
                    <dep head="1-20" type="advmod"/>
                </token>
                <token content="than" id="1-24">
                    <pos type="IN"/>
                    <lemma type="than"/>
                    <dep head="1-27" type="mark"/>
                </token>
                <token content="I" id="1-25">
                    <pos type="PRP"/>
                    <lemma type="I"/>
                    <dep head="1-27" type="nsubj"/>
                </token>
                <token content="'d" id="1-26">
                    <pos type="MD"/>
                    <lemma type="would"/>
                    <dep head="1-27" type="aux"/>
                </token>
                <token content="like" id="1-27">
                    <pos type="VB"/>
                    <lemma type="like"/>
                </token>
                <token content="." id="1-28"/>
            </sentence>
            <sentence id="2">
                <token content="I" id="2-1">
                    <pos type="PRP"/>
                    <lemma type="I"/>
                    <dep head="2-2" type="nsubj"/>
                </token>
                <token content="resolved" id="2-2">
                    <pos type="VBD"/>
                    <lemma type="resolve"/>
                </token>
                <token content="to" id="2-3">
                    <pos type="TO"/>
                    <lemma type="to"/>
                    <dep head="2-4" type="aux"/>
                </token>
                <token content="go" id="2-4">
                    <pos type="VB"/>
                    <lemma type="go"/>
                    <dep head="2-2" type="xcomp"/>
                </token>
                <token content="get" id="2-5">
                    <pos type="VB"/>
                    <lemma type="get"/>
                    <dep head="2-4" type="xcomp"/>
                </token>
                <token content="a" id="2-6">
                    <pos type="DT"/>
                    <lemma type="a"/>
                </token>
                <token content="haircut" id="2-7">
                    <pos type="NN"/>
                    <lemma type="haircut"/>
                    <dep head="2-5" type="dobj"/>
                </token>
                <token content="after" id="2-8"/>
                <token content="work" id="2-9">
                    <pos type="NN"/>
                    <lemma type="work"/>
                    <dep head="2-5" type="prep"/>
                </token>
                <token content="." id="2-10"/>
            </sentence>
            <sentence id="3">
                <token content="While" id="3-1">
                    <pos type="IN"/>
                    <lemma type="while"/>
                    <dep head="3-3" type="mark"/>
                </token>
                <token content="I" id="3-2">
                    <pos type="PRP"/>
                    <lemma type="I"/>
                    <dep head="3-3" type="nsubj"/>
                </token>
                <token content="was" id="3-3">
                    <pos type="VBD"/>
                    <lemma type="be"/>
                    <dep head="3-8" type="advcl"/>
                </token>
                <token content="at" id="3-4"/>
                <token content="work" id="3-5">
                    <pos type="NN"/>
                    <lemma type="work"/>
                    <dep head="3-3" type="prep"/>
                </token>
                <token content="," id="3-6"/>
                <token content="I" id="3-7">
                    <pos type="PRP"/>
                    <lemma type="I"/>
                    <dep head="3-8" type="nsubj"/>
                </token>
                <token content="researched" id="3-8">
                    <pos type="VBZ"/>
                    <lemma type="research"/>
                </token>
                <token content="salons" id="3-9">
                    <pos type="NNS"/>
                    <lemma type="salon"/>
                    <dep head="3-8" type="dobj"/>
                </token>
                <token content="." id="3-10"/>
            </sentence>
            <sentence id="4">
                <token content="I" id="4-1">
                    <pos type="PRP"/>
                    <lemma type="I"/>
                    <dep head="4-2" type="nsubj"/>
                </token>
                <token content="decided" id="4-2">
                    <pos type="VBD"/>
                    <lemma type="decide"/>
                </token>
                <token content="on" id="4-3"/>
                <token content="one" id="4-4">
                    <pos type="CD"/>
                    <lemma type="one"/>
                    <dep head="4-2" type="prep"/>
                </token>
                <token content="while" id="4-5">
                    <pos type="IN"/>
                    <lemma type="while"/>
                    <dep head="4-7" type="mark"/>
                </token>
                <token content="I" id="4-6">
                    <pos type="PRP"/>
                    <lemma type="I"/>
                    <dep head="4-7" type="nsubj"/>
                </token>
                <token content="was" id="4-7">
                    <pos type="VBD"/>
                    <lemma type="be"/>
                    <dep head="4-2" type="advcl"/>
                </token>
                <token content="at" id="4-8"/>
                <token content="lunch" id="4-9">
                    <pos type="NN"/>
                    <lemma type="lunch"/>
                    <dep head="4-7" type="prep"/>
                </token>
                <token content="," id="4-10"/>
                <token content="and" id="4-11"/>
                <token content="called" id="4-12">
                    <pos type="VBD"/>
                    <lemma type="call"/>
                    <dep head="4-7" type="conj"/>
                </token>
                <token content="to" id="4-13">
                    <pos type="TO"/>
                    <lemma type="to"/>
                    <dep head="4-14" type="aux"/>
                </token>
                <token content="make" id="4-14">
                    <pos type="VB"/>
                    <lemma type="make"/>
                    <dep head="4-12" type="xcomp"/>
                </token>
                <token content="an" id="4-15">
                    <pos type="DT"/>
                    <lemma type="a"/>
                </token>
                <token content="appointment" id="4-16">
                    <pos type="NN"/>
                    <lemma type="appointment"/>
                    <dep head="4-14" type="dobj"/>
                </token>
                <token content="for" id="4-17"/>
                <token content="5" id="4-18">
                    <pos type="CD"/>
                    <lemma type="5"/>
                </token>
                <token content="pm" id="4-19">
                    <pos type="NN"/>
                    <lemma type="pm"/>
                </token>
                <token content="." id="4-20"/>
            </sentence>
            <sentence id="5">
                <token content="I" id="5-1">
                    <pos type="PRP"/>
                    <lemma type="I"/>
                    <dep head="5-2" type="nsubj"/>
                </token>
                <token content="got" id="5-2">
                    <pos type="VBD"/>
                    <lemma type="get"/>
                </token>
                <token content="there" id="5-3">
                    <pos type="RB"/>
                    <lemma type="there"/>
                    <dep head="5-2" type="advmod"/>
                </token>
                <token content="about" id="5-4">
                    <pos type="IN"/>
                    <lemma type="about"/>
                    <dep head="5-2" type="prep"/>
                </token>
                <token content="15" id="5-5">
                    <pos type="CD"/>
                    <lemma type="15"/>
                </token>
                <token content="minutes" id="5-6">
                    <pos type="NNS"/>
                    <lemma type="minute"/>
                </token>
                <token content="early" id="5-7">
                    <pos type="RB"/>
                    <lemma type="early"/>
                </token>
                <token content="," id="5-8"/>
                <token content="and" id="5-9"/>
                <token content="informed" id="5-10">
                    <pos type="VBD"/>
                    <lemma type="inform"/>
                    <dep head="5-2" type="conj"/>
                </token>
                <token content="the" id="5-11">
                    <pos type="DT"/>
                    <lemma type="the"/>
                </token>
                <token content="receptionist" id="5-12">
                    <pos type="NN"/>
                    <lemma type="receptionist"/>
                    <dep head="5-10" type="dobj"/>
                </token>
                <token content="that" id="5-13">
                    <pos type="IN"/>
                    <lemma type="that"/>
                    <dep head="5-15" type="mark"/>
                </token>
                <token content="I" id="5-14">
                    <pos type="PRP"/>
                    <lemma type="I"/>
                    <dep head="5-15" type="nsubj"/>
                </token>
                <token content="had" id="5-15">
                    <pos type="VBD"/>
                    <lemma type="have"/>
                    <dep head="5-10" type="ccomp"/>
                </token>
                <token content="an" id="5-16">
                    <pos type="DT"/>
                    <lemma type="a"/>
                </token>
                <token content="appointment" id="5-17">
                    <pos type="NN"/>
                    <lemma type="appointment"/>
                    <dep head="5-15" type="dobj"/>
                </token>
                <token content="." id="5-18"/>
            </sentence>
            <sentence id="6">
                <token content="She" id="6-1">
                    <pos type="PRP"/>
                    <lemma type="she"/>
                    <dep head="6-2" type="nsubj"/>
                </token>
                <token content="welcomed" id="6-2">
                    <pos type="VBD"/>
                    <lemma type="welcome"/>
                </token>
                <token content="me" id="6-3">
                    <pos type="PRP"/>
                    <lemma type="I"/>
                    <dep head="6-2" type="dobj"/>
                </token>
                <token content="and" id="6-4"/>
                <token content="asked" id="6-5">
                    <pos type="VBD"/>
                    <lemma type="ask"/>
                    <dep head="6-2" type="conj"/>
                </token>
                <token content="me" id="6-6">
                    <pos type="PRP"/>
                    <lemma type="I"/>
                    <dep head="6-5" type="dobj"/>
                </token>
                <token content="to" id="6-7">
                    <pos type="TO"/>
                    <lemma type="to"/>
                    <dep head="6-8" type="aux"/>
                </token>
                <token content="have" id="6-8">
                    <pos type="VB"/>
                    <lemma type="have"/>
                    <dep head="6-5" type="xcomp"/>
                </token>
                <token content="a" id="6-9">
                    <pos type="DT"/>
                    <lemma type="a"/>
                </token>
                <token content="seat" id="6-10">
                    <pos type="NN"/>
                    <lemma type="seat"/>
                    <dep head="6-8" type="dobj"/>
                </token>
                <token content="." id="6-11"/>
            </sentence>
            <sentence id="7">
                <token content="I" id="7-1">
                    <pos type="PRP"/>
                    <lemma type="I"/>
                    <dep head="7-2" type="nsubj"/>
                </token>
                <token content="saw" id="7-2">
                    <pos type="VBD"/>
                    <lemma type="see"/>
                </token>
                <token content="and" id="7-3"/>
                <token content="perused" id="7-4">
                    <pos type="VBD"/>
                    <lemma type="peruse"/>
                    <dep head="7-2" type="conj"/>
                </token>
                <token content="a" id="7-5">
                    <pos type="DT"/>
                    <lemma type="a"/>
                </token>
                <token content="few" id="7-6">
                    <pos type="JJ"/>
                    <lemma type="few"/>
                </token>
                <token content="magazines" id="7-7">
                    <pos type="NNS"/>
                    <lemma type="magazine"/>
                    <dep head="7-4" type="dobj"/>
                </token>
                <token content="and" id="7-8"/>
                <token content="hairstyle" id="7-9">
                    <pos type="NN"/>
                    <lemma type="hairstyle"/>
                </token>
                <token content="books" id="7-10">
                    <pos type="NNS"/>
                    <lemma type="book"/>
                </token>
                <token content="while" id="7-11">
                    <pos type="IN"/>
                    <lemma type="while"/>
                    <dep head="7-13" type="mark"/>
                </token>
                <token content="I" id="7-12">
                    <pos type="PRP"/>
                    <lemma type="I"/>
                    <dep head="7-13" type="nsubj"/>
                </token>
                <token content="waited" id="7-13">
                    <pos type="VBD"/>
                    <lemma type="wait"/>
                    <dep head="7-4" type="advcl"/>
                </token>
                <token content="," id="7-14"/>
                <token content="and" id="7-15"/>
                <token content="actually" id="7-16">
                    <pos type="RB"/>
                    <lemma type="actually"/>
                    <dep head="7-17" type="advmod"/>
                </token>
                <token content="found" id="7-17">
                    <pos type="VBD"/>
                    <lemma type="find"/>
                    <dep head="7-13" type="conj"/>
                </token>
                <token content="a" id="7-18">
                    <pos type="DT"/>
                    <lemma type="a"/>
                </token>
                <token content="style" id="7-19">
                    <pos type="NN"/>
                    <lemma type="style"/>
                    <dep head="7-17" type="dobj"/>
                </token>
                <token content="I" id="7-20">
                    <pos type="PRP"/>
                    <lemma type="I"/>
                    <dep head="7-21" type="nsubj"/>
                </token>
                <token content="liked" id="7-21">
                    <pos type="VBD"/>
                    <lemma type="like"/>
                </token>
                <token content="more" id="7-22">
                    <pos type="RBR"/>
                    <lemma type="more"/>
                </token>
                <token content="than" id="7-23">
                    <pos type="IN"/>
                    <lemma type="than"/>
                    <dep head="7-21" type="advmod"/>
                </token>
                <token content="what" id="7-24">
                    <pos type="WP"/>
                    <lemma type="what"/>
                    <dep head="7-28" type="dobj"/>
                </token>
                <token content="I" id="7-25">
                    <pos type="PRP"/>
                    <lemma type="I"/>
                    <dep head="7-28" type="nsubj"/>
                </token>
                <token content="had" id="7-26">
                    <pos type="VBD"/>
                    <lemma type="have"/>
                    <dep head="7-28" type="aux"/>
                </token>
                <token content="already" id="7-27">
                    <pos type="RB"/>
                    <lemma type="already"/>
                    <dep head="7-28" type="advmod"/>
                </token>
                <token content="had" id="7-28">
                    <pos type="VBN"/>
                    <lemma type="have"/>
                    <dep head="7-21" type="ccomp"/>
                </token>
                <token content="in" id="7-29"/>
                <token content="mind" id="7-30">
                    <pos type="NN"/>
                    <lemma type="mind"/>
                    <dep head="7-28" type="prep"/>
                </token>
                <token content="." id="7-31"/>
            </sentence>
            <sentence id="8">
                <token content="Once" id="8-1">
                    <pos type="IN"/>
                    <lemma type="once"/>
                    <dep head="8-5" type="mark"/>
                </token>
                <token content="the" id="8-2">
                    <pos type="DT"/>
                    <lemma type="the"/>
                </token>
                <token content="stylist" id="8-3">
                    <pos type="NN"/>
                    <lemma type="stylist"/>
                    <dep head="8-5" type="nsubjpass"/>
                </token>
                <token content="was" id="8-4">
                    <pos type="VBD"/>
                    <lemma type="be"/>
                    <dep head="8-5" type="auxpass"/>
                </token>
                <token content="done" id="8-5">
                    <pos type="VBN"/>
                    <lemma type="do"/>
                    <dep head="8-12" type="advcl"/>
                </token>
                <token content="with" id="8-6"/>
                <token content="her" id="8-7">
                    <pos type="PRP$"/>
                    <lemma type="she"/>
                </token>
                <token content="previous" id="8-8">
                    <pos type="JJ"/>
                    <lemma type="previous"/>
                </token>
                <token content="client" id="8-9">
                    <pos type="NN"/>
                    <lemma type="client"/>
                    <dep head="8-5" type="prep"/>
                </token>
                <token content="," id="8-10"/>
                <token content="she" id="8-11">
                    <pos type="PRP"/>
                    <lemma type="she"/>
                    <dep head="8-12" type="nsubj"/>
                </token>
                <token content="came" id="8-12">
                    <pos type="VBD"/>
                    <lemma type="come"/>
                </token>
                <token content="to" id="8-13">
                    <pos type="TO"/>
                    <lemma type="to"/>
                    <dep head="8-14" type="aux"/>
                </token>
                <token content="greet" id="8-14">
                    <pos type="VB"/>
                    <lemma type="greet"/>
                    <dep head="8-12" type="xcomp"/>
                </token>
                <token content="me" id="8-15">
                    <pos type="PRP"/>
                    <lemma type="I"/>
                    <dep head="8-14" type="dobj"/>
                </token>
                <token content="." id="8-16"/>
            </sentence>
            <sentence id="9">
                <token content="She" id="9-1">
                    <pos type="PRP"/>
                    <lemma type="she"/>
                    <dep head="9-2" type="nsubj"/>
                </token>
                <token content="asked" id="9-2">
                    <pos type="VBD"/>
                    <lemma type="ask"/>
                </token>
                <token content="what" id="9-3">
                    <pos type="WP"/>
                    <lemma type="what"/>
                    <dep head="9-5" type="dobj"/>
                </token>
                <token content="I" id="9-4">
                    <pos type="PRP"/>
                    <lemma type="I"/>
                    <dep head="9-5" type="nsubj"/>
                </token>
                <token content="wanted" id="9-5">
                    <pos type="VBD"/>
                    <lemma type="want"/>
                    <dep head="9-2" type="ccomp"/>
                </token>
                <token content="and" id="9-6"/>
                <token content="I" id="9-7">
                    <pos type="PRP"/>
                    <lemma type="I"/>
                    <dep head="9-8" type="nsubj"/>
                </token>
                <token content="presented" id="9-8">
                    <pos type="VBD"/>
                    <lemma type="present"/>
                    <dep head="9-2" type="conj"/>
                </token>
                <token content="the" id="9-9">
                    <pos type="DT"/>
                    <lemma type="the"/>
                </token>
                <token content="picture" id="9-10">
                    <pos type="NN"/>
                    <lemma type="picture"/>
                    <dep head="9-8" type="dobj"/>
                </token>
                <token content="I" id="9-11">
                    <pos type="PRP"/>
                    <lemma type="I"/>
                    <dep head="9-12" type="nsubj"/>
                </token>
                <token content="found" id="9-12">
                    <pos type="VBD"/>
                    <lemma type="find"/>
                </token>
                <token content="." id="9-13"/>
            </sentence>
            <sentence id="10">
                <token content="She" id="10-1">
                    <pos type="PRP"/>
                    <lemma type="she"/>
                    <dep head="10-2" type="nsubj"/>
                </token>
                <token content="said" id="10-2">
                    <pos type="VBD"/>
                    <lemma type="say"/>
                </token>
                <token content="that" id="10-3">
                    <pos type="IN"/>
                    <lemma type="that"/>
                </token>
                <token content="was" id="10-4">
                    <pos type="VBD"/>
                    <lemma type="be"/>
                </token>
                <token content="no" id="10-5">
                    <pos type="DT"/>
                    <lemma type="no"/>
                </token>
                <token content="problem" id="10-6">
                    <pos type="NN"/>
                    <lemma type="problem"/>
                    <dep head="10-2" type="ccomp"/>
                </token>
                <token content="," id="10-7"/>
                <token content="and" id="10-8"/>
                <token content="took" id="10-9">
                    <pos type="VBD"/>
                    <lemma type="take"/>
                    <dep head="10-2" type="conj"/>
                </token>
                <token content="me" id="10-10">
                    <pos type="PRP"/>
                    <lemma type="I"/>
                    <dep head="10-9" type="dobj"/>
                </token>
                <token content="back" id="10-11">
                    <pos type="RB"/>
                    <lemma type="back"/>
                    <dep head="10-9" type="advmod"/>
                </token>
                <token content="to" id="10-12"/>
                <token content="the" id="10-13">
                    <pos type="DT"/>
                    <lemma type="the"/>
                </token>
                <token content="styling" id="10-14">
                    <pos type="VBG"/>
                    <lemma type="style"/>
                </token>
                <token content="chair" id="10-15">
                    <pos type="NN"/>
                    <lemma type="chair"/>
                    <dep head="10-9" type="prep"/>
                </token>
                <token content="." id="10-16"/>
            </sentence>
            <sentence id="11">
                <token content="She" id="11-1">
                    <pos type="PRP"/>
                    <lemma type="she"/>
                    <dep head="11-2" type="nsubj"/>
                </token>
                <token content="washed" id="11-2">
                    <pos type="VBN"/>
                    <lemma type="wash"/>
                </token>
                <token content="and" id="11-3"/>
                <token content="conditioned" id="11-4">
                    <pos type="VBN"/>
                    <lemma type="condition"/>
                    <dep head="11-2" type="conj"/>
                </token>
                <token content="my" id="11-5">
                    <pos type="PRP$"/>
                    <lemma type="my"/>
                </token>
                <token content="hair" id="11-6">
                    <pos type="NN"/>
                    <lemma type="hair"/>
                    <dep head="11-4" type="dobj"/>
                </token>
                <token content="and" id="11-7"/>
                <token content="put" id="11-8">
                    <pos type="VBD"/>
                    <lemma type="put"/>
                    <dep head="11-2" type="conj"/>
                </token>
                <token content="a" id="11-9">
                    <pos type="DT"/>
                    <lemma type="a"/>
                </token>
                <token content="cape" id="11-10">
                    <pos type="NN"/>
                    <lemma type="cape"/>
                    <dep head="11-8" type="dobj"/>
                </token>
                <token content="on" id="11-11"/>
                <token content="me" id="11-12">
                    <pos type="PRP"/>
                    <lemma type="I"/>
                    <dep head="11-8" type="prep"/>
                </token>
                <token content="." id="11-13"/>
            </sentence>
            <sentence id="12">
                <token content="She" id="12-1">
                    <pos type="PRP"/>
                    <lemma type="she"/>
                    <dep head="12-2" type="nsubj"/>
                </token>
                <token content="confirmed" id="12-2">
                    <pos type="VBD"/>
                    <lemma type="confirm"/>
                </token>
                <token content="with" id="12-3"/>
                <token content="me" id="12-4">
                    <pos type="PRP"/>
                    <lemma type="I"/>
                    <dep head="12-2" type="prep"/>
                </token>
                <token content="again" id="12-5">
                    <pos type="RB"/>
                    <lemma type="again"/>
                    <dep head="12-8" type="advmod"/>
                </token>
                <token content="what" id="12-6">
                    <pos type="WP"/>
                    <lemma type="what"/>
                    <dep head="12-8" type="dobj"/>
                </token>
                <token content="I" id="12-7">
                    <pos type="PRP"/>
                    <lemma type="I"/>
                    <dep head="12-8" type="nsubj"/>
                </token>
                <token content="wanted" id="12-8">
                    <pos type="VBD"/>
                    <lemma type="want"/>
                    <dep head="12-2" type="ccomp"/>
                </token>
                <token content="," id="12-9"/>
                <token content="and" id="12-10"/>
                <token content="set" id="12-11">
                    <pos type="VBD"/>
                    <lemma type="set"/>
                    <dep head="12-8" type="conj"/>
                </token>
                <token content="off" id="12-12">
                    <pos type="RP"/>
                    <lemma type="off"/>
                    <dep head="12-11" type="prt"/>
                </token>
                <token content="to" id="12-13"/>
                <token content="cutting" id="12-14">
                    <pos type="NN"/>
                    <lemma type="cutting"/>
                    <dep head="12-11" type="prep"/>
                </token>
                <token content="." id="12-15"/>
            </sentence>
            <sentence id="13">
                <token content="I" id="13-1">
                    <pos type="PRP"/>
                    <lemma type="I"/>
                    <dep head="13-2" type="nsubj"/>
                </token>
                <token content="sat" id="13-2">
                    <pos type="VBD"/>
                    <lemma type="sit"/>
                </token>
                <token content="as" id="13-3">
                    <pos type="IN"/>
                    <lemma type="as"/>
                    <dep head="13-8" type="mark"/>
                </token>
                <token content="tiny" id="13-4">
                    <pos type="JJ"/>
                    <lemma type="tiny"/>
                </token>
                <token content="bits" id="13-5">
                    <pos type="NNS"/>
                    <lemma type="bit"/>
                    <dep head="13-8" type="nsubj"/>
                </token>
                <token content="of" id="13-6"/>
                <token content="hair" id="13-7">
                    <pos type="NN"/>
                    <lemma type="hair"/>
                </token>
                <token content="fell" id="13-8">
                    <pos type="VBD"/>
                    <lemma type="fall"/>
                    <dep head="13-2" type="advcl"/>
                </token>
                <token content="all" id="13-9">
                    <pos type="DT"/>
                    <lemma type="all"/>
                    <dep head="13-8" type="dobj"/>
                </token>
                <token content="around" id="13-10"/>
                <token content="me" id="13-11">
                    <pos type="PRP"/>
                    <lemma type="I"/>
                    <dep head="13-8" type="prep"/>
                </token>
                <token content="." id="13-12"/>
            </sentence>
            <sentence id="14">
                <token content="Once" id="14-1">
                    <pos type="IN"/>
                    <lemma type="once"/>
                    <dep head="14-4" type="mark"/>
                </token>
                <token content="she" id="14-2">
                    <pos type="PRP"/>
                    <lemma type="she"/>
                    <dep head="14-4" type="nsubjpass"/>
                </token>
                <token content="was" id="14-3">
                    <pos type="VBD"/>
                    <lemma type="be"/>
                    <dep head="14-4" type="auxpass"/>
                </token>
                <token content="done" id="14-4">
                    <pos type="VBN"/>
                    <lemma type="do"/>
                    <dep head="14-8" type="advcl"/>
                </token>
                <token content="," id="14-5"/>
                <token content="she" id="14-6">
                    <pos type="PRP"/>
                    <lemma type="she"/>
                    <dep head="14-8" type="nsubj"/>
                </token>
                <token content="blow" id="14-7">
                    <pos type="RB"/>
                    <lemma type="blow"/>
                    <dep head="14-8" type="advmod"/>
                </token>
                <token content="dried" id="14-8">
                    <pos type="VBD"/>
                    <lemma type="dry"/>
                </token>
                <token content="and" id="14-9"/>
                <token content="styled" id="14-10">
                    <pos type="VBN"/>
                    <lemma type="style"/>
                    <dep head="14-8" type="conj"/>
                </token>
                <token content="my" id="14-11">
                    <pos type="PRP$"/>
                    <lemma type="my"/>
                </token>
                <token content="hair" id="14-12">
                    <pos type="NN"/>
                    <lemma type="hair"/>
                    <dep head="14-10" type="dobj"/>
                </token>
                <token content="." id="14-13"/>
            </sentence>
            <sentence id="15">
                <token content="It" id="15-1">
                    <pos type="PRP"/>
                    <lemma type="it"/>
                    <dep head="15-2" type="nsubj"/>
                </token>
                <token content="looked" id="15-2">
                    <pos type="VBD"/>
                    <lemma type="look"/>
                </token>
                <token content="just" id="15-3">
                    <pos type="RB"/>
                    <lemma type="just"/>
                    <dep head="15-2" type="advmod"/>
                </token>
                <token content="like" id="15-4"/>
                <token content="the" id="15-5">
                    <pos type="DT"/>
                    <lemma type="the"/>
                </token>
                <token content="picture" id="15-6">
                    <pos type="NN"/>
                    <lemma type="picture"/>
                    <dep head="15-2" type="prep"/>
                </token>
                <token content="." id="15-7"/>
            </sentence>
            <sentence id="16">
                <token content="That" id="16-1">
                    <pos type="DT"/>
                    <lemma type="that"/>
                    <dep head="16-2" type="nsubj"/>
                </token>
                <token content="'s" id="16-2">
                    <pos type="VBZ"/>
                    <lemma type="be"/>
                </token>
                <token content="how" id="16-3">
                    <pos type="WRB"/>
                    <lemma type="how"/>
                    <dep head="16-5" type="advmod"/>
                </token>
                <token content="I" id="16-4">
                    <pos type="PRP"/>
                    <lemma type="I"/>
                    <dep head="16-5" type="nsubj"/>
                </token>
                <token content="got" id="16-5">
                    <pos type="VBD"/>
                    <lemma type="get"/>
                    <dep head="16-2" type="ccomp"/>
                </token>
                <token content="a" id="16-6">
                    <pos type="DT"/>
                    <lemma type="a"/>
                </token>
                <token content="hair" id="16-7">
                    <pos type="NN"/>
                    <lemma type="hair"/>
                    <dep head="16-8" type="nsubj"/>
                </token>
                <token content="cut" id="16-8">
                    <pos type="VBD"/>
                    <lemma type="cut"/>
                    <dep head="16-5" type="ccomp"/>
                </token>
                <token content="." id="16-9"/>
            </sentence>
        </sentences>
    </text>
    <annotations>
        <participants>
            <label from="1-2" id="0" name="ScrPart_customer" text="I" type="participant"/>
            <label from="1-7" id="1" name="NPart" text="work" type="participant"/>
            <label from="1-9" id="2" name="NPart" text="morning" type="participant"/>
            <label from="1-11" id="3" name="ScrPart_customer" text="I" type="participant"/>
            <label from="1-15" id="4" name="Unclear" text="mirror" type="participant"/>
            <label from="1-17" id="5" name="ScrPart_customer" text="my" type="participant"/>
            <label from="1-18" id="6" name="ScrPart_hair" text="hair" type="participant"/>
            <label from="1-25" id="7" name="ScrPart_customer" text="I" type="participant"/>
            <label from="2-1" id="8" name="ScrPart_customer" text="I" type="participant"/>
            <label from="2-7" id="9" name="SuppVComp" text="haircut" type="participant"/>
            <label from="2-9" id="10" name="NPart" text="work" type="participant"/>
            <label from="3-2" id="11" name="ScrPart_customer" text="I" type="participant"/>
            <label from="3-5" id="12" name="NPart" text="work" type="participant"/>
            <label from="3-7" id="13" name="ScrPart_customer" text="I" type="participant"/>
            <label from="3-9" id="14" name="ScrPart_salon" text="salons" type="participant"/>
            <label from="4-1" id="15" name="ScrPart_customer" text="I" type="participant"/>
            <label from="4-4" id="16" name="ScrPart_salon" text="one" type="participant"/>
            <label from="4-6" id="17" name="ScrPart_customer" text="I" type="participant"/>
            <label from="4-9" id="18" name="NPart" text="lunch" type="participant"/>
            <label from="4-16" id="19" name="ScrPart_appointment" text="appointment" type="participant"/>
            <label from="4-18" id="20" name="ScrPart_time/date" text="5 pm" to="4-19" type="participant"/>
            <label from="4-18" id="21" name="ScrPart_time/date" text="5" type="participant"/>
            <label from="5-1" id="22" name="ScrPart_customer" text="I" type="participant"/>
            <label from="5-3" id="23" name="ScrPart_salon" text="there" type="participant"/>
            <label from="5-6" id="24" name="NPart" text="minutes" type="participant"/>
            <label from="5-12" id="25" name="ScrPart_staff" text="receptionist" type="participant"/>
            <label from="5-14" id="26" name="ScrPart_customer" text="I" type="participant"/>
            <label from="5-17" id="27" name="ScrPart_appointment" text="appointment" type="participant"/>
            <label from="6-1" id="28" name="ScrPart_staff" text="She" type="participant"/>
            <label from="6-3" id="29" name="ScrPart_customer" text="me" type="participant"/>
            <label from="6-6" id="30" name="ScrPart_customer" text="me" type="participant"/>
            <label from="6-10" id="31" name="SuppVComp" text="seat" type="participant"/>
            <label from="7-1" id="32" name="ScrPart_customer" text="I" type="participant"/>
            <label from="7-7" id="33" name="ScrPart_entertainment" text="magazines" type="participant"/>
            <label from="7-9" id="34" name="ScrPart_hair_styling/treatment" text="hairstyle" type="participant"/>
            <label from="7-10" id="35" name="ScrPart_entertainment" text="books" type="participant"/>
            <label from="7-12" id="36" name="ScrPart_customer" text="I" type="participant"/>
            <label from="7-19" id="37" name="ScrPart_hair_styling/treatment" text="style" type="participant"/>
            <label from="7-20" id="38" name="ScrPart_customer" text="I" type="participant"/>
            <label from="7-25" id="39" name="ScrPart_customer" text="I" type="participant"/>
            <label from="7-30" id="40" name="SuppVComp" text="mind" type="participant"/>
            <label from="8-3" id="41" name="ScrPart_hairdresser" text="stylist" type="participant"/>
            <label from="8-7" id="42" name="ScrPart_hairdresser" text="her" type="participant"/>
            <label from="8-9" id="43" name="ScrPart_customer" text="client" type="participant"/>
            <label from="8-11" id="44" name="ScrPart_hairdresser" text="she" type="participant"/>
            <label from="8-15" id="45" name="ScrPart_customer" text="me" type="participant"/>
            <label from="9-1" id="46" name="ScrPart_hairdresser" text="She" type="participant"/>
            <label from="9-4" id="47" name="ScrPart_customer" text="I" type="participant"/>
            <label from="9-7" id="48" name="ScrPart_customer" text="I" type="participant"/>
            <label from="9-10" id="49" name="ScrPart_other" text="picture" type="participant"/>
            <label from="9-11" id="50" name="ScrPart_customer" text="I" type="participant"/>
            <label from="10-1" id="51" name="ScrPart_hairdresser" text="She" type="participant"/>
            <label from="10-6" id="52" name="NPart" text="problem" type="participant"/>
            <label from="10-10" id="53" name="ScrPart_customer" text="me" type="participant"/>
            <label from="10-15" id="54" name="ScrPart_chair" text="chair" type="participant"/>
            <label from="11-1" id="55" name="ScrPart_hairdresser" text="She" type="participant"/>
            <label from="11-5" id="56" name="ScrPart_customer" text="my" type="participant"/>
            <label from="11-6" id="57" name="ScrPart_hair" text="hair" type="participant"/>
            <label from="11-10" id="58" name="ScrPart_cape" text="cape" type="participant"/>
            <label from="11-12" id="59" name="ScrPart_customer" text="me" type="participant"/>
            <label from="12-1" id="60" name="ScrPart_hairdresser" text="She" type="participant"/>
            <label from="12-4" id="61" name="ScrPart_customer" text="me" type="participant"/>
            <label from="12-7" id="62" name="ScrPart_customer" text="I" type="participant"/>
            <label from="13-1" id="63" name="ScrPart_customer" text="I" type="participant"/>
            <label from="13-5" id="64" name="Head_of_Partitive" text="bits" type="participant"/>
            <label from="13-7" id="65" name="ScrPart_hair" text="hair" type="participant"/>
            <label from="13-11" id="66" name="ScrPart_customer" text="me" type="participant"/>
            <label from="14-2" id="67" name="ScrPart_hairdresser" text="she" type="participant"/>
            <label from="14-6" id="68" name="ScrPart_hairdresser" text="she" type="participant"/>
            <label from="14-11" id="69" name="ScrPart_customer" text="my" type="participant"/>
            <label from="14-12" id="70" name="ScrPart_hair" text="hair" type="participant"/>
            <label from="15-1" id="71" name="ScrPart_hair" text="It" type="participant"/>
            <label from="15-6" id="72" name="ScrPart_other" text="picture" type="participant"/>
            <label from="16-4" id="73" name="ScrPart_customer" text="I" type="participant"/>
            <label from="16-7" id="74" name="SuppVComp" text="hair cut" to="16-8" type="participant"/>
        </participants>
        <events>
            <label from="1-4" id="75" name="UnrelEv" text="getting" type="event"/>
            <label from="1-12" id="76" name="UnrelEv" text="noticed" type="event"/>
            <label from="1-20" id="77" name="UnrelEv" text="getting" type="event"/>
            <label from="1-27" id="78" name="UnrelEv" text="like" type="event"/>
            <label from="2-2" id="79" name="UnrelEv" text="resolved" type="event"/>
            <label from="2-5" id="80" name="Evoking" text="get a haircut" to="2-7" type="event"/>
            <label from="3-3" id="81" name="UnrelEv" text="was" type="event"/>
            <label from="3-8" id="82" name="RelNScrEv" text="researched" type="event"/>
            <label from="4-2" id="83" name="UnrelEv" text="decided" type="event"/>
            <label from="4-7" id="84" name="UnrelEv" text="was" type="event"/>
            <label from="4-12" id="85" name="ScrEv_make_appointment" text="called" type="event"/>
            <label from="4-14" id="86" name="ScrEv_make_appointment" text="make" type="event"/>
            <label from="5-2" id="87" name="ScrEv_get_salon" text="got" type="event"/>
            <label from="5-10" id="88" name="ScrEv_check_in" text="informed" type="event"/>
            <label from="5-15" id="89" name="ScrEv_make_appointment" text="had" type="event"/>
            <label from="6-2" id="90" name="ScrEv_check_in" text="welcomed" type="event"/>
            <label from="6-5" id="91" name="ScrEv_check_in" text="asked" type="event"/>
            <label from="6-8" id="92" name="ScrEv_wait" text="have" type="event"/>
            <label from="7-2" id="93" name="ScrEv_wait" text="saw" type="event"/>
            <label from="7-4" id="94" name="ScrEv_wait" text="perused" type="event"/>
            <label from="7-13" id="95" name="ScrEv_wait" text="waited" type="event"/>
            <label from="7-17" id="96" name="RelNScrEv" text="found" type="event"/>
            <label from="7-21" id="97" name="UnrelEv" text="liked" type="event"/>
            <label from="7-28" id="98" name="UnrelEv" text="had" type="event"/>
            <label from="8-5" id="99" name="RelNScrEv" text="done" type="event"/>
            <label from="8-12" id="100" name="RelNScrEv" text="came" type="event"/>
            <label from="8-14" id="101" name="RelNScrEv" text="greet" type="event"/>
            <label from="9-2" id="102" name="ScrEv_talk_haircut" text="asked" type="event"/>
            <label from="9-5" id="103" name="ScrEv_talk_haircut" text="wanted" type="event"/>
            <label from="9-8" id="104" name="ScrEv_talk_haircut" text="presented" type="event"/>
            <label from="9-12" id="105" name="RelNScrEv" text="found" type="event"/>
            <label from="10-2" id="106" name="ScrEv_talk_haircut" text="said" type="event"/>
            <label from="10-4" id="107" name="UnrelEv" text="was" type="event"/>
            <label from="10-9" id="108" name="ScrEv_sit_down" text="took" type="event"/>
            <label from="11-2" id="109" name="ScrEv_wash" text="washed" type="event"/>
            <label from="11-4" id="110" name="ScrEv_wash" text="conditioned" type="event"/>
            <label from="11-8" id="111" name="ScrEv_put_on_cape" text="put" type="event"/>
            <label from="12-2" id="112" name="ScrEv_talk_haircut" text="confirmed" type="event"/>
            <label from="12-8" id="113" name="ScrEv_talk_haircut" text="wanted" type="event"/>
            <label from="12-11" id="114" name="UnrelEv" text="set off" to="12-12" type="event"/>
            <label from="12-11" id="115" name="UnrelEv" text="set" type="event"/>
            <label from="12-14" id="116" name="ScrEv_cut" text="cutting" type="event"/>
            <label from="13-2" id="117" name="UnrelEv" text="sat" type="event"/>
            <label from="13-8" id="118" name="RelNScrEv" text="fell" type="event"/>
            <label from="14-4" id="119" name="RelNScrEv" text="done" type="event"/>
            <label from="14-8" id="120" name="ScrEv_dry" text="dried" type="event"/>
            <label from="14-10" id="121" name="ScrEv_make_hair_style" text="styled" type="event"/>
            <label from="15-2" id="122" name="UnrelEv" text="looked" type="event"/>
            <label from="16-5" id="123" name="Evoking" text="got a hair cut" to="16-8" type="event"/>
        </events>
        <chains>
            <chain elements="0 3 5 7 8 11 13 15 17 22 26 29 30 32 36 38 39 45 47 48 50 53 56 59 61 62 63 66 69 73"/>
            <chain elements="16 23"/>
            <chain elements="19 27"/>
            <chain elements="25 28"/>
            <chain elements="41 42 44 46 51 55 60 67 68"/>
            <chain elements="6 57 65 70 71"/>
            <chain elements="1 10 12"/>
            <chain elements="49 72"/>
        </chains>
    </annotations>
</story>
