<?xml version="1.0" encoding="UTF-8" standalone="no"?>
<!DOCTYPE story SYSTEM "../InScript.dtd">
<story id="092" scenario="haircut">
    <text>
        <content>I went to my hairdresser a few weeks ago for a hair cut . 
My appointment was at 3:15 , so I arrived at about 3:10 . 
When I got there , Kayla -LRB- my hairdresser -RRB- was still finishing up with her last appointment . 
So I sat in the waiting area . 
The attendant at the desk offered me water or coffee , but I said no thank you . 
When Kayla was done with her last appointment , she called me in and I sat down in the swivel chair in front of the mirror at her station . 
She asked what I wanted done with my hair , and I showed her about how short I wanted it to be , a little shorter than usual . 
She noticed that my hair did seem to have grown a lot since the last time I was in . 
We went to a back room where there are sinks for washing hair . 
I sat down in front of the sink Kayla told me to sit at , then I leaned back to put my head in the sink , and Kayla washed my hair and conditioned it . 
Then she put a towel on my hair and we went back to her chair , where she cut my hair . 
While she was cutting my hair , we talked about a lot of things . 
Kayla has a young son so I asked about him . 
I also ended up talking to a woman who was getting her hair cut next to me . 
The time flew , and then Kayla used the blow dryer to dry my hair and curled it with a flat iron and put hair spray on it . 
I was very happy with my hair cut . 
I paid at the front desk and made sure to leave Kayla a tip , and then I went home . </content>
        <sentences>
            <sentence id="1">
                <token content="I" id="1-1">
                    <pos type="PRP"/>
                    <lemma type="I"/>
                    <dep head="1-2" type="nsubj"/>
                </token>
                <token content="went" id="1-2">
                    <pos type="VBD"/>
                    <lemma type="go"/>
                </token>
                <token content="to" id="1-3"/>
                <token content="my" id="1-4">
                    <pos type="PRP$"/>
                    <lemma type="my"/>
                </token>
                <token content="hairdresser" id="1-5">
                    <pos type="NN"/>
                    <lemma type="hairdresser"/>
                    <dep head="1-2" type="prep"/>
                </token>
                <token content="a" id="1-6">
                    <pos type="DT"/>
                    <lemma type="a"/>
                </token>
                <token content="few" id="1-7">
                    <pos type="JJ"/>
                    <lemma type="few"/>
                </token>
                <token content="weeks" id="1-8">
                    <pos type="NNS"/>
                    <lemma type="week"/>
                </token>
                <token content="ago" id="1-9">
                    <pos type="RB"/>
                    <lemma type="ago"/>
                    <dep head="1-2" type="advmod"/>
                </token>
                <token content="for" id="1-10"/>
                <token content="a" id="1-11">
                    <pos type="DT"/>
                    <lemma type="a"/>
                </token>
                <token content="hair" id="1-12">
                    <pos type="NN"/>
                    <lemma type="hair"/>
                </token>
                <token content="cut" id="1-13">
                    <pos type="NN"/>
                    <lemma type="cut"/>
                    <dep head="1-2" type="prep"/>
                </token>
                <token content="." id="1-14"/>
            </sentence>
            <sentence id="2">
                <token content="My" id="2-1">
                    <pos type="PRP$"/>
                    <lemma type="my"/>
                </token>
                <token content="appointment" id="2-2">
                    <pos type="NN"/>
                    <lemma type="appointment"/>
                    <dep head="2-3" type="nsubj"/>
                </token>
                <token content="was" id="2-3">
                    <pos type="VBD"/>
                    <lemma type="be"/>
                </token>
                <token content="at" id="2-4"/>
                <token content="3:15" id="2-5">
                    <pos type="CD"/>
                    <lemma type="3:15"/>
                    <dep head="2-3" type="prep"/>
                </token>
                <token content="," id="2-6"/>
                <token content="so" id="2-7">
                    <pos type="IN"/>
                    <lemma type="so"/>
                    <dep head="2-3" type="dep"/>
                </token>
                <token content="I" id="2-8">
                    <pos type="PRP"/>
                    <lemma type="I"/>
                    <dep head="2-9" type="nsubj"/>
                </token>
                <token content="arrived" id="2-9">
                    <pos type="VBD"/>
                    <lemma type="arrive"/>
                    <dep head="2-3" type="parataxis"/>
                </token>
                <token content="at" id="2-10"/>
                <token content="about" id="2-11">
                    <pos type="RB"/>
                    <lemma type="about"/>
                </token>
                <token content="3:10" id="2-12">
                    <pos type="CD"/>
                    <lemma type="3:10"/>
                    <dep head="2-9" type="prep"/>
                </token>
                <token content="." id="2-13"/>
            </sentence>
            <sentence id="3">
                <token content="When" id="3-1">
                    <pos type="WRB"/>
                    <lemma type="when"/>
                    <dep head="3-3" type="advmod"/>
                </token>
                <token content="I" id="3-2">
                    <pos type="PRP"/>
                    <lemma type="I"/>
                    <dep head="3-3" type="nsubj"/>
                </token>
                <token content="got" id="3-3">
                    <pos type="VBD"/>
                    <lemma type="get"/>
                    <dep head="3-13" type="advcl"/>
                </token>
                <token content="there" id="3-4">
                    <pos type="RB"/>
                    <lemma type="there"/>
                    <dep head="3-3" type="advmod"/>
                </token>
                <token content="," id="3-5"/>
                <token content="Kayla" id="3-6">
                    <pos type="NNP"/>
                    <lemma type="Kayla"/>
                    <dep head="3-13" type="nsubj"/>
                </token>
                <token content="-LRB-" id="3-7"/>
                <token content="my" id="3-8">
                    <pos type="PRP$"/>
                    <lemma type="my"/>
                </token>
                <token content="hairdresser" id="3-9">
                    <pos type="NN"/>
                    <lemma type="hairdresser"/>
                </token>
                <token content="-RRB-" id="3-10"/>
                <token content="was" id="3-11">
                    <pos type="VBD"/>
                    <lemma type="be"/>
                    <dep head="3-13" type="aux"/>
                </token>
                <token content="still" id="3-12">
                    <pos type="RB"/>
                    <lemma type="still"/>
                    <dep head="3-13" type="advmod"/>
                </token>
                <token content="finishing" id="3-13">
                    <pos type="VBG"/>
                    <lemma type="finish"/>
                </token>
                <token content="up" id="3-14">
                    <pos type="RP"/>
                    <lemma type="up"/>
                    <dep head="3-13" type="prt"/>
                </token>
                <token content="with" id="3-15"/>
                <token content="her" id="3-16">
                    <pos type="PRP$"/>
                    <lemma type="she"/>
                </token>
                <token content="last" id="3-17">
                    <pos type="JJ"/>
                    <lemma type="last"/>
                </token>
                <token content="appointment" id="3-18">
                    <pos type="NN"/>
                    <lemma type="appointment"/>
                    <dep head="3-13" type="prep"/>
                </token>
                <token content="." id="3-19"/>
            </sentence>
            <sentence id="4">
                <token content="So" id="4-1">
                    <pos type="IN"/>
                    <lemma type="so"/>
                    <dep head="4-3" type="dep"/>
                </token>
                <token content="I" id="4-2">
                    <pos type="PRP"/>
                    <lemma type="I"/>
                    <dep head="4-3" type="nsubj"/>
                </token>
                <token content="sat" id="4-3">
                    <pos type="VBD"/>
                    <lemma type="sit"/>
                </token>
                <token content="in" id="4-4"/>
                <token content="the" id="4-5">
                    <pos type="DT"/>
                    <lemma type="the"/>
                </token>
                <token content="waiting" id="4-6">
                    <pos type="VBG"/>
                    <lemma type="wait"/>
                </token>
                <token content="area" id="4-7">
                    <pos type="NN"/>
                    <lemma type="area"/>
                    <dep head="4-3" type="prep"/>
                </token>
                <token content="." id="4-8"/>
            </sentence>
            <sentence id="5">
                <token content="The" id="5-1">
                    <pos type="DT"/>
                    <lemma type="the"/>
                </token>
                <token content="attendant" id="5-2">
                    <pos type="NN"/>
                    <lemma type="attendant"/>
                    <dep head="5-6" type="nsubj"/>
                </token>
                <token content="at" id="5-3"/>
                <token content="the" id="5-4">
                    <pos type="DT"/>
                    <lemma type="the"/>
                </token>
                <token content="desk" id="5-5">
                    <pos type="NN"/>
                    <lemma type="desk"/>
                </token>
                <token content="offered" id="5-6">
                    <pos type="VBD"/>
                    <lemma type="offer"/>
                </token>
                <token content="me" id="5-7">
                    <pos type="PRP"/>
                    <lemma type="I"/>
                    <dep head="5-6" type="iobj"/>
                </token>
                <token content="water" id="5-8">
                    <pos type="NN"/>
                    <lemma type="water"/>
                    <dep head="5-6" type="dobj"/>
                </token>
                <token content="or" id="5-9"/>
                <token content="coffee" id="5-10">
                    <pos type="NN"/>
                    <lemma type="coffee"/>
                </token>
                <token content="," id="5-11"/>
                <token content="but" id="5-12"/>
                <token content="I" id="5-13">
                    <pos type="PRP"/>
                    <lemma type="I"/>
                    <dep head="5-14" type="nsubj"/>
                </token>
                <token content="said" id="5-14">
                    <pos type="VBD"/>
                    <lemma type="say"/>
                    <dep head="5-6" type="conj"/>
                </token>
                <token content="no" id="5-15">
                    <pos type="UH"/>
                    <lemma type="no"/>
                    <dep head="5-16" type="discourse"/>
                </token>
                <token content="thank" id="5-16">
                    <pos type="VB"/>
                    <lemma type="thank"/>
                    <dep head="5-14" type="ccomp"/>
                </token>
                <token content="you" id="5-17">
                    <pos type="PRP"/>
                    <lemma type="you"/>
                    <dep head="5-16" type="dobj"/>
                </token>
                <token content="." id="5-18"/>
            </sentence>
            <sentence id="6">
                <token content="When" id="6-1">
                    <pos type="WRB"/>
                    <lemma type="when"/>
                    <dep head="6-4" type="advmod"/>
                </token>
                <token content="Kayla" id="6-2">
                    <pos type="NNP"/>
                    <lemma type="Kayla"/>
                    <dep head="6-4" type="nsubjpass"/>
                </token>
                <token content="was" id="6-3">
                    <pos type="VBD"/>
                    <lemma type="be"/>
                    <dep head="6-4" type="auxpass"/>
                </token>
                <token content="done" id="6-4">
                    <pos type="VBN"/>
                    <lemma type="do"/>
                    <dep head="6-11" type="advcl"/>
                </token>
                <token content="with" id="6-5"/>
                <token content="her" id="6-6">
                    <pos type="PRP$"/>
                    <lemma type="she"/>
                </token>
                <token content="last" id="6-7">
                    <pos type="JJ"/>
                    <lemma type="last"/>
                </token>
                <token content="appointment" id="6-8">
                    <pos type="NN"/>
                    <lemma type="appointment"/>
                    <dep head="6-4" type="prep"/>
                </token>
                <token content="," id="6-9"/>
                <token content="she" id="6-10">
                    <pos type="PRP"/>
                    <lemma type="she"/>
                    <dep head="6-11" type="nsubj"/>
                </token>
                <token content="called" id="6-11">
                    <pos type="VBD"/>
                    <lemma type="call"/>
                </token>
                <token content="me" id="6-12">
                    <pos type="PRP"/>
                    <lemma type="I"/>
                    <dep head="6-11" type="dobj"/>
                </token>
                <token content="in" id="6-13">
                    <pos type="IN"/>
                    <lemma type="in"/>
                    <dep head="6-11" type="prep"/>
                </token>
                <token content="and" id="6-14"/>
                <token content="I" id="6-15">
                    <pos type="PRP"/>
                    <lemma type="I"/>
                    <dep head="6-16" type="nsubj"/>
                </token>
                <token content="sat" id="6-16">
                    <pos type="VBD"/>
                    <lemma type="sit"/>
                    <dep head="6-11" type="conj"/>
                </token>
                <token content="down" id="6-17">
                    <pos type="RP"/>
                    <lemma type="down"/>
                    <dep head="6-16" type="prt"/>
                </token>
                <token content="in" id="6-18"/>
                <token content="the" id="6-19">
                    <pos type="DT"/>
                    <lemma type="the"/>
                </token>
                <token content="swivel" id="6-20">
                    <pos type="JJ"/>
                    <lemma type="swivel"/>
                </token>
                <token content="chair" id="6-21">
                    <pos type="NN"/>
                    <lemma type="chair"/>
                    <dep head="6-16" type="prep"/>
                </token>
                <token content="in" id="6-22"/>
                <token content="front" id="6-23"/>
                <token content="of" id="6-24"/>
                <token content="the" id="6-25">
                    <pos type="DT"/>
                    <lemma type="the"/>
                </token>
                <token content="mirror" id="6-26">
                    <pos type="NN"/>
                    <lemma type="mirror"/>
                </token>
                <token content="at" id="6-27"/>
                <token content="her" id="6-28">
                    <pos type="PRP$"/>
                    <lemma type="she"/>
                </token>
                <token content="station" id="6-29">
                    <pos type="NN"/>
                    <lemma type="station"/>
                    <dep head="6-16" type="prep"/>
                </token>
                <token content="." id="6-30"/>
            </sentence>
            <sentence id="7">
                <token content="She" id="7-1">
                    <pos type="PRP"/>
                    <lemma type="she"/>
                    <dep head="7-2" type="nsubj"/>
                </token>
                <token content="asked" id="7-2">
                    <pos type="VBD"/>
                    <lemma type="ask"/>
                </token>
                <token content="what" id="7-3">
                    <pos type="WP"/>
                    <lemma type="what"/>
                    <dep head="7-5" type="dobj"/>
                </token>
                <token content="I" id="7-4">
                    <pos type="PRP"/>
                    <lemma type="I"/>
                    <dep head="7-5" type="nsubj"/>
                </token>
                <token content="wanted" id="7-5">
                    <pos type="VBD"/>
                    <lemma type="want"/>
                    <dep head="7-2" type="ccomp"/>
                </token>
                <token content="done" id="7-6">
                    <pos type="VBN"/>
                    <lemma type="do"/>
                    <dep head="7-5" type="dep"/>
                </token>
                <token content="with" id="7-7"/>
                <token content="my" id="7-8">
                    <pos type="PRP$"/>
                    <lemma type="my"/>
                </token>
                <token content="hair" id="7-9">
                    <pos type="NN"/>
                    <lemma type="hair"/>
                    <dep head="7-6" type="prep"/>
                </token>
                <token content="," id="7-10"/>
                <token content="and" id="7-11"/>
                <token content="I" id="7-12">
                    <pos type="PRP"/>
                    <lemma type="I"/>
                    <dep head="7-13" type="nsubj"/>
                </token>
                <token content="showed" id="7-13">
                    <pos type="VBD"/>
                    <lemma type="show"/>
                    <dep head="7-2" type="conj"/>
                </token>
                <token content="her" id="7-14">
                    <pos type="PRP"/>
                    <lemma type="she"/>
                    <dep head="7-13" type="dobj"/>
                </token>
                <token content="about" id="7-15"/>
                <token content="how" id="7-16">
                    <pos type="WRB"/>
                    <lemma type="how"/>
                </token>
                <token content="short" id="7-17">
                    <pos type="JJ"/>
                    <lemma type="short"/>
                    <dep head="7-19" type="dep"/>
                </token>
                <token content="I" id="7-18">
                    <pos type="PRP"/>
                    <lemma type="I"/>
                    <dep head="7-19" type="nsubj"/>
                </token>
                <token content="wanted" id="7-19">
                    <pos type="VBD"/>
                    <lemma type="want"/>
                    <dep head="7-13" type="prepc"/>
                </token>
                <token content="it" id="7-20">
                    <pos type="PRP"/>
                    <lemma type="it"/>
                    <dep head="7-19" type="dobj"/>
                </token>
                <token content="to" id="7-21">
                    <pos type="TO"/>
                    <lemma type="to"/>
                    <dep head="7-22" type="aux"/>
                </token>
                <token content="be" id="7-22">
                    <pos type="VB"/>
                    <lemma type="be"/>
                    <dep head="7-19" type="xcomp"/>
                </token>
                <token content="," id="7-23"/>
                <token content="a" id="7-24">
                    <pos type="DT"/>
                    <lemma type="a"/>
                </token>
                <token content="little" id="7-25">
                    <pos type="RB"/>
                    <lemma type="little"/>
                </token>
                <token content="shorter" id="7-26">
                    <pos type="JJR"/>
                    <lemma type="shorter"/>
                    <dep head="7-19" type="dep"/>
                </token>
                <token content="than" id="7-27"/>
                <token content="usual" id="7-28">
                    <pos type="JJ"/>
                    <lemma type="usual"/>
                </token>
                <token content="." id="7-29"/>
            </sentence>
            <sentence id="8">
                <token content="She" id="8-1">
                    <pos type="PRP"/>
                    <lemma type="she"/>
                    <dep head="8-2" type="nsubj"/>
                </token>
                <token content="noticed" id="8-2">
                    <pos type="VBD"/>
                    <lemma type="notice"/>
                </token>
                <token content="that" id="8-3">
                    <pos type="IN"/>
                    <lemma type="that"/>
                    <dep head="8-6" type="mark"/>
                </token>
                <token content="my" id="8-4">
                    <pos type="PRP$"/>
                    <lemma type="my"/>
                </token>
                <token content="hair" id="8-5">
                    <pos type="NN"/>
                    <lemma type="hair"/>
                    <dep head="8-6" type="nsubj"/>
                </token>
                <token content="did" id="8-6">
                    <pos type="VBD"/>
                    <lemma type="do"/>
                    <dep head="8-2" type="ccomp"/>
                </token>
                <token content="seem" id="8-7">
                    <pos type="VBP"/>
                    <lemma type="seem"/>
                    <dep head="8-6" type="ccomp"/>
                </token>
                <token content="to" id="8-8">
                    <pos type="TO"/>
                    <lemma type="to"/>
                    <dep head="8-10" type="aux"/>
                </token>
                <token content="have" id="8-9">
                    <pos type="VB"/>
                    <lemma type="have"/>
                    <dep head="8-10" type="aux"/>
                </token>
                <token content="grown" id="8-10">
                    <pos type="VBN"/>
                    <lemma type="grow"/>
                    <dep head="8-7" type="xcomp"/>
                </token>
                <token content="a" id="8-11">
                    <pos type="DT"/>
                    <lemma type="a"/>
                </token>
                <token content="lot" id="8-12">
                    <pos type="NN"/>
                    <lemma type="lot"/>
                    <dep head="8-10" type="dobj"/>
                </token>
                <token content="since" id="8-13"/>
                <token content="the" id="8-14">
                    <pos type="DT"/>
                    <lemma type="the"/>
                </token>
                <token content="last" id="8-15">
                    <pos type="JJ"/>
                    <lemma type="last"/>
                </token>
                <token content="time" id="8-16">
                    <pos type="NN"/>
                    <lemma type="time"/>
                    <dep head="8-10" type="prep"/>
                </token>
                <token content="I" id="8-17">
                    <pos type="PRP"/>
                    <lemma type="I"/>
                    <dep head="8-18" type="nsubj"/>
                </token>
                <token content="was" id="8-18">
                    <pos type="VBD"/>
                    <lemma type="be"/>
                </token>
                <token content="in" id="8-19">
                    <pos type="IN"/>
                    <lemma type="in"/>
                    <dep head="8-18" type="prep"/>
                </token>
                <token content="." id="8-20"/>
            </sentence>
            <sentence id="9">
                <token content="We" id="9-1">
                    <pos type="PRP"/>
                    <lemma type="we"/>
                    <dep head="9-2" type="nsubj"/>
                </token>
                <token content="went" id="9-2">
                    <pos type="VBD"/>
                    <lemma type="go"/>
                </token>
                <token content="to" id="9-3"/>
                <token content="a" id="9-4">
                    <pos type="DT"/>
                    <lemma type="a"/>
                </token>
                <token content="back" id="9-5">
                    <pos type="JJ"/>
                    <lemma type="back"/>
                </token>
                <token content="room" id="9-6">
                    <pos type="NN"/>
                    <lemma type="room"/>
                    <dep head="9-2" type="prep"/>
                </token>
                <token content="where" id="9-7">
                    <pos type="WRB"/>
                    <lemma type="where"/>
                    <dep head="9-9" type="advmod"/>
                </token>
                <token content="there" id="9-8">
                    <pos type="EX"/>
                    <lemma type="there"/>
                    <dep head="9-9" type="expl"/>
                </token>
                <token content="are" id="9-9">
                    <pos type="VBP"/>
                    <lemma type="be"/>
                    <dep head="9-2" type="advcl"/>
                </token>
                <token content="sinks" id="9-10">
                    <pos type="JJ"/>
                    <lemma type="sinks"/>
                    <dep head="9-9" type="acomp"/>
                </token>
                <token content="for" id="9-11"/>
                <token content="washing" id="9-12">
                    <pos type="VBG"/>
                    <lemma type="wash"/>
                </token>
                <token content="hair" id="9-13">
                    <pos type="NN"/>
                    <lemma type="hair"/>
                    <dep head="9-12" type="dobj"/>
                </token>
                <token content="." id="9-14"/>
            </sentence>
            <sentence id="10">
                <token content="I" id="10-1">
                    <pos type="PRP"/>
                    <lemma type="I"/>
                    <dep head="10-2" type="nsubj"/>
                </token>
                <token content="sat" id="10-2">
                    <pos type="VBD"/>
                    <lemma type="sit"/>
                </token>
                <token content="down" id="10-3">
                    <pos type="RP"/>
                    <lemma type="down"/>
                    <dep head="10-2" type="prt"/>
                </token>
                <token content="in" id="10-4"/>
                <token content="front" id="10-5"/>
                <token content="of" id="10-6"/>
                <token content="the" id="10-7">
                    <pos type="DT"/>
                    <lemma type="the"/>
                </token>
                <token content="sink" id="10-8">
                    <pos type="NN"/>
                    <lemma type="sink"/>
                    <dep head="10-2" type="prep"/>
                </token>
                <token content="Kayla" id="10-9">
                    <pos type="NNP"/>
                    <lemma type="Kayla"/>
                    <dep head="10-10" type="nsubj"/>
                </token>
                <token content="told" id="10-10">
                    <pos type="VBD"/>
                    <lemma type="tell"/>
                </token>
                <token content="me" id="10-11">
                    <pos type="PRP"/>
                    <lemma type="I"/>
                    <dep head="10-10" type="dobj"/>
                </token>
                <token content="to" id="10-12">
                    <pos type="TO"/>
                    <lemma type="to"/>
                    <dep head="10-13" type="aux"/>
                </token>
                <token content="sit" id="10-13">
                    <pos type="VB"/>
                    <lemma type="sit"/>
                    <dep head="10-10" type="xcomp"/>
                </token>
                <token content="at" id="10-14">
                    <pos type="IN"/>
                    <lemma type="at"/>
                    <dep head="10-13" type="prep"/>
                </token>
                <token content="," id="10-15"/>
                <token content="then" id="10-16">
                    <pos type="RB"/>
                    <lemma type="then"/>
                    <dep head="10-18" type="advmod"/>
                </token>
                <token content="I" id="10-17">
                    <pos type="PRP"/>
                    <lemma type="I"/>
                    <dep head="10-18" type="nsubj"/>
                </token>
                <token content="leaned" id="10-18">
                    <pos type="VBD"/>
                    <lemma type="lean"/>
                    <dep head="10-2" type="parataxis"/>
                </token>
                <token content="back" id="10-19">
                    <pos type="RP"/>
                    <lemma type="back"/>
                    <dep head="10-18" type="prt"/>
                </token>
                <token content="to" id="10-20">
                    <pos type="TO"/>
                    <lemma type="to"/>
                    <dep head="10-21" type="aux"/>
                </token>
                <token content="put" id="10-21">
                    <pos type="VB"/>
                    <lemma type="put"/>
                    <dep head="10-18" type="xcomp"/>
                </token>
                <token content="my" id="10-22">
                    <pos type="PRP$"/>
                    <lemma type="my"/>
                </token>
                <token content="head" id="10-23">
                    <pos type="NN"/>
                    <lemma type="head"/>
                    <dep head="10-21" type="dobj"/>
                </token>
                <token content="in" id="10-24"/>
                <token content="the" id="10-25">
                    <pos type="DT"/>
                    <lemma type="the"/>
                </token>
                <token content="sink" id="10-26">
                    <pos type="NN"/>
                    <lemma type="sink"/>
                    <dep head="10-21" type="prep"/>
                </token>
                <token content="," id="10-27"/>
                <token content="and" id="10-28"/>
                <token content="Kayla" id="10-29">
                    <pos type="NNP"/>
                    <lemma type="Kayla"/>
                    <dep head="10-30" type="nsubj"/>
                </token>
                <token content="washed" id="10-30">
                    <pos type="VBD"/>
                    <lemma type="wash"/>
                    <dep head="10-2" type="conj"/>
                </token>
                <token content="my" id="10-31">
                    <pos type="PRP$"/>
                    <lemma type="my"/>
                </token>
                <token content="hair" id="10-32">
                    <pos type="NN"/>
                    <lemma type="hair"/>
                    <dep head="10-30" type="dobj"/>
                </token>
                <token content="and" id="10-33"/>
                <token content="conditioned" id="10-34">
                    <pos type="VBN"/>
                    <lemma type="condition"/>
                    <dep head="10-30" type="conj"/>
                </token>
                <token content="it" id="10-35">
                    <pos type="PRP"/>
                    <lemma type="it"/>
                    <dep head="10-34" type="dobj"/>
                </token>
                <token content="." id="10-36"/>
            </sentence>
            <sentence id="11">
                <token content="Then" id="11-1">
                    <pos type="RB"/>
                    <lemma type="then"/>
                    <dep head="11-3" type="advmod"/>
                </token>
                <token content="she" id="11-2">
                    <pos type="PRP"/>
                    <lemma type="she"/>
                    <dep head="11-3" type="nsubj"/>
                </token>
                <token content="put" id="11-3">
                    <pos type="VBD"/>
                    <lemma type="put"/>
                </token>
                <token content="a" id="11-4">
                    <pos type="DT"/>
                    <lemma type="a"/>
                </token>
                <token content="towel" id="11-5">
                    <pos type="NN"/>
                    <lemma type="towel"/>
                    <dep head="11-3" type="dobj"/>
                </token>
                <token content="on" id="11-6"/>
                <token content="my" id="11-7">
                    <pos type="PRP$"/>
                    <lemma type="my"/>
                </token>
                <token content="hair" id="11-8">
                    <pos type="NN"/>
                    <lemma type="hair"/>
                    <dep head="11-3" type="prep"/>
                </token>
                <token content="and" id="11-9"/>
                <token content="we" id="11-10">
                    <pos type="PRP"/>
                    <lemma type="we"/>
                    <dep head="11-11" type="nsubj"/>
                </token>
                <token content="went" id="11-11">
                    <pos type="VBD"/>
                    <lemma type="go"/>
                    <dep head="11-3" type="conj"/>
                </token>
                <token content="back" id="11-12">
                    <pos type="RB"/>
                    <lemma type="back"/>
                    <dep head="11-11" type="advmod"/>
                </token>
                <token content="to" id="11-13"/>
                <token content="her" id="11-14">
                    <pos type="PRP$"/>
                    <lemma type="she"/>
                </token>
                <token content="chair" id="11-15">
                    <pos type="NN"/>
                    <lemma type="chair"/>
                    <dep head="11-11" type="prep"/>
                </token>
                <token content="," id="11-16"/>
                <token content="where" id="11-17">
                    <pos type="WRB"/>
                    <lemma type="where"/>
                    <dep head="11-19" type="advmod"/>
                </token>
                <token content="she" id="11-18">
                    <pos type="PRP"/>
                    <lemma type="she"/>
                    <dep head="11-19" type="nsubj"/>
                </token>
                <token content="cut" id="11-19">
                    <pos type="VBD"/>
                    <lemma type="cut"/>
                    <dep head="11-11" type="advcl"/>
                </token>
                <token content="my" id="11-20">
                    <pos type="PRP$"/>
                    <lemma type="my"/>
                </token>
                <token content="hair" id="11-21">
                    <pos type="NN"/>
                    <lemma type="hair"/>
                    <dep head="11-19" type="dobj"/>
                </token>
                <token content="." id="11-22"/>
            </sentence>
            <sentence id="12">
                <token content="While" id="12-1">
                    <pos type="IN"/>
                    <lemma type="while"/>
                    <dep head="12-4" type="mark"/>
                </token>
                <token content="she" id="12-2">
                    <pos type="PRP"/>
                    <lemma type="she"/>
                    <dep head="12-4" type="nsubj"/>
                </token>
                <token content="was" id="12-3">
                    <pos type="VBD"/>
                    <lemma type="be"/>
                    <dep head="12-4" type="aux"/>
                </token>
                <token content="cutting" id="12-4">
                    <pos type="VBG"/>
                    <lemma type="cut"/>
                    <dep head="12-9" type="advcl"/>
                </token>
                <token content="my" id="12-5">
                    <pos type="PRP$"/>
                    <lemma type="my"/>
                </token>
                <token content="hair" id="12-6">
                    <pos type="NN"/>
                    <lemma type="hair"/>
                    <dep head="12-4" type="dobj"/>
                </token>
                <token content="," id="12-7"/>
                <token content="we" id="12-8">
                    <pos type="PRP"/>
                    <lemma type="we"/>
                    <dep head="12-9" type="nsubj"/>
                </token>
                <token content="talked" id="12-9">
                    <pos type="VBD"/>
                    <lemma type="talk"/>
                </token>
                <token content="about" id="12-10"/>
                <token content="a" id="12-11">
                    <pos type="DT"/>
                    <lemma type="a"/>
                </token>
                <token content="lot" id="12-12">
                    <pos type="NN"/>
                    <lemma type="lot"/>
                    <dep head="12-9" type="prep"/>
                </token>
                <token content="of" id="12-13"/>
                <token content="things" id="12-14">
                    <pos type="NNS"/>
                    <lemma type="thing"/>
                </token>
                <token content="." id="12-15"/>
            </sentence>
            <sentence id="13">
                <token content="Kayla" id="13-1">
                    <pos type="NNP"/>
                    <lemma type="Kayla"/>
                    <dep head="13-2" type="nsubj"/>
                </token>
                <token content="has" id="13-2">
                    <pos type="VBZ"/>
                    <lemma type="have"/>
                </token>
                <token content="a" id="13-3">
                    <pos type="DT"/>
                    <lemma type="a"/>
                </token>
                <token content="young" id="13-4">
                    <pos type="JJ"/>
                    <lemma type="young"/>
                </token>
                <token content="son" id="13-5">
                    <pos type="NN"/>
                    <lemma type="son"/>
                    <dep head="13-2" type="dobj"/>
                </token>
                <token content="so" id="13-6">
                    <pos type="IN"/>
                    <lemma type="so"/>
                    <dep head="13-8" type="mark"/>
                </token>
                <token content="I" id="13-7">
                    <pos type="PRP"/>
                    <lemma type="I"/>
                    <dep head="13-8" type="nsubj"/>
                </token>
                <token content="asked" id="13-8">
                    <pos type="VBD"/>
                    <lemma type="ask"/>
                </token>
                <token content="about" id="13-9"/>
                <token content="him" id="13-10">
                    <pos type="PRP"/>
                    <lemma type="he"/>
                    <dep head="13-8" type="prep"/>
                </token>
                <token content="." id="13-11"/>
            </sentence>
            <sentence id="14">
                <token content="I" id="14-1">
                    <pos type="PRP"/>
                    <lemma type="I"/>
                    <dep head="14-3" type="nsubj"/>
                </token>
                <token content="also" id="14-2">
                    <pos type="RB"/>
                    <lemma type="also"/>
                    <dep head="14-3" type="advmod"/>
                </token>
                <token content="ended" id="14-3">
                    <pos type="VBD"/>
                    <lemma type="end"/>
                </token>
                <token content="up" id="14-4">
                    <pos type="RP"/>
                    <lemma type="up"/>
                    <dep head="14-3" type="prt"/>
                </token>
                <token content="talking" id="14-5">
                    <pos type="VBG"/>
                    <lemma type="talk"/>
                    <dep head="14-3" type="xcomp"/>
                </token>
                <token content="to" id="14-6"/>
                <token content="a" id="14-7">
                    <pos type="DT"/>
                    <lemma type="a"/>
                </token>
                <token content="woman" id="14-8">
                    <pos type="NN"/>
                    <lemma type="woman"/>
                    <dep head="14-5" type="prep"/>
                </token>
                <token content="who" id="14-9">
                    <pos type="WP"/>
                    <lemma type="who"/>
                    <dep head="14-11" type="nsubj"/>
                </token>
                <token content="was" id="14-10">
                    <pos type="VBD"/>
                    <lemma type="be"/>
                    <dep head="14-11" type="aux"/>
                </token>
                <token content="getting" id="14-11">
                    <pos type="VBG"/>
                    <lemma type="get"/>
                </token>
                <token content="her" id="14-12">
                    <pos type="PRP$"/>
                    <lemma type="she"/>
                </token>
                <token content="hair" id="14-13">
                    <pos type="NN"/>
                    <lemma type="hair"/>
                </token>
                <token content="cut" id="14-14">
                    <pos type="NN"/>
                    <lemma type="cut"/>
                    <dep head="14-11" type="dobj"/>
                </token>
                <token content="next" id="14-15"/>
                <token content="to" id="14-16"/>
                <token content="me" id="14-17">
                    <pos type="PRP"/>
                    <lemma type="I"/>
                    <dep head="14-11" type="prep"/>
                </token>
                <token content="." id="14-18"/>
            </sentence>
            <sentence id="15">
                <token content="The" id="15-1">
                    <pos type="DT"/>
                    <lemma type="the"/>
                </token>
                <token content="time" id="15-2">
                    <pos type="NN"/>
                    <lemma type="time"/>
                    <dep head="15-3" type="nsubj"/>
                </token>
                <token content="flew" id="15-3">
                    <pos type="VBD"/>
                    <lemma type="fly"/>
                </token>
                <token content="," id="15-4"/>
                <token content="and" id="15-5"/>
                <token content="then" id="15-6">
                    <pos type="RB"/>
                    <lemma type="then"/>
                    <dep head="15-8" type="advmod"/>
                </token>
                <token content="Kayla" id="15-7">
                    <pos type="NNP"/>
                    <lemma type="Kayla"/>
                    <dep head="15-8" type="nsubj"/>
                </token>
                <token content="used" id="15-8">
                    <pos type="VBD"/>
                    <lemma type="use"/>
                    <dep head="15-3" type="conj"/>
                </token>
                <token content="the" id="15-9">
                    <pos type="DT"/>
                    <lemma type="the"/>
                </token>
                <token content="blow" id="15-10">
                    <pos type="NN"/>
                    <lemma type="blow"/>
                </token>
                <token content="dryer" id="15-11">
                    <pos type="NN"/>
                    <lemma type="dryer"/>
                    <dep head="15-8" type="dobj"/>
                </token>
                <token content="to" id="15-12">
                    <pos type="TO"/>
                    <lemma type="to"/>
                    <dep head="15-13" type="aux"/>
                </token>
                <token content="dry" id="15-13">
                    <pos type="VB"/>
                    <lemma type="dry"/>
                    <dep head="15-8" type="vmod"/>
                </token>
                <token content="my" id="15-14">
                    <pos type="PRP$"/>
                    <lemma type="my"/>
                </token>
                <token content="hair" id="15-15">
                    <pos type="NN"/>
                    <lemma type="hair"/>
                    <dep head="15-13" type="dobj"/>
                </token>
                <token content="and" id="15-16"/>
                <token content="curled" id="15-17">
                    <pos type="VBD"/>
                    <lemma type="curl"/>
                    <dep head="15-8" type="conj"/>
                </token>
                <token content="it" id="15-18">
                    <pos type="PRP"/>
                    <lemma type="it"/>
                    <dep head="15-17" type="dobj"/>
                </token>
                <token content="with" id="15-19"/>
                <token content="a" id="15-20">
                    <pos type="DT"/>
                    <lemma type="a"/>
                </token>
                <token content="flat" id="15-21">
                    <pos type="JJ"/>
                    <lemma type="flat"/>
                </token>
                <token content="iron" id="15-22">
                    <pos type="NN"/>
                    <lemma type="iron"/>
                    <dep head="15-17" type="prep"/>
                </token>
                <token content="and" id="15-23"/>
                <token content="put" id="15-24">
                    <pos type="NN"/>
                    <lemma type="put"/>
                </token>
                <token content="hair" id="15-25">
                    <pos type="NN"/>
                    <lemma type="hair"/>
                </token>
                <token content="spray" id="15-26">
                    <pos type="NN"/>
                    <lemma type="spray"/>
                </token>
                <token content="on" id="15-27"/>
                <token content="it" id="15-28">
                    <pos type="PRP"/>
                    <lemma type="it"/>
                </token>
                <token content="." id="15-29"/>
            </sentence>
            <sentence id="16">
                <token content="I" id="16-1">
                    <pos type="PRP"/>
                    <lemma type="I"/>
                </token>
                <token content="was" id="16-2">
                    <pos type="VBD"/>
                    <lemma type="be"/>
                </token>
                <token content="very" id="16-3">
                    <pos type="RB"/>
                    <lemma type="very"/>
                </token>
                <token content="happy" id="16-4">
                    <pos type="JJ"/>
                    <lemma type="happy"/>
                </token>
                <token content="with" id="16-5"/>
                <token content="my" id="16-6">
                    <pos type="PRP$"/>
                    <lemma type="my"/>
                </token>
                <token content="hair" id="16-7">
                    <pos type="NN"/>
                    <lemma type="hair"/>
                </token>
                <token content="cut" id="16-8">
                    <pos type="NN"/>
                    <lemma type="cut"/>
                </token>
                <token content="." id="16-9"/>
            </sentence>
            <sentence id="17">
                <token content="I" id="17-1">
                    <pos type="PRP"/>
                    <lemma type="I"/>
                    <dep head="17-2" type="nsubj"/>
                </token>
                <token content="paid" id="17-2">
                    <pos type="VBD"/>
                    <lemma type="pay"/>
                </token>
                <token content="at" id="17-3"/>
                <token content="the" id="17-4">
                    <pos type="DT"/>
                    <lemma type="the"/>
                </token>
                <token content="front" id="17-5">
                    <pos type="JJ"/>
                    <lemma type="front"/>
                </token>
                <token content="desk" id="17-6">
                    <pos type="NN"/>
                    <lemma type="desk"/>
                    <dep head="17-2" type="prep"/>
                </token>
                <token content="and" id="17-7"/>
                <token content="made" id="17-8">
                    <pos type="VBD"/>
                    <lemma type="make"/>
                    <dep head="17-2" type="conj"/>
                </token>
                <token content="sure" id="17-9">
                    <pos type="JJ"/>
                    <lemma type="sure"/>
                    <dep head="17-8" type="acomp"/>
                </token>
                <token content="to" id="17-10">
                    <pos type="TO"/>
                    <lemma type="to"/>
                    <dep head="17-11" type="aux"/>
                </token>
                <token content="leave" id="17-11">
                    <pos type="VB"/>
                    <lemma type="leave"/>
                </token>
                <token content="Kayla" id="17-12">
                    <pos type="NNP"/>
                    <lemma type="Kayla"/>
                    <dep head="17-11" type="iobj"/>
                </token>
                <token content="a" id="17-13">
                    <pos type="DT"/>
                    <lemma type="a"/>
                </token>
                <token content="tip" id="17-14">
                    <pos type="NN"/>
                    <lemma type="tip"/>
                    <dep head="17-11" type="dobj"/>
                </token>
                <token content="," id="17-15"/>
                <token content="and" id="17-16"/>
                <token content="then" id="17-17">
                    <pos type="RB"/>
                    <lemma type="then"/>
                    <dep head="17-19" type="advmod"/>
                </token>
                <token content="I" id="17-18">
                    <pos type="PRP"/>
                    <lemma type="I"/>
                    <dep head="17-19" type="nsubj"/>
                </token>
                <token content="went" id="17-19">
                    <pos type="VBD"/>
                    <lemma type="go"/>
                    <dep head="17-2" type="conj"/>
                </token>
                <token content="home" id="17-20">
                    <pos type="NN"/>
                    <lemma type="home"/>
                    <dep head="17-19" type="dobj"/>
                </token>
                <token content="." id="17-21"/>
            </sentence>
        </sentences>
    </text>
    <annotations>
        <participants>
            <label from="1-1" id="0" name="ScrPart_customer" text="I" type="participant"/>
            <label from="1-4" id="1" name="ScrPart_customer" text="my" type="participant"/>
            <label from="1-5" id="2" name="ScrPart_hairdresser" text="hairdresser" type="participant"/>
            <label from="1-8" id="3" name="NPart" text="weeks" type="participant"/>
            <label from="1-12" id="4" name="ScrPart_haircut" text="hair cut" to="1-13" type="participant"/>
            <label from="2-1" id="5" name="ScrPart_customer" text="My" type="participant"/>
            <label from="2-2" id="6" name="ScrPart_appointment" text="appointment" type="participant"/>
            <label from="2-5" id="7" name="ScrPart_time/date" text="3:15" type="participant"/>
            <label from="2-8" id="8" name="ScrPart_customer" text="I" type="participant"/>
            <label from="2-12" id="9" name="ScrPart_time/date" text="3:10" type="participant"/>
            <label from="3-2" id="10" name="ScrPart_customer" text="I" type="participant"/>
            <label from="3-4" id="11" name="ScrPart_salon" text="there" type="participant"/>
            <label from="3-6" id="12" name="ScrPart_hairdresser" text="Kayla" type="participant"/>
            <label from="3-8" id="13" name="ScrPart_customer" text="my" type="participant"/>
            <label from="3-9" id="14" name="ScrPart_hairdresser" text="hairdresser" type="participant"/>
            <label from="3-16" id="15" name="ScrPart_hairdresser" text="her" type="participant"/>
            <label from="3-18" id="16" name="ScrPart_appointment" text="appointment" type="participant"/>
            <label from="4-2" id="17" name="ScrPart_customer" text="I" type="participant"/>
            <label from="4-6" id="18" name="ScrPart_location_salon" text="waiting area" to="4-7" type="participant"/>
            <label from="4-7" id="19" name="ScrPart_location_salon" text="area" type="participant"/>
            <label from="5-2" id="20" name="ScrPart_staff" text="attendant" type="participant"/>
            <label from="5-5" id="21" name="ScrPart_check_in_desk" text="desk" type="participant"/>
            <label from="5-7" id="22" name="ScrPart_customer" text="me" type="participant"/>
            <label from="5-8" id="23" name="ScrPart_entertainment" text="water" type="participant"/>
            <label from="5-10" id="24" name="ScrPart_entertainment" text="coffee" type="participant"/>
            <label from="5-13" id="25" name="ScrPart_customer" text="I" type="participant"/>
            <label from="5-17" id="26" name="ScrPart_staff" text="you" type="participant"/>
            <label from="6-2" id="27" name="ScrPart_hairdresser" text="Kayla" type="participant"/>
            <label from="6-6" id="28" name="ScrPart_hairdresser" text="her" type="participant"/>
            <label from="6-8" id="29" name="ScrPart_appointment" text="appointment" type="participant"/>
            <label from="6-10" id="30" name="ScrPart_hairdresser" text="she" type="participant"/>
            <label from="6-12" id="31" name="ScrPart_customer" text="me" type="participant"/>
            <label from="6-15" id="32" name="ScrPart_customer" text="I" type="participant"/>
            <label from="6-20" id="33" name="ScrPart_chair" text="swivel chair" to="6-21" type="participant"/>
            <label from="6-21" id="34" name="ScrPart_chair" text="chair" type="participant"/>
            <label from="6-23" id="35" name="No_label" text="front" type="participant"/>
            <label from="6-26" id="36" name="ScrPart_mirror" text="mirror" type="participant"/>
            <label from="6-28" id="37" name="ScrPart_hairdresser" text="her" type="participant"/>
            <label from="6-29" id="38" name="ScrPart_location_salon" text="station" type="participant"/>
            <label from="7-1" id="39" name="ScrPart_hairdresser" text="She" type="participant"/>
            <label from="7-4" id="40" name="ScrPart_customer" text="I" type="participant"/>
            <label from="7-8" id="41" name="ScrPart_customer" text="my" type="participant"/>
            <label from="7-9" id="42" name="ScrPart_hair" text="hair" type="participant"/>
            <label from="7-12" id="43" name="ScrPart_customer" text="I" type="participant"/>
            <label from="7-14" id="44" name="ScrPart_hairdresser" text="her" type="participant"/>
            <label from="7-18" id="45" name="ScrPart_customer" text="I" type="participant"/>
            <label from="7-20" id="46" name="ScrPart_hair" text="it" type="participant"/>
            <label from="8-1" id="47" name="ScrPart_hairdresser" text="She" type="participant"/>
            <label from="8-4" id="48" name="ScrPart_customer" text="my" type="participant"/>
            <label from="8-5" id="49" name="ScrPart_hair" text="hair" type="participant"/>
            <label from="8-12" id="50" name="No_label" text="lot" type="participant"/>
            <label from="8-16" id="51" name="No_label" text="time" type="participant"/>
            <label from="8-17" id="52" name="ScrPart_customer" text="I" type="participant"/>
            <label from="9-1" id="53" name="ScrPart_hairdresser_customer" text="We" type="participant"/>
            <label from="9-5" id="54" name="ScrPart_location_salon" text="back room" to="9-6" type="participant"/>
            <label from="9-6" id="55" name="ScrPart_location_salon" text="room" type="participant"/>
            <label from="9-10" id="56" name="ScrPart_wash_basin" text="sinks" type="participant"/>
            <label from="9-13" id="57" name="ScrPart_hair" text="hair" type="participant"/>
            <label from="10-1" id="58" name="ScrPart_customer" text="I" type="participant"/>
            <label from="10-5" id="59" name="No_label" text="front" type="participant"/>
            <label from="10-8" id="60" name="ScrPart_wash_basin" text="sink" type="participant"/>
            <label from="10-9" id="61" name="ScrPart_hairdresser" text="Kayla" type="participant"/>
            <label from="10-11" id="62" name="ScrPart_customer" text="me" type="participant"/>
            <label from="10-17" id="63" name="ScrPart_customer" text="I" type="participant"/>
            <label from="10-22" id="64" name="ScrPart_customer" text="my" type="participant"/>
            <label from="10-23" id="65" name="ScrPart_other" text="head" type="participant"/>
            <label from="10-26" id="66" name="ScrPart_wash_basin" text="sink" type="participant"/>
            <label from="10-29" id="67" name="ScrPart_hairdresser" text="Kayla" type="participant"/>
            <label from="10-31" id="68" name="ScrPart_customer" text="my" type="participant"/>
            <label from="10-32" id="69" name="ScrPart_hair" text="hair" type="participant"/>
            <label from="10-35" id="70" name="ScrPart_hair" text="it" type="participant"/>
            <label from="11-2" id="71" name="ScrPart_hairdresser" text="she" type="participant"/>
            <label from="11-5" id="72" name="ScrPart_towel" text="towel" type="participant"/>
            <label from="11-7" id="73" name="ScrPart_customer" text="my" type="participant"/>
            <label from="11-8" id="74" name="ScrPart_hair" text="hair" type="participant"/>
            <label from="11-10" id="75" name="ScrPart_hairdresser_customer" text="we" type="participant"/>
            <label from="11-14" id="76" name="ScrPart_hairdresser" text="her" type="participant"/>
            <label from="11-15" id="77" name="ScrPart_chair" text="chair" type="participant"/>
            <label from="11-18" id="78" name="ScrPart_hairdresser" text="she" type="participant"/>
            <label from="11-20" id="79" name="ScrPart_customer" text="my" type="participant"/>
            <label from="11-21" id="80" name="ScrPart_hair" text="hair" type="participant"/>
            <label from="12-2" id="81" name="ScrPart_hairdresser" text="she" type="participant"/>
            <label from="12-5" id="82" name="ScrPart_customer" text="my" type="participant"/>
            <label from="12-6" id="83" name="ScrPart_hair" text="hair" type="participant"/>
            <label from="12-8" id="84" name="ScrPart_hairdresser_customer" text="we" type="participant"/>
            <label from="12-12" id="85" name="Head_of_Partitive" text="lot" type="participant"/>
            <label from="12-14" id="86" name="ScrPart_entertainment" text="things" type="participant"/>
            <label from="13-1" id="87" name="ScrPart_hairdresser" text="Kayla" type="participant"/>
            <label from="13-5" id="88" name="NPart" text="son" type="participant"/>
            <label from="13-7" id="89" name="ScrPart_customer" text="I" type="participant"/>
            <label from="13-10" id="90" name="NPart" text="him" type="participant"/>
            <label from="14-1" id="91" name="ScrPart_customer" text="I" type="participant"/>
            <label from="14-8" id="92" name="ScrPart_customer" text="woman" type="participant"/>
            <label from="14-9" id="93" name="ScrPart_customer" text="who" type="participant"/>
            <label from="14-12" id="94" name="ScrPart_customer" text="her" type="participant"/>
            <label from="14-13" id="95" name="SuppVComp" text="hair cut" to="14-14" type="participant"/>
            <label from="14-17" id="96" name="ScrPart_customer" text="me" type="participant"/>
            <label from="15-2" id="97" name="No_label" text="time" type="participant"/>
            <label from="15-7" id="98" name="ScrPart_hairdresser" text="Kayla" type="participant"/>
            <label from="15-10" id="99" name="ScrPart_hairdryer" text="blow dryer" to="15-11" type="participant"/>
            <label from="15-11" id="100" name="ScrPart_hairdryer" text="dryer" type="participant"/>
            <label from="15-14" id="101" name="ScrPart_customer" text="my" type="participant"/>
            <label from="15-15" id="102" name="ScrPart_hair" text="hair" type="participant"/>
            <label from="15-18" id="103" name="ScrPart_hair" text="it" type="participant"/>
            <label from="15-22" id="104" name="ScrPart_hair_styling/treatment" text="iron" type="participant"/>
            <label from="15-25" id="105" name="ScrPart_hair_styling/treatment" text="hair spray" to="15-26" type="participant"/>
            <label from="15-26" id="106" name="ScrPart_hair_styling/treatment" text="spray" type="participant"/>
            <label from="15-28" id="107" name="ScrPart_hair" text="it" type="participant"/>
            <label from="16-1" id="108" name="ScrPart_customer" text="I" type="participant"/>
            <label from="16-6" id="109" name="ScrPart_customer" text="my" type="participant"/>
            <label from="16-7" id="110" name="ScrPart_haircut" text="hair cut" to="16-8" type="participant"/>
            <label from="17-1" id="111" name="ScrPart_customer" text="I" type="participant"/>
            <label from="17-6" id="112" name="ScrPart_check_in_desk" text="desk" type="participant"/>
            <label from="17-12" id="113" name="ScrPart_hairdresser" text="Kayla" type="participant"/>
            <label from="17-14" id="114" name="ScrPart_tip" text="tip" type="participant"/>
            <label from="17-18" id="115" name="ScrPart_customer" text="I" type="participant"/>
            <label from="17-20" id="116" name="NPart" text="home" type="participant"/>
        </participants>
        <events>
            <label from="1-2" id="117" name="Evoking" text="went to my hairdresser" to="1-5" type="event"/>
            <label from="1-2" id="118" name="ScrEv_get_salon" text="went" type="event"/>
            <label from="2-3" id="119" name="RelNScrEv" text="was" type="event"/>
            <label from="2-9" id="120" name="ScrEv_enter" text="arrived" type="event"/>
            <label from="3-3" id="121" name="ScrEv_enter" text="got" type="event"/>
            <label from="3-13" id="122" name="RelNScrEv" text="finishing up" to="3-14" type="event"/>
            <label from="3-13" id="123" name="RelNScrEv" text="finishing" type="event"/>
            <label from="4-3" id="124" name="ScrEv_wait" text="sat" type="event"/>
            <label from="5-6" id="125" name="ScrEv_wait" text="offered" type="event"/>
            <label from="5-14" id="126" name="UnrelEv" text="said" type="event"/>
            <label from="5-16" id="127" name="UnrelEv" text="thank" type="event"/>
            <label from="6-4" id="128" name="RelNScrEv" text="done" type="event"/>
            <label from="6-11" id="129" name="ScrEv_get_called" text="called" type="event"/>
            <label from="6-16" id="130" name="ScrEv_sit_down" text="sat down" to="6-17" type="event"/>
            <label from="6-16" id="131" name="ScrEv_sit_down" text="sat" type="event"/>
            <label from="7-2" id="132" name="ScrEv_talk_haircut" text="asked" type="event"/>
            <label from="7-5" id="133" name="ScrEv_talk_haircut" text="wanted" type="event"/>
            <label from="7-6" id="134" name="ScrEv_talk_haircut" text="done" type="event"/>
            <label from="7-13" id="135" name="ScrEv_talk_haircut" text="showed" type="event"/>
            <label from="7-19" id="136" name="ScrEv_talk_haircut" text="wanted" type="event"/>
            <label from="7-22" id="137" name="UnrelEv" text="be" type="event"/>
            <label from="8-2" id="138" name="ScrEv_talk_haircut" text="noticed" type="event"/>
            <label from="8-7" id="139" name="UnrelEv" text="seem" type="event"/>
            <label from="8-10" id="140" name="RelNScrEv" text="grown" type="event"/>
            <label from="8-18" id="141" name="RelNScrEv" text="was" type="event"/>
            <label from="9-2" id="142" name="ScrEv_move_in_salon" text="went" type="event"/>
            <label from="9-9" id="143" name="UnrelEv" text="are" type="event"/>
            <label from="9-12" id="144" name="ScrEv_wash" text="washing" type="event"/>
            <label from="10-2" id="145" name="ScrEv_sit_down" text="sat down" to="10-3" type="event"/>
            <label from="10-2" id="146" name="ScrEv_sit_down" text="sat" type="event"/>
            <label from="10-10" id="147" name="UnrelEv" text="told" type="event"/>
            <label from="10-13" id="148" name="ScrEv_sit_down" text="sit" type="event"/>
            <label from="10-18" id="149" name="UnrelEv" text="leaned back" to="10-19" type="event"/>
            <label from="10-18" id="150" name="UnrelEv" text="leaned" type="event"/>
            <label from="10-21" id="151" name="ScrEv_prepare_wash" text="put" type="event"/>
            <label from="10-30" id="152" name="ScrEv_wash" text="washed" type="event"/>
            <label from="10-34" id="153" name="ScrEv_wash" text="conditioned" type="event"/>
            <label from="11-3" id="154" name="ScrEv_put_towel" text="put" type="event"/>
            <label from="11-11" id="155" name="ScrEv_sit_down" text="went back" to="11-12" type="event"/>
            <label from="11-11" id="156" name="ScrEv_sit_down" text="went" type="event"/>
            <label from="11-19" id="157" name="ScrEv_cut" text="cut" type="event"/>
            <label from="12-4" id="158" name="ScrEv_cut" text="cutting" type="event"/>
            <label from="12-9" id="159" name="ScrEv_small_talk" text="talked" type="event"/>
            <label from="13-2" id="160" name="UnrelEv" text="has" type="event"/>
            <label from="13-8" id="161" name="ScrEv_small_talk" text="asked" type="event"/>
            <label from="14-3" id="162" name="UnrelEv" text="ended up" to="14-4" type="event"/>
            <label from="14-3" id="163" name="UnrelEv" text="ended" type="event"/>
            <label from="14-5" id="164" name="ScrEv_small_talk" text="talking" type="event"/>
            <label from="14-11" id="165" name="Evoking" text="getting her hair cut" to="14-14" type="event"/>
            <label from="15-3" id="166" name="UnrelEv" text="flew" type="event"/>
            <label from="15-8" id="167" name="ScrEv_dry" text="used" type="event"/>
            <label from="15-13" id="168" name="ScrEv_dry" text="dry" type="event"/>
            <label from="15-17" id="169" name="ScrEv_make_hair_style" text="curled" type="event"/>
            <label from="15-24" id="170" name="ScrEv_make_hair_style" text="put" type="event"/>
            <label from="16-2" id="171" name="ScrEv_customer_opinion" text="was" type="event"/>
            <label from="17-2" id="172" name="ScrEv_pay" text="paid" type="event"/>
            <label from="17-8" id="173" name="UnrelEv" text="made" type="event"/>
            <label from="17-11" id="174" name="ScrEv_leave_tip" text="leave" type="event"/>
            <label from="17-19" id="175" name="ScrEv_leave" text="went" type="event"/>
        </events>
        <chains>
            <chain elements="0 1 5 8 10 13 17 22 25 31 32 40 41 43 45 48 52 58 62 63 64 68 73 79 82 89 91 96 101 108 109 111 115"/>
            <chain elements="2 12 14 15 27 28 30 37 39 44 47 61 67 71 76 78 81 87 98 113"/>
            <chain elements="20 26"/>
            <chain elements="16 29"/>
            <chain elements="42 46 49 69 70 74 80 83 102 103 107"/>
            <chain elements="47 53 52" name="group_I_hairdresser"/>
            <chain elements="60 66"/>
            <chain elements="34 77"/>
            <chain elements="92 93 94"/>
            <chain elements="4 110"/>
            <chain elements="53 75 84"/>
            <chain elements="88 90"/>
        </chains>
    </annotations>
</story>
