<?xml version="1.0" encoding="UTF-8" standalone="no"?>
<!DOCTYPE story SYSTEM "../InScript.dtd">
<story id="034" scenario="haircut">
    <text>
        <content>I have a very important job interview coming up in a few days and I want to make sure I look my best . 
I called up my barber and made an appointment for later on in the day . 
When I got to the barber shop I greeted him and took a seat in his chair . 
I told him about the interview and he told me not to worry I was in good hands . 
He put the barber apron over me so I would n't get any hair on my clothes while he cut my hair . 
He took out his scissors and started sniping away like he usually did . 
After about 20 minutes we were all done . 
He took out a small mirror and showed me the front and back of my new haircut . 
As always I was very satisfied with his work . 
He dusted off the loose hair and removed the apron as I got up . 
I paid him and gave him a nice tip for a job well done . 
Before leaving he wished me good luck on my interview and thanked me for stopping by . </content>
        <sentences>
            <sentence id="1">
                <token content="I" id="1-1">
                    <pos type="PRP"/>
                    <lemma type="I"/>
                    <dep head="1-2" type="nsubj"/>
                </token>
                <token content="have" id="1-2">
                    <pos type="VBP"/>
                    <lemma type="have"/>
                </token>
                <token content="a" id="1-3">
                    <pos type="DT"/>
                    <lemma type="a"/>
                </token>
                <token content="very" id="1-4">
                    <pos type="RB"/>
                    <lemma type="very"/>
                </token>
                <token content="important" id="1-5">
                    <pos type="JJ"/>
                    <lemma type="important"/>
                </token>
                <token content="job" id="1-6">
                    <pos type="NN"/>
                    <lemma type="job"/>
                </token>
                <token content="interview" id="1-7">
                    <pos type="NN"/>
                    <lemma type="interview"/>
                    <dep head="1-2" type="dobj"/>
                </token>
                <token content="coming" id="1-8">
                    <pos type="VBG"/>
                    <lemma type="come"/>
                </token>
                <token content="up" id="1-9">
                    <pos type="RP"/>
                    <lemma type="up"/>
                    <dep head="1-8" type="prt"/>
                </token>
                <token content="in" id="1-10"/>
                <token content="a" id="1-11">
                    <pos type="DT"/>
                    <lemma type="a"/>
                </token>
                <token content="few" id="1-12">
                    <pos type="JJ"/>
                    <lemma type="few"/>
                </token>
                <token content="days" id="1-13">
                    <pos type="NNS"/>
                    <lemma type="day"/>
                    <dep head="1-8" type="prep"/>
                </token>
                <token content="and" id="1-14"/>
                <token content="I" id="1-15">
                    <pos type="PRP"/>
                    <lemma type="I"/>
                    <dep head="1-16" type="nsubj"/>
                </token>
                <token content="want" id="1-16">
                    <pos type="VBP"/>
                    <lemma type="want"/>
                    <dep head="1-2" type="conj"/>
                </token>
                <token content="to" id="1-17">
                    <pos type="TO"/>
                    <lemma type="to"/>
                    <dep head="1-18" type="aux"/>
                </token>
                <token content="make" id="1-18">
                    <pos type="VB"/>
                    <lemma type="make"/>
                    <dep head="1-16" type="xcomp"/>
                </token>
                <token content="sure" id="1-19">
                    <pos type="JJ"/>
                    <lemma type="sure"/>
                    <dep head="1-18" type="acomp"/>
                </token>
                <token content="I" id="1-20">
                    <pos type="PRP"/>
                    <lemma type="I"/>
                    <dep head="1-21" type="nsubj"/>
                </token>
                <token content="look" id="1-21">
                    <pos type="VBP"/>
                    <lemma type="look"/>
                </token>
                <token content="my" id="1-22">
                    <pos type="PRP$"/>
                    <lemma type="my"/>
                </token>
                <token content="best" id="1-23">
                    <pos type="JJS"/>
                    <lemma type="best"/>
                    <dep head="1-21" type="dobj"/>
                </token>
                <token content="." id="1-24"/>
            </sentence>
            <sentence id="2">
                <token content="I" id="2-1">
                    <pos type="PRP"/>
                    <lemma type="I"/>
                    <dep head="2-2" type="nsubj"/>
                </token>
                <token content="called" id="2-2">
                    <pos type="VBD"/>
                    <lemma type="call"/>
                </token>
                <token content="up" id="2-3">
                    <pos type="RP"/>
                    <lemma type="up"/>
                    <dep head="2-2" type="prt"/>
                </token>
                <token content="my" id="2-4">
                    <pos type="PRP$"/>
                    <lemma type="my"/>
                </token>
                <token content="barber" id="2-5">
                    <pos type="NN"/>
                    <lemma type="barber"/>
                    <dep head="2-2" type="dobj"/>
                </token>
                <token content="and" id="2-6"/>
                <token content="made" id="2-7">
                    <pos type="VBD"/>
                    <lemma type="make"/>
                    <dep head="2-2" type="conj"/>
                </token>
                <token content="an" id="2-8">
                    <pos type="DT"/>
                    <lemma type="a"/>
                </token>
                <token content="appointment" id="2-9">
                    <pos type="NN"/>
                    <lemma type="appointment"/>
                    <dep head="2-7" type="dobj"/>
                </token>
                <token content="for" id="2-10">
                    <pos type="IN"/>
                    <lemma type="for"/>
                    <dep head="2-7" type="prep"/>
                </token>
                <token content="later" id="2-11">
                    <pos type="RB"/>
                    <lemma type="later"/>
                </token>
                <token content="on" id="2-12">
                    <pos type="IN"/>
                    <lemma type="on"/>
                    <dep head="2-7" type="prep"/>
                </token>
                <token content="in" id="2-13">
                    <pos type="IN"/>
                    <lemma type="in"/>
                </token>
                <token content="the" id="2-14">
                    <pos type="DT"/>
                    <lemma type="the"/>
                </token>
                <token content="day" id="2-15">
                    <pos type="NN"/>
                    <lemma type="day"/>
                </token>
                <token content="." id="2-16"/>
            </sentence>
            <sentence id="3">
                <token content="When" id="3-1">
                    <pos type="WRB"/>
                    <lemma type="when"/>
                    <dep head="3-3" type="advmod"/>
                </token>
                <token content="I" id="3-2">
                    <pos type="PRP"/>
                    <lemma type="I"/>
                    <dep head="3-3" type="nsubj"/>
                </token>
                <token content="got" id="3-3">
                    <pos type="VBD"/>
                    <lemma type="get"/>
                    <dep head="3-9" type="advcl"/>
                </token>
                <token content="to" id="3-4"/>
                <token content="the" id="3-5">
                    <pos type="DT"/>
                    <lemma type="the"/>
                </token>
                <token content="barber" id="3-6">
                    <pos type="NN"/>
                    <lemma type="barber"/>
                </token>
                <token content="shop" id="3-7">
                    <pos type="NN"/>
                    <lemma type="shop"/>
                    <dep head="3-3" type="prep"/>
                </token>
                <token content="I" id="3-8">
                    <pos type="PRP"/>
                    <lemma type="I"/>
                    <dep head="3-9" type="nsubj"/>
                </token>
                <token content="greeted" id="3-9">
                    <pos type="VBD"/>
                    <lemma type="greet"/>
                </token>
                <token content="him" id="3-10">
                    <pos type="PRP"/>
                    <lemma type="he"/>
                    <dep head="3-9" type="dobj"/>
                </token>
                <token content="and" id="3-11"/>
                <token content="took" id="3-12">
                    <pos type="VBD"/>
                    <lemma type="take"/>
                    <dep head="3-9" type="conj"/>
                </token>
                <token content="a" id="3-13">
                    <pos type="DT"/>
                    <lemma type="a"/>
                </token>
                <token content="seat" id="3-14">
                    <pos type="NN"/>
                    <lemma type="seat"/>
                    <dep head="3-12" type="dobj"/>
                </token>
                <token content="in" id="3-15"/>
                <token content="his" id="3-16">
                    <pos type="PRP$"/>
                    <lemma type="he"/>
                </token>
                <token content="chair" id="3-17">
                    <pos type="NN"/>
                    <lemma type="chair"/>
                    <dep head="3-12" type="prep"/>
                </token>
                <token content="." id="3-18"/>
            </sentence>
            <sentence id="4">
                <token content="I" id="4-1">
                    <pos type="PRP"/>
                    <lemma type="I"/>
                    <dep head="4-2" type="nsubj"/>
                </token>
                <token content="told" id="4-2">
                    <pos type="VBD"/>
                    <lemma type="tell"/>
                </token>
                <token content="him" id="4-3">
                    <pos type="PRP"/>
                    <lemma type="he"/>
                    <dep head="4-2" type="dobj"/>
                </token>
                <token content="about" id="4-4"/>
                <token content="the" id="4-5">
                    <pos type="DT"/>
                    <lemma type="the"/>
                </token>
                <token content="interview" id="4-6">
                    <pos type="NN"/>
                    <lemma type="interview"/>
                    <dep head="4-2" type="prep"/>
                </token>
                <token content="and" id="4-7"/>
                <token content="he" id="4-8">
                    <pos type="PRP"/>
                    <lemma type="he"/>
                    <dep head="4-9" type="nsubj"/>
                </token>
                <token content="told" id="4-9">
                    <pos type="VBD"/>
                    <lemma type="tell"/>
                    <dep head="4-2" type="conj"/>
                </token>
                <token content="me" id="4-10">
                    <pos type="PRP"/>
                    <lemma type="I"/>
                    <dep head="4-9" type="dobj"/>
                </token>
                <token content="not" id="4-11">
                    <pos type="RB"/>
                    <lemma type="not"/>
                    <dep head="4-13" type="neg"/>
                </token>
                <token content="to" id="4-12">
                    <pos type="TO"/>
                    <lemma type="to"/>
                    <dep head="4-13" type="aux"/>
                </token>
                <token content="worry" id="4-13">
                    <pos type="VB"/>
                    <lemma type="worry"/>
                    <dep head="4-9" type="xcomp"/>
                </token>
                <token content="I" id="4-14">
                    <pos type="PRP"/>
                    <lemma type="I"/>
                    <dep head="4-15" type="nsubj"/>
                </token>
                <token content="was" id="4-15">
                    <pos type="VBD"/>
                    <lemma type="be"/>
                    <dep head="4-13" type="ccomp"/>
                </token>
                <token content="in" id="4-16"/>
                <token content="good" id="4-17">
                    <pos type="JJ"/>
                    <lemma type="good"/>
                </token>
                <token content="hands" id="4-18">
                    <pos type="NNS"/>
                    <lemma type="hand"/>
                    <dep head="4-15" type="prep"/>
                </token>
                <token content="." id="4-19"/>
            </sentence>
            <sentence id="5">
                <token content="He" id="5-1">
                    <pos type="PRP"/>
                    <lemma type="he"/>
                    <dep head="5-2" type="nsubj"/>
                </token>
                <token content="put" id="5-2">
                    <pos type="VBD"/>
                    <lemma type="put"/>
                </token>
                <token content="the" id="5-3">
                    <pos type="DT"/>
                    <lemma type="the"/>
                </token>
                <token content="barber" id="5-4">
                    <pos type="NN"/>
                    <lemma type="barber"/>
                </token>
                <token content="apron" id="5-5">
                    <pos type="NN"/>
                    <lemma type="apron"/>
                    <dep head="5-2" type="dobj"/>
                </token>
                <token content="over" id="5-6"/>
                <token content="me" id="5-7">
                    <pos type="PRP"/>
                    <lemma type="I"/>
                    <dep head="5-2" type="prep"/>
                </token>
                <token content="so" id="5-8">
                    <pos type="IN"/>
                    <lemma type="so"/>
                    <dep head="5-12" type="mark"/>
                </token>
                <token content="I" id="5-9">
                    <pos type="PRP"/>
                    <lemma type="I"/>
                    <dep head="5-12" type="nsubj"/>
                </token>
                <token content="would" id="5-10">
                    <pos type="MD"/>
                    <lemma type="would"/>
                    <dep head="5-12" type="aux"/>
                </token>
                <token content="n't" id="5-11">
                    <pos type="RB"/>
                    <lemma type="not"/>
                    <dep head="5-12" type="neg"/>
                </token>
                <token content="get" id="5-12">
                    <pos type="VB"/>
                    <lemma type="get"/>
                    <dep head="5-2" type="advcl"/>
                </token>
                <token content="any" id="5-13">
                    <pos type="DT"/>
                    <lemma type="any"/>
                </token>
                <token content="hair" id="5-14">
                    <pos type="NN"/>
                    <lemma type="hair"/>
                    <dep head="5-12" type="dobj"/>
                </token>
                <token content="on" id="5-15"/>
                <token content="my" id="5-16">
                    <pos type="PRP$"/>
                    <lemma type="my"/>
                </token>
                <token content="clothes" id="5-17">
                    <pos type="NNS"/>
                    <lemma type="clothes"/>
                    <dep head="5-12" type="prep"/>
                </token>
                <token content="while" id="5-18">
                    <pos type="IN"/>
                    <lemma type="while"/>
                    <dep head="5-20" type="mark"/>
                </token>
                <token content="he" id="5-19">
                    <pos type="PRP"/>
                    <lemma type="he"/>
                    <dep head="5-20" type="nsubj"/>
                </token>
                <token content="cut" id="5-20">
                    <pos type="VBD"/>
                    <lemma type="cut"/>
                    <dep head="5-12" type="advcl"/>
                </token>
                <token content="my" id="5-21">
                    <pos type="PRP$"/>
                    <lemma type="my"/>
                </token>
                <token content="hair" id="5-22">
                    <pos type="NN"/>
                    <lemma type="hair"/>
                    <dep head="5-20" type="dobj"/>
                </token>
                <token content="." id="5-23"/>
            </sentence>
            <sentence id="6">
                <token content="He" id="6-1">
                    <pos type="PRP"/>
                    <lemma type="he"/>
                    <dep head="6-2" type="nsubj"/>
                </token>
                <token content="took" id="6-2">
                    <pos type="VBD"/>
                    <lemma type="take"/>
                </token>
                <token content="out" id="6-3">
                    <pos type="RP"/>
                    <lemma type="out"/>
                    <dep head="6-2" type="prt"/>
                </token>
                <token content="his" id="6-4">
                    <pos type="PRP$"/>
                    <lemma type="he"/>
                </token>
                <token content="scissors" id="6-5">
                    <pos type="NNS"/>
                    <lemma type="scissors"/>
                    <dep head="6-2" type="dobj"/>
                </token>
                <token content="and" id="6-6"/>
                <token content="started" id="6-7">
                    <pos type="VBD"/>
                    <lemma type="start"/>
                    <dep head="6-2" type="conj"/>
                </token>
                <token content="sniping" id="6-8">
                    <pos type="VBG"/>
                    <lemma type="snipe"/>
                    <dep head="6-7" type="xcomp"/>
                </token>
                <token content="away" id="6-9">
                    <pos type="RP"/>
                    <lemma type="away"/>
                    <dep head="6-8" type="prt"/>
                </token>
                <token content="like" id="6-10">
                    <pos type="IN"/>
                    <lemma type="like"/>
                    <dep head="6-13" type="mark"/>
                </token>
                <token content="he" id="6-11">
                    <pos type="PRP"/>
                    <lemma type="he"/>
                    <dep head="6-13" type="nsubj"/>
                </token>
                <token content="usually" id="6-12">
                    <pos type="RB"/>
                    <lemma type="usually"/>
                    <dep head="6-13" type="advmod"/>
                </token>
                <token content="did" id="6-13">
                    <pos type="VBD"/>
                    <lemma type="do"/>
                    <dep head="6-8" type="advcl"/>
                </token>
                <token content="." id="6-14"/>
            </sentence>
            <sentence id="7">
                <token content="After" id="7-1"/>
                <token content="about" id="7-2">
                    <pos type="RB"/>
                    <lemma type="about"/>
                </token>
                <token content="20" id="7-3">
                    <pos type="CD"/>
                    <lemma type="20"/>
                </token>
                <token content="minutes" id="7-4">
                    <pos type="NNS"/>
                    <lemma type="minute"/>
                    <dep head="7-8" type="prep"/>
                </token>
                <token content="we" id="7-5">
                    <pos type="PRP"/>
                    <lemma type="we"/>
                    <dep head="7-8" type="nsubjpass"/>
                </token>
                <token content="were" id="7-6">
                    <pos type="VBD"/>
                    <lemma type="be"/>
                    <dep head="7-8" type="auxpass"/>
                </token>
                <token content="all" id="7-7">
                    <pos type="RB"/>
                    <lemma type="all"/>
                    <dep head="7-8" type="advmod"/>
                </token>
                <token content="done" id="7-8">
                    <pos type="VBN"/>
                    <lemma type="do"/>
                </token>
                <token content="." id="7-9"/>
            </sentence>
            <sentence id="8">
                <token content="He" id="8-1">
                    <pos type="PRP"/>
                    <lemma type="he"/>
                    <dep head="8-2" type="nsubj"/>
                </token>
                <token content="took" id="8-2">
                    <pos type="VBD"/>
                    <lemma type="take"/>
                </token>
                <token content="out" id="8-3">
                    <pos type="RP"/>
                    <lemma type="out"/>
                    <dep head="8-2" type="prt"/>
                </token>
                <token content="a" id="8-4">
                    <pos type="DT"/>
                    <lemma type="a"/>
                </token>
                <token content="small" id="8-5">
                    <pos type="JJ"/>
                    <lemma type="small"/>
                </token>
                <token content="mirror" id="8-6">
                    <pos type="NN"/>
                    <lemma type="mirror"/>
                    <dep head="8-2" type="dobj"/>
                </token>
                <token content="and" id="8-7"/>
                <token content="showed" id="8-8">
                    <pos type="VBD"/>
                    <lemma type="show"/>
                    <dep head="8-2" type="conj"/>
                </token>
                <token content="me" id="8-9">
                    <pos type="PRP"/>
                    <lemma type="I"/>
                </token>
                <token content="the" id="8-10">
                    <pos type="DT"/>
                    <lemma type="the"/>
                </token>
                <token content="front" id="8-11">
                    <pos type="NN"/>
                    <lemma type="front"/>
                    <dep head="8-8" type="xcomp"/>
                </token>
                <token content="and" id="8-12"/>
                <token content="back" id="8-13">
                    <pos type="NN"/>
                    <lemma type="back"/>
                </token>
                <token content="of" id="8-14"/>
                <token content="my" id="8-15">
                    <pos type="PRP$"/>
                    <lemma type="my"/>
                </token>
                <token content="new" id="8-16">
                    <pos type="JJ"/>
                    <lemma type="new"/>
                </token>
                <token content="haircut" id="8-17">
                    <pos type="NN"/>
                    <lemma type="haircut"/>
                </token>
                <token content="." id="8-18"/>
            </sentence>
            <sentence id="9">
                <token content="As" id="9-1">
                    <pos type="IN"/>
                    <lemma type="as"/>
                    <dep head="9-6" type="prep"/>
                </token>
                <token content="always" id="9-2">
                    <pos type="RB"/>
                    <lemma type="always"/>
                </token>
                <token content="I" id="9-3">
                    <pos type="PRP"/>
                    <lemma type="I"/>
                    <dep head="9-6" type="nsubjpass"/>
                </token>
                <token content="was" id="9-4">
                    <pos type="VBD"/>
                    <lemma type="be"/>
                    <dep head="9-6" type="auxpass"/>
                </token>
                <token content="very" id="9-5">
                    <pos type="RB"/>
                    <lemma type="very"/>
                    <dep head="9-6" type="advmod"/>
                </token>
                <token content="satisfied" id="9-6">
                    <pos type="VBN"/>
                    <lemma type="satisfy"/>
                </token>
                <token content="with" id="9-7"/>
                <token content="his" id="9-8">
                    <pos type="PRP$"/>
                    <lemma type="he"/>
                </token>
                <token content="work" id="9-9">
                    <pos type="NN"/>
                    <lemma type="work"/>
                    <dep head="9-6" type="prep"/>
                </token>
                <token content="." id="9-10"/>
            </sentence>
            <sentence id="10">
                <token content="He" id="10-1">
                    <pos type="PRP"/>
                    <lemma type="he"/>
                    <dep head="10-2" type="nsubj"/>
                </token>
                <token content="dusted" id="10-2">
                    <pos type="VBD"/>
                    <lemma type="dust"/>
                </token>
                <token content="off" id="10-3">
                    <pos type="RP"/>
                    <lemma type="off"/>
                    <dep head="10-2" type="prt"/>
                </token>
                <token content="the" id="10-4">
                    <pos type="DT"/>
                    <lemma type="the"/>
                </token>
                <token content="loose" id="10-5">
                    <pos type="JJ"/>
                    <lemma type="loose"/>
                </token>
                <token content="hair" id="10-6">
                    <pos type="NN"/>
                    <lemma type="hair"/>
                    <dep head="10-2" type="dobj"/>
                </token>
                <token content="and" id="10-7"/>
                <token content="removed" id="10-8">
                    <pos type="VBD"/>
                    <lemma type="remove"/>
                    <dep head="10-2" type="conj"/>
                </token>
                <token content="the" id="10-9">
                    <pos type="DT"/>
                    <lemma type="the"/>
                </token>
                <token content="apron" id="10-10">
                    <pos type="NN"/>
                    <lemma type="apron"/>
                    <dep head="10-8" type="dobj"/>
                </token>
                <token content="as" id="10-11">
                    <pos type="IN"/>
                    <lemma type="as"/>
                    <dep head="10-13" type="mark"/>
                </token>
                <token content="I" id="10-12">
                    <pos type="PRP"/>
                    <lemma type="I"/>
                    <dep head="10-13" type="nsubj"/>
                </token>
                <token content="got" id="10-13">
                    <pos type="VBD"/>
                    <lemma type="get"/>
                    <dep head="10-8" type="advcl"/>
                </token>
                <token content="up" id="10-14">
                    <pos type="RP"/>
                    <lemma type="up"/>
                    <dep head="10-13" type="prt"/>
                </token>
                <token content="." id="10-15"/>
            </sentence>
            <sentence id="11">
                <token content="I" id="11-1">
                    <pos type="PRP"/>
                    <lemma type="I"/>
                    <dep head="11-2" type="nsubj"/>
                </token>
                <token content="paid" id="11-2">
                    <pos type="VBD"/>
                    <lemma type="pay"/>
                </token>
                <token content="him" id="11-3">
                    <pos type="PRP"/>
                    <lemma type="he"/>
                    <dep head="11-2" type="dobj"/>
                </token>
                <token content="and" id="11-4"/>
                <token content="gave" id="11-5">
                    <pos type="VBD"/>
                    <lemma type="give"/>
                    <dep head="11-2" type="conj"/>
                </token>
                <token content="him" id="11-6">
                    <pos type="PRP"/>
                    <lemma type="he"/>
                    <dep head="11-5" type="iobj"/>
                </token>
                <token content="a" id="11-7">
                    <pos type="DT"/>
                    <lemma type="a"/>
                </token>
                <token content="nice" id="11-8">
                    <pos type="JJ"/>
                    <lemma type="nice"/>
                </token>
                <token content="tip" id="11-9">
                    <pos type="NN"/>
                    <lemma type="tip"/>
                    <dep head="11-5" type="dobj"/>
                </token>
                <token content="for" id="11-10"/>
                <token content="a" id="11-11">
                    <pos type="DT"/>
                    <lemma type="a"/>
                </token>
                <token content="job" id="11-12">
                    <pos type="NN"/>
                    <lemma type="job"/>
                    <dep head="11-2" type="prep"/>
                </token>
                <token content="well" id="11-13">
                    <pos type="RB"/>
                    <lemma type="well"/>
                    <dep head="11-14" type="advmod"/>
                </token>
                <token content="done" id="11-14">
                    <pos type="VBN"/>
                    <lemma type="do"/>
                </token>
                <token content="." id="11-15"/>
            </sentence>
            <sentence id="12">
                <token content="Before" id="12-1"/>
                <token content="leaving" id="12-2">
                    <pos type="VBG"/>
                    <lemma type="leave"/>
                    <dep head="12-4" type="prepc"/>
                </token>
                <token content="he" id="12-3">
                    <pos type="PRP"/>
                    <lemma type="he"/>
                    <dep head="12-4" type="nsubj"/>
                </token>
                <token content="wished" id="12-4">
                    <pos type="VBD"/>
                    <lemma type="wish"/>
                </token>
                <token content="me" id="12-5">
                    <pos type="PRP"/>
                    <lemma type="I"/>
                </token>
                <token content="good" id="12-6">
                    <pos type="JJ"/>
                    <lemma type="good"/>
                </token>
                <token content="luck" id="12-7">
                    <pos type="NN"/>
                    <lemma type="luck"/>
                    <dep head="12-4" type="dobj"/>
                </token>
                <token content="on" id="12-8"/>
                <token content="my" id="12-9">
                    <pos type="PRP$"/>
                    <lemma type="my"/>
                </token>
                <token content="interview" id="12-10">
                    <pos type="NN"/>
                    <lemma type="interview"/>
                    <dep head="12-4" type="prep"/>
                </token>
                <token content="and" id="12-11"/>
                <token content="thanked" id="12-12">
                    <pos type="VBD"/>
                    <lemma type="thank"/>
                    <dep head="12-4" type="conj"/>
                </token>
                <token content="me" id="12-13">
                    <pos type="PRP"/>
                    <lemma type="I"/>
                    <dep head="12-12" type="dobj"/>
                </token>
                <token content="for" id="12-14"/>
                <token content="stopping" id="12-15">
                    <pos type="VBG"/>
                    <lemma type="stop"/>
                    <dep head="12-12" type="prepc"/>
                </token>
                <token content="by" id="12-16">
                    <pos type="IN"/>
                    <lemma type="by"/>
                    <dep head="12-15" type="prep"/>
                </token>
                <token content="." id="12-17"/>
            </sentence>
        </sentences>
    </text>
    <annotations>
        <participants>
            <label from="1-1" id="0" name="ScrPart_customer" text="I" type="participant"/>
            <label from="1-6" id="1" name="NPart" text="job interview" to="1-7" type="participant"/>
            <label from="1-7" id="2" name="NPart" text="interview" type="participant"/>
            <label from="1-13" id="3" name="NPart" text="days" type="participant"/>
            <label from="1-15" id="4" name="ScrPart_customer" text="I" type="participant"/>
            <label from="1-20" id="5" name="ScrPart_customer" text="I" type="participant"/>
            <label from="1-22" id="6" name="ScrPart_customer" text="my" type="participant"/>
            <label from="2-1" id="7" name="ScrPart_customer" text="I" type="participant"/>
            <label from="2-4" id="8" name="ScrPart_customer" text="my" type="participant"/>
            <label from="2-5" id="9" name="ScrPart_hairdresser" text="barber" type="participant"/>
            <label from="2-9" id="10" name="ScrPart_appointment" text="appointment" type="participant"/>
            <label from="2-15" id="11" name="ScrPart_time/date" text="day" type="participant"/>
            <label from="3-2" id="12" name="ScrPart_customer" text="I" type="participant"/>
            <label from="3-6" id="13" name="ScrPart_salon" text="barber shop" to="3-7" type="participant"/>
            <label from="3-7" id="14" name="ScrPart_salon" text="shop" type="participant"/>
            <label from="3-8" id="15" name="ScrPart_customer" text="I" type="participant"/>
            <label from="3-10" id="16" name="ScrPart_hairdresser" text="him" type="participant"/>
            <label from="3-14" id="17" name="SuppVComp" text="seat" type="participant"/>
            <label from="3-16" id="18" name="ScrPart_hairdresser" text="his" type="participant"/>
            <label from="3-17" id="19" name="ScrPart_chair" text="chair" type="participant"/>
            <label from="4-1" id="20" name="ScrPart_customer" text="I" type="participant"/>
            <label from="4-3" id="21" name="ScrPart_hairdresser" text="him" type="participant"/>
            <label from="4-6" id="22" name="NPart" text="interview" type="participant"/>
            <label from="4-8" id="23" name="ScrPart_hairdresser" text="he" type="participant"/>
            <label from="4-10" id="24" name="ScrPart_customer" text="me" type="participant"/>
            <label from="4-14" id="25" name="ScrPart_customer" text="I" type="participant"/>
            <label from="4-18" id="26" name="No_label" text="hands" type="participant"/>
            <label from="5-1" id="27" name="ScrPart_hairdresser" text="He" type="participant"/>
            <label from="5-4" id="28" name="ScrPart_cape" text="barber apron" to="5-5" type="participant"/>
            <label from="5-5" id="29" name="ScrPart_cape" text="apron" type="participant"/>
            <label from="5-7" id="30" name="ScrPart_customer" text="me" type="participant"/>
            <label from="5-9" id="31" name="ScrPart_customer" text="I" type="participant"/>
            <label from="5-14" id="32" name="ScrPart_hair" text="hair" type="participant"/>
            <label from="5-16" id="33" name="ScrPart_customer" text="my" type="participant"/>
            <label from="5-17" id="34" name="NPart" text="clothes" type="participant"/>
            <label from="5-19" id="35" name="ScrPart_hairdresser" text="he" type="participant"/>
            <label from="5-21" id="36" name="ScrPart_customer" text="my" type="participant"/>
            <label from="5-22" id="37" name="ScrPart_hair" text="hair" type="participant"/>
            <label from="6-1" id="38" name="ScrPart_hairdresser" text="He" type="participant"/>
            <label from="6-4" id="39" name="ScrPart_hairdresser" text="his" type="participant"/>
            <label from="6-5" id="40" name="ScrPart_scissors" text="scissors" type="participant"/>
            <label from="6-11" id="41" name="ScrPart_hairdresser" text="he" type="participant"/>
            <label from="7-3" id="42" name="ScrPart_time/date" text="20 minutes" to="7-4" type="participant"/>
            <label from="7-5" id="43" name="ScrPart_hairdresser_customer" text="we" type="participant"/>
            <label from="8-1" id="44" name="ScrPart_hairdresser" text="He" type="participant"/>
            <label from="8-6" id="45" name="ScrPart_mirror" text="mirror" type="participant"/>
            <label from="8-9" id="46" name="ScrPart_customer" text="me" type="participant"/>
            <label from="8-11" id="47" name="Head_of_Partitive" text="front" type="participant"/>
            <label from="8-13" id="48" name="Head_of_Partitive" text="back" type="participant"/>
            <label from="8-15" id="49" name="ScrPart_customer" text="my" type="participant"/>
            <label from="8-17" id="50" name="ScrPart_haircut" text="haircut" type="participant"/>
            <label from="9-3" id="51" name="ScrPart_customer" text="I" type="participant"/>
            <label from="9-8" id="52" name="ScrPart_hairdresser" text="his" type="participant"/>
            <label from="9-9" id="53" name="NPart" text="work" type="participant"/>
            <label from="10-1" id="54" name="ScrPart_hairdresser" text="He" type="participant"/>
            <label from="10-6" id="55" name="ScrPart_hair" text="hair" type="participant"/>
            <label from="10-10" id="56" name="ScrPart_cape" text="apron" type="participant"/>
            <label from="10-12" id="57" name="ScrPart_customer" text="I" type="participant"/>
            <label from="11-1" id="58" name="ScrPart_customer" text="I" type="participant"/>
            <label from="11-3" id="59" name="ScrPart_hairdresser" text="him" type="participant"/>
            <label from="11-6" id="60" name="ScrPart_hairdresser" text="him" type="participant"/>
            <label from="11-9" id="61" name="ScrPart_tip" text="tip" type="participant"/>
            <label from="11-12" id="62" name="NPart" text="job" type="participant"/>
            <label from="12-3" id="63" name="ScrPart_hairdresser" text="he" type="participant"/>
            <label from="12-5" id="64" name="ScrPart_customer" text="me" type="participant"/>
            <label from="12-7" id="65" name="NPart" text="luck" type="participant"/>
            <label from="12-9" id="66" name="ScrPart_customer" text="my" type="participant"/>
            <label from="12-10" id="67" name="NPart" text="interview" type="participant"/>
            <label from="12-13" id="68" name="ScrPart_customer" text="me" type="participant"/>
        </participants>
        <events>
            <label from="1-8" id="69" name="UnrelEv" text="coming up" to="1-9" type="event"/>
            <label from="1-18" id="70" name="UnrelEv" text="make sure" to="1-19" type="event"/>
            <label from="1-21" id="71" name="UnrelEv" text="look" type="event"/>
            <label from="2-2" id="72" name="ScrEv_make_appointment" text="called up" to="2-3" type="event"/>
            <label from="2-7" id="73" name="ScrEv_make_appointment" text="made" type="event"/>
            <label from="3-3" id="74" name="ScrEv_get_salon" text="got" type="event"/>
            <label from="3-9" id="75" name="ScrEv_small_talk" text="greeted" type="event"/>
            <label from="3-12" id="76" name="ScrEv_sit_down" text="took" type="event"/>
            <label from="4-2" id="77" name="ScrEv_small_talk" text="told" type="event"/>
            <label from="4-9" id="78" name="ScrEv_small_talk" text="told" type="event"/>
            <label from="4-13" id="79" name="UnrelEv" text="worry" type="event"/>
            <label from="4-15" id="80" name="UnrelEv" text="was" type="event"/>
            <label from="5-2" id="81" name="ScrEv_put_on_cape" text="put" type="event"/>
            <label from="5-12" id="82" name="RelNScrEv" text="get" type="event"/>
            <label from="5-20" id="83" name="Evoking" text="cut my hair" to="5-22" type="event"/>
            <label from="6-2" id="84" name="RelNScrEv" text="took out" to="6-3" type="event"/>
            <label from="6-7" id="85" name="UnrelEv" text="started" type="event"/>
            <label from="6-8" id="86" name="ScrEv_cut" text="sniping away" to="6-9" type="event"/>
            <label from="6-13" id="87" name="UnrelEv" text="did" type="event"/>
            <label from="7-8" id="88" name="Unclear" text="done" type="event"/>
            <label from="8-2" id="89" name="RelNScrEv" text="took out" to="8-3" type="event"/>
            <label from="8-8" id="90" name="ScrEv_look_mirror" text="showed" type="event"/>
            <label from="9-6" id="91" name="ScrEv_customer_opinion" text="satisfied" type="event"/>
            <label from="10-2" id="92" name="ScrEv_brush_hair" text="dusted off" to="10-3" type="event"/>
            <label from="10-8" id="93" name="ScrEv_remove_cap" text="removed" type="event"/>
            <label from="10-13" id="94" name="RelNScrEv" text="got up" to="10-14" type="event"/>
            <label from="11-2" id="95" name="ScrEv_pay" text="paid" type="event"/>
            <label from="11-5" id="96" name="ScrEv_leave_tip" text="gave" type="event"/>
            <label from="11-14" id="97" name="Unclear" text="done" type="event"/>
            <label from="12-2" id="98" name="ScrEv_leave" text="leaving" type="event"/>
            <label from="12-4" id="99" name="ScrEv_small_talk" text="wished" type="event"/>
            <label from="12-12" id="100" name="ScrEv_small_talk" text="thanked" type="event"/>
            <label from="12-15" id="101" name="RelNScrEv" text="stopping by" to="12-16" type="event"/>
        </events>
        <chains>
            <chain elements="4 0 5 6 7 8 12 15 20 24 25 30 31 33 36 46 49 51 57 58 64 66 68"/>
            <chain elements="16 9 18 21 23 27 35 38 39 41 44 52 54 59 60 63"/>
            <chain elements="56 29"/>
            <chain elements="37 32 55"/>
            <chain elements="53 50"/>
        </chains>
    </annotations>
</story>
