<?xml version="1.0" encoding="UTF-8" standalone="no"?>
<!DOCTYPE story SYSTEM "../InScript.dtd">
<story id="084" scenario="haircut">
    <text>
        <content>It all began when I woke up in the morning and noticed the messiest hair I had ever seen in my entire life . 
I looked like a porcupine with its burrs all sticking straight out in every direction . 
There was no way I was going to be seen in public like this . 
I hurried to get ready and wet my head completely to make it seem like it was a normal hairdo . 
I quickly went to the barber shop to get a complete buzz so that I will never have to see that ugly porcupine hair ever again . 
The barber quickly buzzes my hair and then blends it together so that it looks normal . 
We talk during the appointment about my life and how my school is . 
She is a very nice lady and we get along quite well . 
The haircut only costs $ 15 but I pay with a $ 20 and let her keep the change . 
I believe everyone who does a good job deserves a tip ! </content>
        <sentences>
            <sentence id="1">
                <token content="It" id="1-1">
                    <pos type="PRP"/>
                    <lemma type="it"/>
                    <dep head="1-3" type="nsubj"/>
                </token>
                <token content="all" id="1-2">
                    <pos type="DT"/>
                    <lemma type="all"/>
                    <dep head="1-3" type="advmod"/>
                </token>
                <token content="began" id="1-3">
                    <pos type="VBD"/>
                    <lemma type="begin"/>
                </token>
                <token content="when" id="1-4">
                    <pos type="WRB"/>
                    <lemma type="when"/>
                    <dep head="1-6" type="advmod"/>
                </token>
                <token content="I" id="1-5">
                    <pos type="PRP"/>
                    <lemma type="I"/>
                    <dep head="1-6" type="nsubj"/>
                </token>
                <token content="woke" id="1-6">
                    <pos type="VBD"/>
                    <lemma type="wake"/>
                    <dep head="1-3" type="advcl"/>
                </token>
                <token content="up" id="1-7">
                    <pos type="RP"/>
                    <lemma type="up"/>
                    <dep head="1-6" type="prt"/>
                </token>
                <token content="in" id="1-8"/>
                <token content="the" id="1-9">
                    <pos type="DT"/>
                    <lemma type="the"/>
                </token>
                <token content="morning" id="1-10">
                    <pos type="NN"/>
                    <lemma type="morning"/>
                    <dep head="1-6" type="prep"/>
                </token>
                <token content="and" id="1-11"/>
                <token content="noticed" id="1-12">
                    <pos type="VBD"/>
                    <lemma type="notice"/>
                    <dep head="1-6" type="conj"/>
                </token>
                <token content="the" id="1-13">
                    <pos type="DT"/>
                    <lemma type="the"/>
                </token>
                <token content="messiest" id="1-14">
                    <pos type="JJ"/>
                    <lemma type="messiest"/>
                </token>
                <token content="hair" id="1-15">
                    <pos type="NN"/>
                    <lemma type="hair"/>
                    <dep head="1-12" type="dobj"/>
                </token>
                <token content="I" id="1-16">
                    <pos type="PRP"/>
                    <lemma type="I"/>
                    <dep head="1-19" type="nsubj"/>
                </token>
                <token content="had" id="1-17">
                    <pos type="VBD"/>
                    <lemma type="have"/>
                    <dep head="1-19" type="aux"/>
                </token>
                <token content="ever" id="1-18">
                    <pos type="RB"/>
                    <lemma type="ever"/>
                    <dep head="1-19" type="advmod"/>
                </token>
                <token content="seen" id="1-19">
                    <pos type="VBN"/>
                    <lemma type="see"/>
                    <dep head="1-12" type="dep"/>
                </token>
                <token content="in" id="1-20"/>
                <token content="my" id="1-21">
                    <pos type="PRP$"/>
                    <lemma type="my"/>
                </token>
                <token content="entire" id="1-22">
                    <pos type="JJ"/>
                    <lemma type="entire"/>
                </token>
                <token content="life" id="1-23">
                    <pos type="NN"/>
                    <lemma type="life"/>
                    <dep head="1-19" type="prep"/>
                </token>
                <token content="." id="1-24"/>
            </sentence>
            <sentence id="2">
                <token content="I" id="2-1">
                    <pos type="PRP"/>
                    <lemma type="I"/>
                    <dep head="2-2" type="nsubj"/>
                </token>
                <token content="looked" id="2-2">
                    <pos type="VBD"/>
                    <lemma type="look"/>
                </token>
                <token content="like" id="2-3"/>
                <token content="a" id="2-4">
                    <pos type="DT"/>
                    <lemma type="a"/>
                </token>
                <token content="porcupine" id="2-5">
                    <pos type="NN"/>
                    <lemma type="porcupine"/>
                    <dep head="2-10" type="nsubj"/>
                </token>
                <token content="with" id="2-6"/>
                <token content="its" id="2-7">
                    <pos type="PRP$"/>
                    <lemma type="its"/>
                </token>
                <token content="burrs" id="2-8">
                    <pos type="NNS"/>
                    <lemma type="burr"/>
                </token>
                <token content="all" id="2-9">
                    <pos type="RB"/>
                    <lemma type="all"/>
                    <dep head="2-10" type="advmod"/>
                </token>
                <token content="sticking" id="2-10">
                    <pos type="VBG"/>
                    <lemma type="stick"/>
                    <dep head="2-2" type="prepc"/>
                </token>
                <token content="straight" id="2-11">
                    <pos type="RB"/>
                    <lemma type="straight"/>
                    <dep head="2-10" type="advmod"/>
                </token>
                <token content="out" id="2-12">
                    <pos type="RB"/>
                    <lemma type="out"/>
                    <dep head="2-10" type="advmod"/>
                </token>
                <token content="in" id="2-13"/>
                <token content="every" id="2-14">
                    <pos type="DT"/>
                    <lemma type="every"/>
                </token>
                <token content="direction" id="2-15">
                    <pos type="NN"/>
                    <lemma type="direction"/>
                    <dep head="2-10" type="prep"/>
                </token>
                <token content="." id="2-16"/>
            </sentence>
            <sentence id="3">
                <token content="There" id="3-1">
                    <pos type="EX"/>
                    <lemma type="there"/>
                    <dep head="3-2" type="expl"/>
                </token>
                <token content="was" id="3-2">
                    <pos type="VBD"/>
                    <lemma type="be"/>
                </token>
                <token content="no" id="3-3">
                    <pos type="DT"/>
                    <lemma type="no"/>
                </token>
                <token content="way" id="3-4">
                    <pos type="NN"/>
                    <lemma type="way"/>
                    <dep head="3-2" type="nsubj"/>
                </token>
                <token content="I" id="3-5">
                    <pos type="PRP"/>
                    <lemma type="I"/>
                    <dep head="3-7" type="nsubj"/>
                </token>
                <token content="was" id="3-6">
                    <pos type="VBD"/>
                    <lemma type="be"/>
                    <dep head="3-7" type="aux"/>
                </token>
                <token content="going" id="3-7">
                    <pos type="VBG"/>
                    <lemma type="go"/>
                </token>
                <token content="to" id="3-8">
                    <pos type="TO"/>
                    <lemma type="to"/>
                    <dep head="3-10" type="aux"/>
                </token>
                <token content="be" id="3-9">
                    <pos type="VB"/>
                    <lemma type="be"/>
                    <dep head="3-10" type="auxpass"/>
                </token>
                <token content="seen" id="3-10">
                    <pos type="VBN"/>
                    <lemma type="see"/>
                    <dep head="3-7" type="xcomp"/>
                </token>
                <token content="in" id="3-11"/>
                <token content="public" id="3-12">
                    <pos type="NN"/>
                    <lemma type="public"/>
                    <dep head="3-10" type="prep"/>
                </token>
                <token content="like" id="3-13"/>
                <token content="this" id="3-14">
                    <pos type="DT"/>
                    <lemma type="this"/>
                </token>
                <token content="." id="3-15"/>
            </sentence>
            <sentence id="4">
                <token content="I" id="4-1">
                    <pos type="PRP"/>
                    <lemma type="I"/>
                    <dep head="4-2" type="nsubj"/>
                </token>
                <token content="hurried" id="4-2">
                    <pos type="VBN"/>
                    <lemma type="hurry"/>
                </token>
                <token content="to" id="4-3">
                    <pos type="TO"/>
                    <lemma type="to"/>
                    <dep head="4-4" type="aux"/>
                </token>
                <token content="get" id="4-4">
                    <pos type="VB"/>
                    <lemma type="get"/>
                    <dep head="4-2" type="xcomp"/>
                </token>
                <token content="ready" id="4-5">
                    <pos type="JJ"/>
                    <lemma type="ready"/>
                    <dep head="4-4" type="acomp"/>
                </token>
                <token content="and" id="4-6"/>
                <token content="wet" id="4-7">
                    <pos type="JJ"/>
                    <lemma type="wet"/>
                </token>
                <token content="my" id="4-8">
                    <pos type="PRP$"/>
                    <lemma type="my"/>
                </token>
                <token content="head" id="4-9">
                    <pos type="NN"/>
                    <lemma type="head"/>
                </token>
                <token content="completely" id="4-10">
                    <pos type="RB"/>
                    <lemma type="completely"/>
                </token>
                <token content="to" id="4-11">
                    <pos type="TO"/>
                    <lemma type="to"/>
                    <dep head="4-12" type="aux"/>
                </token>
                <token content="make" id="4-12">
                    <pos type="VB"/>
                    <lemma type="make"/>
                </token>
                <token content="it" id="4-13">
                    <pos type="PRP"/>
                    <lemma type="it"/>
                    <dep head="4-14" type="nsubj"/>
                </token>
                <token content="seem" id="4-14">
                    <pos type="VBP"/>
                    <lemma type="seem"/>
                    <dep head="4-12" type="ccomp"/>
                </token>
                <token content="like" id="4-15">
                    <pos type="IN"/>
                    <lemma type="like"/>
                </token>
                <token content="it" id="4-16">
                    <pos type="PRP"/>
                    <lemma type="it"/>
                </token>
                <token content="was" id="4-17">
                    <pos type="VBD"/>
                    <lemma type="be"/>
                </token>
                <token content="a" id="4-18">
                    <pos type="DT"/>
                    <lemma type="a"/>
                </token>
                <token content="normal" id="4-19">
                    <pos type="JJ"/>
                    <lemma type="normal"/>
                </token>
                <token content="hairdo" id="4-20">
                    <pos type="NN"/>
                    <lemma type="hairdo"/>
                    <dep head="4-14" type="advcl"/>
                </token>
                <token content="." id="4-21"/>
            </sentence>
            <sentence id="5">
                <token content="I" id="5-1">
                    <pos type="PRP"/>
                    <lemma type="I"/>
                    <dep head="5-3" type="nsubj"/>
                </token>
                <token content="quickly" id="5-2">
                    <pos type="RB"/>
                    <lemma type="quickly"/>
                    <dep head="5-3" type="advmod"/>
                </token>
                <token content="went" id="5-3">
                    <pos type="VBD"/>
                    <lemma type="go"/>
                </token>
                <token content="to" id="5-4"/>
                <token content="the" id="5-5">
                    <pos type="DT"/>
                    <lemma type="the"/>
                </token>
                <token content="barber" id="5-6">
                    <pos type="NN"/>
                    <lemma type="barber"/>
                </token>
                <token content="shop" id="5-7">
                    <pos type="NN"/>
                    <lemma type="shop"/>
                    <dep head="5-3" type="prep"/>
                </token>
                <token content="to" id="5-8">
                    <pos type="TO"/>
                    <lemma type="to"/>
                    <dep head="5-9" type="aux"/>
                </token>
                <token content="get" id="5-9">
                    <pos type="VB"/>
                    <lemma type="get"/>
                    <dep head="5-3" type="xcomp"/>
                </token>
                <token content="a" id="5-10">
                    <pos type="DT"/>
                    <lemma type="a"/>
                </token>
                <token content="complete" id="5-11">
                    <pos type="JJ"/>
                    <lemma type="complete"/>
                </token>
                <token content="buzz" id="5-12">
                    <pos type="NN"/>
                    <lemma type="buzz"/>
                    <dep head="5-9" type="dobj"/>
                </token>
                <token content="so" id="5-13">
                    <pos type="RB"/>
                    <lemma type="so"/>
                    <dep head="5-18" type="advmod"/>
                </token>
                <token content="that" id="5-14">
                    <pos type="IN"/>
                    <lemma type="that"/>
                    <dep head="5-18" type="mark"/>
                </token>
                <token content="I" id="5-15">
                    <pos type="PRP"/>
                    <lemma type="I"/>
                    <dep head="5-18" type="nsubj"/>
                </token>
                <token content="will" id="5-16">
                    <pos type="MD"/>
                    <lemma type="will"/>
                    <dep head="5-18" type="aux"/>
                </token>
                <token content="never" id="5-17">
                    <pos type="RB"/>
                    <lemma type="never"/>
                    <dep head="5-18" type="neg"/>
                </token>
                <token content="have" id="5-18">
                    <pos type="VB"/>
                    <lemma type="have"/>
                    <dep head="5-9" type="advcl"/>
                </token>
                <token content="to" id="5-19">
                    <pos type="TO"/>
                    <lemma type="to"/>
                    <dep head="5-20" type="aux"/>
                </token>
                <token content="see" id="5-20">
                    <pos type="VB"/>
                    <lemma type="see"/>
                    <dep head="5-18" type="xcomp"/>
                </token>
                <token content="that" id="5-21">
                    <pos type="DT"/>
                    <lemma type="that"/>
                </token>
                <token content="ugly" id="5-22">
                    <pos type="JJ"/>
                    <lemma type="ugly"/>
                </token>
                <token content="porcupine" id="5-23">
                    <pos type="NN"/>
                    <lemma type="porcupine"/>
                </token>
                <token content="hair" id="5-24">
                    <pos type="NN"/>
                    <lemma type="hair"/>
                    <dep head="5-20" type="dobj"/>
                </token>
                <token content="ever" id="5-25">
                    <pos type="RB"/>
                    <lemma type="ever"/>
                    <dep head="5-20" type="advmod"/>
                </token>
                <token content="again" id="5-26">
                    <pos type="RB"/>
                    <lemma type="again"/>
                    <dep head="5-20" type="advmod"/>
                </token>
                <token content="." id="5-27"/>
            </sentence>
            <sentence id="6">
                <token content="The" id="6-1">
                    <pos type="DT"/>
                    <lemma type="the"/>
                </token>
                <token content="barber" id="6-2">
                    <pos type="NN"/>
                    <lemma type="barber"/>
                    <dep head="6-4" type="nsubj"/>
                </token>
                <token content="quickly" id="6-3">
                    <pos type="RB"/>
                    <lemma type="quickly"/>
                    <dep head="6-4" type="advmod"/>
                </token>
                <token content="buzzes" id="6-4">
                    <pos type="VBZ"/>
                    <lemma type="buzz"/>
                </token>
                <token content="my" id="6-5">
                    <pos type="PRP$"/>
                    <lemma type="my"/>
                </token>
                <token content="hair" id="6-6">
                    <pos type="NN"/>
                    <lemma type="hair"/>
                    <dep head="6-4" type="dobj"/>
                </token>
                <token content="and" id="6-7"/>
                <token content="then" id="6-8">
                    <pos type="RB"/>
                    <lemma type="then"/>
                    <dep head="6-9" type="advmod"/>
                </token>
                <token content="blends" id="6-9">
                    <pos type="VBD"/>
                    <lemma type="blend"/>
                    <dep head="6-4" type="conj"/>
                </token>
                <token content="it" id="6-10">
                    <pos type="PRP"/>
                    <lemma type="it"/>
                    <dep head="6-9" type="dobj"/>
                </token>
                <token content="together" id="6-11">
                    <pos type="RB"/>
                    <lemma type="together"/>
                </token>
                <token content="so" id="6-12">
                    <pos type="RB"/>
                    <lemma type="so"/>
                    <dep head="6-9" type="advmod"/>
                </token>
                <token content="that" id="6-13">
                    <pos type="IN"/>
                    <lemma type="that"/>
                    <dep head="6-15" type="mark"/>
                </token>
                <token content="it" id="6-14">
                    <pos type="PRP"/>
                    <lemma type="it"/>
                    <dep head="6-15" type="nsubj"/>
                </token>
                <token content="looks" id="6-15">
                    <pos type="VBZ"/>
                    <lemma type="look"/>
                </token>
                <token content="normal" id="6-16">
                    <pos type="JJ"/>
                    <lemma type="normal"/>
                    <dep head="6-15" type="acomp"/>
                </token>
                <token content="." id="6-17"/>
            </sentence>
            <sentence id="7">
                <token content="We" id="7-1">
                    <pos type="PRP"/>
                    <lemma type="we"/>
                    <dep head="7-2" type="nsubj"/>
                </token>
                <token content="talk" id="7-2">
                    <pos type="VBP"/>
                    <lemma type="talk"/>
                </token>
                <token content="during" id="7-3"/>
                <token content="the" id="7-4">
                    <pos type="DT"/>
                    <lemma type="the"/>
                </token>
                <token content="appointment" id="7-5">
                    <pos type="NN"/>
                    <lemma type="appointment"/>
                    <dep head="7-2" type="prep"/>
                </token>
                <token content="about" id="7-6">
                    <pos type="IN"/>
                    <lemma type="about"/>
                    <dep head="7-2" type="dep"/>
                </token>
                <token content="my" id="7-7">
                    <pos type="PRP$"/>
                    <lemma type="my"/>
                </token>
                <token content="life" id="7-8">
                    <pos type="NN"/>
                    <lemma type="life"/>
                </token>
                <token content="and" id="7-9"/>
                <token content="how" id="7-10">
                    <pos type="WRB"/>
                    <lemma type="how"/>
                    <dep head="7-13" type="advmod"/>
                </token>
                <token content="my" id="7-11">
                    <pos type="PRP$"/>
                    <lemma type="my"/>
                </token>
                <token content="school" id="7-12">
                    <pos type="NN"/>
                    <lemma type="school"/>
                    <dep head="7-13" type="nsubj"/>
                </token>
                <token content="is" id="7-13">
                    <pos type="VBZ"/>
                    <lemma type="be"/>
                </token>
                <token content="." id="7-14"/>
            </sentence>
            <sentence id="8">
                <token content="She" id="8-1">
                    <pos type="PRP"/>
                    <lemma type="she"/>
                </token>
                <token content="is" id="8-2">
                    <pos type="VBZ"/>
                    <lemma type="be"/>
                </token>
                <token content="a" id="8-3">
                    <pos type="DT"/>
                    <lemma type="a"/>
                </token>
                <token content="very" id="8-4">
                    <pos type="RB"/>
                    <lemma type="very"/>
                </token>
                <token content="nice" id="8-5">
                    <pos type="JJ"/>
                    <lemma type="nice"/>
                </token>
                <token content="lady" id="8-6">
                    <pos type="NN"/>
                    <lemma type="lady"/>
                </token>
                <token content="and" id="8-7"/>
                <token content="we" id="8-8">
                    <pos type="PRP"/>
                    <lemma type="we"/>
                    <dep head="8-9" type="nsubj"/>
                </token>
                <token content="get" id="8-9">
                    <pos type="VBP"/>
                    <lemma type="get"/>
                </token>
                <token content="along" id="8-10">
                    <pos type="RP"/>
                    <lemma type="along"/>
                    <dep head="8-9" type="prt"/>
                </token>
                <token content="quite" id="8-11">
                    <pos type="RB"/>
                    <lemma type="quite"/>
                </token>
                <token content="well" id="8-12">
                    <pos type="RB"/>
                    <lemma type="well"/>
                    <dep head="8-9" type="advmod"/>
                </token>
                <token content="." id="8-13"/>
            </sentence>
            <sentence id="9">
                <token content="The" id="9-1">
                    <pos type="DT"/>
                    <lemma type="the"/>
                </token>
                <token content="haircut" id="9-2">
                    <pos type="NN"/>
                    <lemma type="haircut"/>
                    <dep head="9-4" type="nsubj"/>
                </token>
                <token content="only" id="9-3">
                    <pos type="RB"/>
                    <lemma type="only"/>
                    <dep head="9-4" type="advmod"/>
                </token>
                <token content="costs" id="9-4">
                    <pos type="VBZ"/>
                    <lemma type="cost"/>
                </token>
                <token content="$" id="9-5">
                    <pos type="$"/>
                    <lemma type="$"/>
                    <dep head="9-4" type="dobj"/>
                </token>
                <token content="15" id="9-6">
                    <pos type="CD"/>
                    <lemma type="15"/>
                </token>
                <token content="but" id="9-7"/>
                <token content="I" id="9-8">
                    <pos type="PRP"/>
                    <lemma type="I"/>
                    <dep head="9-9" type="nsubj"/>
                </token>
                <token content="pay" id="9-9">
                    <pos type="VB"/>
                    <lemma type="pay"/>
                    <dep head="9-4" type="conj"/>
                </token>
                <token content="with" id="9-10"/>
                <token content="a" id="9-11">
                    <pos type="DT"/>
                    <lemma type="a"/>
                </token>
                <token content="$" id="9-12">
                    <pos type="$"/>
                    <lemma type="$"/>
                    <dep head="9-9" type="prep"/>
                </token>
                <token content="20" id="9-13">
                    <pos type="CD"/>
                    <lemma type="20"/>
                </token>
                <token content="and" id="9-14"/>
                <token content="let" id="9-15">
                    <pos type="VB"/>
                    <lemma type="let"/>
                    <dep head="9-9" type="conj"/>
                </token>
                <token content="her" id="9-16">
                    <pos type="PRP"/>
                    <lemma type="she"/>
                    <dep head="9-17" type="nsubj"/>
                </token>
                <token content="keep" id="9-17">
                    <pos type="VB"/>
                    <lemma type="keep"/>
                    <dep head="9-15" type="ccomp"/>
                </token>
                <token content="the" id="9-18">
                    <pos type="DT"/>
                    <lemma type="the"/>
                </token>
                <token content="change" id="9-19">
                    <pos type="NN"/>
                    <lemma type="change"/>
                    <dep head="9-17" type="dobj"/>
                </token>
                <token content="." id="9-20"/>
            </sentence>
            <sentence id="10">
                <token content="I" id="10-1">
                    <pos type="PRP"/>
                    <lemma type="I"/>
                    <dep head="10-2" type="nsubj"/>
                </token>
                <token content="believe" id="10-2">
                    <pos type="VBP"/>
                    <lemma type="believe"/>
                </token>
                <token content="everyone" id="10-3">
                    <pos type="NN"/>
                    <lemma type="everyone"/>
                    <dep head="10-2" type="dobj"/>
                </token>
                <token content="who" id="10-4">
                    <pos type="WP"/>
                    <lemma type="who"/>
                    <dep head="10-5" type="nsubj"/>
                </token>
                <token content="does" id="10-5">
                    <pos type="VBZ"/>
                    <lemma type="do"/>
                </token>
                <token content="a" id="10-6">
                    <pos type="DT"/>
                    <lemma type="a"/>
                </token>
                <token content="good" id="10-7">
                    <pos type="JJ"/>
                    <lemma type="good"/>
                </token>
                <token content="job" id="10-8">
                    <pos type="NN"/>
                    <lemma type="job"/>
                    <dep head="10-9" type="nsubj"/>
                </token>
                <token content="deserves" id="10-9">
                    <pos type="VBZ"/>
                    <lemma type="deserve"/>
                    <dep head="10-5" type="ccomp"/>
                </token>
                <token content="a" id="10-10">
                    <pos type="DT"/>
                    <lemma type="a"/>
                </token>
                <token content="tip" id="10-11">
                    <pos type="NN"/>
                    <lemma type="tip"/>
                    <dep head="10-9" type="dobj"/>
                </token>
                <token content="!" id="10-12"/>
            </sentence>
        </sentences>
    </text>
    <annotations>
        <participants>
            <label from="1-1" id="0" name="No_label" text="It" type="participant"/>
            <label from="1-5" id="1" name="ScrPart_customer" text="I" type="participant"/>
            <label from="1-10" id="2" name="ScrPart_time/date" text="morning" type="participant"/>
            <label from="1-15" id="3" name="ScrPart_hair" text="hair" type="participant"/>
            <label from="1-16" id="4" name="ScrPart_customer" text="I" type="participant"/>
            <label from="1-21" id="5" name="ScrPart_customer" text="my" type="participant"/>
            <label from="1-23" id="6" name="NPart" text="life" type="participant"/>
            <label from="2-1" id="7" name="ScrPart_customer" text="I" type="participant"/>
            <label from="2-5" id="8" name="NPart" text="porcupine" type="participant"/>
            <label from="2-7" id="9" name="NPart" text="its" type="participant"/>
            <label from="2-8" id="10" name="NPart" text="burrs" type="participant"/>
            <label from="2-15" id="11" name="NPart" text="direction" type="participant"/>
            <label from="3-4" id="12" name="No_label" text="way" type="participant"/>
            <label from="3-5" id="13" name="ScrPart_customer" text="I" type="participant"/>
            <label from="3-12" id="14" name="NPart" text="public" type="participant"/>
            <label from="4-1" id="15" name="ScrPart_customer" text="I" type="participant"/>
            <label from="4-8" id="16" name="ScrPart_customer" text="my" type="participant"/>
            <label from="4-9" id="17" name="ScrPart_other" text="head" type="participant"/>
            <label from="4-13" id="18" name="No_label" text="it" type="participant"/>
            <label from="4-16" id="19" name="No_label" text="it" type="participant"/>
            <label from="4-20" id="20" name="ScrPart_haircut" text="hairdo" type="participant"/>
            <label from="5-1" id="21" name="ScrPart_customer" text="I" type="participant"/>
            <label from="5-6" id="22" name="ScrPart_salon" text="barber shop" to="5-7" type="participant"/>
            <label from="5-7" id="23" name="ScrPart_salon" text="shop" type="participant"/>
            <label from="5-12" id="24" name="ScrPart_haircut" text="buzz" type="participant"/>
            <label from="5-15" id="25" name="ScrPart_customer" text="I" type="participant"/>
            <label from="5-23" id="26" name="NPart" text="porcupine" type="participant"/>
            <label from="5-24" id="27" name="ScrPart_hair" text="hair" type="participant"/>
            <label from="6-2" id="28" name="ScrPart_hairdresser" text="barber" type="participant"/>
            <label from="6-5" id="29" name="ScrPart_customer" text="my" type="participant"/>
            <label from="6-6" id="30" name="ScrPart_hair" text="hair" type="participant"/>
            <label from="6-10" id="31" name="ScrPart_hair" text="it" type="participant"/>
            <label from="6-14" id="32" name="ScrPart_hair" text="it" type="participant"/>
            <label from="7-1" id="33" name="ScrPart_hairdresser_customer" text="We" type="participant"/>
            <label from="7-5" id="34" name="ScrPart_appointment" text="appointment" type="participant"/>
            <label from="7-7" id="35" name="ScrPart_customer" text="my" type="participant"/>
            <label from="7-8" id="36" name="NPart" text="life" type="participant"/>
            <label from="7-11" id="37" name="ScrPart_customer" text="my" type="participant"/>
            <label from="7-12" id="38" name="NPart" text="school" type="participant"/>
            <label from="8-1" id="39" name="ScrPart_hairdresser" text="She" type="participant"/>
            <label from="8-6" id="40" name="ScrPart_hairdresser" text="lady" type="participant"/>
            <label from="8-8" id="41" name="ScrPart_hairdresser_customer" text="we" type="participant"/>
            <label from="9-2" id="42" name="ScrPart_haircut" text="haircut" type="participant"/>
            <label from="9-5" id="43" name="ScrPart_payment_means" text="$ 15" to="9-6" type="participant"/>
            <label from="9-8" id="44" name="ScrPart_customer" text="I" type="participant"/>
            <label from="9-12" id="45" name="ScrPart_payment_means" text="$ 20" to="9-13" type="participant"/>
            <label from="9-16" id="46" name="ScrPart_hairdresser" text="her" type="participant"/>
            <label from="9-19" id="47" name="ScrPart_tip" text="change" type="participant"/>
            <label from="10-1" id="48" name="ScrPart_customer" text="I" type="participant"/>
            <label from="10-3" id="49" name="NPart" text="everyone" type="participant"/>
            <label from="10-8" id="50" name="SuppVComp" text="job" type="participant"/>
            <label from="10-11" id="51" name="ScrPart_tip" text="tip" type="participant"/>
        </participants>
        <events>
            <label from="1-3" id="52" name="UnrelEv" text="began" type="event"/>
            <label from="1-6" id="53" name="UnrelEv" text="woke" type="event"/>
            <label from="1-12" id="54" name="UnrelEv" text="noticed" type="event"/>
            <label from="1-19" id="55" name="UnrelEv" text="seen" type="event"/>
            <label from="2-2" id="56" name="UnrelEv" text="looked" type="event"/>
            <label from="2-10" id="57" name="UnrelEv" text="sticking" type="event"/>
            <label from="3-2" id="58" name="UnrelEv" text="was" type="event"/>
            <label from="3-10" id="59" name="UnrelEv" text="seen" type="event"/>
            <label from="4-2" id="60" name="UnrelEv" text="hurried" type="event"/>
            <label from="4-4" id="61" name="UnrelEv" text="get" type="event"/>
            <label from="4-7" id="62" name="UnrelEv" text="wet" type="event"/>
            <label from="4-14" id="63" name="UnrelEv" text="seem" type="event"/>
            <label from="4-17" id="64" name="UnrelEv" text="was" type="event"/>
            <label from="5-3" id="65" name="ScrEv_get_salon" text="went" type="event"/>
            <label from="5-9" id="66" name="Evoking" text="get a complete buzz" to="5-12" type="event"/>
            <label from="5-20" id="67" name="UnrelEv" text="see" type="event"/>
            <label from="6-4" id="68" name="ScrEv_make_hair_style" text="buzzes" type="event"/>
            <label from="6-9" id="69" name="ScrEv_make_hair_style" text="blends" type="event"/>
            <label from="6-15" id="70" name="RelNScrEv" text="looks" type="event"/>
            <label from="7-2" id="71" name="ScrEv_small_talk" text="talk" type="event"/>
            <label from="8-2" id="72" name="UnrelEv" text="is" type="event"/>
            <label from="8-9" id="73" name="UnrelEv" text="get along" to="8-10" type="event"/>
            <label from="8-9" id="74" name="UnrelEv" text="get" type="event"/>
            <label from="9-4" id="75" name="RelNScrEv" text="costs" type="event"/>
            <label from="9-9" id="76" name="ScrEv_pay" text="pay" type="event"/>
            <label from="9-15" id="77" name="ScrEv_leave_tip" text="let" type="event"/>
            <label from="9-17" id="78" name="UnrelEv" text="keep" type="event"/>
            <label from="10-2" id="79" name="UnrelEv" text="believe" type="event"/>
            <label from="10-5" id="80" name="RelNScrEv" text="does" type="event"/>
            <label from="10-9" id="81" name="UnrelEv" text="deserves" type="event"/>
        </events>
        <chains>
            <chain elements="1 4 5 7 13 15 16 21 25 29 35 37 44 48"/>
            <chain elements="3 27 30 31 32"/>
            <chain elements="25 28 33" name="group_I_barber"/>
            <chain elements="28 39 40 46"/>
            <chain elements="47 51"/>
            <chain elements="20 24 42"/>
        </chains>
    </annotations>
</story>
