<?xml version="1.0" encoding="UTF-8" standalone="no"?>
<!DOCTYPE story SYSTEM "../InScript.dtd">
<story id="069" scenario="haircut">
    <text>
        <content>Today I got my hair cut . 
Last time I was at the stylist , I made an appointment for today . 
I arrived about 10 minutes before my appointment , to make sure that I would n't be late . 
When I walked in , the lady behind the counter greeted me , and asked if I would like something to drink . 
I said no , that I would not . 
I then had a seat and waited for my stylist to come and collect me . 
After a few minutes the stylist came out and led me back to the area where I would be getting my hair cut . 
First we washed my hair , then she seated me in a chair that is designed for hair cutting . 
The stylist asked me what type of haircut I wanted , I told her , and she began to cut . 
First she clipped the sides and back , then she used scissors to trim the top and front . 
After she was done she used a blow dryer to blow off all the hair she had cut . 
She then brushed my shoulders with a special hair brush , and I was done . </content>
        <sentences>
            <sentence id="1">
                <token content="Today" id="1-1">
                    <pos type="NN"/>
                    <lemma type="today"/>
                    <dep head="1-3" type="tmod"/>
                </token>
                <token content="I" id="1-2">
                    <pos type="PRP"/>
                    <lemma type="I"/>
                    <dep head="1-3" type="nsubj"/>
                </token>
                <token content="got" id="1-3">
                    <pos type="VBD"/>
                    <lemma type="get"/>
                </token>
                <token content="my" id="1-4">
                    <pos type="PRP$"/>
                    <lemma type="my"/>
                </token>
                <token content="hair" id="1-5">
                    <pos type="NN"/>
                    <lemma type="hair"/>
                </token>
                <token content="cut" id="1-6">
                    <pos type="NN"/>
                    <lemma type="cut"/>
                    <dep head="1-3" type="dobj"/>
                </token>
                <token content="." id="1-7"/>
            </sentence>
            <sentence id="2">
                <token content="Last" id="2-1">
                    <pos type="JJ"/>
                    <lemma type="last"/>
                </token>
                <token content="time" id="2-2">
                    <pos type="NN"/>
                    <lemma type="time"/>
                    <dep head="2-4" type="nsubj"/>
                </token>
                <token content="I" id="2-3">
                    <pos type="PRP"/>
                    <lemma type="I"/>
                    <dep head="2-4" type="nsubj"/>
                </token>
                <token content="was" id="2-4">
                    <pos type="VBD"/>
                    <lemma type="be"/>
                    <dep head="2-10" type="ccomp"/>
                </token>
                <token content="at" id="2-5"/>
                <token content="the" id="2-6">
                    <pos type="DT"/>
                    <lemma type="the"/>
                </token>
                <token content="stylist" id="2-7">
                    <pos type="NN"/>
                    <lemma type="stylist"/>
                    <dep head="2-4" type="prep"/>
                </token>
                <token content="," id="2-8"/>
                <token content="I" id="2-9">
                    <pos type="PRP"/>
                    <lemma type="I"/>
                    <dep head="2-10" type="nsubj"/>
                </token>
                <token content="made" id="2-10">
                    <pos type="VBD"/>
                    <lemma type="make"/>
                </token>
                <token content="an" id="2-11">
                    <pos type="DT"/>
                    <lemma type="a"/>
                </token>
                <token content="appointment" id="2-12">
                    <pos type="NN"/>
                    <lemma type="appointment"/>
                    <dep head="2-10" type="dobj"/>
                </token>
                <token content="for" id="2-13"/>
                <token content="today" id="2-14">
                    <pos type="NN"/>
                    <lemma type="today"/>
                    <dep head="2-10" type="prep"/>
                </token>
                <token content="." id="2-15"/>
            </sentence>
            <sentence id="3">
                <token content="I" id="3-1">
                    <pos type="PRP"/>
                    <lemma type="I"/>
                    <dep head="3-2" type="nsubj"/>
                </token>
                <token content="arrived" id="3-2">
                    <pos type="VBD"/>
                    <lemma type="arrive"/>
                </token>
                <token content="about" id="3-3">
                    <pos type="RB"/>
                    <lemma type="about"/>
                </token>
                <token content="10" id="3-4">
                    <pos type="CD"/>
                    <lemma type="10"/>
                </token>
                <token content="minutes" id="3-5">
                    <pos type="NNS"/>
                    <lemma type="minute"/>
                    <dep head="3-2" type="dobj"/>
                </token>
                <token content="before" id="3-6"/>
                <token content="my" id="3-7">
                    <pos type="PRP$"/>
                    <lemma type="my"/>
                </token>
                <token content="appointment" id="3-8">
                    <pos type="NN"/>
                    <lemma type="appointment"/>
                    <dep head="3-2" type="prep"/>
                </token>
                <token content="," id="3-9"/>
                <token content="to" id="3-10">
                    <pos type="TO"/>
                    <lemma type="to"/>
                    <dep head="3-11" type="aux"/>
                </token>
                <token content="make" id="3-11">
                    <pos type="VB"/>
                    <lemma type="make"/>
                    <dep head="3-2" type="vmod"/>
                </token>
                <token content="sure" id="3-12">
                    <pos type="JJ"/>
                    <lemma type="sure"/>
                    <dep head="3-11" type="acomp"/>
                </token>
                <token content="that" id="3-13">
                    <pos type="IN"/>
                    <lemma type="that"/>
                </token>
                <token content="I" id="3-14">
                    <pos type="PRP"/>
                    <lemma type="I"/>
                </token>
                <token content="would" id="3-15">
                    <pos type="MD"/>
                    <lemma type="would"/>
                </token>
                <token content="n't" id="3-16">
                    <pos type="RB"/>
                    <lemma type="not"/>
                </token>
                <token content="be" id="3-17">
                    <pos type="VB"/>
                    <lemma type="be"/>
                </token>
                <token content="late" id="3-18">
                    <pos type="JJ"/>
                    <lemma type="late"/>
                    <dep head="3-11" type="ccomp"/>
                </token>
                <token content="." id="3-19"/>
            </sentence>
            <sentence id="4">
                <token content="When" id="4-1">
                    <pos type="WRB"/>
                    <lemma type="when"/>
                    <dep head="4-3" type="advmod"/>
                </token>
                <token content="I" id="4-2">
                    <pos type="PRP"/>
                    <lemma type="I"/>
                    <dep head="4-3" type="nsubj"/>
                </token>
                <token content="walked" id="4-3">
                    <pos type="VBD"/>
                    <lemma type="walk"/>
                    <dep head="4-11" type="advcl"/>
                </token>
                <token content="in" id="4-4">
                    <pos type="RP"/>
                    <lemma type="in"/>
                    <dep head="4-3" type="prt"/>
                </token>
                <token content="," id="4-5"/>
                <token content="the" id="4-6">
                    <pos type="DT"/>
                    <lemma type="the"/>
                </token>
                <token content="lady" id="4-7">
                    <pos type="NN"/>
                    <lemma type="lady"/>
                    <dep head="4-11" type="nsubj"/>
                </token>
                <token content="behind" id="4-8"/>
                <token content="the" id="4-9">
                    <pos type="DT"/>
                    <lemma type="the"/>
                </token>
                <token content="counter" id="4-10">
                    <pos type="NN"/>
                    <lemma type="counter"/>
                </token>
                <token content="greeted" id="4-11">
                    <pos type="VBD"/>
                    <lemma type="greet"/>
                </token>
                <token content="me" id="4-12">
                    <pos type="PRP"/>
                    <lemma type="I"/>
                    <dep head="4-11" type="dobj"/>
                </token>
                <token content="," id="4-13"/>
                <token content="and" id="4-14"/>
                <token content="asked" id="4-15">
                    <pos type="VBD"/>
                    <lemma type="ask"/>
                    <dep head="4-11" type="conj"/>
                </token>
                <token content="if" id="4-16">
                    <pos type="IN"/>
                    <lemma type="if"/>
                    <dep head="4-19" type="mark"/>
                </token>
                <token content="I" id="4-17">
                    <pos type="PRP"/>
                    <lemma type="I"/>
                    <dep head="4-19" type="nsubj"/>
                </token>
                <token content="would" id="4-18">
                    <pos type="MD"/>
                    <lemma type="would"/>
                    <dep head="4-19" type="aux"/>
                </token>
                <token content="like" id="4-19">
                    <pos type="VB"/>
                    <lemma type="like"/>
                    <dep head="4-15" type="advcl"/>
                </token>
                <token content="something" id="4-20">
                    <pos type="NN"/>
                    <lemma type="something"/>
                    <dep head="4-19" type="dobj"/>
                </token>
                <token content="to" id="4-21">
                    <pos type="TO"/>
                    <lemma type="to"/>
                    <dep head="4-22" type="aux"/>
                </token>
                <token content="drink" id="4-22">
                    <pos type="VB"/>
                    <lemma type="drink"/>
                    <dep head="4-19" type="vmod"/>
                </token>
                <token content="." id="4-23"/>
            </sentence>
            <sentence id="5">
                <token content="I" id="5-1">
                    <pos type="PRP"/>
                    <lemma type="I"/>
                    <dep head="5-2" type="nsubj"/>
                </token>
                <token content="said" id="5-2">
                    <pos type="VBD"/>
                    <lemma type="say"/>
                </token>
                <token content="no" id="5-3">
                    <pos type="RB"/>
                    <lemma type="no"/>
                    <dep head="5-2" type="dobj"/>
                </token>
                <token content="," id="5-4"/>
                <token content="that" id="5-5">
                    <pos type="IN"/>
                    <lemma type="that"/>
                </token>
                <token content="I" id="5-6">
                    <pos type="PRP"/>
                    <lemma type="I"/>
                </token>
                <token content="would" id="5-7">
                    <pos type="MD"/>
                    <lemma type="would"/>
                    <dep head="5-2" type="ccomp"/>
                </token>
                <token content="not" id="5-8">
                    <pos type="RB"/>
                    <lemma type="not"/>
                </token>
                <token content="." id="5-9"/>
            </sentence>
            <sentence id="6">
                <token content="I" id="6-1">
                    <pos type="PRP"/>
                    <lemma type="I"/>
                    <dep head="6-3" type="nsubj"/>
                </token>
                <token content="then" id="6-2">
                    <pos type="RB"/>
                    <lemma type="then"/>
                    <dep head="6-3" type="advmod"/>
                </token>
                <token content="had" id="6-3">
                    <pos type="VBD"/>
                    <lemma type="have"/>
                </token>
                <token content="a" id="6-4">
                    <pos type="DT"/>
                    <lemma type="a"/>
                </token>
                <token content="seat" id="6-5">
                    <pos type="NN"/>
                    <lemma type="seat"/>
                    <dep head="6-3" type="dobj"/>
                </token>
                <token content="and" id="6-6"/>
                <token content="waited" id="6-7">
                    <pos type="VBD"/>
                    <lemma type="wait"/>
                    <dep head="6-3" type="conj"/>
                </token>
                <token content="for" id="6-8"/>
                <token content="my" id="6-9">
                    <pos type="PRP$"/>
                    <lemma type="my"/>
                </token>
                <token content="stylist" id="6-10">
                    <pos type="NN"/>
                    <lemma type="stylist"/>
                    <dep head="6-7" type="prep"/>
                </token>
                <token content="to" id="6-11">
                    <pos type="TO"/>
                    <lemma type="to"/>
                    <dep head="6-12" type="aux"/>
                </token>
                <token content="come" id="6-12">
                    <pos type="VB"/>
                    <lemma type="come"/>
                </token>
                <token content="and" id="6-13"/>
                <token content="collect" id="6-14">
                    <pos type="VB"/>
                    <lemma type="collect"/>
                    <dep head="6-12" type="conj"/>
                </token>
                <token content="me" id="6-15">
                    <pos type="PRP"/>
                    <lemma type="I"/>
                    <dep head="6-12" type="dobj"/>
                </token>
                <token content="." id="6-16"/>
            </sentence>
            <sentence id="7">
                <token content="After" id="7-1"/>
                <token content="a" id="7-2">
                    <pos type="DT"/>
                    <lemma type="a"/>
                </token>
                <token content="few" id="7-3">
                    <pos type="JJ"/>
                    <lemma type="few"/>
                </token>
                <token content="minutes" id="7-4">
                    <pos type="NNS"/>
                    <lemma type="minute"/>
                    <dep head="7-7" type="prep"/>
                </token>
                <token content="the" id="7-5">
                    <pos type="DT"/>
                    <lemma type="the"/>
                </token>
                <token content="stylist" id="7-6">
                    <pos type="NN"/>
                    <lemma type="stylist"/>
                    <dep head="7-7" type="nsubj"/>
                </token>
                <token content="came" id="7-7">
                    <pos type="VBD"/>
                    <lemma type="come"/>
                </token>
                <token content="out" id="7-8">
                    <pos type="RP"/>
                    <lemma type="out"/>
                    <dep head="7-7" type="prt"/>
                </token>
                <token content="and" id="7-9"/>
                <token content="led" id="7-10">
                    <pos type="VBD"/>
                    <lemma type="lead"/>
                    <dep head="7-7" type="conj"/>
                </token>
                <token content="me" id="7-11">
                    <pos type="PRP"/>
                    <lemma type="I"/>
                    <dep head="7-10" type="dobj"/>
                </token>
                <token content="back" id="7-12">
                    <pos type="RB"/>
                    <lemma type="back"/>
                    <dep head="7-10" type="advmod"/>
                </token>
                <token content="to" id="7-13"/>
                <token content="the" id="7-14">
                    <pos type="DT"/>
                    <lemma type="the"/>
                </token>
                <token content="area" id="7-15">
                    <pos type="NN"/>
                    <lemma type="area"/>
                    <dep head="7-10" type="prep"/>
                </token>
                <token content="where" id="7-16">
                    <pos type="WRB"/>
                    <lemma type="where"/>
                    <dep head="7-20" type="advmod"/>
                </token>
                <token content="I" id="7-17">
                    <pos type="PRP"/>
                    <lemma type="I"/>
                    <dep head="7-20" type="nsubj"/>
                </token>
                <token content="would" id="7-18">
                    <pos type="MD"/>
                    <lemma type="would"/>
                    <dep head="7-20" type="aux"/>
                </token>
                <token content="be" id="7-19">
                    <pos type="VB"/>
                    <lemma type="be"/>
                    <dep head="7-20" type="aux"/>
                </token>
                <token content="getting" id="7-20">
                    <pos type="VBG"/>
                    <lemma type="get"/>
                </token>
                <token content="my" id="7-21">
                    <pos type="PRP$"/>
                    <lemma type="my"/>
                </token>
                <token content="hair" id="7-22">
                    <pos type="NN"/>
                    <lemma type="hair"/>
                </token>
                <token content="cut" id="7-23">
                    <pos type="NN"/>
                    <lemma type="cut"/>
                    <dep head="7-20" type="dobj"/>
                </token>
                <token content="." id="7-24"/>
            </sentence>
            <sentence id="8">
                <token content="First" id="8-1">
                    <pos type="JJ"/>
                    <lemma type="first"/>
                    <dep head="8-3" type="dep"/>
                </token>
                <token content="we" id="8-2">
                    <pos type="PRP"/>
                    <lemma type="we"/>
                    <dep head="8-3" type="nsubj"/>
                </token>
                <token content="washed" id="8-3">
                    <pos type="VBD"/>
                    <lemma type="wash"/>
                </token>
                <token content="my" id="8-4">
                    <pos type="PRP$"/>
                    <lemma type="my"/>
                </token>
                <token content="hair" id="8-5">
                    <pos type="NN"/>
                    <lemma type="hair"/>
                    <dep head="8-3" type="dobj"/>
                </token>
                <token content="," id="8-6"/>
                <token content="then" id="8-7">
                    <pos type="RB"/>
                    <lemma type="then"/>
                    <dep head="8-9" type="advmod"/>
                </token>
                <token content="she" id="8-8">
                    <pos type="PRP"/>
                    <lemma type="she"/>
                    <dep head="8-9" type="nsubj"/>
                </token>
                <token content="seated" id="8-9">
                    <pos type="VBN"/>
                    <lemma type="seat"/>
                    <dep head="8-3" type="parataxis"/>
                </token>
                <token content="me" id="8-10">
                    <pos type="PRP"/>
                    <lemma type="I"/>
                    <dep head="8-9" type="dobj"/>
                </token>
                <token content="in" id="8-11"/>
                <token content="a" id="8-12">
                    <pos type="DT"/>
                    <lemma type="a"/>
                </token>
                <token content="chair" id="8-13">
                    <pos type="NN"/>
                    <lemma type="chair"/>
                    <dep head="8-9" type="prep"/>
                </token>
                <token content="that" id="8-14">
                    <pos type="WDT"/>
                    <lemma type="that"/>
                    <dep head="8-16" type="nsubjpass"/>
                </token>
                <token content="is" id="8-15">
                    <pos type="VBZ"/>
                    <lemma type="be"/>
                    <dep head="8-16" type="auxpass"/>
                </token>
                <token content="designed" id="8-16">
                    <pos type="VBN"/>
                    <lemma type="design"/>
                </token>
                <token content="for" id="8-17"/>
                <token content="hair" id="8-18">
                    <pos type="NN"/>
                    <lemma type="hair"/>
                </token>
                <token content="cutting" id="8-19">
                    <pos type="NN"/>
                    <lemma type="cutting"/>
                    <dep head="8-16" type="prep"/>
                </token>
                <token content="." id="8-20"/>
            </sentence>
            <sentence id="9">
                <token content="The" id="9-1">
                    <pos type="DT"/>
                    <lemma type="the"/>
                </token>
                <token content="stylist" id="9-2">
                    <pos type="NN"/>
                    <lemma type="stylist"/>
                    <dep head="9-3" type="nsubj"/>
                </token>
                <token content="asked" id="9-3">
                    <pos type="VBD"/>
                    <lemma type="ask"/>
                </token>
                <token content="me" id="9-4">
                    <pos type="PRP"/>
                    <lemma type="I"/>
                    <dep head="9-3" type="dobj"/>
                </token>
                <token content="what" id="9-5">
                    <pos type="WP"/>
                    <lemma type="what"/>
                </token>
                <token content="type" id="9-6">
                    <pos type="NN"/>
                    <lemma type="type"/>
                    <dep head="9-10" type="dobj"/>
                </token>
                <token content="of" id="9-7"/>
                <token content="haircut" id="9-8">
                    <pos type="NN"/>
                    <lemma type="haircut"/>
                </token>
                <token content="I" id="9-9">
                    <pos type="PRP"/>
                    <lemma type="I"/>
                    <dep head="9-10" type="nsubj"/>
                </token>
                <token content="wanted" id="9-10">
                    <pos type="VBD"/>
                    <lemma type="want"/>
                    <dep head="9-3" type="dep"/>
                </token>
                <token content="," id="9-11"/>
                <token content="I" id="9-12">
                    <pos type="PRP"/>
                    <lemma type="I"/>
                    <dep head="9-13" type="nsubj"/>
                </token>
                <token content="told" id="9-13">
                    <pos type="VBD"/>
                    <lemma type="tell"/>
                    <dep head="9-3" type="dep"/>
                </token>
                <token content="her" id="9-14">
                    <pos type="PRP"/>
                    <lemma type="she"/>
                    <dep head="9-13" type="dobj"/>
                </token>
                <token content="," id="9-15"/>
                <token content="and" id="9-16"/>
                <token content="she" id="9-17">
                    <pos type="PRP"/>
                    <lemma type="she"/>
                    <dep head="9-18" type="nsubj"/>
                </token>
                <token content="began" id="9-18">
                    <pos type="VBD"/>
                    <lemma type="begin"/>
                    <dep head="9-3" type="conj"/>
                </token>
                <token content="to" id="9-19">
                    <pos type="TO"/>
                    <lemma type="to"/>
                    <dep head="9-20" type="aux"/>
                </token>
                <token content="cut" id="9-20">
                    <pos type="VB"/>
                    <lemma type="cut"/>
                    <dep head="9-18" type="xcomp"/>
                </token>
                <token content="." id="9-21"/>
            </sentence>
            <sentence id="10">
                <token content="First" id="10-1">
                    <pos type="JJ"/>
                    <lemma type="first"/>
                    <dep head="10-3" type="dep"/>
                </token>
                <token content="she" id="10-2">
                    <pos type="PRP"/>
                    <lemma type="she"/>
                    <dep head="10-3" type="nsubj"/>
                </token>
                <token content="clipped" id="10-3">
                    <pos type="VBD"/>
                    <lemma type="clip"/>
                </token>
                <token content="the" id="10-4">
                    <pos type="DT"/>
                    <lemma type="the"/>
                </token>
                <token content="sides" id="10-5">
                    <pos type="NNS"/>
                    <lemma type="side"/>
                    <dep head="10-3" type="dobj"/>
                </token>
                <token content="and" id="10-6"/>
                <token content="back" id="10-7">
                    <pos type="RB"/>
                    <lemma type="back"/>
                    <dep head="10-11" type="advmod"/>
                </token>
                <token content="," id="10-8"/>
                <token content="then" id="10-9">
                    <pos type="RB"/>
                    <lemma type="then"/>
                    <dep head="10-11" type="advmod"/>
                </token>
                <token content="she" id="10-10">
                    <pos type="PRP"/>
                    <lemma type="she"/>
                    <dep head="10-11" type="nsubj"/>
                </token>
                <token content="used" id="10-11">
                    <pos type="VBD"/>
                    <lemma type="use"/>
                    <dep head="10-3" type="conj"/>
                </token>
                <token content="scissors" id="10-12">
                    <pos type="NNS"/>
                    <lemma type="scissors"/>
                    <dep head="10-11" type="dobj"/>
                </token>
                <token content="to" id="10-13">
                    <pos type="TO"/>
                    <lemma type="to"/>
                    <dep head="10-14" type="aux"/>
                </token>
                <token content="trim" id="10-14">
                    <pos type="VB"/>
                    <lemma type="trim"/>
                    <dep head="10-11" type="vmod"/>
                </token>
                <token content="the" id="10-15">
                    <pos type="DT"/>
                    <lemma type="the"/>
                </token>
                <token content="top" id="10-16">
                    <pos type="NN"/>
                    <lemma type="top"/>
                    <dep head="10-14" type="dobj"/>
                </token>
                <token content="and" id="10-17"/>
                <token content="front" id="10-18">
                    <pos type="NN"/>
                    <lemma type="front"/>
                </token>
                <token content="." id="10-19"/>
            </sentence>
            <sentence id="11">
                <token content="After" id="11-1">
                    <pos type="IN"/>
                    <lemma type="after"/>
                    <dep head="11-4" type="mark"/>
                </token>
                <token content="she" id="11-2">
                    <pos type="PRP"/>
                    <lemma type="she"/>
                    <dep head="11-4" type="nsubjpass"/>
                </token>
                <token content="was" id="11-3">
                    <pos type="VBD"/>
                    <lemma type="be"/>
                    <dep head="11-4" type="auxpass"/>
                </token>
                <token content="done" id="11-4">
                    <pos type="VBN"/>
                    <lemma type="do"/>
                    <dep head="11-18" type="advcl"/>
                </token>
                <token content="she" id="11-5">
                    <pos type="PRP"/>
                    <lemma type="she"/>
                    <dep head="11-6" type="nsubj"/>
                </token>
                <token content="used" id="11-6">
                    <pos type="VBD"/>
                    <lemma type="use"/>
                    <dep head="11-4" type="ccomp"/>
                </token>
                <token content="a" id="11-7">
                    <pos type="DT"/>
                    <lemma type="a"/>
                </token>
                <token content="blow" id="11-8">
                    <pos type="NN"/>
                    <lemma type="blow"/>
                </token>
                <token content="dryer" id="11-9">
                    <pos type="NN"/>
                    <lemma type="dryer"/>
                    <dep head="11-6" type="dobj"/>
                </token>
                <token content="to" id="11-10">
                    <pos type="TO"/>
                    <lemma type="to"/>
                    <dep head="11-11" type="aux"/>
                </token>
                <token content="blow" id="11-11">
                    <pos type="VB"/>
                    <lemma type="blow"/>
                    <dep head="11-6" type="vmod"/>
                </token>
                <token content="off" id="11-12">
                    <pos type="RP"/>
                    <lemma type="off"/>
                    <dep head="11-11" type="prt"/>
                </token>
                <token content="all" id="11-13">
                    <pos type="PDT"/>
                    <lemma type="all"/>
                </token>
                <token content="the" id="11-14">
                    <pos type="DT"/>
                    <lemma type="the"/>
                </token>
                <token content="hair" id="11-15">
                    <pos type="NN"/>
                    <lemma type="hair"/>
                    <dep head="11-11" type="dobj"/>
                </token>
                <token content="she" id="11-16">
                    <pos type="PRP"/>
                    <lemma type="she"/>
                    <dep head="11-18" type="nsubj"/>
                </token>
                <token content="had" id="11-17">
                    <pos type="VBD"/>
                    <lemma type="have"/>
                    <dep head="11-18" type="aux"/>
                </token>
                <token content="cut" id="11-18">
                    <pos type="VBN"/>
                    <lemma type="cut"/>
                </token>
                <token content="." id="11-19"/>
            </sentence>
            <sentence id="12">
                <token content="She" id="12-1">
                    <pos type="PRP"/>
                    <lemma type="she"/>
                    <dep head="12-3" type="nsubj"/>
                </token>
                <token content="then" id="12-2">
                    <pos type="RB"/>
                    <lemma type="then"/>
                    <dep head="12-3" type="advmod"/>
                </token>
                <token content="brushed" id="12-3">
                    <pos type="VBD"/>
                    <lemma type="brush"/>
                </token>
                <token content="my" id="12-4">
                    <pos type="PRP$"/>
                    <lemma type="my"/>
                </token>
                <token content="shoulders" id="12-5">
                    <pos type="NNS"/>
                    <lemma type="shoulder"/>
                    <dep head="12-3" type="dobj"/>
                </token>
                <token content="with" id="12-6"/>
                <token content="a" id="12-7">
                    <pos type="DT"/>
                    <lemma type="a"/>
                </token>
                <token content="special" id="12-8">
                    <pos type="JJ"/>
                    <lemma type="special"/>
                </token>
                <token content="hair" id="12-9">
                    <pos type="NN"/>
                    <lemma type="hair"/>
                </token>
                <token content="brush" id="12-10">
                    <pos type="NN"/>
                    <lemma type="brush"/>
                    <dep head="12-3" type="prep"/>
                </token>
                <token content="," id="12-11"/>
                <token content="and" id="12-12"/>
                <token content="I" id="12-13">
                    <pos type="PRP"/>
                    <lemma type="I"/>
                    <dep head="12-15" type="nsubjpass"/>
                </token>
                <token content="was" id="12-14">
                    <pos type="VBD"/>
                    <lemma type="be"/>
                    <dep head="12-15" type="auxpass"/>
                </token>
                <token content="done" id="12-15">
                    <pos type="VBN"/>
                    <lemma type="do"/>
                    <dep head="12-3" type="conj"/>
                </token>
                <token content="." id="12-16"/>
            </sentence>
        </sentences>
    </text>
    <annotations>
        <participants>
            <label from="1-1" id="0" name="ScrPart_time/date" text="Today" type="participant"/>
            <label from="1-2" id="1" name="ScrPart_customer" text="I" type="participant"/>
            <label from="1-4" id="2" name="ScrPart_customer" text="my" type="participant"/>
            <label from="1-5" id="3" name="ScrPart_hair" text="hair" type="participant"/>
            <label from="2-2" id="4" name="ScrPart_time/date" text="time" type="participant"/>
            <label from="2-3" id="5" name="ScrPart_customer" text="I" type="participant"/>
            <label from="2-7" id="6" name="ScrPart_hairdresser" text="stylist" type="participant"/>
            <label from="2-9" id="7" name="ScrPart_customer" text="I" type="participant"/>
            <label from="2-12" id="8" name="ScrPart_appointment" text="appointment" type="participant"/>
            <label from="2-14" id="9" name="No_label" text="today" type="participant"/>
            <label from="3-1" id="10" name="ScrPart_customer" text="I" type="participant"/>
            <label from="3-5" id="11" name="ScrPart_time/date" text="minutes" type="participant"/>
            <label from="3-7" id="12" name="ScrPart_customer" text="my" type="participant"/>
            <label from="3-8" id="13" name="ScrPart_appointment" text="appointment" type="participant"/>
            <label from="3-14" id="14" name="ScrPart_customer" text="I" type="participant"/>
            <label from="4-2" id="15" name="ScrPart_customer" text="I" type="participant"/>
            <label from="4-7" id="16" name="ScrPart_staff" text="lady" type="participant"/>
            <label from="4-10" id="17" name="ScrPart_check_in_desk" text="counter" type="participant"/>
            <label from="4-12" id="18" name="ScrPart_customer" text="me" type="participant"/>
            <label from="4-17" id="19" name="ScrPart_customer" text="I" type="participant"/>
            <label from="4-20" id="20" name="NPart" text="something" type="participant"/>
            <label from="5-1" id="21" name="ScrPart_customer" text="I" type="participant"/>
            <label from="5-6" id="22" name="ScrPart_customer" text="I" type="participant"/>
            <label from="6-1" id="23" name="ScrPart_customer" text="I" type="participant"/>
            <label from="6-5" id="24" name="SuppVComp" text="seat" type="participant"/>
            <label from="6-9" id="25" name="ScrPart_customer" text="my" type="participant"/>
            <label from="6-10" id="26" name="ScrPart_hairdresser" text="stylist" type="participant"/>
            <label from="6-15" id="27" name="ScrPart_customer" text="me" type="participant"/>
            <label from="7-4" id="28" name="ScrPart_time/date" text="minutes" type="participant"/>
            <label from="7-6" id="29" name="ScrPart_hairdresser" text="stylist" type="participant"/>
            <label from="7-11" id="30" name="ScrPart_customer" text="me" type="participant"/>
            <label from="7-15" id="31" name="ScrPart_location_salon" text="area" type="participant"/>
            <label from="7-17" id="32" name="ScrPart_customer" text="I" type="participant"/>
            <label from="7-21" id="33" name="ScrPart_customer" text="my" type="participant"/>
            <label from="7-22" id="34" name="ScrPart_hair" text="hair" type="participant"/>
            <label from="8-2" id="35" name="ScrPart_hairdresser_customer" text="we" type="participant"/>
            <label from="8-4" id="36" name="ScrPart_customer" text="my" type="participant"/>
            <label from="8-5" id="37" name="ScrPart_hair" text="hair" type="participant"/>
            <label from="8-8" id="38" name="ScrPart_hairdresser" text="she" type="participant"/>
            <label from="8-10" id="39" name="ScrPart_customer" text="me" type="participant"/>
            <label from="8-13" id="40" name="ScrPart_chair" text="chair" type="participant"/>
            <label from="8-18" id="41" name="ScrPart_hair" text="hair" type="participant"/>
            <label from="9-2" id="42" name="ScrPart_hairdresser" text="stylist" type="participant"/>
            <label from="9-4" id="43" name="ScrPart_customer" text="me" type="participant"/>
            <label from="9-6" id="44" name="Head_of_Partitive" text="type" type="participant"/>
            <label from="9-8" id="45" name="ScrPart_haircut" text="haircut" type="participant"/>
            <label from="9-9" id="46" name="ScrPart_customer" text="I" type="participant"/>
            <label from="9-12" id="47" name="ScrPart_customer" text="I" type="participant"/>
            <label from="9-14" id="48" name="ScrPart_hairdresser" text="her" type="participant"/>
            <label from="9-17" id="49" name="ScrPart_hairdresser" text="she" type="participant"/>
            <label from="10-2" id="50" name="ScrPart_hairdresser" text="she" type="participant"/>
            <label from="10-5" id="51" name="NPart" text="sides" type="participant"/>
            <label from="10-7" id="52" name="NPart" text="back" type="participant"/>
            <label from="10-10" id="53" name="ScrPart_hairdresser" text="she" type="participant"/>
            <label from="10-12" id="54" name="ScrPart_scissors" text="scissors" type="participant"/>
            <label from="10-16" id="55" name="NPart" text="top" type="participant"/>
            <label from="10-18" id="56" name="NPart" text="front" type="participant"/>
            <label from="11-2" id="57" name="ScrPart_hairdresser" text="she" type="participant"/>
            <label from="11-5" id="58" name="ScrPart_hairdresser" text="she" type="participant"/>
            <label from="11-8" id="59" name="ScrPart_hairdryer" text="blow dryer" to="11-9" type="participant"/>
            <label from="11-9" id="60" name="ScrPart_hairdryer" text="dryer" type="participant"/>
            <label from="11-15" id="61" name="ScrPart_hair" text="hair" type="participant"/>
            <label from="11-16" id="62" name="ScrPart_hairdresser" text="she" type="participant"/>
            <label from="12-1" id="63" name="ScrPart_hairdresser" text="She" type="participant"/>
            <label from="12-4" id="64" name="ScrPart_customer" text="my" type="participant"/>
            <label from="12-5" id="65" name="NPart" text="shoulders" type="participant"/>
            <label from="12-9" id="66" name="ScrPart_comb" text="hair brush" to="12-10" type="participant"/>
            <label from="12-10" id="67" name="ScrPart_comb" text="brush" type="participant"/>
            <label from="12-13" id="68" name="ScrPart_customer" text="I" type="participant"/>
        </participants>
        <events>
            <label from="1-3" id="69" name="Evoking" text="got my hair cut" to="1-6" type="event"/>
            <label from="2-4" id="70" name="UnrelEv" text="was" type="event"/>
            <label from="2-10" id="71" name="ScrEv_make_appointment" text="made" type="event"/>
            <label from="3-2" id="72" name="ScrEv_get_salon" text="arrived" type="event"/>
            <label from="3-11" id="73" name="UnrelEv" text="make sure" to="3-12" type="event"/>
            <label from="3-11" id="74" name="UnrelEv" text="make" type="event"/>
            <label from="3-17" id="75" name="UnrelEv" text="be" type="event"/>
            <label from="4-3" id="76" name="ScrEv_enter" text="walked in" to="4-4" type="event"/>
            <label from="4-3" id="77" name="ScrEv_enter" text="walked" type="event"/>
            <label from="4-11" id="78" name="ScrEv_small_talk" text="greeted" type="event"/>
            <label from="4-15" id="79" name="RelNScrEv" text="asked" type="event"/>
            <label from="4-19" id="80" name="UnrelEv" text="like" type="event"/>
            <label from="4-22" id="81" name="UnrelEv" text="drink" type="event"/>
            <label from="5-2" id="82" name="UnrelEv" text="said" type="event"/>
            <label from="5-7" id="83" name="UnrelEv" text="would" type="event"/>
            <label from="6-3" id="84" name="ScrEv_other" text="had" type="event"/>
            <label from="6-7" id="85" name="ScrEv_wait" text="waited" type="event"/>
            <label from="6-12" id="86" name="UnrelEv" text="come" type="event"/>
            <label from="6-14" id="87" name="RelNScrEv" text="collect" type="event"/>
            <label from="7-7" id="88" name="ScrEv_other" text="came out" to="7-8" type="event"/>
            <label from="7-7" id="89" name="ScrEv_other" text="came" type="event"/>
            <label from="7-10" id="90" name="ScrEv_move_in_salon" text="led" type="event"/>
            <label from="7-20" id="91" name="Evoking" text="getting my hair cut" to="7-23" type="event"/>
            <label from="7-23" id="92" name="ScrEv_cut" text="cut" type="event"/>
            <label from="8-3" id="93" name="ScrEv_wash" text="washed" type="event"/>
            <label from="8-9" id="94" name="ScrEv_sit_down" text="seated" type="event"/>
            <label from="8-16" id="95" name="UnrelEv" text="designed" type="event"/>
            <label from="8-18" id="96" name="Evoking" text="hair cutting" to="8-19" type="event"/>
            <label from="9-3" id="97" name="ScrEv_talk_haircut" text="asked" type="event"/>
            <label from="9-10" id="98" name="RelNScrEv" text="wanted" type="event"/>
            <label from="9-13" id="99" name="ScrEv_talk_haircut" text="told" type="event"/>
            <label from="9-18" id="100" name="UnrelEv" text="began" type="event"/>
            <label from="9-20" id="101" name="ScrEv_cut" text="cut" type="event"/>
            <label from="10-3" id="102" name="ScrEv_cut" text="clipped" type="event"/>
            <label from="10-11" id="103" name="RelNScrEv" text="used" type="event"/>
            <label from="10-14" id="104" name="ScrEv_cut" text="trim" type="event"/>
            <label from="11-4" id="105" name="UnrelEv" text="done" type="event"/>
            <label from="11-6" id="106" name="RelNScrEv" text="used" type="event"/>
            <label from="11-11" id="107" name="ScrEv_other" text="blow off" to="11-12" type="event"/>
            <label from="11-11" id="108" name="ScrEv_other" text="blow" type="event"/>
            <label from="11-18" id="109" name="ScrEv_cut" text="cut" type="event"/>
            <label from="12-3" id="110" name="ScrEv_brush_hair" text="brushed" type="event"/>
            <label from="12-15" id="111" name="UnrelEv" text="done" type="event"/>
        </events>
        <chains>
            <chain elements="1 2 5 7 10 12 15 18 19 21 22 23 25 27 30 32 33 36 39 43 64 68"/>
            <chain elements="8 13"/>
            <chain elements="26 29 38 42 48 49 50 53"/>
            <chain elements="29 32 35" name="group_I_stylist"/>
            <chain elements="3 34 37 41 61"/>
        </chains>
    </annotations>
</story>
