<?xml version="1.0" encoding="UTF-8" standalone="no"?>
<!DOCTYPE story SYSTEM "../InScript.dtd">
<story id="056" scenario="haircut">
    <text>
        <content>I was looking in the mirror yesterday and noticed that my hair was too long , so I decided to get a haircut . 
I called my regular salon to see if they were busy . 
Luckily , they were not and I was told to come right in . 
I drove to the salon and checked in with the receptionist at the front desk . 
I was told to take a seat and that someone would be with me shortly . 
I was only seated for a few minutes when the hairdresser said that she was ready for me . 
She led me over to a chair and I sat down . 
We discussed what I wanted to do with my hair , a trim , and then she took me to the shampoo area . 
My hair was washed and conditioned and then I was led back to the hairdresser 's chair . 
She combed my hair out and then cut off the split ends a few small sections at a time . 
I saw little wisps of my hair fall onto the floor . 
When the hairdresser was finished cutting , she took out a blow dryer and dried my hair . 
I looked in the mirror and I was very pleased with my haircut . 
I walked back over to the receptionist and paid for the cut . 
I added about twenty percent as a tip to reward the hairdresser for doing a great job . 
I left the hair salon and drove home . </content>
        <sentences>
            <sentence id="1">
                <token content="I" id="1-1">
                    <pos type="PRP"/>
                    <lemma type="I"/>
                    <dep head="1-3" type="nsubj"/>
                </token>
                <token content="was" id="1-2">
                    <pos type="VBD"/>
                    <lemma type="be"/>
                    <dep head="1-3" type="aux"/>
                </token>
                <token content="looking" id="1-3">
                    <pos type="VBG"/>
                    <lemma type="look"/>
                </token>
                <token content="in" id="1-4"/>
                <token content="the" id="1-5">
                    <pos type="DT"/>
                    <lemma type="the"/>
                </token>
                <token content="mirror" id="1-6">
                    <pos type="NN"/>
                    <lemma type="mirror"/>
                    <dep head="1-3" type="prep"/>
                </token>
                <token content="yesterday" id="1-7">
                    <pos type="NN"/>
                    <lemma type="yesterday"/>
                    <dep head="1-3" type="tmod"/>
                </token>
                <token content="and" id="1-8"/>
                <token content="noticed" id="1-9">
                    <pos type="VBD"/>
                    <lemma type="notice"/>
                    <dep head="1-3" type="conj"/>
                </token>
                <token content="that" id="1-10">
                    <pos type="IN"/>
                    <lemma type="that"/>
                </token>
                <token content="my" id="1-11">
                    <pos type="PRP$"/>
                    <lemma type="my"/>
                </token>
                <token content="hair" id="1-12">
                    <pos type="NN"/>
                    <lemma type="hair"/>
                </token>
                <token content="was" id="1-13">
                    <pos type="VBD"/>
                    <lemma type="be"/>
                </token>
                <token content="too" id="1-14">
                    <pos type="RB"/>
                    <lemma type="too"/>
                </token>
                <token content="long" id="1-15">
                    <pos type="JJ"/>
                    <lemma type="long"/>
                    <dep head="1-9" type="ccomp"/>
                </token>
                <token content="," id="1-16"/>
                <token content="so" id="1-17">
                    <pos type="IN"/>
                    <lemma type="so"/>
                    <dep head="1-3" type="dep"/>
                </token>
                <token content="I" id="1-18">
                    <pos type="PRP"/>
                    <lemma type="I"/>
                    <dep head="1-19" type="nsubj"/>
                </token>
                <token content="decided" id="1-19">
                    <pos type="VBD"/>
                    <lemma type="decide"/>
                    <dep head="1-3" type="parataxis"/>
                </token>
                <token content="to" id="1-20">
                    <pos type="TO"/>
                    <lemma type="to"/>
                    <dep head="1-21" type="aux"/>
                </token>
                <token content="get" id="1-21">
                    <pos type="VB"/>
                    <lemma type="get"/>
                    <dep head="1-19" type="xcomp"/>
                </token>
                <token content="a" id="1-22">
                    <pos type="DT"/>
                    <lemma type="a"/>
                </token>
                <token content="haircut" id="1-23">
                    <pos type="NN"/>
                    <lemma type="haircut"/>
                    <dep head="1-21" type="dobj"/>
                </token>
                <token content="." id="1-24"/>
            </sentence>
            <sentence id="2">
                <token content="I" id="2-1">
                    <pos type="PRP"/>
                    <lemma type="I"/>
                    <dep head="2-2" type="nsubj"/>
                </token>
                <token content="called" id="2-2">
                    <pos type="VBD"/>
                    <lemma type="call"/>
                </token>
                <token content="my" id="2-3">
                    <pos type="PRP$"/>
                    <lemma type="my"/>
                </token>
                <token content="regular" id="2-4">
                    <pos type="JJ"/>
                    <lemma type="regular"/>
                </token>
                <token content="salon" id="2-5">
                    <pos type="NN"/>
                    <lemma type="salon"/>
                    <dep head="2-2" type="dobj"/>
                </token>
                <token content="to" id="2-6">
                    <pos type="TO"/>
                    <lemma type="to"/>
                    <dep head="2-7" type="aux"/>
                </token>
                <token content="see" id="2-7">
                    <pos type="VB"/>
                    <lemma type="see"/>
                    <dep head="2-2" type="vmod"/>
                </token>
                <token content="if" id="2-8">
                    <pos type="IN"/>
                    <lemma type="if"/>
                </token>
                <token content="they" id="2-9">
                    <pos type="PRP"/>
                    <lemma type="they"/>
                </token>
                <token content="were" id="2-10">
                    <pos type="VBD"/>
                    <lemma type="be"/>
                </token>
                <token content="busy" id="2-11">
                    <pos type="JJ"/>
                    <lemma type="busy"/>
                    <dep head="2-7" type="advcl"/>
                </token>
                <token content="." id="2-12"/>
            </sentence>
            <sentence id="3">
                <token content="Luckily" id="3-1">
                    <pos type="RB"/>
                    <lemma type="luckily"/>
                </token>
                <token content="," id="3-2"/>
                <token content="they" id="3-3">
                    <pos type="PRP"/>
                    <lemma type="they"/>
                </token>
                <token content="were" id="3-4">
                    <pos type="VBD"/>
                    <lemma type="be"/>
                </token>
                <token content="not" id="3-5">
                    <pos type="RB"/>
                    <lemma type="not"/>
                </token>
                <token content="and" id="3-6">
                    <pos type="CC"/>
                    <lemma type="and"/>
                    <dep head="3-9" type="cc"/>
                </token>
                <token content="I" id="3-7">
                    <pos type="PRP"/>
                    <lemma type="I"/>
                    <dep head="3-9" type="nsubjpass"/>
                </token>
                <token content="was" id="3-8">
                    <pos type="VBD"/>
                    <lemma type="be"/>
                    <dep head="3-9" type="auxpass"/>
                </token>
                <token content="told" id="3-9">
                    <pos type="VBN"/>
                    <lemma type="tell"/>
                </token>
                <token content="to" id="3-10">
                    <pos type="TO"/>
                    <lemma type="to"/>
                    <dep head="3-11" type="aux"/>
                </token>
                <token content="come" id="3-11">
                    <pos type="VB"/>
                    <lemma type="come"/>
                    <dep head="3-9" type="xcomp"/>
                </token>
                <token content="right" id="3-12">
                    <pos type="JJ"/>
                    <lemma type="right"/>
                </token>
                <token content="in" id="3-13">
                    <pos type="IN"/>
                    <lemma type="in"/>
                </token>
                <token content="." id="3-14"/>
            </sentence>
            <sentence id="4">
                <token content="I" id="4-1">
                    <pos type="PRP"/>
                    <lemma type="I"/>
                    <dep head="4-2" type="nsubj"/>
                </token>
                <token content="drove" id="4-2">
                    <pos type="VBD"/>
                    <lemma type="drive"/>
                </token>
                <token content="to" id="4-3"/>
                <token content="the" id="4-4">
                    <pos type="DT"/>
                    <lemma type="the"/>
                </token>
                <token content="salon" id="4-5">
                    <pos type="NN"/>
                    <lemma type="salon"/>
                    <dep head="4-2" type="prep"/>
                </token>
                <token content="and" id="4-6"/>
                <token content="checked" id="4-7">
                    <pos type="VBD"/>
                    <lemma type="check"/>
                    <dep head="4-2" type="conj"/>
                </token>
                <token content="in" id="4-8">
                    <pos type="RP"/>
                    <lemma type="in"/>
                    <dep head="4-7" type="prt"/>
                </token>
                <token content="with" id="4-9"/>
                <token content="the" id="4-10">
                    <pos type="DT"/>
                    <lemma type="the"/>
                </token>
                <token content="receptionist" id="4-11">
                    <pos type="NN"/>
                    <lemma type="receptionist"/>
                    <dep head="4-7" type="prep"/>
                </token>
                <token content="at" id="4-12"/>
                <token content="the" id="4-13">
                    <pos type="DT"/>
                    <lemma type="the"/>
                </token>
                <token content="front" id="4-14">
                    <pos type="JJ"/>
                    <lemma type="front"/>
                </token>
                <token content="desk" id="4-15">
                    <pos type="NN"/>
                    <lemma type="desk"/>
                </token>
                <token content="." id="4-16"/>
            </sentence>
            <sentence id="5">
                <token content="I" id="5-1">
                    <pos type="PRP"/>
                    <lemma type="I"/>
                    <dep head="5-3" type="nsubjpass"/>
                </token>
                <token content="was" id="5-2">
                    <pos type="VBD"/>
                    <lemma type="be"/>
                    <dep head="5-3" type="auxpass"/>
                </token>
                <token content="told" id="5-3">
                    <pos type="VBN"/>
                    <lemma type="tell"/>
                </token>
                <token content="to" id="5-4">
                    <pos type="TO"/>
                    <lemma type="to"/>
                    <dep head="5-5" type="aux"/>
                </token>
                <token content="take" id="5-5">
                    <pos type="VB"/>
                    <lemma type="take"/>
                    <dep head="5-3" type="xcomp"/>
                </token>
                <token content="a" id="5-6">
                    <pos type="DT"/>
                    <lemma type="a"/>
                </token>
                <token content="seat" id="5-7">
                    <pos type="NN"/>
                    <lemma type="seat"/>
                    <dep head="5-5" type="dobj"/>
                </token>
                <token content="and" id="5-8"/>
                <token content="that" id="5-9">
                    <pos type="DT"/>
                    <lemma type="that"/>
                </token>
                <token content="someone" id="5-10">
                    <pos type="NN"/>
                    <lemma type="someone"/>
                    <dep head="5-12" type="nsubj"/>
                </token>
                <token content="would" id="5-11">
                    <pos type="MD"/>
                    <lemma type="would"/>
                    <dep head="5-12" type="aux"/>
                </token>
                <token content="be" id="5-12">
                    <pos type="VB"/>
                    <lemma type="be"/>
                    <dep head="5-3" type="conj"/>
                </token>
                <token content="with" id="5-13"/>
                <token content="me" id="5-14">
                    <pos type="PRP"/>
                    <lemma type="I"/>
                    <dep head="5-12" type="prep"/>
                </token>
                <token content="shortly" id="5-15">
                    <pos type="RB"/>
                    <lemma type="shortly"/>
                    <dep head="5-12" type="advmod"/>
                </token>
                <token content="." id="5-16"/>
            </sentence>
            <sentence id="6">
                <token content="I" id="6-1">
                    <pos type="PRP"/>
                    <lemma type="I"/>
                    <dep head="6-4" type="nsubjpass"/>
                </token>
                <token content="was" id="6-2">
                    <pos type="VBD"/>
                    <lemma type="be"/>
                    <dep head="6-4" type="auxpass"/>
                </token>
                <token content="only" id="6-3">
                    <pos type="RB"/>
                    <lemma type="only"/>
                    <dep head="6-4" type="advmod"/>
                </token>
                <token content="seated" id="6-4">
                    <pos type="VBN"/>
                    <lemma type="seat"/>
                </token>
                <token content="for" id="6-5"/>
                <token content="a" id="6-6">
                    <pos type="DT"/>
                    <lemma type="a"/>
                </token>
                <token content="few" id="6-7">
                    <pos type="JJ"/>
                    <lemma type="few"/>
                </token>
                <token content="minutes" id="6-8">
                    <pos type="NNS"/>
                    <lemma type="minute"/>
                    <dep head="6-4" type="prep"/>
                </token>
                <token content="when" id="6-9">
                    <pos type="WRB"/>
                    <lemma type="when"/>
                    <dep head="6-12" type="advmod"/>
                </token>
                <token content="the" id="6-10">
                    <pos type="DT"/>
                    <lemma type="the"/>
                </token>
                <token content="hairdresser" id="6-11">
                    <pos type="NN"/>
                    <lemma type="hairdresser"/>
                    <dep head="6-12" type="nsubj"/>
                </token>
                <token content="said" id="6-12">
                    <pos type="VBD"/>
                    <lemma type="say"/>
                </token>
                <token content="that" id="6-13">
                    <pos type="IN"/>
                    <lemma type="that"/>
                </token>
                <token content="she" id="6-14">
                    <pos type="PRP"/>
                    <lemma type="she"/>
                </token>
                <token content="was" id="6-15">
                    <pos type="VBD"/>
                    <lemma type="be"/>
                </token>
                <token content="ready" id="6-16">
                    <pos type="JJ"/>
                    <lemma type="ready"/>
                    <dep head="6-12" type="ccomp"/>
                </token>
                <token content="for" id="6-17"/>
                <token content="me" id="6-18">
                    <pos type="PRP"/>
                    <lemma type="I"/>
                </token>
                <token content="." id="6-19"/>
            </sentence>
            <sentence id="7">
                <token content="She" id="7-1">
                    <pos type="PRP"/>
                    <lemma type="she"/>
                    <dep head="7-2" type="nsubj"/>
                </token>
                <token content="led" id="7-2">
                    <pos type="VBD"/>
                    <lemma type="lead"/>
                </token>
                <token content="me" id="7-3">
                    <pos type="PRP"/>
                    <lemma type="I"/>
                    <dep head="7-2" type="dobj"/>
                </token>
                <token content="over" id="7-4">
                    <pos type="RP"/>
                    <lemma type="over"/>
                    <dep head="7-2" type="prt"/>
                </token>
                <token content="to" id="7-5"/>
                <token content="a" id="7-6">
                    <pos type="DT"/>
                    <lemma type="a"/>
                </token>
                <token content="chair" id="7-7">
                    <pos type="NN"/>
                    <lemma type="chair"/>
                    <dep head="7-2" type="prep"/>
                </token>
                <token content="and" id="7-8"/>
                <token content="I" id="7-9">
                    <pos type="PRP"/>
                    <lemma type="I"/>
                    <dep head="7-10" type="nsubj"/>
                </token>
                <token content="sat" id="7-10">
                    <pos type="VBD"/>
                    <lemma type="sit"/>
                    <dep head="7-2" type="conj"/>
                </token>
                <token content="down" id="7-11">
                    <pos type="RP"/>
                    <lemma type="down"/>
                    <dep head="7-10" type="prt"/>
                </token>
                <token content="." id="7-12"/>
            </sentence>
            <sentence id="8">
                <token content="We" id="8-1">
                    <pos type="PRP"/>
                    <lemma type="we"/>
                    <dep head="8-2" type="nsubj"/>
                </token>
                <token content="discussed" id="8-2">
                    <pos type="VBD"/>
                    <lemma type="discuss"/>
                </token>
                <token content="what" id="8-3">
                    <pos type="WP"/>
                    <lemma type="what"/>
                    <dep head="8-5" type="dobj"/>
                </token>
                <token content="I" id="8-4">
                    <pos type="PRP"/>
                    <lemma type="I"/>
                    <dep head="8-5" type="nsubj"/>
                </token>
                <token content="wanted" id="8-5">
                    <pos type="VBD"/>
                    <lemma type="want"/>
                    <dep head="8-2" type="ccomp"/>
                </token>
                <token content="to" id="8-6">
                    <pos type="TO"/>
                    <lemma type="to"/>
                    <dep head="8-7" type="aux"/>
                </token>
                <token content="do" id="8-7">
                    <pos type="VB"/>
                    <lemma type="do"/>
                    <dep head="8-5" type="xcomp"/>
                </token>
                <token content="with" id="8-8"/>
                <token content="my" id="8-9">
                    <pos type="PRP$"/>
                    <lemma type="my"/>
                </token>
                <token content="hair" id="8-10">
                    <pos type="NN"/>
                    <lemma type="hair"/>
                    <dep head="8-7" type="prep"/>
                </token>
                <token content="," id="8-11"/>
                <token content="a" id="8-12">
                    <pos type="DT"/>
                    <lemma type="a"/>
                </token>
                <token content="trim" id="8-13">
                    <pos type="NN"/>
                    <lemma type="trim"/>
                </token>
                <token content="," id="8-14"/>
                <token content="and" id="8-15"/>
                <token content="then" id="8-16">
                    <pos type="RB"/>
                    <lemma type="then"/>
                    <dep head="8-18" type="advmod"/>
                </token>
                <token content="she" id="8-17">
                    <pos type="PRP"/>
                    <lemma type="she"/>
                    <dep head="8-18" type="nsubj"/>
                </token>
                <token content="took" id="8-18">
                    <pos type="VBD"/>
                    <lemma type="take"/>
                    <dep head="8-2" type="conj"/>
                </token>
                <token content="me" id="8-19">
                    <pos type="PRP"/>
                    <lemma type="I"/>
                    <dep head="8-18" type="dobj"/>
                </token>
                <token content="to" id="8-20"/>
                <token content="the" id="8-21">
                    <pos type="DT"/>
                    <lemma type="the"/>
                </token>
                <token content="shampoo" id="8-22">
                    <pos type="NN"/>
                    <lemma type="shampoo"/>
                </token>
                <token content="area" id="8-23">
                    <pos type="NN"/>
                    <lemma type="area"/>
                    <dep head="8-18" type="prep"/>
                </token>
                <token content="." id="8-24"/>
            </sentence>
            <sentence id="9">
                <token content="My" id="9-1">
                    <pos type="PRP$"/>
                    <lemma type="my"/>
                </token>
                <token content="hair" id="9-2">
                    <pos type="NN"/>
                    <lemma type="hair"/>
                    <dep head="9-4" type="nsubjpass"/>
                </token>
                <token content="was" id="9-3">
                    <pos type="VBD"/>
                    <lemma type="be"/>
                    <dep head="9-4" type="auxpass"/>
                </token>
                <token content="washed" id="9-4">
                    <pos type="VBN"/>
                    <lemma type="wash"/>
                </token>
                <token content="and" id="9-5"/>
                <token content="conditioned" id="9-6">
                    <pos type="VBN"/>
                    <lemma type="condition"/>
                    <dep head="9-4" type="conj"/>
                </token>
                <token content="and" id="9-7"/>
                <token content="then" id="9-8">
                    <pos type="RB"/>
                    <lemma type="then"/>
                    <dep head="9-11" type="advmod"/>
                </token>
                <token content="I" id="9-9">
                    <pos type="PRP"/>
                    <lemma type="I"/>
                    <dep head="9-11" type="nsubjpass"/>
                </token>
                <token content="was" id="9-10">
                    <pos type="VBD"/>
                    <lemma type="be"/>
                    <dep head="9-11" type="auxpass"/>
                </token>
                <token content="led" id="9-11">
                    <pos type="VBN"/>
                    <lemma type="lead"/>
                    <dep head="9-4" type="conj"/>
                </token>
                <token content="back" id="9-12">
                    <pos type="RP"/>
                    <lemma type="back"/>
                    <dep head="9-11" type="prt"/>
                </token>
                <token content="to" id="9-13"/>
                <token content="the" id="9-14">
                    <pos type="DT"/>
                    <lemma type="the"/>
                </token>
                <token content="hairdresser" id="9-15">
                    <pos type="NN"/>
                    <lemma type="hairdresser"/>
                </token>
                <token content="'s" id="9-16"/>
                <token content="chair" id="9-17">
                    <pos type="NN"/>
                    <lemma type="chair"/>
                    <dep head="9-11" type="prep"/>
                </token>
                <token content="." id="9-18"/>
            </sentence>
            <sentence id="10">
                <token content="She" id="10-1">
                    <pos type="PRP"/>
                    <lemma type="she"/>
                    <dep head="10-12" type="nsubj"/>
                </token>
                <token content="combed" id="10-2">
                    <pos type="VBN"/>
                    <lemma type="comb"/>
                </token>
                <token content="my" id="10-3">
                    <pos type="PRP$"/>
                    <lemma type="my"/>
                </token>
                <token content="hair" id="10-4">
                    <pos type="NN"/>
                    <lemma type="hair"/>
                    <dep head="10-2" type="dobj"/>
                </token>
                <token content="out" id="10-5">
                    <pos type="RP"/>
                    <lemma type="out"/>
                    <dep head="10-2" type="prt"/>
                </token>
                <token content="and" id="10-6"/>
                <token content="then" id="10-7">
                    <pos type="RB"/>
                    <lemma type="then"/>
                    <dep head="10-8" type="advmod"/>
                </token>
                <token content="cut" id="10-8">
                    <pos type="VB"/>
                    <lemma type="cut"/>
                    <dep head="10-2" type="conj"/>
                </token>
                <token content="off" id="10-9">
                    <pos type="RP"/>
                    <lemma type="off"/>
                    <dep head="10-8" type="prt"/>
                </token>
                <token content="the" id="10-10">
                    <pos type="DT"/>
                    <lemma type="the"/>
                </token>
                <token content="split" id="10-11">
                    <pos type="NN"/>
                    <lemma type="split"/>
                    <dep head="10-8" type="dobj"/>
                </token>
                <token content="ends" id="10-12">
                    <pos type="VBZ"/>
                    <lemma type="end"/>
                </token>
                <token content="a" id="10-13">
                    <pos type="DT"/>
                    <lemma type="a"/>
                </token>
                <token content="few" id="10-14">
                    <pos type="JJ"/>
                    <lemma type="few"/>
                </token>
                <token content="small" id="10-15">
                    <pos type="JJ"/>
                    <lemma type="small"/>
                </token>
                <token content="sections" id="10-16">
                    <pos type="NNS"/>
                    <lemma type="section"/>
                    <dep head="10-12" type="dobj"/>
                </token>
                <token content="at" id="10-17"/>
                <token content="a" id="10-18">
                    <pos type="DT"/>
                    <lemma type="a"/>
                </token>
                <token content="time" id="10-19">
                    <pos type="NN"/>
                    <lemma type="time"/>
                </token>
                <token content="." id="10-20"/>
            </sentence>
            <sentence id="11">
                <token content="I" id="11-1">
                    <pos type="PRP"/>
                    <lemma type="I"/>
                    <dep head="11-2" type="nsubj"/>
                </token>
                <token content="saw" id="11-2">
                    <pos type="VBD"/>
                    <lemma type="see"/>
                </token>
                <token content="little" id="11-3">
                    <pos type="JJ"/>
                    <lemma type="little"/>
                </token>
                <token content="wisps" id="11-4">
                    <pos type="NNS"/>
                    <lemma type="wisp"/>
                    <dep head="11-2" type="dobj"/>
                </token>
                <token content="of" id="11-5"/>
                <token content="my" id="11-6">
                    <pos type="PRP$"/>
                    <lemma type="my"/>
                </token>
                <token content="hair" id="11-7">
                    <pos type="NN"/>
                    <lemma type="hair"/>
                </token>
                <token content="fall" id="11-8">
                    <pos type="NN"/>
                    <lemma type="fall"/>
                </token>
                <token content="onto" id="11-9"/>
                <token content="the" id="11-10">
                    <pos type="DT"/>
                    <lemma type="the"/>
                </token>
                <token content="floor" id="11-11">
                    <pos type="NN"/>
                    <lemma type="floor"/>
                    <dep head="11-2" type="prep"/>
                </token>
                <token content="." id="11-12"/>
            </sentence>
            <sentence id="12">
                <token content="When" id="12-1">
                    <pos type="WRB"/>
                    <lemma type="when"/>
                    <dep head="12-5" type="advmod"/>
                </token>
                <token content="the" id="12-2">
                    <pos type="DT"/>
                    <lemma type="the"/>
                </token>
                <token content="hairdresser" id="12-3">
                    <pos type="NN"/>
                    <lemma type="hairdresser"/>
                    <dep head="12-5" type="nsubjpass"/>
                </token>
                <token content="was" id="12-4">
                    <pos type="VBD"/>
                    <lemma type="be"/>
                    <dep head="12-5" type="auxpass"/>
                </token>
                <token content="finished" id="12-5">
                    <pos type="VBN"/>
                    <lemma type="finish"/>
                    <dep head="12-9" type="advcl"/>
                </token>
                <token content="cutting" id="12-6">
                    <pos type="VBG"/>
                    <lemma type="cut"/>
                    <dep head="12-5" type="xcomp"/>
                </token>
                <token content="," id="12-7"/>
                <token content="she" id="12-8">
                    <pos type="PRP"/>
                    <lemma type="she"/>
                    <dep head="12-9" type="nsubj"/>
                </token>
                <token content="took" id="12-9">
                    <pos type="VBD"/>
                    <lemma type="take"/>
                </token>
                <token content="out" id="12-10">
                    <pos type="RP"/>
                    <lemma type="out"/>
                    <dep head="12-9" type="prt"/>
                </token>
                <token content="a" id="12-11">
                    <pos type="DT"/>
                    <lemma type="a"/>
                </token>
                <token content="blow" id="12-12">
                    <pos type="NN"/>
                    <lemma type="blow"/>
                </token>
                <token content="dryer" id="12-13">
                    <pos type="NN"/>
                    <lemma type="dryer"/>
                    <dep head="12-9" type="dobj"/>
                </token>
                <token content="and" id="12-14"/>
                <token content="dried" id="12-15">
                    <pos type="VBD"/>
                    <lemma type="dry"/>
                    <dep head="12-9" type="conj"/>
                </token>
                <token content="my" id="12-16">
                    <pos type="PRP$"/>
                    <lemma type="my"/>
                </token>
                <token content="hair" id="12-17">
                    <pos type="NN"/>
                    <lemma type="hair"/>
                    <dep head="12-15" type="dobj"/>
                </token>
                <token content="." id="12-18"/>
            </sentence>
            <sentence id="13">
                <token content="I" id="13-1">
                    <pos type="PRP"/>
                    <lemma type="I"/>
                    <dep head="13-2" type="nsubj"/>
                </token>
                <token content="looked" id="13-2">
                    <pos type="VBD"/>
                    <lemma type="look"/>
                </token>
                <token content="in" id="13-3"/>
                <token content="the" id="13-4">
                    <pos type="DT"/>
                    <lemma type="the"/>
                </token>
                <token content="mirror" id="13-5">
                    <pos type="NN"/>
                    <lemma type="mirror"/>
                    <dep head="13-2" type="prep"/>
                </token>
                <token content="and" id="13-6"/>
                <token content="I" id="13-7">
                    <pos type="PRP"/>
                    <lemma type="I"/>
                </token>
                <token content="was" id="13-8">
                    <pos type="VBD"/>
                    <lemma type="be"/>
                </token>
                <token content="very" id="13-9">
                    <pos type="RB"/>
                    <lemma type="very"/>
                </token>
                <token content="pleased" id="13-10">
                    <pos type="JJ"/>
                    <lemma type="pleased"/>
                    <dep head="13-2" type="conj"/>
                </token>
                <token content="with" id="13-11"/>
                <token content="my" id="13-12">
                    <pos type="PRP$"/>
                    <lemma type="my"/>
                </token>
                <token content="haircut" id="13-13">
                    <pos type="NN"/>
                    <lemma type="haircut"/>
                </token>
                <token content="." id="13-14"/>
            </sentence>
            <sentence id="14">
                <token content="I" id="14-1">
                    <pos type="PRP"/>
                    <lemma type="I"/>
                    <dep head="14-2" type="nsubj"/>
                </token>
                <token content="walked" id="14-2">
                    <pos type="VBD"/>
                    <lemma type="walk"/>
                </token>
                <token content="back" id="14-3">
                    <pos type="RP"/>
                    <lemma type="back"/>
                    <dep head="14-2" type="prt"/>
                </token>
                <token content="over" id="14-4">
                    <pos type="RP"/>
                    <lemma type="over"/>
                    <dep head="14-2" type="prt"/>
                </token>
                <token content="to" id="14-5"/>
                <token content="the" id="14-6">
                    <pos type="DT"/>
                    <lemma type="the"/>
                </token>
                <token content="receptionist" id="14-7">
                    <pos type="NN"/>
                    <lemma type="receptionist"/>
                    <dep head="14-2" type="prep"/>
                </token>
                <token content="and" id="14-8"/>
                <token content="paid" id="14-9">
                    <pos type="VBD"/>
                    <lemma type="pay"/>
                    <dep head="14-2" type="conj"/>
                </token>
                <token content="for" id="14-10"/>
                <token content="the" id="14-11">
                    <pos type="DT"/>
                    <lemma type="the"/>
                </token>
                <token content="cut" id="14-12">
                    <pos type="NN"/>
                    <lemma type="cut"/>
                    <dep head="14-9" type="prep"/>
                </token>
                <token content="." id="14-13"/>
            </sentence>
            <sentence id="15">
                <token content="I" id="15-1">
                    <pos type="PRP"/>
                    <lemma type="I"/>
                    <dep head="15-2" type="nsubj"/>
                </token>
                <token content="added" id="15-2">
                    <pos type="VBD"/>
                    <lemma type="add"/>
                </token>
                <token content="about" id="15-3">
                    <pos type="RB"/>
                    <lemma type="about"/>
                </token>
                <token content="twenty" id="15-4">
                    <pos type="CD"/>
                    <lemma type="twenty"/>
                </token>
                <token content="percent" id="15-5">
                    <pos type="NN"/>
                    <lemma type="percent"/>
                    <dep head="15-2" type="dobj"/>
                </token>
                <token content="as" id="15-6"/>
                <token content="a" id="15-7">
                    <pos type="DT"/>
                    <lemma type="a"/>
                </token>
                <token content="tip" id="15-8">
                    <pos type="NN"/>
                    <lemma type="tip"/>
                    <dep head="15-2" type="prep"/>
                </token>
                <token content="to" id="15-9">
                    <pos type="TO"/>
                    <lemma type="to"/>
                    <dep head="15-10" type="aux"/>
                </token>
                <token content="reward" id="15-10">
                    <pos type="VB"/>
                    <lemma type="reward"/>
                    <dep head="15-2" type="vmod"/>
                </token>
                <token content="the" id="15-11">
                    <pos type="DT"/>
                    <lemma type="the"/>
                </token>
                <token content="hairdresser" id="15-12">
                    <pos type="NN"/>
                    <lemma type="hairdresser"/>
                    <dep head="15-10" type="dobj"/>
                </token>
                <token content="for" id="15-13"/>
                <token content="doing" id="15-14">
                    <pos type="VBG"/>
                    <lemma type="do"/>
                    <dep head="15-10" type="prepc"/>
                </token>
                <token content="a" id="15-15">
                    <pos type="DT"/>
                    <lemma type="a"/>
                </token>
                <token content="great" id="15-16">
                    <pos type="JJ"/>
                    <lemma type="great"/>
                </token>
                <token content="job" id="15-17">
                    <pos type="NN"/>
                    <lemma type="job"/>
                    <dep head="15-14" type="dobj"/>
                </token>
                <token content="." id="15-18"/>
            </sentence>
            <sentence id="16">
                <token content="I" id="16-1">
                    <pos type="PRP"/>
                    <lemma type="I"/>
                    <dep head="16-2" type="nsubj"/>
                </token>
                <token content="left" id="16-2">
                    <pos type="VBD"/>
                    <lemma type="leave"/>
                </token>
                <token content="the" id="16-3">
                    <pos type="DT"/>
                    <lemma type="the"/>
                </token>
                <token content="hair" id="16-4">
                    <pos type="NN"/>
                    <lemma type="hair"/>
                </token>
                <token content="salon" id="16-5">
                    <pos type="NN"/>
                    <lemma type="salon"/>
                    <dep head="16-2" type="dobj"/>
                </token>
                <token content="and" id="16-6"/>
                <token content="drove" id="16-7">
                    <pos type="VBD"/>
                    <lemma type="drive"/>
                    <dep head="16-2" type="conj"/>
                </token>
                <token content="home" id="16-8">
                    <pos type="NN"/>
                    <lemma type="home"/>
                    <dep head="16-7" type="dobj"/>
                </token>
                <token content="." id="16-9"/>
            </sentence>
        </sentences>
    </text>
    <annotations>
        <participants>
            <label from="1-1" id="0" name="ScrPart_customer" text="I" type="participant"/>
            <label from="1-6" id="1" name="NPart" text="mirror" type="participant"/>
            <label from="1-11" id="2" name="ScrPart_customer" text="my" type="participant"/>
            <label from="1-12" id="3" name="ScrPart_hair" text="hair" type="participant"/>
            <label from="1-18" id="4" name="ScrPart_customer" text="I" type="participant"/>
            <label from="1-23" id="5" name="ScrPart_haircut" text="haircut" type="participant"/>
            <label from="2-1" id="6" name="ScrPart_customer" text="I" type="participant"/>
            <label from="2-3" id="7" name="ScrPart_customer" text="my" type="participant"/>
            <label from="2-5" id="8" name="ScrPart_salon" text="salon" type="participant"/>
            <label from="2-9" id="9" name="ScrPart_staff" text="they" type="participant"/>
            <label from="3-3" id="10" name="ScrPart_staff" text="they" type="participant"/>
            <label from="3-7" id="11" name="ScrPart_customer" text="I" type="participant"/>
            <label from="4-1" id="12" name="ScrPart_customer" text="I" type="participant"/>
            <label from="4-5" id="13" name="ScrPart_salon" text="salon" type="participant"/>
            <label from="4-11" id="14" name="ScrPart_staff" text="receptionist" type="participant"/>
            <label from="4-15" id="15" name="ScrPart_check_in_desk" text="desk" type="participant"/>
            <label from="5-1" id="16" name="ScrPart_customer" text="I" type="participant"/>
            <label from="5-7" id="17" name="SuppVComp" text="seat" type="participant"/>
            <label from="5-10" id="18" name="ScrPart_hairdresser" text="someone" type="participant"/>
            <label from="5-14" id="19" name="ScrPart_customer" text="me" type="participant"/>
            <label from="6-1" id="20" name="ScrPart_customer" text="I" type="participant"/>
            <label from="6-8" id="21" name="ScrPart_time/date" text="minutes" type="participant"/>
            <label from="6-11" id="22" name="ScrPart_hairdresser" text="hairdresser" type="participant"/>
            <label from="6-14" id="23" name="ScrPart_hairdresser" text="she" type="participant"/>
            <label from="6-18" id="24" name="ScrPart_customer" text="me" type="participant"/>
            <label from="7-1" id="25" name="ScrPart_hairdresser" text="She" type="participant"/>
            <label from="7-3" id="26" name="ScrPart_customer" text="me" type="participant"/>
            <label from="7-7" id="27" name="ScrPart_chair" text="chair" type="participant"/>
            <label from="7-9" id="28" name="ScrPart_customer" text="I" type="participant"/>
            <label from="8-1" id="29" name="ScrPart_hairdresser_customer" text="We" type="participant"/>
            <label from="8-3" id="30" name="NPart" text="what" type="participant"/>
            <label from="8-4" id="31" name="ScrPart_customer" text="I" type="participant"/>
            <label from="8-9" id="32" name="ScrPart_customer" text="my" type="participant"/>
            <label from="8-10" id="33" name="ScrPart_hair" text="hair" type="participant"/>
            <label from="8-13" id="34" name="ScrPart_haircut" text="trim" type="participant"/>
            <label from="8-17" id="35" name="ScrPart_hairdresser" text="she" type="participant"/>
            <label from="8-19" id="36" name="ScrPart_customer" text="me" type="participant"/>
            <label from="8-22" id="37" name="ScrPart_location_salon" text="shampoo area" to="8-23" type="participant"/>
            <label from="8-23" id="38" name="ScrPart_location_salon" text="area" type="participant"/>
            <label from="9-1" id="39" name="ScrPart_customer" text="My" type="participant"/>
            <label from="9-2" id="40" name="ScrPart_hair" text="hair" type="participant"/>
            <label from="9-9" id="41" name="ScrPart_customer" text="I" type="participant"/>
            <label from="9-15" id="42" name="ScrPart_hairdresser" text="hairdresser" type="participant"/>
            <label from="9-17" id="43" name="ScrPart_chair" text="chair" type="participant"/>
            <label from="10-1" id="44" name="ScrPart_hairdresser" text="She" type="participant"/>
            <label from="10-3" id="45" name="ScrPart_customer" text="my" type="participant"/>
            <label from="10-4" id="46" name="ScrPart_hair" text="hair" type="participant"/>
            <label from="10-12" id="47" name="ScrPart_hair" text="ends" type="participant"/>
            <label from="10-16" id="48" name="NPart" text="sections" type="participant"/>
            <label from="10-19" id="49" name="No_label" text="time" type="participant"/>
            <label from="11-1" id="50" name="ScrPart_customer" text="I" type="participant"/>
            <label from="11-4" id="51" name="Head_of_Partitive" text="wisps" type="participant"/>
            <label from="11-6" id="52" name="ScrPart_customer" text="my" type="participant"/>
            <label from="11-7" id="53" name="ScrPart_hair" text="hair" type="participant"/>
            <label from="11-11" id="54" name="NPart" text="floor" type="participant"/>
            <label from="12-3" id="55" name="ScrPart_hairdresser" text="hairdresser" type="participant"/>
            <label from="12-8" id="56" name="ScrPart_hairdresser" text="she" type="participant"/>
            <label from="12-12" id="57" name="ScrPart_hairdryer" text="blow dryer" to="12-13" type="participant"/>
            <label from="12-16" id="58" name="ScrPart_customer" text="my" type="participant"/>
            <label from="12-17" id="59" name="ScrPart_hair" text="hair" type="participant"/>
            <label from="13-1" id="60" name="ScrPart_customer" text="I" type="participant"/>
            <label from="13-5" id="61" name="ScrPart_mirror" text="mirror" type="participant"/>
            <label from="13-7" id="62" name="ScrPart_customer" text="I" type="participant"/>
            <label from="13-12" id="63" name="ScrPart_customer" text="my" type="participant"/>
            <label from="13-13" id="64" name="ScrPart_haircut" text="haircut" type="participant"/>
            <label from="14-1" id="65" name="ScrPart_customer" text="I" type="participant"/>
            <label from="14-7" id="66" name="ScrPart_staff" text="receptionist" type="participant"/>
            <label from="14-12" id="67" name="ScrPart_haircut" text="cut" type="participant"/>
            <label from="15-1" id="68" name="ScrPart_customer" text="I" type="participant"/>
            <label from="15-5" id="69" name="ScrPart_tip" text="percent" type="participant"/>
            <label from="15-8" id="70" name="ScrPart_tip" text="tip" type="participant"/>
            <label from="15-12" id="71" name="ScrPart_hairdresser" text="hairdresser" type="participant"/>
            <label from="15-17" id="72" name="NPart" text="job" type="participant"/>
            <label from="16-1" id="73" name="ScrPart_customer" text="I" type="participant"/>
            <label from="16-4" id="74" name="ScrPart_salon" text="hair salon" to="16-5" type="participant"/>
            <label from="16-5" id="75" name="ScrPart_salon" text="salon" type="participant"/>
            <label from="16-8" id="76" name="NPart" text="home" type="participant"/>
        </participants>
        <events>
            <label from="1-3" id="77" name="UnrelEv" text="looking" type="event"/>
            <label from="1-9" id="78" name="UnrelEv" text="noticed" type="event"/>
            <label from="1-13" id="79" name="UnrelEv" text="was" type="event"/>
            <label from="1-19" id="80" name="UnrelEv" text="decided" type="event"/>
            <label from="1-21" id="81" name="Evoking" text="get a haircut" to="1-23" type="event"/>
            <label from="2-2" id="82" name="ScrEv_make_appointment" text="called" type="event"/>
            <label from="2-7" id="83" name="RelNScrEv" text="see" type="event"/>
            <label from="2-10" id="84" name="UnrelEv" text="were" type="event"/>
            <label from="3-4" id="85" name="UnrelEv" text="were" type="event"/>
            <label from="3-9" id="86" name="ScrEv_make_appointment" text="told" type="event"/>
            <label from="3-11" id="87" name="ScrEv_get_salon" text="come" type="event"/>
            <label from="4-2" id="88" name="ScrEv_get_salon" text="drove" type="event"/>
            <label from="4-7" id="89" name="ScrEv_check_in" text="checked in" to="4-8" type="event"/>
            <label from="5-3" id="90" name="UnrelEv" text="told" type="event"/>
            <label from="5-5" id="91" name="ScrEv_wait" text="take" type="event"/>
            <label from="5-12" id="92" name="RelNScrEv" text="be" type="event"/>
            <label from="6-4" id="93" name="ScrEv_wait" text="seated" type="event"/>
            <label from="6-12" id="94" name="ScrEv_get_called" text="said" type="event"/>
            <label from="6-15" id="95" name="RelNScrEv" text="was ready" to="6-16" type="event"/>
            <label from="7-2" id="96" name="ScrEv_move_in_salon" text="led" type="event"/>
            <label from="7-10" id="97" name="ScrEv_sit_down" text="sat down" to="7-11" type="event"/>
            <label from="8-2" id="98" name="ScrEv_talk_haircut" text="discussed" type="event"/>
            <label from="8-5" id="99" name="ScrEv_talk_haircut" text="wanted" type="event"/>
            <label from="8-7" id="100" name="Unclear" text="do" type="event"/>
            <label from="8-18" id="101" name="ScrEv_move_in_salon" text="took" type="event"/>
            <label from="9-4" id="102" name="ScrEv_wash" text="washed" type="event"/>
            <label from="9-6" id="103" name="ScrEv_wash" text="conditioned" type="event"/>
            <label from="9-11" id="104" name="ScrEv_move_in_salon" text="led" type="event"/>
            <label from="10-2" id="105" name="ScrEv_comb" text="combed" type="event"/>
            <label from="10-8" id="106" name="ScrEv_cut" text="cut off" to="10-9" type="event"/>
            <label from="10-11" id="107" name="RelNScrEv" text="split" type="event"/>
            <label from="11-2" id="108" name="UnrelEv" text="saw" type="event"/>
            <label from="11-8" id="109" name="RelNScrEv" text="fall" type="event"/>
            <label from="12-5" id="110" name="UnrelEv" text="finished" type="event"/>
            <label from="12-6" id="111" name="ScrEv_cut" text="cutting" type="event"/>
            <label from="12-9" id="112" name="RelNScrEv" text="took out" to="12-10" type="event"/>
            <label from="12-15" id="113" name="ScrEv_dry" text="dried" type="event"/>
            <label from="13-2" id="114" name="ScrEv_look_mirror" text="looked" type="event"/>
            <label from="13-10" id="115" name="ScrEv_customer_opinion" text="pleased" type="event"/>
            <label from="14-2" id="116" name="ScrEv_move_in_salon" text="walked back" to="14-3" type="event"/>
            <label from="14-9" id="117" name="ScrEv_pay" text="paid" type="event"/>
            <label from="15-2" id="118" name="ScrEv_leave_tip" text="added" type="event"/>
            <label from="15-10" id="119" name="RelNScrEv" text="reward" type="event"/>
            <label from="15-14" id="120" name="UnrelEv" text="doing" type="event"/>
            <label from="16-2" id="121" name="ScrEv_leave" text="left" type="event"/>
            <label from="16-7" id="122" name="UnrelEv" text="drove" type="event"/>
        </events>
        <chains>
            <chain elements="2 0 4 6 7 11 12 16 19 20 24 26 28 31 32 36 39 41 45 50 52 58 60 62 63 65 68 73"/>
            <chain elements="33 3 40 46 47 53 59"/>
            <chain elements="34 5 64 67"/>
            <chain elements="13 8 75"/>
            <chain elements="10 9 18 14 66 22 23 25 35 42 44 55 56 71"/>
            <chain elements="29 25 28" name="coref_group_I_hairdresser"/>
            <chain elements="43 27"/>
            <chain elements="70 69"/>
        </chains>
    </annotations>
</story>
