<?xml version="1.0" encoding="UTF-8" standalone="no"?>
<!DOCTYPE story SYSTEM "../InScript.dtd">
<story id="021" scenario="haircut">
    <text>
        <content>My hair had become very long and shaggy looking so I decided to go out and get a haircut . 
I decided to go to the Hair Cuttery because it is near my home and they always do a nice job . 
I walked in and told the front desk receptionist that I would like to get a shampoo , cut and blowdry . 
They took me right away . 
First the attendant shampooed my hair and escorted me to the stylist 's chair . 
The stylist asked me how I would like my hair cut , and I told her just to trim the ends and shape the bangs and sides a little bit . 
She combed through my hair , clipping up sections at a time to keep them out of the way while she cut the rest of my hair , and went to work . 
After she finished she blow dried my hair in a nice style . 
I thanked her and after I paid I left her a good tip . </content>
        <sentences>
            <sentence id="1">
                <token content="My" id="1-1">
                    <pos type="PRP$"/>
                    <lemma type="my"/>
                </token>
                <token content="hair" id="1-2">
                    <pos type="NN"/>
                    <lemma type="hair"/>
                    <dep head="1-4" type="nsubj"/>
                </token>
                <token content="had" id="1-3">
                    <pos type="VBD"/>
                    <lemma type="have"/>
                    <dep head="1-4" type="aux"/>
                </token>
                <token content="become" id="1-4">
                    <pos type="VBN"/>
                    <lemma type="become"/>
                </token>
                <token content="very" id="1-5">
                    <pos type="RB"/>
                    <lemma type="very"/>
                </token>
                <token content="long" id="1-6">
                    <pos type="RB"/>
                    <lemma type="long"/>
                    <dep head="1-4" type="advmod"/>
                </token>
                <token content="and" id="1-7"/>
                <token content="shaggy" id="1-8">
                    <pos type="VBN"/>
                    <lemma type="shaggy"/>
                    <dep head="1-4" type="conj"/>
                </token>
                <token content="looking" id="1-9">
                    <pos type="VBG"/>
                    <lemma type="look"/>
                    <dep head="1-8" type="xcomp"/>
                </token>
                <token content="so" id="1-10">
                    <pos type="IN"/>
                    <lemma type="so"/>
                    <dep head="1-12" type="mark"/>
                </token>
                <token content="I" id="1-11">
                    <pos type="PRP"/>
                    <lemma type="I"/>
                    <dep head="1-12" type="nsubj"/>
                </token>
                <token content="decided" id="1-12">
                    <pos type="VBD"/>
                    <lemma type="decide"/>
                    <dep head="1-9" type="advcl"/>
                </token>
                <token content="to" id="1-13">
                    <pos type="TO"/>
                    <lemma type="to"/>
                    <dep head="1-14" type="aux"/>
                </token>
                <token content="go" id="1-14">
                    <pos type="VB"/>
                    <lemma type="go"/>
                    <dep head="1-12" type="xcomp"/>
                </token>
                <token content="out" id="1-15">
                    <pos type="RP"/>
                    <lemma type="out"/>
                    <dep head="1-14" type="prt"/>
                </token>
                <token content="and" id="1-16"/>
                <token content="get" id="1-17">
                    <pos type="VB"/>
                    <lemma type="get"/>
                    <dep head="1-14" type="conj"/>
                </token>
                <token content="a" id="1-18">
                    <pos type="DT"/>
                    <lemma type="a"/>
                </token>
                <token content="haircut" id="1-19">
                    <pos type="NN"/>
                    <lemma type="haircut"/>
                    <dep head="1-17" type="dobj"/>
                </token>
                <token content="." id="1-20"/>
            </sentence>
            <sentence id="2">
                <token content="I" id="2-1">
                    <pos type="PRP"/>
                    <lemma type="I"/>
                    <dep head="2-2" type="nsubj"/>
                </token>
                <token content="decided" id="2-2">
                    <pos type="VBD"/>
                    <lemma type="decide"/>
                </token>
                <token content="to" id="2-3">
                    <pos type="TO"/>
                    <lemma type="to"/>
                    <dep head="2-4" type="aux"/>
                </token>
                <token content="go" id="2-4">
                    <pos type="VB"/>
                    <lemma type="go"/>
                    <dep head="2-2" type="xcomp"/>
                </token>
                <token content="to" id="2-5"/>
                <token content="the" id="2-6">
                    <pos type="DT"/>
                    <lemma type="the"/>
                </token>
                <token content="Hair" id="2-7">
                    <pos type="NNP"/>
                    <lemma type="Hair"/>
                </token>
                <token content="Cuttery" id="2-8">
                    <pos type="NNP"/>
                    <lemma type="Cuttery"/>
                    <dep head="2-4" type="prep"/>
                </token>
                <token content="because" id="2-9">
                    <pos type="IN"/>
                    <lemma type="because"/>
                    <dep head="2-11" type="mark"/>
                </token>
                <token content="it" id="2-10">
                    <pos type="PRP"/>
                    <lemma type="it"/>
                    <dep head="2-11" type="nsubj"/>
                </token>
                <token content="is" id="2-11">
                    <pos type="VBZ"/>
                    <lemma type="be"/>
                    <dep head="2-4" type="advcl"/>
                </token>
                <token content="near" id="2-12"/>
                <token content="my" id="2-13">
                    <pos type="PRP$"/>
                    <lemma type="my"/>
                </token>
                <token content="home" id="2-14">
                    <pos type="NN"/>
                    <lemma type="home"/>
                    <dep head="2-11" type="prep"/>
                </token>
                <token content="and" id="2-15"/>
                <token content="they" id="2-16">
                    <pos type="PRP"/>
                    <lemma type="they"/>
                    <dep head="2-18" type="nsubj"/>
                </token>
                <token content="always" id="2-17">
                    <pos type="RB"/>
                    <lemma type="always"/>
                    <dep head="2-18" type="advmod"/>
                </token>
                <token content="do" id="2-18">
                    <pos type="VBP"/>
                    <lemma type="do"/>
                    <dep head="2-2" type="conj"/>
                </token>
                <token content="a" id="2-19">
                    <pos type="DT"/>
                    <lemma type="a"/>
                </token>
                <token content="nice" id="2-20">
                    <pos type="JJ"/>
                    <lemma type="nice"/>
                </token>
                <token content="job" id="2-21">
                    <pos type="NN"/>
                    <lemma type="job"/>
                    <dep head="2-18" type="dobj"/>
                </token>
                <token content="." id="2-22"/>
            </sentence>
            <sentence id="3">
                <token content="I" id="3-1">
                    <pos type="PRP"/>
                    <lemma type="I"/>
                    <dep head="3-2" type="nsubj"/>
                </token>
                <token content="walked" id="3-2">
                    <pos type="VBD"/>
                    <lemma type="walk"/>
                </token>
                <token content="in" id="3-3">
                    <pos type="RP"/>
                    <lemma type="in"/>
                    <dep head="3-2" type="prt"/>
                </token>
                <token content="and" id="3-4"/>
                <token content="told" id="3-5">
                    <pos type="VBD"/>
                    <lemma type="tell"/>
                    <dep head="3-2" type="conj"/>
                </token>
                <token content="the" id="3-6">
                    <pos type="DT"/>
                    <lemma type="the"/>
                </token>
                <token content="front" id="3-7">
                    <pos type="JJ"/>
                    <lemma type="front"/>
                </token>
                <token content="desk" id="3-8">
                    <pos type="NN"/>
                    <lemma type="desk"/>
                </token>
                <token content="receptionist" id="3-9">
                    <pos type="NN"/>
                    <lemma type="receptionist"/>
                    <dep head="3-5" type="dobj"/>
                </token>
                <token content="that" id="3-10">
                    <pos type="IN"/>
                    <lemma type="that"/>
                    <dep head="3-13" type="mark"/>
                </token>
                <token content="I" id="3-11">
                    <pos type="PRP"/>
                    <lemma type="I"/>
                    <dep head="3-13" type="nsubj"/>
                </token>
                <token content="would" id="3-12">
                    <pos type="MD"/>
                    <lemma type="would"/>
                    <dep head="3-13" type="aux"/>
                </token>
                <token content="like" id="3-13">
                    <pos type="VB"/>
                    <lemma type="like"/>
                    <dep head="3-5" type="ccomp"/>
                </token>
                <token content="to" id="3-14">
                    <pos type="TO"/>
                    <lemma type="to"/>
                    <dep head="3-15" type="aux"/>
                </token>
                <token content="get" id="3-15">
                    <pos type="VB"/>
                    <lemma type="get"/>
                    <dep head="3-13" type="xcomp"/>
                </token>
                <token content="a" id="3-16">
                    <pos type="DT"/>
                    <lemma type="a"/>
                </token>
                <token content="shampoo" id="3-17">
                    <pos type="NN"/>
                    <lemma type="shampoo"/>
                    <dep head="3-15" type="dobj"/>
                </token>
                <token content="," id="3-18"/>
                <token content="cut" id="3-19">
                    <pos type="NN"/>
                    <lemma type="cut"/>
                </token>
                <token content="and" id="3-20"/>
                <token content="blowdry" id="3-21">
                    <pos type="NN"/>
                    <lemma type="blowdry"/>
                </token>
                <token content="." id="3-22"/>
            </sentence>
            <sentence id="4">
                <token content="They" id="4-1">
                    <pos type="PRP"/>
                    <lemma type="they"/>
                    <dep head="4-2" type="nsubj"/>
                </token>
                <token content="took" id="4-2">
                    <pos type="VBD"/>
                    <lemma type="take"/>
                </token>
                <token content="me" id="4-3">
                    <pos type="PRP"/>
                    <lemma type="I"/>
                    <dep head="4-2" type="dobj"/>
                </token>
                <token content="right" id="4-4">
                    <pos type="RB"/>
                    <lemma type="right"/>
                </token>
                <token content="away" id="4-5">
                    <pos type="RB"/>
                    <lemma type="away"/>
                    <dep head="4-2" type="advmod"/>
                </token>
                <token content="." id="4-6"/>
            </sentence>
            <sentence id="5">
                <token content="First" id="5-1">
                    <pos type="RB"/>
                    <lemma type="first"/>
                    <dep head="5-4" type="advmod"/>
                </token>
                <token content="the" id="5-2">
                    <pos type="DT"/>
                    <lemma type="the"/>
                </token>
                <token content="attendant" id="5-3">
                    <pos type="NN"/>
                    <lemma type="attendant"/>
                    <dep head="5-4" type="nsubj"/>
                </token>
                <token content="shampooed" id="5-4">
                    <pos type="VBD"/>
                    <lemma type="shampoo"/>
                </token>
                <token content="my" id="5-5">
                    <pos type="PRP$"/>
                    <lemma type="my"/>
                </token>
                <token content="hair" id="5-6">
                    <pos type="NN"/>
                    <lemma type="hair"/>
                    <dep head="5-4" type="dobj"/>
                </token>
                <token content="and" id="5-7"/>
                <token content="escorted" id="5-8">
                    <pos type="VBD"/>
                    <lemma type="escort"/>
                    <dep head="5-4" type="conj"/>
                </token>
                <token content="me" id="5-9">
                    <pos type="PRP"/>
                    <lemma type="I"/>
                    <dep head="5-8" type="dobj"/>
                </token>
                <token content="to" id="5-10"/>
                <token content="the" id="5-11">
                    <pos type="DT"/>
                    <lemma type="the"/>
                </token>
                <token content="stylist" id="5-12">
                    <pos type="NN"/>
                    <lemma type="stylist"/>
                </token>
                <token content="'s" id="5-13"/>
                <token content="chair" id="5-14">
                    <pos type="NN"/>
                    <lemma type="chair"/>
                    <dep head="5-8" type="prep"/>
                </token>
                <token content="." id="5-15"/>
            </sentence>
            <sentence id="6">
                <token content="The" id="6-1">
                    <pos type="DT"/>
                    <lemma type="the"/>
                </token>
                <token content="stylist" id="6-2">
                    <pos type="NN"/>
                    <lemma type="stylist"/>
                    <dep head="6-3" type="nsubj"/>
                </token>
                <token content="asked" id="6-3">
                    <pos type="VBD"/>
                    <lemma type="ask"/>
                </token>
                <token content="me" id="6-4">
                    <pos type="PRP"/>
                    <lemma type="I"/>
                    <dep head="6-3" type="dobj"/>
                </token>
                <token content="how" id="6-5">
                    <pos type="WRB"/>
                    <lemma type="how"/>
                    <dep head="6-8" type="advmod"/>
                </token>
                <token content="I" id="6-6">
                    <pos type="PRP"/>
                    <lemma type="I"/>
                    <dep head="6-8" type="nsubj"/>
                </token>
                <token content="would" id="6-7">
                    <pos type="MD"/>
                    <lemma type="would"/>
                    <dep head="6-8" type="aux"/>
                </token>
                <token content="like" id="6-8">
                    <pos type="VB"/>
                    <lemma type="like"/>
                    <dep head="6-3" type="dep"/>
                </token>
                <token content="my" id="6-9">
                    <pos type="PRP$"/>
                    <lemma type="my"/>
                </token>
                <token content="hair" id="6-10">
                    <pos type="NN"/>
                    <lemma type="hair"/>
                </token>
                <token content="cut" id="6-11">
                    <pos type="NN"/>
                    <lemma type="cut"/>
                    <dep head="6-8" type="dobj"/>
                </token>
                <token content="," id="6-12"/>
                <token content="and" id="6-13"/>
                <token content="I" id="6-14">
                    <pos type="PRP"/>
                    <lemma type="I"/>
                    <dep head="6-15" type="nsubj"/>
                </token>
                <token content="told" id="6-15">
                    <pos type="VBD"/>
                    <lemma type="tell"/>
                    <dep head="6-3" type="conj"/>
                </token>
                <token content="her" id="6-16">
                    <pos type="PRP"/>
                    <lemma type="she"/>
                    <dep head="6-15" type="dobj"/>
                </token>
                <token content="just" id="6-17">
                    <pos type="RB"/>
                    <lemma type="just"/>
                    <dep head="6-19" type="advmod"/>
                </token>
                <token content="to" id="6-18">
                    <pos type="TO"/>
                    <lemma type="to"/>
                    <dep head="6-19" type="aux"/>
                </token>
                <token content="trim" id="6-19">
                    <pos type="VB"/>
                    <lemma type="trim"/>
                    <dep head="6-15" type="xcomp"/>
                </token>
                <token content="the" id="6-20">
                    <pos type="DT"/>
                    <lemma type="the"/>
                </token>
                <token content="ends" id="6-21">
                    <pos type="NNS"/>
                    <lemma type="end"/>
                    <dep head="6-19" type="dobj"/>
                </token>
                <token content="and" id="6-22"/>
                <token content="shape" id="6-23">
                    <pos type="VB"/>
                    <lemma type="shape"/>
                    <dep head="6-19" type="conj"/>
                </token>
                <token content="the" id="6-24">
                    <pos type="DT"/>
                    <lemma type="the"/>
                </token>
                <token content="bangs" id="6-25">
                    <pos type="NN"/>
                    <lemma type="bang"/>
                    <dep head="6-23" type="dobj"/>
                </token>
                <token content="and" id="6-26"/>
                <token content="sides" id="6-27">
                    <pos type="NNS"/>
                    <lemma type="side"/>
                </token>
                <token content="a" id="6-28">
                    <pos type="DT"/>
                    <lemma type="a"/>
                </token>
                <token content="little" id="6-29">
                    <pos type="JJ"/>
                    <lemma type="little"/>
                </token>
                <token content="bit" id="6-30">
                    <pos type="NN"/>
                    <lemma type="bit"/>
                </token>
                <token content="." id="6-31"/>
            </sentence>
            <sentence id="7">
                <token content="She" id="7-1">
                    <pos type="PRP"/>
                    <lemma type="she"/>
                    <dep head="7-2" type="nsubj"/>
                </token>
                <token content="combed" id="7-2">
                    <pos type="VBN"/>
                    <lemma type="comb"/>
                </token>
                <token content="through" id="7-3"/>
                <token content="my" id="7-4">
                    <pos type="PRP$"/>
                    <lemma type="my"/>
                </token>
                <token content="hair" id="7-5">
                    <pos type="NN"/>
                    <lemma type="hair"/>
                    <dep head="7-2" type="prep"/>
                </token>
                <token content="," id="7-6"/>
                <token content="clipping" id="7-7">
                    <pos type="VBG"/>
                    <lemma type="clip"/>
                </token>
                <token content="up" id="7-8">
                    <pos type="RP"/>
                    <lemma type="up"/>
                    <dep head="7-7" type="prt"/>
                </token>
                <token content="sections" id="7-9">
                    <pos type="NNS"/>
                    <lemma type="section"/>
                    <dep head="7-7" type="dobj"/>
                </token>
                <token content="at" id="7-10"/>
                <token content="a" id="7-11">
                    <pos type="DT"/>
                    <lemma type="a"/>
                </token>
                <token content="time" id="7-12">
                    <pos type="NN"/>
                    <lemma type="time"/>
                    <dep head="7-7" type="prep"/>
                </token>
                <token content="to" id="7-13">
                    <pos type="TO"/>
                    <lemma type="to"/>
                    <dep head="7-14" type="aux"/>
                </token>
                <token content="keep" id="7-14">
                    <pos type="VB"/>
                    <lemma type="keep"/>
                </token>
                <token content="them" id="7-15">
                    <pos type="PRP"/>
                    <lemma type="they"/>
                    <dep head="7-14" type="dobj"/>
                </token>
                <token content="out" id="7-16"/>
                <token content="of" id="7-17"/>
                <token content="the" id="7-18">
                    <pos type="DT"/>
                    <lemma type="the"/>
                </token>
                <token content="way" id="7-19">
                    <pos type="NN"/>
                    <lemma type="way"/>
                    <dep head="7-14" type="prep"/>
                </token>
                <token content="while" id="7-20">
                    <pos type="IN"/>
                    <lemma type="while"/>
                    <dep head="7-22" type="mark"/>
                </token>
                <token content="she" id="7-21">
                    <pos type="PRP"/>
                    <lemma type="she"/>
                    <dep head="7-22" type="nsubj"/>
                </token>
                <token content="cut" id="7-22">
                    <pos type="VBD"/>
                    <lemma type="cut"/>
                    <dep head="7-14" type="advcl"/>
                </token>
                <token content="the" id="7-23">
                    <pos type="DT"/>
                    <lemma type="the"/>
                </token>
                <token content="rest" id="7-24">
                    <pos type="NN"/>
                    <lemma type="rest"/>
                    <dep head="7-22" type="dobj"/>
                </token>
                <token content="of" id="7-25"/>
                <token content="my" id="7-26">
                    <pos type="PRP$"/>
                    <lemma type="my"/>
                </token>
                <token content="hair" id="7-27">
                    <pos type="NN"/>
                    <lemma type="hair"/>
                </token>
                <token content="," id="7-28"/>
                <token content="and" id="7-29"/>
                <token content="went" id="7-30">
                    <pos type="VBD"/>
                    <lemma type="go"/>
                    <dep head="7-22" type="conj"/>
                </token>
                <token content="to" id="7-31">
                    <pos type="TO"/>
                    <lemma type="to"/>
                    <dep head="7-32" type="aux"/>
                </token>
                <token content="work" id="7-32">
                    <pos type="VB"/>
                    <lemma type="work"/>
                    <dep head="7-30" type="xcomp"/>
                </token>
                <token content="." id="7-33"/>
            </sentence>
            <sentence id="8">
                <token content="After" id="8-1">
                    <pos type="IN"/>
                    <lemma type="after"/>
                    <dep head="8-3" type="mark"/>
                </token>
                <token content="she" id="8-2">
                    <pos type="PRP"/>
                    <lemma type="she"/>
                    <dep head="8-3" type="nsubj"/>
                </token>
                <token content="finished" id="8-3">
                    <pos type="VBD"/>
                    <lemma type="finish"/>
                    <dep head="8-6" type="advcl"/>
                </token>
                <token content="she" id="8-4">
                    <pos type="PRP"/>
                    <lemma type="she"/>
                    <dep head="8-3" type="dobj"/>
                </token>
                <token content="blow" id="8-5">
                    <pos type="NN"/>
                    <lemma type="blow"/>
                    <dep head="8-6" type="nsubj"/>
                </token>
                <token content="dried" id="8-6">
                    <pos type="VBD"/>
                    <lemma type="dry"/>
                </token>
                <token content="my" id="8-7">
                    <pos type="PRP$"/>
                    <lemma type="my"/>
                </token>
                <token content="hair" id="8-8">
                    <pos type="NN"/>
                    <lemma type="hair"/>
                    <dep head="8-6" type="dobj"/>
                </token>
                <token content="in" id="8-9"/>
                <token content="a" id="8-10">
                    <pos type="DT"/>
                    <lemma type="a"/>
                </token>
                <token content="nice" id="8-11">
                    <pos type="JJ"/>
                    <lemma type="nice"/>
                </token>
                <token content="style" id="8-12">
                    <pos type="NN"/>
                    <lemma type="style"/>
                    <dep head="8-6" type="prep"/>
                </token>
                <token content="." id="8-13"/>
            </sentence>
            <sentence id="9">
                <token content="I" id="9-1">
                    <pos type="PRP"/>
                    <lemma type="I"/>
                    <dep head="9-2" type="nsubj"/>
                </token>
                <token content="thanked" id="9-2">
                    <pos type="VBD"/>
                    <lemma type="thank"/>
                </token>
                <token content="her" id="9-3">
                    <pos type="PRP"/>
                    <lemma type="she"/>
                    <dep head="9-2" type="dobj"/>
                </token>
                <token content="and" id="9-4"/>
                <token content="after" id="9-5">
                    <pos type="IN"/>
                    <lemma type="after"/>
                    <dep head="9-7" type="mark"/>
                </token>
                <token content="I" id="9-6">
                    <pos type="PRP"/>
                    <lemma type="I"/>
                    <dep head="9-7" type="nsubj"/>
                </token>
                <token content="paid" id="9-7">
                    <pos type="VBD"/>
                    <lemma type="pay"/>
                    <dep head="9-2" type="conj"/>
                </token>
                <token content="I" id="9-8">
                    <pos type="PRP"/>
                    <lemma type="I"/>
                    <dep head="9-9" type="nsubj"/>
                </token>
                <token content="left" id="9-9">
                    <pos type="VBD"/>
                    <lemma type="leave"/>
                    <dep head="9-7" type="ccomp"/>
                </token>
                <token content="her" id="9-10">
                    <pos type="PRP"/>
                    <lemma type="she"/>
                </token>
                <token content="a" id="9-11">
                    <pos type="DT"/>
                    <lemma type="a"/>
                </token>
                <token content="good" id="9-12">
                    <pos type="JJ"/>
                    <lemma type="good"/>
                </token>
                <token content="tip" id="9-13">
                    <pos type="NN"/>
                    <lemma type="tip"/>
                    <dep head="9-9" type="xcomp"/>
                </token>
                <token content="." id="9-14"/>
            </sentence>
        </sentences>
    </text>
    <annotations>
        <participants>
            <label from="1-1" id="0" name="ScrPart_customer" text="My" type="participant"/>
            <label from="1-2" id="1" name="ScrPart_hair" text="hair" type="participant"/>
            <label from="1-11" id="2" name="ScrPart_customer" text="I" type="participant"/>
            <label from="1-19" id="3" name="ScrPart_haircut" text="haircut" type="participant"/>
            <label from="2-1" id="4" name="ScrPart_customer" text="I" type="participant"/>
            <label from="2-7" id="5" name="ScrPart_salon" text="Hair Cuttery" to="2-8" type="participant"/>
            <label from="2-10" id="6" name="ScrPart_salon" text="it" type="participant"/>
            <label from="2-13" id="7" name="ScrPart_customer" text="my" type="participant"/>
            <label from="2-14" id="8" name="NPart" text="home" type="participant"/>
            <label from="2-16" id="9" name="ScrPart_hairdresser" text="they" type="participant"/>
            <label from="2-21" id="10" name="No_label" text="job" type="participant"/>
            <label from="3-1" id="11" name="ScrPart_customer" text="I" type="participant"/>
            <label from="3-7" id="12" name="ScrPart_staff" text="front desk receptionist" to="3-9" type="participant"/>
            <label from="3-9" id="13" name="ScrPart_staff" text="receptionist" type="participant"/>
            <label from="3-11" id="14" name="ScrPart_customer" text="I" type="participant"/>
            <label from="4-1" id="15" name="ScrPart_hairdresser" text="They" type="participant"/>
            <label from="4-3" id="16" name="ScrPart_customer" text="me" type="participant"/>
            <label from="5-3" id="17" name="ScrPart_hairdresser" text="attendant" type="participant"/>
            <label from="5-5" id="18" name="ScrPart_customer" text="my" type="participant"/>
            <label from="5-6" id="19" name="ScrPart_hair" text="hair" type="participant"/>
            <label from="5-9" id="20" name="ScrPart_customer" text="me" type="participant"/>
            <label from="5-12" id="21" name="ScrPart_hairdresser" text="stylist" type="participant"/>
            <label from="5-14" id="22" name="ScrPart_chair" text="chair" type="participant"/>
            <label from="6-2" id="23" name="ScrPart_hairdresser" text="stylist" type="participant"/>
            <label from="6-4" id="24" name="ScrPart_customer" text="me" type="participant"/>
            <label from="6-6" id="25" name="ScrPart_customer" text="I" type="participant"/>
            <label from="6-9" id="26" name="ScrPart_customer" text="my" type="participant"/>
            <label from="6-10" id="27" name="ScrPart_hair" text="hair" type="participant"/>
            <label from="6-14" id="28" name="ScrPart_customer" text="I" type="participant"/>
            <label from="6-16" id="29" name="ScrPart_hairdresser" text="her" type="participant"/>
            <label from="6-21" id="30" name="NPart" text="ends" type="participant"/>
            <label from="6-25" id="31" name="ScrPart_hair" text="bangs" type="participant"/>
            <label from="6-27" id="32" name="ScrPart_hair" text="sides" type="participant"/>
            <label from="6-30" id="33" name="No_label" text="bit" type="participant"/>
            <label from="7-1" id="34" name="ScrPart_hairdresser" text="She" type="participant"/>
            <label from="7-4" id="35" name="ScrPart_customer" text="my" type="participant"/>
            <label from="7-5" id="36" name="ScrPart_hair" text="hair" type="participant"/>
            <label from="7-9" id="37" name="NPart" text="sections" type="participant"/>
            <label from="7-12" id="38" name="No_label" text="time" type="participant"/>
            <label from="7-15" id="39" name="NPart" text="them" type="participant"/>
            <label from="7-19" id="40" name="No_label" text="way" type="participant"/>
            <label from="7-21" id="41" name="ScrPart_hairdresser" text="she" type="participant"/>
            <label from="7-24" id="42" name="NPart" text="rest" type="participant"/>
            <label from="7-26" id="43" name="ScrPart_customer" text="my" type="participant"/>
            <label from="7-27" id="44" name="ScrPart_hair" text="hair" type="participant"/>
            <label from="8-2" id="45" name="ScrPart_hairdresser" text="she" type="participant"/>
            <label from="8-4" id="46" name="ScrPart_hairdresser" text="she" type="participant"/>
            <label from="8-7" id="47" name="ScrPart_customer" text="my" type="participant"/>
            <label from="8-8" id="48" name="ScrPart_hair" text="hair" type="participant"/>
            <label from="8-12" id="49" name="ScrPart_haircut" text="style" type="participant"/>
            <label from="9-1" id="50" name="ScrPart_customer" text="I" type="participant"/>
            <label from="9-3" id="51" name="ScrPart_hairdresser" text="her" type="participant"/>
            <label from="9-6" id="52" name="ScrPart_customer" text="I" type="participant"/>
            <label from="9-8" id="53" name="ScrPart_customer" text="I" type="participant"/>
            <label from="9-10" id="54" name="ScrPart_hairdresser" text="her" type="participant"/>
            <label from="9-13" id="55" name="ScrPart_tip" text="tip" type="participant"/>
        </participants>
        <events>
            <label from="1-4" id="56" name="UnrelEv" text="become" type="event"/>
            <label from="1-9" id="57" name="UnrelEv" text="looking" type="event"/>
            <label from="1-14" id="58" name="UnrelEv" text="go out" to="1-15" type="event"/>
            <label from="1-17" id="59" name="Evoking" text="get a haircut" to="1-19" type="event"/>
            <label from="2-2" id="60" name="UnrelEv" text="decided" type="event"/>
            <label from="2-4" id="61" name="ScrEv_get_salon" text="go" type="event"/>
            <label from="2-11" id="62" name="UnrelEv" text="is" type="event"/>
            <label from="2-18" id="63" name="UnrelEv" text="do" type="event"/>
            <label from="3-2" id="64" name="ScrEv_enter" text="walked in" to="3-3" type="event"/>
            <label from="3-5" id="65" name="ScrEv_check_in" text="told" type="event"/>
            <label from="3-15" id="66" name="UnrelEv" text="get" type="event"/>
            <label from="3-17" id="67" name="ScrEv_wash" text="shampoo" type="event"/>
            <label from="3-19" id="68" name="ScrEv_cut" text="cut" type="event"/>
            <label from="3-21" id="69" name="ScrEv_dry" text="blowdry" type="event"/>
            <label from="4-2" id="70" name="UnrelEv" text="took" type="event"/>
            <label from="5-4" id="71" name="ScrEv_wash" text="shampooed" type="event"/>
            <label from="5-8" id="72" name="UnrelEv" text="escorted" type="event"/>
            <label from="6-3" id="73" name="ScrEv_talk_haircut" text="asked" type="event"/>
            <label from="6-8" id="74" name="UnrelEv" text="like" type="event"/>
            <label from="6-11" id="75" name="Evoking" text="cut" type="event"/>
            <label from="6-15" id="76" name="ScrEv_talk_haircut" text="told" type="event"/>
            <label from="6-19" id="77" name="ScrEv_cut" text="trim" type="event"/>
            <label from="6-23" id="78" name="ScrEv_make_hair_style" text="shape" type="event"/>
            <label from="7-2" id="79" name="ScrEv_comb" text="combed" type="event"/>
            <label from="7-7" id="80" name="RelNScrEv" text="clipping up" to="7-8" type="event"/>
            <label from="7-14" id="81" name="UnrelEv" text="keep" type="event"/>
            <label from="7-22" id="82" name="ScrEv_cut" text="cut" type="event"/>
            <label from="7-30" id="83" name="UnrelEv" text="went" type="event"/>
            <label from="8-3" id="84" name="UnrelEv" text="finished" type="event"/>
            <label from="8-5" id="85" name="ScrEv_dry" text="blow dried" to="8-6" type="event"/>
            <label from="9-2" id="86" name="RelNScrEv" text="thanked" type="event"/>
            <label from="9-7" id="87" name="ScrEv_pay" text="paid" type="event"/>
            <label from="9-9" id="88" name="ScrEv_leave_tip" text="left" type="event"/>
        </events>
        <chains>
            <chain elements="0 2 4 7 11 14 16 18 20 24 25 26 28 35 43 47 50 52 53"/>
            <chain elements="5 6"/>
            <chain elements="9 15"/>
            <chain elements="15 17 21" name="group_hairdressers"/>
            <chain elements="1 19 27 36 44 48"/>
            <chain elements="21 23 29 34 41 45 46 51 54"/>
            <chain elements="27 31 32" name="group_hair"/>
            <chain elements="37 39"/>
            <chain elements="3 49"/>
        </chains>
    </annotations>
</story>
