<?xml version="1.0" encoding="UTF-8" standalone="no"?>
<!DOCTYPE story SYSTEM "../InScript.dtd">
<story id="046" scenario="haircut">
    <text>
        <content>I recently got a haircut . 
I was n't happy with my previous haircut , so I wanted to try someplace new . 
I searched online for barbers and salons that were highly rated in the area . 
I finally decided on one that was fairly close by , highly reviewed , and had fair prices . 
I called the salon and made an appointment for the next day . 
Upon arriving , I was greeted by a very nice hair stylist . 
She had me sit in the chair and asked me how I wanted my hair cut . 
I told her exactly what I wanted and she understood completely . 
She went to work immediately , we made small talk . 
She was very friendly . 
After she cut my hair , she washed it . 
After drying my hair , she added a little wax to style the hair . 
I was very happy with the haircut . 
I then paid and gave her a tip for her service . </content>
        <sentences>
            <sentence id="1">
                <token content="I" id="1-1">
                    <pos type="PRP"/>
                    <lemma type="I"/>
                    <dep head="1-3" type="nsubj"/>
                </token>
                <token content="recently" id="1-2">
                    <pos type="RB"/>
                    <lemma type="recently"/>
                    <dep head="1-3" type="advmod"/>
                </token>
                <token content="got" id="1-3">
                    <pos type="VBD"/>
                    <lemma type="get"/>
                </token>
                <token content="a" id="1-4">
                    <pos type="DT"/>
                    <lemma type="a"/>
                </token>
                <token content="haircut" id="1-5">
                    <pos type="NN"/>
                    <lemma type="haircut"/>
                    <dep head="1-3" type="dobj"/>
                </token>
                <token content="." id="1-6"/>
            </sentence>
            <sentence id="2">
                <token content="I" id="2-1">
                    <pos type="PRP"/>
                    <lemma type="I"/>
                </token>
                <token content="was" id="2-2">
                    <pos type="VBD"/>
                    <lemma type="be"/>
                </token>
                <token content="n't" id="2-3">
                    <pos type="RB"/>
                    <lemma type="not"/>
                </token>
                <token content="happy" id="2-4">
                    <pos type="JJ"/>
                    <lemma type="happy"/>
                </token>
                <token content="with" id="2-5"/>
                <token content="my" id="2-6">
                    <pos type="PRP$"/>
                    <lemma type="my"/>
                </token>
                <token content="previous" id="2-7">
                    <pos type="JJ"/>
                    <lemma type="previous"/>
                </token>
                <token content="haircut" id="2-8">
                    <pos type="NN"/>
                    <lemma type="haircut"/>
                </token>
                <token content="," id="2-9"/>
                <token content="so" id="2-10">
                    <pos type="IN"/>
                    <lemma type="so"/>
                </token>
                <token content="I" id="2-11">
                    <pos type="PRP"/>
                    <lemma type="I"/>
                    <dep head="2-12" type="nsubj"/>
                </token>
                <token content="wanted" id="2-12">
                    <pos type="VBD"/>
                    <lemma type="want"/>
                </token>
                <token content="to" id="2-13">
                    <pos type="TO"/>
                    <lemma type="to"/>
                    <dep head="2-14" type="aux"/>
                </token>
                <token content="try" id="2-14">
                    <pos type="VB"/>
                    <lemma type="try"/>
                    <dep head="2-12" type="xcomp"/>
                </token>
                <token content="someplace" id="2-15">
                    <pos type="NN"/>
                    <lemma type="someplace"/>
                    <dep head="2-14" type="dobj"/>
                </token>
                <token content="new" id="2-16">
                    <pos type="JJ"/>
                    <lemma type="new"/>
                </token>
                <token content="." id="2-17"/>
            </sentence>
            <sentence id="3">
                <token content="I" id="3-1">
                    <pos type="PRP"/>
                    <lemma type="I"/>
                    <dep head="3-2" type="nsubj"/>
                </token>
                <token content="searched" id="3-2">
                    <pos type="VBD"/>
                    <lemma type="search"/>
                </token>
                <token content="online" id="3-3">
                    <pos type="NN"/>
                    <lemma type="online"/>
                    <dep head="3-2" type="dep"/>
                </token>
                <token content="for" id="3-4"/>
                <token content="barbers" id="3-5">
                    <pos type="NNS"/>
                    <lemma type="barber"/>
                    <dep head="3-2" type="prep"/>
                </token>
                <token content="and" id="3-6"/>
                <token content="salons" id="3-7">
                    <pos type="NNS"/>
                    <lemma type="salon"/>
                </token>
                <token content="that" id="3-8">
                    <pos type="WDT"/>
                    <lemma type="that"/>
                    <dep head="3-11" type="nsubjpass"/>
                </token>
                <token content="were" id="3-9">
                    <pos type="VBD"/>
                    <lemma type="be"/>
                    <dep head="3-11" type="auxpass"/>
                </token>
                <token content="highly" id="3-10">
                    <pos type="RB"/>
                    <lemma type="highly"/>
                    <dep head="3-11" type="advmod"/>
                </token>
                <token content="rated" id="3-11">
                    <pos type="VBN"/>
                    <lemma type="rate"/>
                </token>
                <token content="in" id="3-12"/>
                <token content="the" id="3-13">
                    <pos type="DT"/>
                    <lemma type="the"/>
                </token>
                <token content="area" id="3-14">
                    <pos type="NN"/>
                    <lemma type="area"/>
                    <dep head="3-11" type="prep"/>
                </token>
                <token content="." id="3-15"/>
            </sentence>
            <sentence id="4">
                <token content="I" id="4-1">
                    <pos type="PRP"/>
                    <lemma type="I"/>
                    <dep head="4-3" type="nsubj"/>
                </token>
                <token content="finally" id="4-2">
                    <pos type="RB"/>
                    <lemma type="finally"/>
                    <dep head="4-3" type="advmod"/>
                </token>
                <token content="decided" id="4-3">
                    <pos type="VBD"/>
                    <lemma type="decide"/>
                </token>
                <token content="on" id="4-4"/>
                <token content="one" id="4-5">
                    <pos type="CD"/>
                    <lemma type="one"/>
                    <dep head="4-3" type="prep"/>
                </token>
                <token content="that" id="4-6">
                    <pos type="WDT"/>
                    <lemma type="that"/>
                </token>
                <token content="was" id="4-7">
                    <pos type="VBD"/>
                    <lemma type="be"/>
                </token>
                <token content="fairly" id="4-8">
                    <pos type="RB"/>
                    <lemma type="fairly"/>
                </token>
                <token content="close" id="4-9">
                    <pos type="JJ"/>
                    <lemma type="close"/>
                </token>
                <token content="by" id="4-10">
                    <pos type="IN"/>
                    <lemma type="by"/>
                </token>
                <token content="," id="4-11"/>
                <token content="highly" id="4-12">
                    <pos type="RB"/>
                    <lemma type="highly"/>
                    <dep head="4-13" type="advmod"/>
                </token>
                <token content="reviewed" id="4-13">
                    <pos type="VBN"/>
                    <lemma type="review"/>
                </token>
                <token content="," id="4-14"/>
                <token content="and" id="4-15"/>
                <token content="had" id="4-16">
                    <pos type="VBD"/>
                    <lemma type="have"/>
                </token>
                <token content="fair" id="4-17">
                    <pos type="JJ"/>
                    <lemma type="fair"/>
                </token>
                <token content="prices" id="4-18">
                    <pos type="NNS"/>
                    <lemma type="price"/>
                    <dep head="4-16" type="dobj"/>
                </token>
                <token content="." id="4-19"/>
            </sentence>
            <sentence id="5">
                <token content="I" id="5-1">
                    <pos type="PRP"/>
                    <lemma type="I"/>
                    <dep head="5-2" type="nsubj"/>
                </token>
                <token content="called" id="5-2">
                    <pos type="VBD"/>
                    <lemma type="call"/>
                </token>
                <token content="the" id="5-3">
                    <pos type="DT"/>
                    <lemma type="the"/>
                </token>
                <token content="salon" id="5-4">
                    <pos type="NN"/>
                    <lemma type="salon"/>
                    <dep head="5-2" type="dobj"/>
                </token>
                <token content="and" id="5-5"/>
                <token content="made" id="5-6">
                    <pos type="VBD"/>
                    <lemma type="make"/>
                    <dep head="5-2" type="conj"/>
                </token>
                <token content="an" id="5-7">
                    <pos type="DT"/>
                    <lemma type="a"/>
                </token>
                <token content="appointment" id="5-8">
                    <pos type="NN"/>
                    <lemma type="appointment"/>
                    <dep head="5-6" type="dobj"/>
                </token>
                <token content="for" id="5-9"/>
                <token content="the" id="5-10">
                    <pos type="DT"/>
                    <lemma type="the"/>
                </token>
                <token content="next" id="5-11">
                    <pos type="JJ"/>
                    <lemma type="next"/>
                </token>
                <token content="day" id="5-12">
                    <pos type="NN"/>
                    <lemma type="day"/>
                    <dep head="5-6" type="prep"/>
                </token>
                <token content="." id="5-13"/>
            </sentence>
            <sentence id="6">
                <token content="Upon" id="6-1"/>
                <token content="arriving" id="6-2">
                    <pos type="VBG"/>
                    <lemma type="arrive"/>
                    <dep head="6-6" type="prepc"/>
                </token>
                <token content="," id="6-3"/>
                <token content="I" id="6-4">
                    <pos type="PRP"/>
                    <lemma type="I"/>
                    <dep head="6-6" type="nsubjpass"/>
                </token>
                <token content="was" id="6-5">
                    <pos type="VBD"/>
                    <lemma type="be"/>
                    <dep head="6-6" type="auxpass"/>
                </token>
                <token content="greeted" id="6-6">
                    <pos type="VBN"/>
                    <lemma type="greet"/>
                </token>
                <token content="by" id="6-7"/>
                <token content="a" id="6-8">
                    <pos type="DT"/>
                    <lemma type="a"/>
                </token>
                <token content="very" id="6-9">
                    <pos type="RB"/>
                    <lemma type="very"/>
                </token>
                <token content="nice" id="6-10">
                    <pos type="JJ"/>
                    <lemma type="nice"/>
                </token>
                <token content="hair" id="6-11">
                    <pos type="NN"/>
                    <lemma type="hair"/>
                </token>
                <token content="stylist" id="6-12">
                    <pos type="NN"/>
                    <lemma type="stylist"/>
                    <dep head="6-6" type="agent"/>
                </token>
                <token content="." id="6-13"/>
            </sentence>
            <sentence id="7">
                <token content="She" id="7-1">
                    <pos type="PRP"/>
                    <lemma type="she"/>
                    <dep head="7-2" type="nsubj"/>
                </token>
                <token content="had" id="7-2">
                    <pos type="VBD"/>
                    <lemma type="have"/>
                </token>
                <token content="me" id="7-3">
                    <pos type="PRP"/>
                    <lemma type="I"/>
                    <dep head="7-4" type="nsubj"/>
                </token>
                <token content="sit" id="7-4">
                    <pos type="VB"/>
                    <lemma type="sit"/>
                    <dep head="7-2" type="ccomp"/>
                </token>
                <token content="in" id="7-5"/>
                <token content="the" id="7-6">
                    <pos type="DT"/>
                    <lemma type="the"/>
                </token>
                <token content="chair" id="7-7">
                    <pos type="NN"/>
                    <lemma type="chair"/>
                    <dep head="7-4" type="prep"/>
                </token>
                <token content="and" id="7-8"/>
                <token content="asked" id="7-9">
                    <pos type="VBD"/>
                    <lemma type="ask"/>
                    <dep head="7-2" type="conj"/>
                </token>
                <token content="me" id="7-10">
                    <pos type="PRP"/>
                    <lemma type="I"/>
                    <dep head="7-9" type="dobj"/>
                </token>
                <token content="how" id="7-11">
                    <pos type="WRB"/>
                    <lemma type="how"/>
                    <dep head="7-13" type="advmod"/>
                </token>
                <token content="I" id="7-12">
                    <pos type="PRP"/>
                    <lemma type="I"/>
                    <dep head="7-13" type="nsubj"/>
                </token>
                <token content="wanted" id="7-13">
                    <pos type="VBD"/>
                    <lemma type="want"/>
                    <dep head="7-9" type="dep"/>
                </token>
                <token content="my" id="7-14">
                    <pos type="PRP$"/>
                    <lemma type="my"/>
                </token>
                <token content="hair" id="7-15">
                    <pos type="NN"/>
                    <lemma type="hair"/>
                </token>
                <token content="cut" id="7-16">
                    <pos type="NN"/>
                    <lemma type="cut"/>
                    <dep head="7-13" type="dobj"/>
                </token>
                <token content="." id="7-17"/>
            </sentence>
            <sentence id="8">
                <token content="I" id="8-1">
                    <pos type="PRP"/>
                    <lemma type="I"/>
                    <dep head="8-2" type="nsubj"/>
                </token>
                <token content="told" id="8-2">
                    <pos type="VBD"/>
                    <lemma type="tell"/>
                </token>
                <token content="her" id="8-3">
                    <pos type="PRP"/>
                    <lemma type="she"/>
                    <dep head="8-2" type="dobj"/>
                </token>
                <token content="exactly" id="8-4">
                    <pos type="RB"/>
                    <lemma type="exactly"/>
                </token>
                <token content="what" id="8-5">
                    <pos type="WP"/>
                    <lemma type="what"/>
                    <dep head="8-7" type="dep"/>
                </token>
                <token content="I" id="8-6">
                    <pos type="PRP"/>
                    <lemma type="I"/>
                    <dep head="8-7" type="nsubj"/>
                </token>
                <token content="wanted" id="8-7">
                    <pos type="VBD"/>
                    <lemma type="want"/>
                    <dep head="8-2" type="dep"/>
                </token>
                <token content="and" id="8-8"/>
                <token content="she" id="8-9">
                    <pos type="PRP"/>
                    <lemma type="she"/>
                    <dep head="8-10" type="nsubj"/>
                </token>
                <token content="understood" id="8-10">
                    <pos type="VBD"/>
                    <lemma type="understand"/>
                    <dep head="8-2" type="conj"/>
                </token>
                <token content="completely" id="8-11">
                    <pos type="RB"/>
                    <lemma type="completely"/>
                    <dep head="8-10" type="advmod"/>
                </token>
                <token content="." id="8-12"/>
            </sentence>
            <sentence id="9">
                <token content="She" id="9-1">
                    <pos type="PRP"/>
                    <lemma type="she"/>
                    <dep head="9-2" type="nsubj"/>
                </token>
                <token content="went" id="9-2">
                    <pos type="VBD"/>
                    <lemma type="go"/>
                    <dep head="9-8" type="ccomp"/>
                </token>
                <token content="to" id="9-3">
                    <pos type="TO"/>
                    <lemma type="to"/>
                    <dep head="9-4" type="aux"/>
                </token>
                <token content="work" id="9-4">
                    <pos type="VB"/>
                    <lemma type="work"/>
                    <dep head="9-2" type="xcomp"/>
                </token>
                <token content="immediately" id="9-5">
                    <pos type="RB"/>
                    <lemma type="immediately"/>
                    <dep head="9-4" type="advmod"/>
                </token>
                <token content="," id="9-6"/>
                <token content="we" id="9-7">
                    <pos type="PRP"/>
                    <lemma type="we"/>
                    <dep head="9-8" type="nsubj"/>
                </token>
                <token content="made" id="9-8">
                    <pos type="VBD"/>
                    <lemma type="make"/>
                </token>
                <token content="small" id="9-9">
                    <pos type="JJ"/>
                    <lemma type="small"/>
                </token>
                <token content="talk" id="9-10">
                    <pos type="NN"/>
                    <lemma type="talk"/>
                    <dep head="9-8" type="dobj"/>
                </token>
                <token content="." id="9-11"/>
            </sentence>
            <sentence id="10">
                <token content="She" id="10-1">
                    <pos type="PRP"/>
                    <lemma type="she"/>
                </token>
                <token content="was" id="10-2">
                    <pos type="VBD"/>
                    <lemma type="be"/>
                </token>
                <token content="very" id="10-3">
                    <pos type="RB"/>
                    <lemma type="very"/>
                </token>
                <token content="friendly" id="10-4">
                    <pos type="JJ"/>
                    <lemma type="friendly"/>
                </token>
                <token content="." id="10-5"/>
            </sentence>
            <sentence id="11">
                <token content="After" id="11-1">
                    <pos type="IN"/>
                    <lemma type="after"/>
                    <dep head="11-3" type="mark"/>
                </token>
                <token content="she" id="11-2">
                    <pos type="PRP"/>
                    <lemma type="she"/>
                    <dep head="11-3" type="nsubj"/>
                </token>
                <token content="cut" id="11-3">
                    <pos type="VBD"/>
                    <lemma type="cut"/>
                    <dep head="11-8" type="advcl"/>
                </token>
                <token content="my" id="11-4">
                    <pos type="PRP$"/>
                    <lemma type="my"/>
                </token>
                <token content="hair" id="11-5">
                    <pos type="NN"/>
                    <lemma type="hair"/>
                    <dep head="11-3" type="dobj"/>
                </token>
                <token content="," id="11-6"/>
                <token content="she" id="11-7">
                    <pos type="PRP"/>
                    <lemma type="she"/>
                    <dep head="11-8" type="nsubj"/>
                </token>
                <token content="washed" id="11-8">
                    <pos type="VBD"/>
                    <lemma type="wash"/>
                </token>
                <token content="it" id="11-9">
                    <pos type="PRP"/>
                    <lemma type="it"/>
                    <dep head="11-8" type="dobj"/>
                </token>
                <token content="." id="11-10"/>
            </sentence>
            <sentence id="12">
                <token content="After" id="12-1"/>
                <token content="drying" id="12-2">
                    <pos type="VBG"/>
                    <lemma type="dry"/>
                    <dep head="12-7" type="prepc"/>
                </token>
                <token content="my" id="12-3">
                    <pos type="PRP$"/>
                    <lemma type="my"/>
                </token>
                <token content="hair" id="12-4">
                    <pos type="NN"/>
                    <lemma type="hair"/>
                    <dep head="12-2" type="dobj"/>
                </token>
                <token content="," id="12-5"/>
                <token content="she" id="12-6">
                    <pos type="PRP"/>
                    <lemma type="she"/>
                    <dep head="12-7" type="nsubj"/>
                </token>
                <token content="added" id="12-7">
                    <pos type="VBD"/>
                    <lemma type="add"/>
                </token>
                <token content="a" id="12-8">
                    <pos type="DT"/>
                    <lemma type="a"/>
                </token>
                <token content="little" id="12-9">
                    <pos type="JJ"/>
                    <lemma type="little"/>
                </token>
                <token content="wax" id="12-10">
                    <pos type="NN"/>
                    <lemma type="wax"/>
                    <dep head="12-7" type="dobj"/>
                </token>
                <token content="to" id="12-11"/>
                <token content="style" id="12-12">
                    <pos type="NN"/>
                    <lemma type="style"/>
                    <dep head="12-7" type="prep"/>
                </token>
                <token content="the" id="12-13">
                    <pos type="DT"/>
                    <lemma type="the"/>
                </token>
                <token content="hair" id="12-14">
                    <pos type="NN"/>
                    <lemma type="hair"/>
                </token>
                <token content="." id="12-15"/>
            </sentence>
            <sentence id="13">
                <token content="I" id="13-1">
                    <pos type="PRP"/>
                    <lemma type="I"/>
                </token>
                <token content="was" id="13-2">
                    <pos type="VBD"/>
                    <lemma type="be"/>
                </token>
                <token content="very" id="13-3">
                    <pos type="RB"/>
                    <lemma type="very"/>
                </token>
                <token content="happy" id="13-4">
                    <pos type="JJ"/>
                    <lemma type="happy"/>
                </token>
                <token content="with" id="13-5"/>
                <token content="the" id="13-6">
                    <pos type="DT"/>
                    <lemma type="the"/>
                </token>
                <token content="haircut" id="13-7">
                    <pos type="NN"/>
                    <lemma type="haircut"/>
                </token>
                <token content="." id="13-8"/>
            </sentence>
            <sentence id="14">
                <token content="I" id="14-1">
                    <pos type="PRP"/>
                    <lemma type="I"/>
                    <dep head="14-3" type="nsubj"/>
                </token>
                <token content="then" id="14-2">
                    <pos type="RB"/>
                    <lemma type="then"/>
                    <dep head="14-3" type="advmod"/>
                </token>
                <token content="paid" id="14-3">
                    <pos type="VBD"/>
                    <lemma type="pay"/>
                </token>
                <token content="and" id="14-4"/>
                <token content="gave" id="14-5">
                    <pos type="VBD"/>
                    <lemma type="give"/>
                    <dep head="14-3" type="conj"/>
                </token>
                <token content="her" id="14-6">
                    <pos type="PRP"/>
                    <lemma type="she"/>
                    <dep head="14-5" type="iobj"/>
                </token>
                <token content="a" id="14-7">
                    <pos type="DT"/>
                    <lemma type="a"/>
                </token>
                <token content="tip" id="14-8">
                    <pos type="NN"/>
                    <lemma type="tip"/>
                    <dep head="14-5" type="dobj"/>
                </token>
                <token content="for" id="14-9"/>
                <token content="her" id="14-10">
                    <pos type="PRP$"/>
                    <lemma type="she"/>
                </token>
                <token content="service" id="14-11">
                    <pos type="NN"/>
                    <lemma type="service"/>
                </token>
                <token content="." id="14-12"/>
            </sentence>
        </sentences>
    </text>
    <annotations>
        <participants>
            <label from="1-1" id="0" name="ScrPart_customer" text="I" type="participant"/>
            <label from="1-5" id="1" name="ScrPart_haircut" text="haircut" type="participant"/>
            <label from="2-1" id="2" name="ScrPart_customer" text="I" type="participant"/>
            <label from="2-6" id="3" name="ScrPart_customer" text="my" type="participant"/>
            <label from="2-8" id="4" name="ScrPart_haircut" text="haircut" type="participant"/>
            <label from="2-11" id="5" name="ScrPart_customer" text="I" type="participant"/>
            <label from="2-15" id="6" name="ScrPart_salon" text="someplace" type="participant"/>
            <label from="3-1" id="7" name="ScrPart_customer" text="I" type="participant"/>
            <label from="3-5" id="8" name="ScrPart_salon" text="barbers" type="participant"/>
            <label from="3-7" id="9" name="ScrPart_salon" text="salons" type="participant"/>
            <label from="3-8" id="10" name="ScrPart_salon" text="that" type="participant"/>
            <label from="3-14" id="11" name="NPart" text="area" type="participant"/>
            <label from="4-1" id="12" name="ScrPart_customer" text="I" type="participant"/>
            <label from="4-5" id="13" name="ScrPart_salon" text="one" type="participant"/>
            <label from="4-6" id="14" name="ScrPart_salon" text="that" type="participant"/>
            <label from="4-18" id="15" name="ScrPart_other" text="prices" type="participant"/>
            <label from="5-1" id="16" name="ScrPart_customer" text="I" type="participant"/>
            <label from="5-4" id="17" name="ScrPart_salon" text="salon" type="participant"/>
            <label from="5-8" id="18" name="ScrPart_appointment" text="appointment" type="participant"/>
            <label from="5-12" id="19" name="ScrPart_time/date" text="day" type="participant"/>
            <label from="6-4" id="20" name="ScrPart_customer" text="I" type="participant"/>
            <label from="6-11" id="21" name="ScrPart_hairdresser" text="hair stylist" to="6-12" type="participant"/>
            <label from="6-12" id="22" name="ScrPart_hairdresser" text="stylist" type="participant"/>
            <label from="7-1" id="23" name="ScrPart_hairdresser" text="She" type="participant"/>
            <label from="7-3" id="24" name="ScrPart_customer" text="me" type="participant"/>
            <label from="7-7" id="25" name="ScrPart_chair" text="chair" type="participant"/>
            <label from="7-10" id="26" name="ScrPart_customer" text="me" type="participant"/>
            <label from="7-12" id="27" name="ScrPart_customer" text="I" type="participant"/>
            <label from="7-14" id="28" name="ScrPart_customer" text="my" type="participant"/>
            <label from="7-15" id="29" name="ScrPart_hair" text="hair" type="participant"/>
            <label from="8-1" id="30" name="ScrPart_customer" text="I" type="participant"/>
            <label from="8-3" id="31" name="ScrPart_hairdresser" text="her" type="participant"/>
            <label from="8-5" id="32" name="NPart" text="what" type="participant"/>
            <label from="8-6" id="33" name="ScrPart_customer" text="I" type="participant"/>
            <label from="8-9" id="34" name="ScrPart_hairdresser" text="she" type="participant"/>
            <label from="9-1" id="35" name="ScrPart_hairdresser" text="She" type="participant"/>
            <label from="9-4" id="36" name="NPart" text="work" type="participant"/>
            <label from="9-7" id="37" name="ScrPart_hairdresser_customer" text="we" type="participant"/>
            <label from="9-9" id="38" name="ScrPart_entertainment" text="small talk" to="9-10" type="participant"/>
            <label from="10-1" id="39" name="ScrPart_hairdresser" text="She" type="participant"/>
            <label from="11-2" id="40" name="ScrPart_hairdresser" text="she" type="participant"/>
            <label from="11-4" id="41" name="ScrPart_customer" text="my" type="participant"/>
            <label from="11-5" id="42" name="ScrPart_hair" text="hair" type="participant"/>
            <label from="11-7" id="43" name="ScrPart_hairdresser" text="she" type="participant"/>
            <label from="11-9" id="44" name="ScrPart_hair" text="it" type="participant"/>
            <label from="12-3" id="45" name="ScrPart_customer" text="my" type="participant"/>
            <label from="12-4" id="46" name="ScrPart_hair" text="hair" type="participant"/>
            <label from="12-6" id="47" name="ScrPart_hairdresser" text="she" type="participant"/>
            <label from="12-10" id="48" name="ScrPart_hair_styling/treatment" text="wax" type="participant"/>
            <label from="12-14" id="49" name="ScrPart_hair" text="hair" type="participant"/>
            <label from="13-1" id="50" name="ScrPart_customer" text="I" type="participant"/>
            <label from="13-7" id="51" name="ScrPart_haircut" text="haircut" type="participant"/>
            <label from="14-1" id="52" name="ScrPart_customer" text="I" type="participant"/>
            <label from="14-6" id="53" name="ScrPart_hairdresser" text="her" type="participant"/>
            <label from="14-8" id="54" name="ScrPart_tip" text="tip" type="participant"/>
            <label from="14-10" id="55" name="ScrPart_hairdresser" text="her" type="participant"/>
            <label from="14-11" id="56" name="NPart" text="service" type="participant"/>
        </participants>
        <events>
            <label from="1-3" id="57" name="Evoking" text="got a haircut" to="1-5" type="event"/>
            <label from="2-2" id="58" name="ScrEv_customer_opinion" text="was" type="event"/>
            <label from="2-12" id="59" name="UnrelEv" text="wanted" type="event"/>
            <label from="2-14" id="60" name="UnrelEv" text="try" type="event"/>
            <label from="3-2" id="61" name="RelNScrEv" text="searched" type="event"/>
            <label from="3-11" id="62" name="UnrelEv" text="rated" type="event"/>
            <label from="4-3" id="63" name="RelNScrEv" text="decided on" to="4-4" type="event"/>
            <label from="4-7" id="64" name="UnrelEv" text="was" type="event"/>
            <label from="4-13" id="65" name="UnrelEv" text="reviewed" type="event"/>
            <label from="4-16" id="66" name="UnrelEv" text="had" type="event"/>
            <label from="5-2" id="67" name="ScrEv_make_appointment" text="called" type="event"/>
            <label from="5-6" id="68" name="ScrEv_make_appointment" text="made" type="event"/>
            <label from="6-2" id="69" name="ScrEv_enter" text="arriving" type="event"/>
            <label from="6-6" id="70" name="ScrEv_small_talk" text="greeted" type="event"/>
            <label from="7-4" id="71" name="ScrEv_sit_down" text="sit" type="event"/>
            <label from="7-9" id="72" name="ScrEv_talk_haircut" text="asked" type="event"/>
            <label from="7-13" id="73" name="ScrEv_talk_haircut" text="wanted" type="event"/>
            <label from="7-16" id="74" name="ScrEv_cut" text="cut" type="event"/>
            <label from="8-2" id="75" name="ScrEv_talk_haircut" text="told" type="event"/>
            <label from="8-7" id="76" name="ScrEv_talk_haircut" text="wanted" type="event"/>
            <label from="8-10" id="77" name="ScrEv_talk_haircut" text="understood" type="event"/>
            <label from="9-2" id="78" name="RelNScrEv" text="went" type="event"/>
            <label from="9-8" id="79" name="ScrEv_small_talk" text="made" type="event"/>
            <label from="10-2" id="80" name="UnrelEv" text="was" type="event"/>
            <label from="11-3" id="81" name="ScrEv_cut" text="cut" type="event"/>
            <label from="11-8" id="82" name="ScrEv_wash" text="washed" type="event"/>
            <label from="12-2" id="83" name="ScrEv_dry" text="drying" type="event"/>
            <label from="12-7" id="84" name="ScrEv_make_hair_style" text="added" type="event"/>
            <label from="12-12" id="85" name="ScrEv_make_hair_style" text="style" type="event"/>
            <label from="13-2" id="86" name="ScrEv_customer_opinion" text="was" type="event"/>
            <label from="14-3" id="87" name="ScrEv_pay" text="paid" type="event"/>
            <label from="14-5" id="88" name="ScrEv_leave_tip" text="gave" type="event"/>
        </events>
        <chains>
            <chain elements="2 0 3 5 7 12 16 20 24 26 27 28 30 33 41 45 50 52"/>
            <chain elements="4 1 51"/>
            <chain elements="8 6 9 10 13 14 17"/>
            <chain elements="23 22 31 34 35 39 40 43 47 53 55"/>
            <chain elements="42 29 44 46 49"/>
            <chain elements="37 33 35" name="coref_group_I_stylist"/>
        </chains>
    </annotations>
</story>
