<?xml version="1.0" encoding="UTF-8" standalone="no"?>
<!DOCTYPE story SYSTEM "../InScript.dtd">
<story id="079" scenario="haircut">
    <text>
        <content>I arrived at the salon and walked inside . 
At the front counter was a receptionist who asked me if I had an appointment . 
I did have an appointment that I scheduled for that day . 
She let me know that my hairdresser would be ready for me in a few minutes , so I sat down in the lobby and read a magazine for a few minutes . 
I found a picture of a short hairstyle that I really liked . 
When my hairdresser came to the lobby to get me , I showed her the picture of the haircut that I wanted . 
She said that it would be an easy job with my thick hair . 
I followed her back to the salon area , and she motioned for me to take a seat in a big chair . 
I sat down , and she put a cape around my shoulders to prevent hair from sticking to my clothes . 
She brought over a cart with a small tub on it , and told me to lean my neck back while she washed my hair . 
After shampooing my hair , she rinsed it out with water and put it up in a towel to let it dry . 
She rolled the cart away and came back with a comb and pair of scissors , and combed through my hair . 
She applied a special creme to my hair to help nourish it , and then started snipping away . 
Long pieces of my hair fell all around me to the floor . 
She turned my chair around so she could reach the hair in the front of my head , and when she was done she washed her scissors off . 
Then , she dried my hair with a blow dryer and my haircut was fully revealed . 
She took the cape off of me and we chatted for a bit about our days and I thanked her . 
I returned to the receptionist to pay with my credit card . 
Then I left . </content>
        <sentences>
            <sentence id="1">
                <token content="I" id="1-1">
                    <pos type="PRP"/>
                    <lemma type="I"/>
                    <dep head="1-2" type="nsubj"/>
                </token>
                <token content="arrived" id="1-2">
                    <pos type="VBD"/>
                    <lemma type="arrive"/>
                </token>
                <token content="at" id="1-3"/>
                <token content="the" id="1-4">
                    <pos type="DT"/>
                    <lemma type="the"/>
                </token>
                <token content="salon" id="1-5">
                    <pos type="NN"/>
                    <lemma type="salon"/>
                    <dep head="1-2" type="prep"/>
                </token>
                <token content="and" id="1-6"/>
                <token content="walked" id="1-7">
                    <pos type="VBD"/>
                    <lemma type="walk"/>
                    <dep head="1-2" type="conj"/>
                </token>
                <token content="inside" id="1-8">
                    <pos type="RB"/>
                    <lemma type="inside"/>
                    <dep head="1-7" type="advmod"/>
                </token>
                <token content="." id="1-9"/>
            </sentence>
            <sentence id="2">
                <token content="At" id="2-1"/>
                <token content="the" id="2-2">
                    <pos type="DT"/>
                    <lemma type="the"/>
                </token>
                <token content="front" id="2-3">
                    <pos type="JJ"/>
                    <lemma type="front"/>
                </token>
                <token content="counter" id="2-4">
                    <pos type="NN"/>
                    <lemma type="counter"/>
                    <dep head="2-5" type="prep"/>
                </token>
                <token content="was" id="2-5">
                    <pos type="VBD"/>
                    <lemma type="be"/>
                </token>
                <token content="a" id="2-6">
                    <pos type="DT"/>
                    <lemma type="a"/>
                </token>
                <token content="receptionist" id="2-7">
                    <pos type="NN"/>
                    <lemma type="receptionist"/>
                    <dep head="2-5" type="nsubj"/>
                </token>
                <token content="who" id="2-8">
                    <pos type="WP"/>
                    <lemma type="who"/>
                    <dep head="2-9" type="nsubj"/>
                </token>
                <token content="asked" id="2-9">
                    <pos type="VBD"/>
                    <lemma type="ask"/>
                </token>
                <token content="me" id="2-10">
                    <pos type="PRP"/>
                    <lemma type="I"/>
                    <dep head="2-9" type="dobj"/>
                </token>
                <token content="if" id="2-11">
                    <pos type="IN"/>
                    <lemma type="if"/>
                    <dep head="2-13" type="mark"/>
                </token>
                <token content="I" id="2-12">
                    <pos type="PRP"/>
                    <lemma type="I"/>
                    <dep head="2-13" type="nsubj"/>
                </token>
                <token content="had" id="2-13">
                    <pos type="VBD"/>
                    <lemma type="have"/>
                    <dep head="2-9" type="advcl"/>
                </token>
                <token content="an" id="2-14">
                    <pos type="DT"/>
                    <lemma type="a"/>
                </token>
                <token content="appointment" id="2-15">
                    <pos type="NN"/>
                    <lemma type="appointment"/>
                    <dep head="2-13" type="dobj"/>
                </token>
                <token content="." id="2-16"/>
            </sentence>
            <sentence id="3">
                <token content="I" id="3-1">
                    <pos type="PRP"/>
                    <lemma type="I"/>
                    <dep head="3-3" type="nsubj"/>
                </token>
                <token content="did" id="3-2">
                    <pos type="VBD"/>
                    <lemma type="do"/>
                    <dep head="3-3" type="aux"/>
                </token>
                <token content="have" id="3-3">
                    <pos type="VB"/>
                    <lemma type="have"/>
                </token>
                <token content="an" id="3-4">
                    <pos type="DT"/>
                    <lemma type="a"/>
                </token>
                <token content="appointment" id="3-5">
                    <pos type="NN"/>
                    <lemma type="appointment"/>
                    <dep head="3-3" type="dobj"/>
                </token>
                <token content="that" id="3-6">
                    <pos type="IN"/>
                    <lemma type="that"/>
                    <dep head="3-8" type="mark"/>
                </token>
                <token content="I" id="3-7">
                    <pos type="PRP"/>
                    <lemma type="I"/>
                    <dep head="3-8" type="nsubj"/>
                </token>
                <token content="scheduled" id="3-8">
                    <pos type="VBN"/>
                    <lemma type="schedule"/>
                    <dep head="3-3" type="ccomp"/>
                </token>
                <token content="for" id="3-9"/>
                <token content="that" id="3-10">
                    <pos type="DT"/>
                    <lemma type="that"/>
                </token>
                <token content="day" id="3-11">
                    <pos type="NN"/>
                    <lemma type="day"/>
                    <dep head="3-8" type="prep"/>
                </token>
                <token content="." id="3-12"/>
            </sentence>
            <sentence id="4">
                <token content="She" id="4-1">
                    <pos type="PRP"/>
                    <lemma type="she"/>
                    <dep head="4-2" type="nsubj"/>
                </token>
                <token content="let" id="4-2">
                    <pos type="VBD"/>
                    <lemma type="let"/>
                </token>
                <token content="me" id="4-3">
                    <pos type="PRP"/>
                    <lemma type="I"/>
                    <dep head="4-4" type="nsubj"/>
                </token>
                <token content="know" id="4-4">
                    <pos type="VBP"/>
                    <lemma type="know"/>
                    <dep head="4-2" type="ccomp"/>
                </token>
                <token content="that" id="4-5">
                    <pos type="IN"/>
                    <lemma type="that"/>
                </token>
                <token content="my" id="4-6">
                    <pos type="PRP$"/>
                    <lemma type="my"/>
                </token>
                <token content="hairdresser" id="4-7">
                    <pos type="NN"/>
                    <lemma type="hairdresser"/>
                </token>
                <token content="would" id="4-8">
                    <pos type="MD"/>
                    <lemma type="would"/>
                </token>
                <token content="be" id="4-9">
                    <pos type="VB"/>
                    <lemma type="be"/>
                </token>
                <token content="ready" id="4-10">
                    <pos type="JJ"/>
                    <lemma type="ready"/>
                    <dep head="4-4" type="ccomp"/>
                </token>
                <token content="for" id="4-11"/>
                <token content="me" id="4-12">
                    <pos type="PRP"/>
                    <lemma type="I"/>
                </token>
                <token content="in" id="4-13"/>
                <token content="a" id="4-14">
                    <pos type="DT"/>
                    <lemma type="a"/>
                </token>
                <token content="few" id="4-15">
                    <pos type="JJ"/>
                    <lemma type="few"/>
                </token>
                <token content="minutes" id="4-16">
                    <pos type="NNS"/>
                    <lemma type="minute"/>
                </token>
                <token content="," id="4-17"/>
                <token content="so" id="4-18">
                    <pos type="IN"/>
                    <lemma type="so"/>
                    <dep head="4-2" type="dep"/>
                </token>
                <token content="I" id="4-19">
                    <pos type="PRP"/>
                    <lemma type="I"/>
                    <dep head="4-20" type="nsubj"/>
                </token>
                <token content="sat" id="4-20">
                    <pos type="VBD"/>
                    <lemma type="sit"/>
                    <dep head="4-2" type="parataxis"/>
                </token>
                <token content="down" id="4-21">
                    <pos type="RP"/>
                    <lemma type="down"/>
                    <dep head="4-20" type="prt"/>
                </token>
                <token content="in" id="4-22"/>
                <token content="the" id="4-23">
                    <pos type="DT"/>
                    <lemma type="the"/>
                </token>
                <token content="lobby" id="4-24">
                    <pos type="NN"/>
                    <lemma type="lobby"/>
                    <dep head="4-20" type="prep"/>
                </token>
                <token content="and" id="4-25"/>
                <token content="read" id="4-26">
                    <pos type="VBD"/>
                    <lemma type="read"/>
                    <dep head="4-20" type="conj"/>
                </token>
                <token content="a" id="4-27">
                    <pos type="DT"/>
                    <lemma type="a"/>
                </token>
                <token content="magazine" id="4-28">
                    <pos type="NN"/>
                    <lemma type="magazine"/>
                    <dep head="4-26" type="dobj"/>
                </token>
                <token content="for" id="4-29"/>
                <token content="a" id="4-30">
                    <pos type="DT"/>
                    <lemma type="a"/>
                </token>
                <token content="few" id="4-31">
                    <pos type="JJ"/>
                    <lemma type="few"/>
                </token>
                <token content="minutes" id="4-32">
                    <pos type="NNS"/>
                    <lemma type="minute"/>
                    <dep head="4-26" type="prep"/>
                </token>
                <token content="." id="4-33"/>
            </sentence>
            <sentence id="5">
                <token content="I" id="5-1">
                    <pos type="PRP"/>
                    <lemma type="I"/>
                    <dep head="5-2" type="nsubj"/>
                </token>
                <token content="found" id="5-2">
                    <pos type="VBD"/>
                    <lemma type="find"/>
                </token>
                <token content="a" id="5-3">
                    <pos type="DT"/>
                    <lemma type="a"/>
                </token>
                <token content="picture" id="5-4">
                    <pos type="NN"/>
                    <lemma type="picture"/>
                    <dep head="5-2" type="dobj"/>
                </token>
                <token content="of" id="5-5"/>
                <token content="a" id="5-6">
                    <pos type="DT"/>
                    <lemma type="a"/>
                </token>
                <token content="short" id="5-7">
                    <pos type="JJ"/>
                    <lemma type="short"/>
                </token>
                <token content="hairstyle" id="5-8">
                    <pos type="NN"/>
                    <lemma type="hairstyle"/>
                </token>
                <token content="that" id="5-9">
                    <pos type="IN"/>
                    <lemma type="that"/>
                    <dep head="5-12" type="mark"/>
                </token>
                <token content="I" id="5-10">
                    <pos type="PRP"/>
                    <lemma type="I"/>
                    <dep head="5-12" type="nsubj"/>
                </token>
                <token content="really" id="5-11">
                    <pos type="RB"/>
                    <lemma type="really"/>
                    <dep head="5-12" type="advmod"/>
                </token>
                <token content="liked" id="5-12">
                    <pos type="VBD"/>
                    <lemma type="like"/>
                    <dep head="5-2" type="ccomp"/>
                </token>
                <token content="." id="5-13"/>
            </sentence>
            <sentence id="6">
                <token content="When" id="6-1">
                    <pos type="WRB"/>
                    <lemma type="when"/>
                    <dep head="6-4" type="advmod"/>
                </token>
                <token content="my" id="6-2">
                    <pos type="PRP$"/>
                    <lemma type="my"/>
                </token>
                <token content="hairdresser" id="6-3">
                    <pos type="NN"/>
                    <lemma type="hairdresser"/>
                    <dep head="6-4" type="nsubj"/>
                </token>
                <token content="came" id="6-4">
                    <pos type="VBD"/>
                    <lemma type="come"/>
                    <dep head="6-13" type="advcl"/>
                </token>
                <token content="to" id="6-5"/>
                <token content="the" id="6-6">
                    <pos type="DT"/>
                    <lemma type="the"/>
                </token>
                <token content="lobby" id="6-7">
                    <pos type="NN"/>
                    <lemma type="lobby"/>
                    <dep head="6-4" type="prep"/>
                </token>
                <token content="to" id="6-8">
                    <pos type="TO"/>
                    <lemma type="to"/>
                    <dep head="6-9" type="aux"/>
                </token>
                <token content="get" id="6-9">
                    <pos type="VB"/>
                    <lemma type="get"/>
                    <dep head="6-4" type="xcomp"/>
                </token>
                <token content="me" id="6-10">
                    <pos type="PRP"/>
                    <lemma type="I"/>
                    <dep head="6-9" type="dobj"/>
                </token>
                <token content="," id="6-11"/>
                <token content="I" id="6-12">
                    <pos type="PRP"/>
                    <lemma type="I"/>
                    <dep head="6-13" type="nsubj"/>
                </token>
                <token content="showed" id="6-13">
                    <pos type="VBD"/>
                    <lemma type="show"/>
                </token>
                <token content="her" id="6-14">
                    <pos type="PRP"/>
                    <lemma type="she"/>
                    <dep head="6-13" type="iobj"/>
                </token>
                <token content="the" id="6-15">
                    <pos type="DT"/>
                    <lemma type="the"/>
                </token>
                <token content="picture" id="6-16">
                    <pos type="NN"/>
                    <lemma type="picture"/>
                    <dep head="6-13" type="dobj"/>
                </token>
                <token content="of" id="6-17"/>
                <token content="the" id="6-18">
                    <pos type="DT"/>
                    <lemma type="the"/>
                </token>
                <token content="haircut" id="6-19">
                    <pos type="NN"/>
                    <lemma type="haircut"/>
                </token>
                <token content="that" id="6-20">
                    <pos type="IN"/>
                    <lemma type="that"/>
                    <dep head="6-22" type="mark"/>
                </token>
                <token content="I" id="6-21">
                    <pos type="PRP"/>
                    <lemma type="I"/>
                    <dep head="6-22" type="nsubj"/>
                </token>
                <token content="wanted" id="6-22">
                    <pos type="VBD"/>
                    <lemma type="want"/>
                </token>
                <token content="." id="6-23"/>
            </sentence>
            <sentence id="7">
                <token content="She" id="7-1">
                    <pos type="PRP"/>
                    <lemma type="she"/>
                    <dep head="7-2" type="nsubj"/>
                </token>
                <token content="said" id="7-2">
                    <pos type="VBD"/>
                    <lemma type="say"/>
                </token>
                <token content="that" id="7-3">
                    <pos type="IN"/>
                    <lemma type="that"/>
                </token>
                <token content="it" id="7-4">
                    <pos type="PRP"/>
                    <lemma type="it"/>
                </token>
                <token content="would" id="7-5">
                    <pos type="MD"/>
                    <lemma type="would"/>
                </token>
                <token content="be" id="7-6">
                    <pos type="VB"/>
                    <lemma type="be"/>
                </token>
                <token content="an" id="7-7">
                    <pos type="DT"/>
                    <lemma type="a"/>
                </token>
                <token content="easy" id="7-8">
                    <pos type="JJ"/>
                    <lemma type="easy"/>
                </token>
                <token content="job" id="7-9">
                    <pos type="NN"/>
                    <lemma type="job"/>
                    <dep head="7-2" type="ccomp"/>
                </token>
                <token content="with" id="7-10"/>
                <token content="my" id="7-11">
                    <pos type="PRP$"/>
                    <lemma type="my"/>
                </token>
                <token content="thick" id="7-12">
                    <pos type="JJ"/>
                    <lemma type="thick"/>
                </token>
                <token content="hair" id="7-13">
                    <pos type="NN"/>
                    <lemma type="hair"/>
                </token>
                <token content="." id="7-14"/>
            </sentence>
            <sentence id="8">
                <token content="I" id="8-1">
                    <pos type="PRP"/>
                    <lemma type="I"/>
                    <dep head="8-2" type="nsubj"/>
                </token>
                <token content="followed" id="8-2">
                    <pos type="VBD"/>
                    <lemma type="follow"/>
                </token>
                <token content="her" id="8-3">
                    <pos type="PRP$"/>
                    <lemma type="she"/>
                </token>
                <token content="back" id="8-4">
                    <pos type="NN"/>
                    <lemma type="back"/>
                    <dep head="8-2" type="dobj"/>
                </token>
                <token content="to" id="8-5"/>
                <token content="the" id="8-6">
                    <pos type="DT"/>
                    <lemma type="the"/>
                </token>
                <token content="salon" id="8-7">
                    <pos type="NN"/>
                    <lemma type="salon"/>
                </token>
                <token content="area" id="8-8">
                    <pos type="NN"/>
                    <lemma type="area"/>
                    <dep head="8-2" type="prep"/>
                </token>
                <token content="," id="8-9"/>
                <token content="and" id="8-10"/>
                <token content="she" id="8-11">
                    <pos type="PRP"/>
                    <lemma type="she"/>
                    <dep head="8-12" type="nsubj"/>
                </token>
                <token content="motioned" id="8-12">
                    <pos type="VBD"/>
                    <lemma type="motion"/>
                    <dep head="8-2" type="conj"/>
                </token>
                <token content="for" id="8-13">
                    <pos type="IN"/>
                    <lemma type="for"/>
                    <dep head="8-16" type="mark"/>
                </token>
                <token content="me" id="8-14">
                    <pos type="PRP"/>
                    <lemma type="I"/>
                    <dep head="8-16" type="nsubj"/>
                </token>
                <token content="to" id="8-15">
                    <pos type="TO"/>
                    <lemma type="to"/>
                    <dep head="8-16" type="aux"/>
                </token>
                <token content="take" id="8-16">
                    <pos type="VB"/>
                    <lemma type="take"/>
                    <dep head="8-12" type="advcl"/>
                </token>
                <token content="a" id="8-17">
                    <pos type="DT"/>
                    <lemma type="a"/>
                </token>
                <token content="seat" id="8-18">
                    <pos type="NN"/>
                    <lemma type="seat"/>
                    <dep head="8-16" type="dobj"/>
                </token>
                <token content="in" id="8-19"/>
                <token content="a" id="8-20">
                    <pos type="DT"/>
                    <lemma type="a"/>
                </token>
                <token content="big" id="8-21">
                    <pos type="JJ"/>
                    <lemma type="big"/>
                </token>
                <token content="chair" id="8-22">
                    <pos type="NN"/>
                    <lemma type="chair"/>
                </token>
                <token content="." id="8-23"/>
            </sentence>
            <sentence id="9">
                <token content="I" id="9-1">
                    <pos type="PRP"/>
                    <lemma type="I"/>
                    <dep head="9-2" type="nsubj"/>
                </token>
                <token content="sat" id="9-2">
                    <pos type="VBD"/>
                    <lemma type="sit"/>
                </token>
                <token content="down" id="9-3">
                    <pos type="RP"/>
                    <lemma type="down"/>
                    <dep head="9-2" type="prt"/>
                </token>
                <token content="," id="9-4"/>
                <token content="and" id="9-5"/>
                <token content="she" id="9-6">
                    <pos type="PRP"/>
                    <lemma type="she"/>
                    <dep head="9-7" type="nsubj"/>
                </token>
                <token content="put" id="9-7">
                    <pos type="VBD"/>
                    <lemma type="put"/>
                    <dep head="9-2" type="conj"/>
                </token>
                <token content="a" id="9-8">
                    <pos type="DT"/>
                    <lemma type="a"/>
                </token>
                <token content="cape" id="9-9">
                    <pos type="NN"/>
                    <lemma type="cape"/>
                    <dep head="9-7" type="dobj"/>
                </token>
                <token content="around" id="9-10"/>
                <token content="my" id="9-11">
                    <pos type="PRP$"/>
                    <lemma type="my"/>
                </token>
                <token content="shoulders" id="9-12">
                    <pos type="NNS"/>
                    <lemma type="shoulder"/>
                    <dep head="9-7" type="prep"/>
                </token>
                <token content="to" id="9-13">
                    <pos type="TO"/>
                    <lemma type="to"/>
                    <dep head="9-14" type="aux"/>
                </token>
                <token content="prevent" id="9-14">
                    <pos type="VB"/>
                    <lemma type="prevent"/>
                    <dep head="9-7" type="vmod"/>
                </token>
                <token content="hair" id="9-15">
                    <pos type="NN"/>
                    <lemma type="hair"/>
                    <dep head="9-14" type="dobj"/>
                </token>
                <token content="from" id="9-16"/>
                <token content="sticking" id="9-17">
                    <pos type="VBG"/>
                    <lemma type="stick"/>
                    <dep head="9-14" type="prepc"/>
                </token>
                <token content="to" id="9-18"/>
                <token content="my" id="9-19">
                    <pos type="PRP$"/>
                    <lemma type="my"/>
                </token>
                <token content="clothes" id="9-20">
                    <pos type="NNS"/>
                    <lemma type="clothes"/>
                    <dep head="9-17" type="prep"/>
                </token>
                <token content="." id="9-21"/>
            </sentence>
            <sentence id="10">
                <token content="She" id="10-1">
                    <pos type="PRP"/>
                    <lemma type="she"/>
                    <dep head="10-2" type="nsubj"/>
                </token>
                <token content="brought" id="10-2">
                    <pos type="VBD"/>
                    <lemma type="bring"/>
                </token>
                <token content="over" id="10-3">
                    <pos type="RP"/>
                    <lemma type="over"/>
                    <dep head="10-2" type="prt"/>
                </token>
                <token content="a" id="10-4">
                    <pos type="DT"/>
                    <lemma type="a"/>
                </token>
                <token content="cart" id="10-5">
                    <pos type="NN"/>
                    <lemma type="cart"/>
                    <dep head="10-2" type="dobj"/>
                </token>
                <token content="with" id="10-6"/>
                <token content="a" id="10-7">
                    <pos type="DT"/>
                    <lemma type="a"/>
                </token>
                <token content="small" id="10-8">
                    <pos type="JJ"/>
                    <lemma type="small"/>
                </token>
                <token content="tub" id="10-9">
                    <pos type="NN"/>
                    <lemma type="tub"/>
                    <dep head="10-2" type="prep"/>
                </token>
                <token content="on" id="10-10"/>
                <token content="it" id="10-11">
                    <pos type="PRP"/>
                    <lemma type="it"/>
                    <dep head="10-2" type="prep"/>
                </token>
                <token content="," id="10-12"/>
                <token content="and" id="10-13"/>
                <token content="told" id="10-14">
                    <pos type="VBD"/>
                    <lemma type="tell"/>
                    <dep head="10-2" type="conj"/>
                </token>
                <token content="me" id="10-15">
                    <pos type="PRP"/>
                    <lemma type="I"/>
                    <dep head="10-14" type="dobj"/>
                </token>
                <token content="to" id="10-16">
                    <pos type="TO"/>
                    <lemma type="to"/>
                    <dep head="10-17" type="aux"/>
                </token>
                <token content="lean" id="10-17">
                    <pos type="VB"/>
                    <lemma type="lean"/>
                    <dep head="10-14" type="xcomp"/>
                </token>
                <token content="my" id="10-18">
                    <pos type="PRP$"/>
                    <lemma type="my"/>
                </token>
                <token content="neck" id="10-19">
                    <pos type="NN"/>
                    <lemma type="neck"/>
                    <dep head="10-17" type="dobj"/>
                </token>
                <token content="back" id="10-20">
                    <pos type="RB"/>
                    <lemma type="back"/>
                    <dep head="10-17" type="advmod"/>
                </token>
                <token content="while" id="10-21">
                    <pos type="IN"/>
                    <lemma type="while"/>
                    <dep head="10-23" type="mark"/>
                </token>
                <token content="she" id="10-22">
                    <pos type="PRP"/>
                    <lemma type="she"/>
                    <dep head="10-23" type="nsubj"/>
                </token>
                <token content="washed" id="10-23">
                    <pos type="VBD"/>
                    <lemma type="wash"/>
                    <dep head="10-17" type="advcl"/>
                </token>
                <token content="my" id="10-24">
                    <pos type="PRP$"/>
                    <lemma type="my"/>
                </token>
                <token content="hair" id="10-25">
                    <pos type="NN"/>
                    <lemma type="hair"/>
                    <dep head="10-23" type="dobj"/>
                </token>
                <token content="." id="10-26"/>
            </sentence>
            <sentence id="11">
                <token content="After" id="11-1"/>
                <token content="shampooing" id="11-2">
                    <pos type="VBG"/>
                    <lemma type="shampoo"/>
                    <dep head="11-7" type="prepc"/>
                </token>
                <token content="my" id="11-3">
                    <pos type="PRP$"/>
                    <lemma type="my"/>
                </token>
                <token content="hair" id="11-4">
                    <pos type="NN"/>
                    <lemma type="hair"/>
                    <dep head="11-2" type="dobj"/>
                </token>
                <token content="," id="11-5"/>
                <token content="she" id="11-6">
                    <pos type="PRP"/>
                    <lemma type="she"/>
                    <dep head="11-7" type="nsubj"/>
                </token>
                <token content="rinsed" id="11-7">
                    <pos type="VBD"/>
                    <lemma type="rinse"/>
                </token>
                <token content="it" id="11-8">
                    <pos type="PRP"/>
                    <lemma type="it"/>
                    <dep head="11-7" type="dobj"/>
                </token>
                <token content="out" id="11-9">
                    <pos type="RP"/>
                    <lemma type="out"/>
                    <dep head="11-7" type="prt"/>
                </token>
                <token content="with" id="11-10"/>
                <token content="water" id="11-11">
                    <pos type="NN"/>
                    <lemma type="water"/>
                    <dep head="11-7" type="prep"/>
                </token>
                <token content="and" id="11-12"/>
                <token content="put" id="11-13">
                    <pos type="VBD"/>
                    <lemma type="put"/>
                    <dep head="11-7" type="conj"/>
                </token>
                <token content="it" id="11-14">
                    <pos type="PRP"/>
                    <lemma type="it"/>
                    <dep head="11-13" type="dobj"/>
                </token>
                <token content="up" id="11-15">
                    <pos type="RP"/>
                    <lemma type="up"/>
                    <dep head="11-13" type="prt"/>
                </token>
                <token content="in" id="11-16"/>
                <token content="a" id="11-17">
                    <pos type="DT"/>
                    <lemma type="a"/>
                </token>
                <token content="towel" id="11-18">
                    <pos type="NN"/>
                    <lemma type="towel"/>
                    <dep head="11-13" type="prep"/>
                </token>
                <token content="to" id="11-19">
                    <pos type="TO"/>
                    <lemma type="to"/>
                    <dep head="11-20" type="aux"/>
                </token>
                <token content="let" id="11-20">
                    <pos type="VB"/>
                    <lemma type="let"/>
                </token>
                <token content="it" id="11-21">
                    <pos type="PRP"/>
                    <lemma type="it"/>
                </token>
                <token content="dry" id="11-22">
                    <pos type="JJ"/>
                    <lemma type="dry"/>
                    <dep head="11-20" type="xcomp"/>
                </token>
                <token content="." id="11-23"/>
            </sentence>
            <sentence id="12">
                <token content="She" id="12-1">
                    <pos type="PRP"/>
                    <lemma type="she"/>
                    <dep head="12-2" type="nsubj"/>
                </token>
                <token content="rolled" id="12-2">
                    <pos type="VBD"/>
                    <lemma type="roll"/>
                </token>
                <token content="the" id="12-3">
                    <pos type="DT"/>
                    <lemma type="the"/>
                </token>
                <token content="cart" id="12-4">
                    <pos type="NN"/>
                    <lemma type="cart"/>
                    <dep head="12-2" type="dobj"/>
                </token>
                <token content="away" id="12-5">
                    <pos type="RB"/>
                    <lemma type="away"/>
                    <dep head="12-2" type="advmod"/>
                </token>
                <token content="and" id="12-6"/>
                <token content="came" id="12-7">
                    <pos type="VBD"/>
                    <lemma type="come"/>
                    <dep head="12-2" type="conj"/>
                </token>
                <token content="back" id="12-8">
                    <pos type="RP"/>
                    <lemma type="back"/>
                    <dep head="12-7" type="prt"/>
                </token>
                <token content="with" id="12-9"/>
                <token content="a" id="12-10">
                    <pos type="DT"/>
                    <lemma type="a"/>
                </token>
                <token content="comb" id="12-11">
                    <pos type="NN"/>
                    <lemma type="comb"/>
                    <dep head="12-7" type="prep"/>
                </token>
                <token content="and" id="12-12"/>
                <token content="pair" id="12-13">
                    <pos type="NN"/>
                    <lemma type="pair"/>
                </token>
                <token content="of" id="12-14"/>
                <token content="scissors" id="12-15">
                    <pos type="NNS"/>
                    <lemma type="scissors"/>
                </token>
                <token content="," id="12-16"/>
                <token content="and" id="12-17"/>
                <token content="combed" id="12-18">
                    <pos type="VBN"/>
                    <lemma type="comb"/>
                    <dep head="12-7" type="conj"/>
                </token>
                <token content="through" id="12-19"/>
                <token content="my" id="12-20">
                    <pos type="PRP$"/>
                    <lemma type="my"/>
                </token>
                <token content="hair" id="12-21">
                    <pos type="NN"/>
                    <lemma type="hair"/>
                    <dep head="12-18" type="prep"/>
                </token>
                <token content="." id="12-22"/>
            </sentence>
            <sentence id="13">
                <token content="She" id="13-1">
                    <pos type="PRP"/>
                    <lemma type="she"/>
                    <dep head="13-2" type="nsubj"/>
                </token>
                <token content="applied" id="13-2">
                    <pos type="VBD"/>
                    <lemma type="apply"/>
                </token>
                <token content="a" id="13-3">
                    <pos type="DT"/>
                    <lemma type="a"/>
                </token>
                <token content="special" id="13-4">
                    <pos type="JJ"/>
                    <lemma type="special"/>
                </token>
                <token content="creme" id="13-5">
                    <pos type="NN"/>
                    <lemma type="creme"/>
                    <dep head="13-2" type="dobj"/>
                </token>
                <token content="to" id="13-6"/>
                <token content="my" id="13-7">
                    <pos type="PRP$"/>
                    <lemma type="my"/>
                </token>
                <token content="hair" id="13-8">
                    <pos type="NN"/>
                    <lemma type="hair"/>
                    <dep head="13-2" type="prep"/>
                </token>
                <token content="to" id="13-9">
                    <pos type="TO"/>
                    <lemma type="to"/>
                    <dep head="13-10" type="aux"/>
                </token>
                <token content="help" id="13-10">
                    <pos type="VB"/>
                    <lemma type="help"/>
                </token>
                <token content="nourish" id="13-11">
                    <pos type="VB"/>
                    <lemma type="nourish"/>
                    <dep head="13-10" type="xcomp"/>
                </token>
                <token content="it" id="13-12">
                    <pos type="PRP"/>
                    <lemma type="it"/>
                    <dep head="13-11" type="dobj"/>
                </token>
                <token content="," id="13-13"/>
                <token content="and" id="13-14"/>
                <token content="then" id="13-15">
                    <pos type="RB"/>
                    <lemma type="then"/>
                    <dep head="13-16" type="advmod"/>
                </token>
                <token content="started" id="13-16">
                    <pos type="VBD"/>
                    <lemma type="start"/>
                    <dep head="13-2" type="conj"/>
                </token>
                <token content="snipping" id="13-17">
                    <pos type="VBG"/>
                    <lemma type="snip"/>
                    <dep head="13-16" type="xcomp"/>
                </token>
                <token content="away" id="13-18">
                    <pos type="RP"/>
                    <lemma type="away"/>
                    <dep head="13-17" type="prt"/>
                </token>
                <token content="." id="13-19"/>
            </sentence>
            <sentence id="14">
                <token content="Long" id="14-1">
                    <pos type="JJ"/>
                    <lemma type="long"/>
                </token>
                <token content="pieces" id="14-2">
                    <pos type="NNS"/>
                    <lemma type="piece"/>
                    <dep head="14-6" type="nsubj"/>
                </token>
                <token content="of" id="14-3"/>
                <token content="my" id="14-4">
                    <pos type="PRP$"/>
                    <lemma type="my"/>
                </token>
                <token content="hair" id="14-5">
                    <pos type="NN"/>
                    <lemma type="hair"/>
                </token>
                <token content="fell" id="14-6">
                    <pos type="VBD"/>
                    <lemma type="fall"/>
                </token>
                <token content="all" id="14-7">
                    <pos type="DT"/>
                    <lemma type="all"/>
                    <dep head="14-6" type="dobj"/>
                </token>
                <token content="around" id="14-8"/>
                <token content="me" id="14-9">
                    <pos type="PRP"/>
                    <lemma type="I"/>
                    <dep head="14-6" type="prep"/>
                </token>
                <token content="to" id="14-10"/>
                <token content="the" id="14-11">
                    <pos type="DT"/>
                    <lemma type="the"/>
                </token>
                <token content="floor" id="14-12">
                    <pos type="NN"/>
                    <lemma type="floor"/>
                    <dep head="14-6" type="prep"/>
                </token>
                <token content="." id="14-13"/>
            </sentence>
            <sentence id="15">
                <token content="She" id="15-1">
                    <pos type="PRP"/>
                    <lemma type="she"/>
                    <dep head="15-2" type="nsubj"/>
                </token>
                <token content="turned" id="15-2">
                    <pos type="VBD"/>
                    <lemma type="turn"/>
                </token>
                <token content="my" id="15-3">
                    <pos type="PRP$"/>
                    <lemma type="my"/>
                </token>
                <token content="chair" id="15-4">
                    <pos type="NN"/>
                    <lemma type="chair"/>
                    <dep head="15-2" type="dobj"/>
                </token>
                <token content="around" id="15-5">
                    <pos type="RB"/>
                    <lemma type="around"/>
                    <dep head="15-2" type="advmod"/>
                </token>
                <token content="so" id="15-6">
                    <pos type="IN"/>
                    <lemma type="so"/>
                    <dep head="15-9" type="mark"/>
                </token>
                <token content="she" id="15-7">
                    <pos type="PRP"/>
                    <lemma type="she"/>
                    <dep head="15-9" type="nsubj"/>
                </token>
                <token content="could" id="15-8">
                    <pos type="MD"/>
                    <lemma type="could"/>
                    <dep head="15-9" type="aux"/>
                </token>
                <token content="reach" id="15-9">
                    <pos type="VB"/>
                    <lemma type="reach"/>
                    <dep head="15-2" type="advcl"/>
                </token>
                <token content="the" id="15-10">
                    <pos type="DT"/>
                    <lemma type="the"/>
                </token>
                <token content="hair" id="15-11">
                    <pos type="NN"/>
                    <lemma type="hair"/>
                    <dep head="15-9" type="dobj"/>
                </token>
                <token content="in" id="15-12"/>
                <token content="the" id="15-13">
                    <pos type="DT"/>
                    <lemma type="the"/>
                </token>
                <token content="front" id="15-14">
                    <pos type="NN"/>
                    <lemma type="front"/>
                    <dep head="15-9" type="prep"/>
                </token>
                <token content="of" id="15-15"/>
                <token content="my" id="15-16">
                    <pos type="PRP$"/>
                    <lemma type="my"/>
                </token>
                <token content="head" id="15-17">
                    <pos type="NN"/>
                    <lemma type="head"/>
                </token>
                <token content="," id="15-18"/>
                <token content="and" id="15-19"/>
                <token content="when" id="15-20">
                    <pos type="WRB"/>
                    <lemma type="when"/>
                    <dep head="15-23" type="advmod"/>
                </token>
                <token content="she" id="15-21">
                    <pos type="PRP"/>
                    <lemma type="she"/>
                    <dep head="15-23" type="nsubjpass"/>
                </token>
                <token content="was" id="15-22">
                    <pos type="VBD"/>
                    <lemma type="be"/>
                    <dep head="15-23" type="auxpass"/>
                </token>
                <token content="done" id="15-23">
                    <pos type="VBN"/>
                    <lemma type="do"/>
                    <dep head="15-9" type="conj"/>
                </token>
                <token content="she" id="15-24">
                    <pos type="PRP"/>
                    <lemma type="she"/>
                    <dep head="15-25" type="nsubj"/>
                </token>
                <token content="washed" id="15-25">
                    <pos type="VBD"/>
                    <lemma type="wash"/>
                    <dep head="15-23" type="ccomp"/>
                </token>
                <token content="her" id="15-26">
                    <pos type="PRP$"/>
                    <lemma type="she"/>
                </token>
                <token content="scissors" id="15-27">
                    <pos type="NNS"/>
                    <lemma type="scissors"/>
                    <dep head="15-25" type="dobj"/>
                </token>
                <token content="off" id="15-28">
                    <pos type="RP"/>
                    <lemma type="off"/>
                    <dep head="15-25" type="prt"/>
                </token>
                <token content="." id="15-29"/>
            </sentence>
            <sentence id="16">
                <token content="Then" id="16-1">
                    <pos type="RB"/>
                    <lemma type="then"/>
                    <dep head="16-4" type="advmod"/>
                </token>
                <token content="," id="16-2"/>
                <token content="she" id="16-3">
                    <pos type="PRP"/>
                    <lemma type="she"/>
                    <dep head="16-4" type="nsubj"/>
                </token>
                <token content="dried" id="16-4">
                    <pos type="VBD"/>
                    <lemma type="dry"/>
                </token>
                <token content="my" id="16-5">
                    <pos type="PRP$"/>
                    <lemma type="my"/>
                </token>
                <token content="hair" id="16-6">
                    <pos type="NN"/>
                    <lemma type="hair"/>
                    <dep head="16-4" type="dobj"/>
                </token>
                <token content="with" id="16-7"/>
                <token content="a" id="16-8">
                    <pos type="DT"/>
                    <lemma type="a"/>
                </token>
                <token content="blow" id="16-9">
                    <pos type="NN"/>
                    <lemma type="blow"/>
                </token>
                <token content="dryer" id="16-10">
                    <pos type="NN"/>
                    <lemma type="dryer"/>
                    <dep head="16-4" type="prep"/>
                </token>
                <token content="and" id="16-11"/>
                <token content="my" id="16-12">
                    <pos type="PRP$"/>
                    <lemma type="my"/>
                </token>
                <token content="haircut" id="16-13">
                    <pos type="NN"/>
                    <lemma type="haircut"/>
                    <dep head="16-16" type="nsubjpass"/>
                </token>
                <token content="was" id="16-14">
                    <pos type="VBD"/>
                    <lemma type="be"/>
                    <dep head="16-16" type="auxpass"/>
                </token>
                <token content="fully" id="16-15">
                    <pos type="RB"/>
                    <lemma type="fully"/>
                    <dep head="16-16" type="advmod"/>
                </token>
                <token content="revealed" id="16-16">
                    <pos type="VBN"/>
                    <lemma type="reveal"/>
                    <dep head="16-4" type="conj"/>
                </token>
                <token content="." id="16-17"/>
            </sentence>
            <sentence id="17">
                <token content="She" id="17-1">
                    <pos type="PRP"/>
                    <lemma type="she"/>
                    <dep head="17-2" type="nsubj"/>
                </token>
                <token content="took" id="17-2">
                    <pos type="VBD"/>
                    <lemma type="take"/>
                </token>
                <token content="the" id="17-3">
                    <pos type="DT"/>
                    <lemma type="the"/>
                </token>
                <token content="cape" id="17-4">
                    <pos type="NN"/>
                    <lemma type="cape"/>
                    <dep head="17-2" type="dobj"/>
                </token>
                <token content="off" id="17-5"/>
                <token content="of" id="17-6"/>
                <token content="me" id="17-7">
                    <pos type="PRP"/>
                    <lemma type="I"/>
                    <dep head="17-2" type="prep"/>
                </token>
                <token content="and" id="17-8"/>
                <token content="we" id="17-9">
                    <pos type="PRP"/>
                    <lemma type="we"/>
                    <dep head="17-10" type="nsubj"/>
                </token>
                <token content="chatted" id="17-10">
                    <pos type="VBD"/>
                    <lemma type="chat"/>
                    <dep head="17-2" type="conj"/>
                </token>
                <token content="for" id="17-11"/>
                <token content="a" id="17-12">
                    <pos type="DT"/>
                    <lemma type="a"/>
                </token>
                <token content="bit" id="17-13">
                    <pos type="NN"/>
                    <lemma type="bit"/>
                    <dep head="17-10" type="prep"/>
                </token>
                <token content="about" id="17-14"/>
                <token content="our" id="17-15">
                    <pos type="PRP$"/>
                    <lemma type="we"/>
                </token>
                <token content="days" id="17-16">
                    <pos type="NNS"/>
                    <lemma type="day"/>
                    <dep head="17-10" type="prep"/>
                </token>
                <token content="and" id="17-17"/>
                <token content="I" id="17-18">
                    <pos type="PRP"/>
                    <lemma type="I"/>
                    <dep head="17-19" type="nsubj"/>
                </token>
                <token content="thanked" id="17-19">
                    <pos type="VBD"/>
                    <lemma type="thank"/>
                    <dep head="17-10" type="conj"/>
                </token>
                <token content="her" id="17-20">
                    <pos type="PRP"/>
                    <lemma type="she"/>
                    <dep head="17-19" type="dobj"/>
                </token>
                <token content="." id="17-21"/>
            </sentence>
            <sentence id="18">
                <token content="I" id="18-1">
                    <pos type="PRP"/>
                    <lemma type="I"/>
                    <dep head="18-2" type="nsubj"/>
                </token>
                <token content="returned" id="18-2">
                    <pos type="VBD"/>
                    <lemma type="return"/>
                </token>
                <token content="to" id="18-3"/>
                <token content="the" id="18-4">
                    <pos type="DT"/>
                    <lemma type="the"/>
                </token>
                <token content="receptionist" id="18-5">
                    <pos type="NN"/>
                    <lemma type="receptionist"/>
                    <dep head="18-2" type="prep"/>
                </token>
                <token content="to" id="18-6">
                    <pos type="TO"/>
                    <lemma type="to"/>
                    <dep head="18-7" type="aux"/>
                </token>
                <token content="pay" id="18-7">
                    <pos type="VB"/>
                    <lemma type="pay"/>
                    <dep head="18-2" type="xcomp"/>
                </token>
                <token content="with" id="18-8"/>
                <token content="my" id="18-9">
                    <pos type="PRP$"/>
                    <lemma type="my"/>
                </token>
                <token content="credit" id="18-10">
                    <pos type="NN"/>
                    <lemma type="credit"/>
                </token>
                <token content="card" id="18-11">
                    <pos type="NN"/>
                    <lemma type="card"/>
                    <dep head="18-7" type="prep"/>
                </token>
                <token content="." id="18-12"/>
            </sentence>
            <sentence id="19">
                <token content="Then" id="19-1">
                    <pos type="RB"/>
                    <lemma type="then"/>
                    <dep head="19-3" type="advmod"/>
                </token>
                <token content="I" id="19-2">
                    <pos type="PRP"/>
                    <lemma type="I"/>
                    <dep head="19-3" type="nsubj"/>
                </token>
                <token content="left" id="19-3">
                    <pos type="VBD"/>
                    <lemma type="leave"/>
                </token>
                <token content="." id="19-4"/>
            </sentence>
        </sentences>
    </text>
    <annotations>
        <participants>
            <label from="1-1" id="0" name="ScrPart_customer" text="I" type="participant"/>
            <label from="1-5" id="1" name="ScrPart_salon" text="salon" type="participant"/>
            <label from="2-3" id="2" name="ScrPart_check_in_desk" text="front counter" to="2-4" type="participant"/>
            <label from="2-4" id="3" name="ScrPart_check_in_desk" text="counter" type="participant"/>
            <label from="2-7" id="4" name="ScrPart_staff" text="receptionist" type="participant"/>
            <label from="2-8" id="5" name="ScrPart_staff" text="who" type="participant"/>
            <label from="2-10" id="6" name="ScrPart_customer" text="me" type="participant"/>
            <label from="2-12" id="7" name="ScrPart_customer" text="I" type="participant"/>
            <label from="2-15" id="8" name="ScrPart_appointment" text="appointment" type="participant"/>
            <label from="3-1" id="9" name="ScrPart_customer" text="I" type="participant"/>
            <label from="3-5" id="10" name="ScrPart_appointment" text="appointment" type="participant"/>
            <label from="3-7" id="11" name="ScrPart_customer" text="I" type="participant"/>
            <label from="3-11" id="12" name="ScrPart_time/date" text="day" type="participant"/>
            <label from="4-1" id="13" name="ScrPart_staff" text="She" type="participant"/>
            <label from="4-3" id="14" name="ScrPart_customer" text="me" type="participant"/>
            <label from="4-6" id="15" name="ScrPart_customer" text="my" type="participant"/>
            <label from="4-7" id="16" name="ScrPart_hairdresser" text="hairdresser" type="participant"/>
            <label from="4-12" id="17" name="ScrPart_customer" text="me" type="participant"/>
            <label from="4-16" id="18" name="ScrPart_time/date" text="minutes" type="participant"/>
            <label from="4-19" id="19" name="ScrPart_customer" text="I" type="participant"/>
            <label from="4-24" id="20" name="ScrPart_location_salon" text="lobby" type="participant"/>
            <label from="4-28" id="21" name="ScrPart_entertainment" text="magazine" type="participant"/>
            <label from="4-32" id="22" name="ScrPart_time/date" text="minutes" type="participant"/>
            <label from="5-1" id="23" name="ScrPart_customer" text="I" type="participant"/>
            <label from="5-4" id="24" name="ScrPart_other" text="picture" type="participant"/>
            <label from="5-8" id="25" name="ScrPart_haircut" text="hairstyle" type="participant"/>
            <label from="5-10" id="26" name="ScrPart_customer" text="I" type="participant"/>
            <label from="6-2" id="27" name="ScrPart_customer" text="my" type="participant"/>
            <label from="6-3" id="28" name="ScrPart_hairdresser" text="hairdresser" type="participant"/>
            <label from="6-7" id="29" name="ScrPart_location_salon" text="lobby" type="participant"/>
            <label from="6-10" id="30" name="ScrPart_customer" text="me" type="participant"/>
            <label from="6-12" id="31" name="ScrPart_customer" text="I" type="participant"/>
            <label from="6-14" id="32" name="ScrPart_hairdresser" text="her" type="participant"/>
            <label from="6-16" id="33" name="ScrPart_other" text="picture" type="participant"/>
            <label from="6-19" id="34" name="ScrPart_haircut" text="haircut" type="participant"/>
            <label from="6-21" id="35" name="ScrPart_customer" text="I" type="participant"/>
            <label from="7-1" id="36" name="ScrPart_hairdresser" text="She" type="participant"/>
            <label from="7-4" id="37" name="No_label" text="it" type="participant"/>
            <label from="7-9" id="38" name="NPart" text="job" type="participant"/>
            <label from="7-11" id="39" name="ScrPart_customer" text="my" type="participant"/>
            <label from="7-13" id="40" name="ScrPart_hair" text="hair" type="participant"/>
            <label from="8-1" id="41" name="ScrPart_customer" text="I" type="participant"/>
            <label from="8-3" id="42" name="ScrPart_hairdresser" text="her" type="participant"/>
            <label from="8-7" id="43" name="ScrPart_location_salon" text="salon area" to="8-8" type="participant"/>
            <label from="8-8" id="44" name="ScrPart_location_salon" text="area" type="participant"/>
            <label from="8-11" id="45" name="ScrPart_hairdresser" text="she" type="participant"/>
            <label from="8-14" id="46" name="ScrPart_customer" text="me" type="participant"/>
            <label from="8-18" id="47" name="SuppVComp" text="seat" type="participant"/>
            <label from="8-22" id="48" name="ScrPart_chair" text="chair" type="participant"/>
            <label from="9-1" id="49" name="ScrPart_customer" text="I" type="participant"/>
            <label from="9-6" id="50" name="ScrPart_hairdresser" text="she" type="participant"/>
            <label from="9-9" id="51" name="ScrPart_cape" text="cape" type="participant"/>
            <label from="9-11" id="52" name="ScrPart_customer" text="my" type="participant"/>
            <label from="9-12" id="53" name="NPart" text="shoulders" type="participant"/>
            <label from="9-15" id="54" name="ScrPart_hair" text="hair" type="participant"/>
            <label from="9-19" id="55" name="ScrPart_customer" text="my" type="participant"/>
            <label from="9-20" id="56" name="NPart" text="clothes" type="participant"/>
            <label from="10-1" id="57" name="ScrPart_hairdresser" text="She" type="participant"/>
            <label from="10-5" id="58" name="ScrPart_other" text="cart" type="participant"/>
            <label from="10-9" id="59" name="ScrPart_wash_basin" text="tub" type="participant"/>
            <label from="10-11" id="60" name="ScrPart_wash_basin" text="it" type="participant"/>
            <label from="10-15" id="61" name="ScrPart_customer" text="me" type="participant"/>
            <label from="10-18" id="62" name="ScrPart_customer" text="my" type="participant"/>
            <label from="10-19" id="63" name="ScrPart_other" text="neck" type="participant"/>
            <label from="10-22" id="64" name="ScrPart_hairdresser" text="she" type="participant"/>
            <label from="10-24" id="65" name="ScrPart_customer" text="my" type="participant"/>
            <label from="10-25" id="66" name="ScrPart_hair" text="hair" type="participant"/>
            <label from="11-3" id="67" name="ScrPart_customer" text="my" type="participant"/>
            <label from="11-4" id="68" name="ScrPart_hair" text="hair" type="participant"/>
            <label from="11-6" id="69" name="ScrPart_hairdresser" text="she" type="participant"/>
            <label from="11-8" id="70" name="ScrPart_hair" text="it" type="participant"/>
            <label from="11-11" id="71" name="ScrPart_other" text="water" type="participant"/>
            <label from="11-14" id="72" name="ScrPart_hair" text="it" type="participant"/>
            <label from="11-18" id="73" name="ScrPart_towel" text="towel" type="participant"/>
            <label from="11-21" id="74" name="ScrPart_hair" text="it" type="participant"/>
            <label from="12-1" id="75" name="ScrPart_hairdresser" text="She" type="participant"/>
            <label from="12-4" id="76" name="ScrPart_other" text="cart" type="participant"/>
            <label from="12-11" id="77" name="ScrPart_comb" text="comb" type="participant"/>
            <label from="12-13" id="78" name="Head_of_Partitive" text="pair" type="participant"/>
            <label from="12-15" id="79" name="ScrPart_scissors" text="scissors" type="participant"/>
            <label from="12-20" id="80" name="ScrPart_customer" text="my" type="participant"/>
            <label from="12-21" id="81" name="ScrPart_hair" text="hair" type="participant"/>
            <label from="13-1" id="82" name="ScrPart_hairdresser" text="She" type="participant"/>
            <label from="13-5" id="83" name="ScrPart_hair_styling/treatment" text="creme" type="participant"/>
            <label from="13-7" id="84" name="ScrPart_customer" text="my" type="participant"/>
            <label from="13-8" id="85" name="ScrPart_hair" text="hair" type="participant"/>
            <label from="13-12" id="86" name="ScrPart_hair" text="it" type="participant"/>
            <label from="14-2" id="87" name="Head_of_Partitive" text="pieces" type="participant"/>
            <label from="14-4" id="88" name="ScrPart_customer" text="my" type="participant"/>
            <label from="14-5" id="89" name="ScrPart_hair" text="hair" type="participant"/>
            <label from="14-9" id="90" name="ScrPart_customer" text="me" type="participant"/>
            <label from="14-12" id="91" name="ScrPart_other" text="floor" type="participant"/>
            <label from="15-1" id="92" name="ScrPart_hairdresser" text="She" type="participant"/>
            <label from="15-3" id="93" name="ScrPart_customer" text="my" type="participant"/>
            <label from="15-4" id="94" name="ScrPart_chair" text="chair" type="participant"/>
            <label from="15-7" id="95" name="ScrPart_hairdresser" text="she" type="participant"/>
            <label from="15-11" id="96" name="ScrPart_hair" text="hair" type="participant"/>
            <label from="15-14" id="97" name="NPart" text="front" type="participant"/>
            <label from="15-16" id="98" name="ScrPart_customer" text="my" type="participant"/>
            <label from="15-17" id="99" name="ScrPart_other" text="head" type="participant"/>
            <label from="15-21" id="100" name="ScrPart_hairdresser" text="she" type="participant"/>
            <label from="15-24" id="101" name="ScrPart_hairdresser" text="she" type="participant"/>
            <label from="15-26" id="102" name="ScrPart_scissors" text="her" type="participant"/>
            <label from="15-27" id="103" name="ScrPart_scissors" text="scissors" type="participant"/>
            <label from="16-3" id="104" name="ScrPart_hairdresser" text="she" type="participant"/>
            <label from="16-5" id="105" name="ScrPart_customer" text="my" type="participant"/>
            <label from="16-6" id="106" name="ScrPart_hair" text="hair" type="participant"/>
            <label from="16-9" id="107" name="ScrPart_hairdryer" text="blow dryer" to="16-10" type="participant"/>
            <label from="16-10" id="108" name="ScrPart_hairdryer" text="dryer" type="participant"/>
            <label from="16-12" id="109" name="ScrPart_customer" text="my" type="participant"/>
            <label from="16-13" id="110" name="ScrPart_haircut" text="haircut" type="participant"/>
            <label from="17-1" id="111" name="ScrPart_hairdresser" text="She" type="participant"/>
            <label from="17-4" id="112" name="ScrPart_cape" text="cape" type="participant"/>
            <label from="17-7" id="113" name="ScrPart_customer" text="me" type="participant"/>
            <label from="17-9" id="114" name="ScrPart_hairdresser_customer" text="we" type="participant"/>
            <label from="17-13" id="115" name="NPart" text="bit" type="participant"/>
            <label from="17-15" id="116" name="ScrPart_hairdresser_customer" text="our" type="participant"/>
            <label from="17-16" id="117" name="NPart" text="days" type="participant"/>
            <label from="17-18" id="118" name="ScrPart_customer" text="I" type="participant"/>
            <label from="17-20" id="119" name="ScrPart_hairdresser" text="her" type="participant"/>
            <label from="18-1" id="120" name="ScrPart_customer" text="I" type="participant"/>
            <label from="18-5" id="121" name="ScrPart_staff" text="receptionist" type="participant"/>
            <label from="18-9" id="122" name="ScrPart_customer" text="my" type="participant"/>
            <label from="18-10" id="123" name="ScrPart_payment_means" text="credit card" to="18-11" type="participant"/>
            <label from="18-11" id="124" name="ScrPart_payment_means" text="card" type="participant"/>
            <label from="19-2" id="125" name="ScrPart_customer" text="I" type="participant"/>
        </participants>
        <events>
            <label from="1-2" id="126" name="ScrEv_get_salon" text="arrived" type="event"/>
            <label from="1-7" id="127" name="ScrEv_enter" text="walked" type="event"/>
            <label from="2-5" id="128" name="UnrelEv" text="was" type="event"/>
            <label from="2-9" id="129" name="RelNScrEv" text="asked" type="event"/>
            <label from="2-13" id="130" name="RelNScrEv" text="had" type="event"/>
            <label from="3-3" id="131" name="RelNScrEv" text="have" type="event"/>
            <label from="3-8" id="132" name="ScrEv_make_appointment" text="scheduled" type="event"/>
            <label from="4-2" id="133" name="UnrelEv" text="let" type="event"/>
            <label from="4-9" id="134" name="UnrelEv" text="be" type="event"/>
            <label from="4-20" id="135" name="ScrEv_sit_down" text="sat" type="event"/>
            <label from="4-26" id="136" name="RelNScrEv" text="read" type="event"/>
            <label from="5-2" id="137" name="UnrelEv" text="found" type="event"/>
            <label from="5-12" id="138" name="UnrelEv" text="liked" type="event"/>
            <label from="6-4" id="139" name="ScrEv_move_in_salon" text="came" type="event"/>
            <label from="6-9" id="140" name="UnrelEv" text="get" type="event"/>
            <label from="6-13" id="141" name="ScrEv_talk_haircut" text="showed" type="event"/>
            <label from="6-22" id="142" name="UnrelEv" text="wanted" type="event"/>
            <label from="7-2" id="143" name="ScrEv_talk_haircut" text="said" type="event"/>
            <label from="7-6" id="144" name="UnrelEv" text="be" type="event"/>
            <label from="8-2" id="145" name="RelNScrEv" text="followed" type="event"/>
            <label from="8-12" id="146" name="UnrelEv" text="motioned" type="event"/>
            <label from="8-16" id="147" name="ScrEv_sit_down" text="take" type="event"/>
            <label from="9-2" id="148" name="ScrEv_sit_down" text="sat" type="event"/>
            <label from="9-7" id="149" name="ScrEv_put_on_cape" text="put" type="event"/>
            <label from="9-14" id="150" name="RelNScrEv" text="prevent" type="event"/>
            <label from="9-17" id="151" name="RelNScrEv" text="sticking" type="event"/>
            <label from="10-2" id="152" name="ScrEv_prepare_wash" text="brought" type="event"/>
            <label from="10-14" id="153" name="UnrelEv" text="told" type="event"/>
            <label from="10-17" id="154" name="ScrEv_prepare_wash" text="lean" type="event"/>
            <label from="10-23" id="155" name="ScrEv_wash" text="washed" type="event"/>
            <label from="11-2" id="156" name="ScrEv_wash" text="shampooing" type="event"/>
            <label from="11-7" id="157" name="ScrEv_wash" text="rinsed" type="event"/>
            <label from="11-13" id="158" name="ScrEv_put_towel" text="put" type="event"/>
            <label from="11-20" id="159" name="UnrelEv" text="let" type="event"/>
            <label from="11-22" id="160" name="ScrEv_dry" text="dry" type="event"/>
            <label from="12-2" id="161" name="RelNScrEv" text="rolled" type="event"/>
            <label from="12-7" id="162" name="UnrelEv" text="came" type="event"/>
            <label from="12-18" id="163" name="ScrEv_comb" text="combed" type="event"/>
            <label from="13-2" id="164" name="ScrEv_other" text="applied" type="event"/>
            <label from="13-10" id="165" name="UnrelEv" text="help" type="event"/>
            <label from="13-11" id="166" name="RelNScrEv" text="nourish" type="event"/>
            <label from="13-16" id="167" name="UnrelEv" text="started" type="event"/>
            <label from="13-17" id="168" name="ScrEv_cut" text="snipping" type="event"/>
            <label from="14-6" id="169" name="RelNScrEv" text="fell" type="event"/>
            <label from="15-2" id="170" name="RelNScrEv" text="turned" type="event"/>
            <label from="15-9" id="171" name="RelNScrEv" text="reach" type="event"/>
            <label from="15-22" id="172" name="UnrelEv" text="was" type="event"/>
            <label from="15-25" id="173" name="RelNScrEv" text="washed" type="event"/>
            <label from="16-4" id="174" name="ScrEv_dry" text="dried" type="event"/>
            <label from="16-16" id="175" name="RelNScrEv" text="revealed" type="event"/>
            <label from="17-2" id="176" name="ScrEv_remove_cap" text="took" type="event"/>
            <label from="17-10" id="177" name="ScrEv_small_talk" text="chatted" type="event"/>
            <label from="17-19" id="178" name="RelNScrEv" text="thanked" type="event"/>
            <label from="18-2" id="179" name="ScrEv_other" text="returned" type="event"/>
            <label from="18-7" id="180" name="ScrEv_pay" text="pay" type="event"/>
            <label from="19-3" id="181" name="ScrEv_leave" text="left" type="event"/>
        </events>
        <chains>
            <chain elements="0 6 7 9 11 14 15 17 19 23 26 27 30 31 35 39 41 46 49 52 55 61 62 65 67 80 84 88 90 93 98 105 109 113 118 120 122 125"/>
            <chain elements="8 10"/>
            <chain elements="4 13 121"/>
            <chain elements="18 22"/>
            <chain elements="16 28 32 36 42 45 50 57 64 69 75 82 92 95 100 101 102 104 111 119"/>
            <chain elements="20 29"/>
            <chain elements="24 33"/>
            <chain elements="25 34 110"/>
            <chain elements="40 54 66 68 70 72 74 81 85 89 96 106"/>
            <chain elements="58 76"/>
            <chain elements="48 94"/>
            <chain elements="111 114 113" name="group_I_hairdresser"/>
        </chains>
    </annotations>
</story>
