<?xml version="1.0" encoding="UTF-8" standalone="no"?>
<!DOCTYPE story SYSTEM "../InScript.dtd">
<story id="085" scenario="haircut">
    <text>
        <content>I had made an appointment at my favorite salon earlier in the month , with my preferred stylist . 
I usually keep on a schedule of getting my hair trimmed up once a month , and this time was no different . 
I got inside and informed the girl at the desk who I was and that I already had an appointment . 
She logged it down and told me that I could have a seat , while my preferred stylist finished up with her previous client . 
I used the time to catch up on some light reading and listening to the radio station that was being played over the speakers in the salon . 
The girl at the desk let me know when I could be seated at my stylist 's station . 
She started to make small talk as she put the cape over my shoulders to catch the trimmed hairs . 
I told her that I just needed my hair reshaped and she got to work . 
She chats a bit while working and I made polite conversation with her . 
She snipped away with sharp scissors and used a small comb to part my hair and fix the layers . 
When she was done , I told her that it looked great and that I was very happy with it . 
She brushed the hair snips off of the cape and removed it . 
I thanked her and went back to the desk at the front to pay . </content>
        <sentences>
            <sentence id="1">
                <token content="I" id="1-1">
                    <pos type="PRP"/>
                    <lemma type="I"/>
                    <dep head="1-3" type="nsubj"/>
                </token>
                <token content="had" id="1-2">
                    <pos type="VBD"/>
                    <lemma type="have"/>
                    <dep head="1-3" type="aux"/>
                </token>
                <token content="made" id="1-3">
                    <pos type="VBN"/>
                    <lemma type="make"/>
                </token>
                <token content="an" id="1-4">
                    <pos type="DT"/>
                    <lemma type="a"/>
                </token>
                <token content="appointment" id="1-5">
                    <pos type="NN"/>
                    <lemma type="appointment"/>
                </token>
                <token content="at" id="1-6"/>
                <token content="my" id="1-7">
                    <pos type="PRP$"/>
                    <lemma type="my"/>
                </token>
                <token content="favorite" id="1-8">
                    <pos type="JJ"/>
                    <lemma type="favorite"/>
                </token>
                <token content="salon" id="1-9">
                    <pos type="NN"/>
                    <lemma type="salon"/>
                </token>
                <token content="earlier" id="1-10">
                    <pos type="RBR"/>
                    <lemma type="earlier"/>
                    <dep head="1-3" type="advmod"/>
                </token>
                <token content="in" id="1-11"/>
                <token content="the" id="1-12">
                    <pos type="DT"/>
                    <lemma type="the"/>
                </token>
                <token content="month" id="1-13">
                    <pos type="NN"/>
                    <lemma type="month"/>
                    <dep head="1-3" type="prep"/>
                </token>
                <token content="," id="1-14"/>
                <token content="with" id="1-15"/>
                <token content="my" id="1-16">
                    <pos type="PRP$"/>
                    <lemma type="my"/>
                </token>
                <token content="preferred" id="1-17">
                    <pos type="VBN"/>
                    <lemma type="prefer"/>
                </token>
                <token content="stylist" id="1-18">
                    <pos type="NN"/>
                    <lemma type="stylist"/>
                    <dep head="1-3" type="prep"/>
                </token>
                <token content="." id="1-19"/>
            </sentence>
            <sentence id="2">
                <token content="I" id="2-1">
                    <pos type="PRP"/>
                    <lemma type="I"/>
                    <dep head="2-3" type="nsubj"/>
                </token>
                <token content="usually" id="2-2">
                    <pos type="RB"/>
                    <lemma type="usually"/>
                    <dep head="2-3" type="advmod"/>
                </token>
                <token content="keep" id="2-3">
                    <pos type="VB"/>
                    <lemma type="keep"/>
                </token>
                <token content="on" id="2-4"/>
                <token content="a" id="2-5">
                    <pos type="DT"/>
                    <lemma type="a"/>
                </token>
                <token content="schedule" id="2-6">
                    <pos type="NN"/>
                    <lemma type="schedule"/>
                    <dep head="2-3" type="prep"/>
                </token>
                <token content="of" id="2-7"/>
                <token content="getting" id="2-8">
                    <pos type="VBG"/>
                    <lemma type="get"/>
                </token>
                <token content="my" id="2-9">
                    <pos type="PRP$"/>
                    <lemma type="my"/>
                </token>
                <token content="hair" id="2-10">
                    <pos type="NN"/>
                    <lemma type="hair"/>
                    <dep head="2-8" type="dobj"/>
                </token>
                <token content="trimmed" id="2-11">
                    <pos type="VBN"/>
                    <lemma type="trim"/>
                </token>
                <token content="up" id="2-12">
                    <pos type="RB"/>
                    <lemma type="up"/>
                </token>
                <token content="once" id="2-13">
                    <pos type="RB"/>
                    <lemma type="once"/>
                    <dep head="2-11" type="advmod"/>
                </token>
                <token content="a" id="2-14">
                    <pos type="DT"/>
                    <lemma type="a"/>
                </token>
                <token content="month" id="2-15">
                    <pos type="NN"/>
                    <lemma type="month"/>
                    <dep head="2-11" type="tmod"/>
                </token>
                <token content="," id="2-16"/>
                <token content="and" id="2-17"/>
                <token content="this" id="2-18">
                    <pos type="DT"/>
                    <lemma type="this"/>
                </token>
                <token content="time" id="2-19">
                    <pos type="NN"/>
                    <lemma type="time"/>
                </token>
                <token content="was" id="2-20">
                    <pos type="VBD"/>
                    <lemma type="be"/>
                </token>
                <token content="no" id="2-21">
                    <pos type="RB"/>
                    <lemma type="no"/>
                </token>
                <token content="different" id="2-22">
                    <pos type="JJ"/>
                    <lemma type="different"/>
                    <dep head="2-3" type="conj"/>
                </token>
                <token content="." id="2-23"/>
            </sentence>
            <sentence id="3">
                <token content="I" id="3-1">
                    <pos type="PRP"/>
                    <lemma type="I"/>
                    <dep head="3-2" type="nsubj"/>
                </token>
                <token content="got" id="3-2">
                    <pos type="VBD"/>
                    <lemma type="get"/>
                </token>
                <token content="inside" id="3-3">
                    <pos type="RB"/>
                    <lemma type="inside"/>
                    <dep head="3-2" type="advmod"/>
                </token>
                <token content="and" id="3-4"/>
                <token content="informed" id="3-5">
                    <pos type="VBD"/>
                    <lemma type="inform"/>
                    <dep head="3-2" type="conj"/>
                </token>
                <token content="the" id="3-6">
                    <pos type="DT"/>
                    <lemma type="the"/>
                </token>
                <token content="girl" id="3-7">
                    <pos type="NN"/>
                    <lemma type="girl"/>
                    <dep head="3-5" type="dobj"/>
                </token>
                <token content="at" id="3-8"/>
                <token content="the" id="3-9">
                    <pos type="DT"/>
                    <lemma type="the"/>
                </token>
                <token content="desk" id="3-10">
                    <pos type="NN"/>
                    <lemma type="desk"/>
                    <dep head="3-5" type="prep"/>
                </token>
                <token content="who" id="3-11">
                    <pos type="WP"/>
                    <lemma type="who"/>
                    <dep head="3-13" type="dobj"/>
                </token>
                <token content="I" id="3-12">
                    <pos type="PRP"/>
                    <lemma type="I"/>
                    <dep head="3-13" type="nsubj"/>
                </token>
                <token content="was" id="3-13">
                    <pos type="VBD"/>
                    <lemma type="be"/>
                    <dep head="3-5" type="ccomp"/>
                </token>
                <token content="and" id="3-14"/>
                <token content="that" id="3-15">
                    <pos type="IN"/>
                    <lemma type="that"/>
                    <dep head="3-18" type="mark"/>
                </token>
                <token content="I" id="3-16">
                    <pos type="PRP"/>
                    <lemma type="I"/>
                    <dep head="3-18" type="nsubj"/>
                </token>
                <token content="already" id="3-17">
                    <pos type="RB"/>
                    <lemma type="already"/>
                    <dep head="3-18" type="advmod"/>
                </token>
                <token content="had" id="3-18">
                    <pos type="VBD"/>
                    <lemma type="have"/>
                    <dep head="3-13" type="conj"/>
                </token>
                <token content="an" id="3-19">
                    <pos type="DT"/>
                    <lemma type="a"/>
                </token>
                <token content="appointment" id="3-20">
                    <pos type="NN"/>
                    <lemma type="appointment"/>
                    <dep head="3-18" type="dobj"/>
                </token>
                <token content="." id="3-21"/>
            </sentence>
            <sentence id="4">
                <token content="She" id="4-1">
                    <pos type="PRP"/>
                    <lemma type="she"/>
                    <dep head="4-2" type="nsubj"/>
                </token>
                <token content="logged" id="4-2">
                    <pos type="VBD"/>
                    <lemma type="log"/>
                </token>
                <token content="it" id="4-3">
                    <pos type="PRP"/>
                    <lemma type="it"/>
                    <dep head="4-2" type="dobj"/>
                </token>
                <token content="down" id="4-4">
                    <pos type="RP"/>
                    <lemma type="down"/>
                    <dep head="4-2" type="prt"/>
                </token>
                <token content="and" id="4-5"/>
                <token content="told" id="4-6">
                    <pos type="VBD"/>
                    <lemma type="tell"/>
                    <dep head="4-2" type="conj"/>
                </token>
                <token content="me" id="4-7">
                    <pos type="PRP"/>
                    <lemma type="I"/>
                    <dep head="4-6" type="dobj"/>
                </token>
                <token content="that" id="4-8">
                    <pos type="IN"/>
                    <lemma type="that"/>
                    <dep head="4-11" type="mark"/>
                </token>
                <token content="I" id="4-9">
                    <pos type="PRP"/>
                    <lemma type="I"/>
                    <dep head="4-11" type="nsubj"/>
                </token>
                <token content="could" id="4-10">
                    <pos type="MD"/>
                    <lemma type="could"/>
                    <dep head="4-11" type="aux"/>
                </token>
                <token content="have" id="4-11">
                    <pos type="VB"/>
                    <lemma type="have"/>
                    <dep head="4-6" type="ccomp"/>
                </token>
                <token content="a" id="4-12">
                    <pos type="DT"/>
                    <lemma type="a"/>
                </token>
                <token content="seat" id="4-13">
                    <pos type="NN"/>
                    <lemma type="seat"/>
                    <dep head="4-11" type="dobj"/>
                </token>
                <token content="," id="4-14"/>
                <token content="while" id="4-15">
                    <pos type="IN"/>
                    <lemma type="while"/>
                    <dep head="4-19" type="mark"/>
                </token>
                <token content="my" id="4-16">
                    <pos type="PRP$"/>
                    <lemma type="my"/>
                </token>
                <token content="preferred" id="4-17">
                    <pos type="JJ"/>
                    <lemma type="preferred"/>
                </token>
                <token content="stylist" id="4-18">
                    <pos type="NN"/>
                    <lemma type="stylist"/>
                    <dep head="4-19" type="nsubj"/>
                </token>
                <token content="finished" id="4-19">
                    <pos type="VBD"/>
                    <lemma type="finish"/>
                    <dep head="4-11" type="advcl"/>
                </token>
                <token content="up" id="4-20">
                    <pos type="RP"/>
                    <lemma type="up"/>
                    <dep head="4-19" type="prt"/>
                </token>
                <token content="with" id="4-21"/>
                <token content="her" id="4-22">
                    <pos type="PRP$"/>
                    <lemma type="she"/>
                </token>
                <token content="previous" id="4-23">
                    <pos type="JJ"/>
                    <lemma type="previous"/>
                </token>
                <token content="client" id="4-24">
                    <pos type="NN"/>
                    <lemma type="client"/>
                    <dep head="4-19" type="prep"/>
                </token>
                <token content="." id="4-25"/>
            </sentence>
            <sentence id="5">
                <token content="I" id="5-1">
                    <pos type="PRP"/>
                    <lemma type="I"/>
                    <dep head="5-2" type="nsubj"/>
                </token>
                <token content="used" id="5-2">
                    <pos type="VBD"/>
                    <lemma type="use"/>
                </token>
                <token content="the" id="5-3">
                    <pos type="DT"/>
                    <lemma type="the"/>
                </token>
                <token content="time" id="5-4">
                    <pos type="NN"/>
                    <lemma type="time"/>
                    <dep head="5-2" type="dobj"/>
                </token>
                <token content="to" id="5-5">
                    <pos type="TO"/>
                    <lemma type="to"/>
                    <dep head="5-6" type="aux"/>
                </token>
                <token content="catch" id="5-6">
                    <pos type="VB"/>
                    <lemma type="catch"/>
                </token>
                <token content="up" id="5-7">
                    <pos type="RP"/>
                    <lemma type="up"/>
                    <dep head="5-6" type="prt"/>
                </token>
                <token content="on" id="5-8"/>
                <token content="some" id="5-9">
                    <pos type="DT"/>
                    <lemma type="some"/>
                </token>
                <token content="light" id="5-10">
                    <pos type="NN"/>
                    <lemma type="light"/>
                    <dep head="5-6" type="prep"/>
                </token>
                <token content="reading" id="5-11">
                    <pos type="VBG"/>
                    <lemma type="read"/>
                </token>
                <token content="and" id="5-12"/>
                <token content="listening" id="5-13">
                    <pos type="VBG"/>
                    <lemma type="listen"/>
                    <dep head="5-11" type="conj"/>
                </token>
                <token content="to" id="5-14"/>
                <token content="the" id="5-15">
                    <pos type="DT"/>
                    <lemma type="the"/>
                </token>
                <token content="radio" id="5-16">
                    <pos type="NN"/>
                    <lemma type="radio"/>
                </token>
                <token content="station" id="5-17">
                    <pos type="NN"/>
                    <lemma type="station"/>
                    <dep head="5-11" type="prep"/>
                </token>
                <token content="that" id="5-18">
                    <pos type="WDT"/>
                    <lemma type="that"/>
                    <dep head="5-21" type="nsubjpass"/>
                </token>
                <token content="was" id="5-19">
                    <pos type="VBD"/>
                    <lemma type="be"/>
                    <dep head="5-21" type="aux"/>
                </token>
                <token content="being" id="5-20">
                    <pos type="VBG"/>
                    <lemma type="be"/>
                    <dep head="5-21" type="auxpass"/>
                </token>
                <token content="played" id="5-21">
                    <pos type="VBN"/>
                    <lemma type="play"/>
                </token>
                <token content="over" id="5-22"/>
                <token content="the" id="5-23">
                    <pos type="DT"/>
                    <lemma type="the"/>
                </token>
                <token content="speakers" id="5-24">
                    <pos type="NNS"/>
                    <lemma type="speaker"/>
                    <dep head="5-21" type="prep"/>
                </token>
                <token content="in" id="5-25"/>
                <token content="the" id="5-26">
                    <pos type="DT"/>
                    <lemma type="the"/>
                </token>
                <token content="salon" id="5-27">
                    <pos type="NN"/>
                    <lemma type="salon"/>
                </token>
                <token content="." id="5-28"/>
            </sentence>
            <sentence id="6">
                <token content="The" id="6-1">
                    <pos type="DT"/>
                    <lemma type="the"/>
                </token>
                <token content="girl" id="6-2">
                    <pos type="NN"/>
                    <lemma type="girl"/>
                    <dep head="6-6" type="nsubj"/>
                </token>
                <token content="at" id="6-3"/>
                <token content="the" id="6-4">
                    <pos type="DT"/>
                    <lemma type="the"/>
                </token>
                <token content="desk" id="6-5">
                    <pos type="NN"/>
                    <lemma type="desk"/>
                </token>
                <token content="let" id="6-6">
                    <pos type="VBD"/>
                    <lemma type="let"/>
                </token>
                <token content="me" id="6-7">
                    <pos type="PRP"/>
                    <lemma type="I"/>
                    <dep head="6-8" type="nsubj"/>
                </token>
                <token content="know" id="6-8">
                    <pos type="VBP"/>
                    <lemma type="know"/>
                    <dep head="6-6" type="ccomp"/>
                </token>
                <token content="when" id="6-9">
                    <pos type="WRB"/>
                    <lemma type="when"/>
                    <dep head="6-13" type="advmod"/>
                </token>
                <token content="I" id="6-10">
                    <pos type="PRP"/>
                    <lemma type="I"/>
                    <dep head="6-13" type="nsubjpass"/>
                </token>
                <token content="could" id="6-11">
                    <pos type="MD"/>
                    <lemma type="could"/>
                    <dep head="6-13" type="aux"/>
                </token>
                <token content="be" id="6-12">
                    <pos type="VB"/>
                    <lemma type="be"/>
                    <dep head="6-13" type="auxpass"/>
                </token>
                <token content="seated" id="6-13">
                    <pos type="VBN"/>
                    <lemma type="seat"/>
                    <dep head="6-8" type="ccomp"/>
                </token>
                <token content="at" id="6-14"/>
                <token content="my" id="6-15">
                    <pos type="PRP$"/>
                    <lemma type="my"/>
                </token>
                <token content="stylist" id="6-16">
                    <pos type="NN"/>
                    <lemma type="stylist"/>
                </token>
                <token content="'s" id="6-17"/>
                <token content="station" id="6-18">
                    <pos type="NN"/>
                    <lemma type="station"/>
                    <dep head="6-13" type="prep"/>
                </token>
                <token content="." id="6-19"/>
            </sentence>
            <sentence id="7">
                <token content="She" id="7-1">
                    <pos type="PRP"/>
                    <lemma type="she"/>
                    <dep head="7-2" type="nsubj"/>
                </token>
                <token content="started" id="7-2">
                    <pos type="VBD"/>
                    <lemma type="start"/>
                </token>
                <token content="to" id="7-3">
                    <pos type="TO"/>
                    <lemma type="to"/>
                    <dep head="7-4" type="aux"/>
                </token>
                <token content="make" id="7-4">
                    <pos type="VB"/>
                    <lemma type="make"/>
                    <dep head="7-2" type="xcomp"/>
                </token>
                <token content="small" id="7-5">
                    <pos type="JJ"/>
                    <lemma type="small"/>
                </token>
                <token content="talk" id="7-6">
                    <pos type="NN"/>
                    <lemma type="talk"/>
                    <dep head="7-4" type="dobj"/>
                </token>
                <token content="as" id="7-7">
                    <pos type="IN"/>
                    <lemma type="as"/>
                    <dep head="7-9" type="mark"/>
                </token>
                <token content="she" id="7-8">
                    <pos type="PRP"/>
                    <lemma type="she"/>
                    <dep head="7-9" type="nsubj"/>
                </token>
                <token content="put" id="7-9">
                    <pos type="VBD"/>
                    <lemma type="put"/>
                    <dep head="7-4" type="advcl"/>
                </token>
                <token content="the" id="7-10">
                    <pos type="DT"/>
                    <lemma type="the"/>
                </token>
                <token content="cape" id="7-11">
                    <pos type="NN"/>
                    <lemma type="cape"/>
                    <dep head="7-9" type="dobj"/>
                </token>
                <token content="over" id="7-12"/>
                <token content="my" id="7-13">
                    <pos type="PRP$"/>
                    <lemma type="my"/>
                </token>
                <token content="shoulders" id="7-14">
                    <pos type="NNS"/>
                    <lemma type="shoulder"/>
                    <dep head="7-9" type="prep"/>
                </token>
                <token content="to" id="7-15">
                    <pos type="TO"/>
                    <lemma type="to"/>
                    <dep head="7-16" type="aux"/>
                </token>
                <token content="catch" id="7-16">
                    <pos type="VB"/>
                    <lemma type="catch"/>
                    <dep head="7-9" type="vmod"/>
                </token>
                <token content="the" id="7-17">
                    <pos type="DT"/>
                    <lemma type="the"/>
                </token>
                <token content="trimmed" id="7-18">
                    <pos type="JJ"/>
                    <lemma type="trimmed"/>
                </token>
                <token content="hairs" id="7-19">
                    <pos type="NNS"/>
                    <lemma type="hair"/>
                    <dep head="7-16" type="dobj"/>
                </token>
                <token content="." id="7-20"/>
            </sentence>
            <sentence id="8">
                <token content="I" id="8-1">
                    <pos type="PRP"/>
                    <lemma type="I"/>
                    <dep head="8-2" type="nsubj"/>
                </token>
                <token content="told" id="8-2">
                    <pos type="VBD"/>
                    <lemma type="tell"/>
                </token>
                <token content="her" id="8-3">
                    <pos type="PRP"/>
                    <lemma type="she"/>
                    <dep head="8-2" type="dobj"/>
                </token>
                <token content="that" id="8-4">
                    <pos type="IN"/>
                    <lemma type="that"/>
                    <dep head="8-7" type="mark"/>
                </token>
                <token content="I" id="8-5">
                    <pos type="PRP"/>
                    <lemma type="I"/>
                    <dep head="8-7" type="nsubj"/>
                </token>
                <token content="just" id="8-6">
                    <pos type="RB"/>
                    <lemma type="just"/>
                    <dep head="8-7" type="advmod"/>
                </token>
                <token content="needed" id="8-7">
                    <pos type="VBD"/>
                    <lemma type="need"/>
                    <dep head="8-2" type="ccomp"/>
                </token>
                <token content="my" id="8-8">
                    <pos type="PRP$"/>
                    <lemma type="my"/>
                </token>
                <token content="hair" id="8-9">
                    <pos type="NN"/>
                    <lemma type="hair"/>
                    <dep head="8-7" type="dobj"/>
                </token>
                <token content="reshaped" id="8-10">
                    <pos type="VBN"/>
                    <lemma type="reshape"/>
                </token>
                <token content="and" id="8-11"/>
                <token content="she" id="8-12">
                    <pos type="PRP"/>
                    <lemma type="she"/>
                    <dep head="8-13" type="nsubj"/>
                </token>
                <token content="got" id="8-13">
                    <pos type="VBD"/>
                    <lemma type="get"/>
                    <dep head="8-7" type="conj"/>
                </token>
                <token content="to" id="8-14">
                    <pos type="TO"/>
                    <lemma type="to"/>
                    <dep head="8-15" type="aux"/>
                </token>
                <token content="work" id="8-15">
                    <pos type="VB"/>
                    <lemma type="work"/>
                    <dep head="8-13" type="xcomp"/>
                </token>
                <token content="." id="8-16"/>
            </sentence>
            <sentence id="9">
                <token content="She" id="9-1">
                    <pos type="PRP"/>
                    <lemma type="she"/>
                    <dep head="9-2" type="nsubj"/>
                </token>
                <token content="chats" id="9-2">
                    <pos type="VBZ"/>
                    <lemma type="chat"/>
                </token>
                <token content="a" id="9-3">
                    <pos type="DT"/>
                    <lemma type="a"/>
                </token>
                <token content="bit" id="9-4">
                    <pos type="NN"/>
                    <lemma type="bit"/>
                    <dep head="9-2" type="dobj"/>
                </token>
                <token content="while" id="9-5"/>
                <token content="working" id="9-6">
                    <pos type="VBG"/>
                    <lemma type="work"/>
                    <dep head="9-2" type="prepc"/>
                </token>
                <token content="and" id="9-7"/>
                <token content="I" id="9-8">
                    <pos type="PRP"/>
                    <lemma type="I"/>
                    <dep head="9-9" type="nsubj"/>
                </token>
                <token content="made" id="9-9">
                    <pos type="VBD"/>
                    <lemma type="make"/>
                    <dep head="9-2" type="conj"/>
                </token>
                <token content="polite" id="9-10">
                    <pos type="JJ"/>
                    <lemma type="polite"/>
                </token>
                <token content="conversation" id="9-11">
                    <pos type="NN"/>
                    <lemma type="conversation"/>
                    <dep head="9-9" type="dobj"/>
                </token>
                <token content="with" id="9-12"/>
                <token content="her" id="9-13">
                    <pos type="PRP"/>
                    <lemma type="she"/>
                    <dep head="9-9" type="prep"/>
                </token>
                <token content="." id="9-14"/>
            </sentence>
            <sentence id="10">
                <token content="She" id="10-1">
                    <pos type="PRP"/>
                    <lemma type="she"/>
                    <dep head="10-2" type="nsubj"/>
                </token>
                <token content="snipped" id="10-2">
                    <pos type="VBD"/>
                    <lemma type="snip"/>
                </token>
                <token content="away" id="10-3">
                    <pos type="RP"/>
                    <lemma type="away"/>
                    <dep head="10-2" type="prt"/>
                </token>
                <token content="with" id="10-4"/>
                <token content="sharp" id="10-5">
                    <pos type="JJ"/>
                    <lemma type="sharp"/>
                </token>
                <token content="scissors" id="10-6">
                    <pos type="NNS"/>
                    <lemma type="scissors"/>
                    <dep head="10-2" type="prep"/>
                </token>
                <token content="and" id="10-7"/>
                <token content="used" id="10-8">
                    <pos type="VBD"/>
                    <lemma type="use"/>
                    <dep head="10-2" type="conj"/>
                </token>
                <token content="a" id="10-9">
                    <pos type="DT"/>
                    <lemma type="a"/>
                </token>
                <token content="small" id="10-10">
                    <pos type="JJ"/>
                    <lemma type="small"/>
                </token>
                <token content="comb" id="10-11">
                    <pos type="NN"/>
                    <lemma type="comb"/>
                    <dep head="10-8" type="dobj"/>
                </token>
                <token content="to" id="10-12">
                    <pos type="TO"/>
                    <lemma type="to"/>
                    <dep head="10-13" type="aux"/>
                </token>
                <token content="part" id="10-13">
                    <pos type="VB"/>
                    <lemma type="part"/>
                    <dep head="10-8" type="vmod"/>
                </token>
                <token content="my" id="10-14">
                    <pos type="PRP$"/>
                    <lemma type="my"/>
                </token>
                <token content="hair" id="10-15">
                    <pos type="NN"/>
                    <lemma type="hair"/>
                    <dep head="10-13" type="dobj"/>
                </token>
                <token content="and" id="10-16"/>
                <token content="fix" id="10-17">
                    <pos type="VB"/>
                    <lemma type="fix"/>
                    <dep head="10-13" type="conj"/>
                </token>
                <token content="the" id="10-18">
                    <pos type="DT"/>
                    <lemma type="the"/>
                </token>
                <token content="layers" id="10-19">
                    <pos type="NNS"/>
                    <lemma type="layer"/>
                    <dep head="10-17" type="dobj"/>
                </token>
                <token content="." id="10-20"/>
            </sentence>
            <sentence id="11">
                <token content="When" id="11-1">
                    <pos type="WRB"/>
                    <lemma type="when"/>
                    <dep head="11-4" type="advmod"/>
                </token>
                <token content="she" id="11-2">
                    <pos type="PRP"/>
                    <lemma type="she"/>
                    <dep head="11-4" type="nsubjpass"/>
                </token>
                <token content="was" id="11-3">
                    <pos type="VBD"/>
                    <lemma type="be"/>
                    <dep head="11-4" type="auxpass"/>
                </token>
                <token content="done" id="11-4">
                    <pos type="VBN"/>
                    <lemma type="do"/>
                    <dep head="11-7" type="advcl"/>
                </token>
                <token content="," id="11-5"/>
                <token content="I" id="11-6">
                    <pos type="PRP"/>
                    <lemma type="I"/>
                    <dep head="11-7" type="nsubj"/>
                </token>
                <token content="told" id="11-7">
                    <pos type="VBD"/>
                    <lemma type="tell"/>
                </token>
                <token content="her" id="11-8">
                    <pos type="PRP"/>
                    <lemma type="she"/>
                    <dep head="11-7" type="dobj"/>
                </token>
                <token content="that" id="11-9">
                    <pos type="IN"/>
                    <lemma type="that"/>
                    <dep head="11-11" type="mark"/>
                </token>
                <token content="it" id="11-10">
                    <pos type="PRP"/>
                    <lemma type="it"/>
                    <dep head="11-11" type="nsubj"/>
                </token>
                <token content="looked" id="11-11">
                    <pos type="VBD"/>
                    <lemma type="look"/>
                    <dep head="11-7" type="ccomp"/>
                </token>
                <token content="great" id="11-12">
                    <pos type="JJ"/>
                    <lemma type="great"/>
                    <dep head="11-11" type="acomp"/>
                </token>
                <token content="and" id="11-13"/>
                <token content="that" id="11-14">
                    <pos type="IN"/>
                    <lemma type="that"/>
                </token>
                <token content="I" id="11-15">
                    <pos type="PRP"/>
                    <lemma type="I"/>
                </token>
                <token content="was" id="11-16">
                    <pos type="VBD"/>
                    <lemma type="be"/>
                </token>
                <token content="very" id="11-17">
                    <pos type="RB"/>
                    <lemma type="very"/>
                </token>
                <token content="happy" id="11-18">
                    <pos type="JJ"/>
                    <lemma type="happy"/>
                    <dep head="11-11" type="conj"/>
                </token>
                <token content="with" id="11-19"/>
                <token content="it" id="11-20">
                    <pos type="PRP"/>
                    <lemma type="it"/>
                </token>
                <token content="." id="11-21"/>
            </sentence>
            <sentence id="12">
                <token content="She" id="12-1">
                    <pos type="PRP"/>
                    <lemma type="she"/>
                    <dep head="12-2" type="nsubj"/>
                </token>
                <token content="brushed" id="12-2">
                    <pos type="VBD"/>
                    <lemma type="brush"/>
                </token>
                <token content="the" id="12-3">
                    <pos type="DT"/>
                    <lemma type="the"/>
                </token>
                <token content="hair" id="12-4">
                    <pos type="NN"/>
                    <lemma type="hair"/>
                    <dep head="12-5" type="nsubj"/>
                </token>
                <token content="snips" id="12-5">
                    <pos type="VBZ"/>
                    <lemma type="snip"/>
                    <dep head="12-2" type="ccomp"/>
                </token>
                <token content="off" id="12-6"/>
                <token content="of" id="12-7"/>
                <token content="the" id="12-8">
                    <pos type="DT"/>
                    <lemma type="the"/>
                </token>
                <token content="cape" id="12-9">
                    <pos type="NN"/>
                    <lemma type="cape"/>
                    <dep head="12-5" type="prep"/>
                </token>
                <token content="and" id="12-10"/>
                <token content="removed" id="12-11">
                    <pos type="VBD"/>
                    <lemma type="remove"/>
                    <dep head="12-5" type="conj"/>
                </token>
                <token content="it" id="12-12">
                    <pos type="PRP"/>
                    <lemma type="it"/>
                    <dep head="12-11" type="dobj"/>
                </token>
                <token content="." id="12-13"/>
            </sentence>
            <sentence id="13">
                <token content="I" id="13-1">
                    <pos type="PRP"/>
                    <lemma type="I"/>
                    <dep head="13-2" type="nsubj"/>
                </token>
                <token content="thanked" id="13-2">
                    <pos type="VBD"/>
                    <lemma type="thank"/>
                </token>
                <token content="her" id="13-3">
                    <pos type="PRP"/>
                    <lemma type="she"/>
                    <dep head="13-2" type="dobj"/>
                </token>
                <token content="and" id="13-4"/>
                <token content="went" id="13-5">
                    <pos type="VBD"/>
                    <lemma type="go"/>
                    <dep head="13-2" type="conj"/>
                </token>
                <token content="back" id="13-6">
                    <pos type="RP"/>
                    <lemma type="back"/>
                    <dep head="13-5" type="prt"/>
                </token>
                <token content="to" id="13-7"/>
                <token content="the" id="13-8">
                    <pos type="DT"/>
                    <lemma type="the"/>
                </token>
                <token content="desk" id="13-9">
                    <pos type="NN"/>
                    <lemma type="desk"/>
                    <dep head="13-5" type="prep"/>
                </token>
                <token content="at" id="13-10"/>
                <token content="the" id="13-11">
                    <pos type="DT"/>
                    <lemma type="the"/>
                </token>
                <token content="front" id="13-12">
                    <pos type="NN"/>
                    <lemma type="front"/>
                </token>
                <token content="to" id="13-13">
                    <pos type="TO"/>
                    <lemma type="to"/>
                    <dep head="13-14" type="aux"/>
                </token>
                <token content="pay" id="13-14">
                    <pos type="VB"/>
                    <lemma type="pay"/>
                    <dep head="13-5" type="xcomp"/>
                </token>
                <token content="." id="13-15"/>
            </sentence>
        </sentences>
    </text>
    <annotations>
        <participants>
            <label from="1-1" id="0" name="ScrPart_customer" text="I" type="participant"/>
            <label from="1-5" id="1" name="ScrPart_appointment" text="appointment" type="participant"/>
            <label from="1-7" id="2" name="ScrPart_customer" text="my" type="participant"/>
            <label from="1-9" id="3" name="ScrPart_salon" text="salon" type="participant"/>
            <label from="1-13" id="4" name="ScrPart_time/date" text="month" type="participant"/>
            <label from="1-16" id="5" name="ScrPart_customer" text="my" type="participant"/>
            <label from="1-18" id="6" name="ScrPart_hairdresser" text="stylist" type="participant"/>
            <label from="2-1" id="7" name="ScrPart_customer" text="I" type="participant"/>
            <label from="2-6" id="8" name="NPart" text="schedule" type="participant"/>
            <label from="2-9" id="9" name="ScrPart_customer" text="my" type="participant"/>
            <label from="2-10" id="10" name="ScrPart_hair" text="hair" type="participant"/>
            <label from="2-15" id="11" name="ScrPart_time/date" text="month" type="participant"/>
            <label from="2-19" id="12" name="ScrPart_time/date" text="time" type="participant"/>
            <label from="3-1" id="13" name="ScrPart_customer" text="I" type="participant"/>
            <label from="3-3" id="14" name="ScrPart_salon" text="inside" type="participant"/>
            <label from="3-7" id="15" name="ScrPart_staff" text="girl" type="participant"/>
            <label from="3-10" id="16" name="ScrPart_check_in_desk" text="desk" type="participant"/>
            <label from="3-12" id="17" name="ScrPart_customer" text="I" type="participant"/>
            <label from="3-16" id="18" name="ScrPart_customer" text="I" type="participant"/>
            <label from="3-20" id="19" name="ScrPart_appointment" text="appointment" type="participant"/>
            <label from="4-1" id="20" name="ScrPart_staff" text="She" type="participant"/>
            <label from="4-3" id="21" name="No_label" text="it" type="participant"/>
            <label from="4-7" id="22" name="ScrPart_customer" text="me" type="participant"/>
            <label from="4-9" id="23" name="ScrPart_customer" text="I" type="participant"/>
            <label from="4-13" id="24" name="SuppVComp" text="seat" type="participant"/>
            <label from="4-16" id="25" name="ScrPart_customer" text="my" type="participant"/>
            <label from="4-18" id="26" name="ScrPart_hairdresser" text="stylist" type="participant"/>
            <label from="4-22" id="27" name="ScrPart_hairdresser" text="her" type="participant"/>
            <label from="4-24" id="28" name="ScrPart_customer" text="client" type="participant"/>
            <label from="5-1" id="29" name="ScrPart_customer" text="I" type="participant"/>
            <label from="5-4" id="30" name="ScrPart_time/date" text="time" type="participant"/>
            <label from="5-16" id="31" name="ScrPart_entertainment" text="radio station" to="5-17" type="participant"/>
            <label from="5-17" id="32" name="ScrPart_entertainment" text="station" type="participant"/>
            <label from="5-24" id="33" name="NPart" text="speakers" type="participant"/>
            <label from="5-27" id="34" name="ScrPart_salon" text="salon" type="participant"/>
            <label from="6-2" id="35" name="ScrPart_staff" text="girl" type="participant"/>
            <label from="6-5" id="36" name="ScrPart_check_in_desk" text="desk" type="participant"/>
            <label from="6-7" id="37" name="ScrPart_customer" text="me" type="participant"/>
            <label from="6-10" id="38" name="ScrPart_customer" text="I" type="participant"/>
            <label from="6-15" id="39" name="ScrPart_customer" text="my" type="participant"/>
            <label from="6-16" id="40" name="ScrPart_hairdresser" text="stylist" type="participant"/>
            <label from="6-18" id="41" name="ScrPart_location_salon" text="station" type="participant"/>
            <label from="7-1" id="42" name="ScrPart_hairdresser" text="She" type="participant"/>
            <label from="7-5" id="43" name="SuppVComp" text="small talk" to="7-6" type="participant"/>
            <label from="7-6" id="44" name="SuppVComp" text="talk" type="participant"/>
            <label from="7-8" id="45" name="ScrPart_hairdresser" text="she" type="participant"/>
            <label from="7-11" id="46" name="ScrPart_cape" text="cape" type="participant"/>
            <label from="7-13" id="47" name="ScrPart_customer" text="my" type="participant"/>
            <label from="7-14" id="48" name="NPart" text="shoulders" type="participant"/>
            <label from="7-19" id="49" name="ScrPart_hair" text="hairs" type="participant"/>
            <label from="8-1" id="50" name="ScrPart_customer" text="I" type="participant"/>
            <label from="8-3" id="51" name="ScrPart_hairdresser" text="her" type="participant"/>
            <label from="8-5" id="52" name="ScrPart_customer" text="I" type="participant"/>
            <label from="8-8" id="53" name="ScrPart_customer" text="my" type="participant"/>
            <label from="8-9" id="54" name="ScrPart_hair" text="hair" type="participant"/>
            <label from="8-12" id="55" name="ScrPart_hairdresser" text="she" type="participant"/>
            <label from="8-15" id="56" name="SuppVComp" text="work" type="participant"/>
            <label from="9-1" id="57" name="ScrPart_hairdresser" text="She" type="participant"/>
            <label from="9-4" id="58" name="NPart" text="bit" type="participant"/>
            <label from="9-8" id="59" name="ScrPart_customer" text="I" type="participant"/>
            <label from="9-11" id="60" name="SuppVComp" text="conversation" type="participant"/>
            <label from="9-13" id="61" name="ScrPart_hairdresser" text="her" type="participant"/>
            <label from="10-1" id="62" name="ScrPart_hairdresser" text="She" type="participant"/>
            <label from="10-6" id="63" name="ScrPart_scissors" text="scissors" type="participant"/>
            <label from="10-11" id="64" name="ScrPart_comb" text="comb" type="participant"/>
            <label from="10-14" id="65" name="ScrPart_customer" text="my" type="participant"/>
            <label from="10-15" id="66" name="ScrPart_hair" text="hair" type="participant"/>
            <label from="10-19" id="67" name="ScrPart_other" text="layers" type="participant"/>
            <label from="11-2" id="68" name="ScrPart_hairdresser" text="she" type="participant"/>
            <label from="11-6" id="69" name="ScrPart_customer" text="I" type="participant"/>
            <label from="11-8" id="70" name="ScrPart_hairdresser" text="her" type="participant"/>
            <label from="11-10" id="71" name="ScrPart_hair" text="it" type="participant"/>
            <label from="11-15" id="72" name="ScrPart_customer" text="I" type="participant"/>
            <label from="11-20" id="73" name="ScrPart_hair" text="it" type="participant"/>
            <label from="12-1" id="74" name="ScrPart_hairdresser" text="She" type="participant"/>
            <label from="12-4" id="75" name="ScrPart_hair" text="hair snips" to="12-5" type="participant"/>
            <label from="12-5" id="76" name="ScrPart_hair" text="snips" type="participant"/>
            <label from="12-9" id="77" name="ScrPart_cape" text="cape" type="participant"/>
            <label from="12-12" id="78" name="ScrPart_cape" text="it" type="participant"/>
            <label from="13-1" id="79" name="ScrPart_customer" text="I" type="participant"/>
            <label from="13-3" id="80" name="ScrPart_hairdresser" text="her" type="participant"/>
            <label from="13-9" id="81" name="ScrPart_check_in_desk" text="desk" type="participant"/>
            <label from="13-12" id="82" name="ScrPart_location_salon" text="front" type="participant"/>
        </participants>
        <events>
            <label from="1-3" id="83" name="ScrEv_make_appointment" text="made" type="event"/>
            <label from="1-17" id="84" name="UnrelEv" text="preferred" type="event"/>
            <label from="2-3" id="85" name="UnrelEv" text="keep" type="event"/>
            <label from="2-8" id="86" name="Evoking" text="getting my hair trimmed up" to="2-12" type="event"/>
            <label from="2-20" id="87" name="UnrelEv" text="was" type="event"/>
            <label from="3-2" id="88" name="ScrEv_enter" text="got" type="event"/>
            <label from="3-5" id="89" name="ScrEv_check_in" text="informed" type="event"/>
            <label from="3-13" id="90" name="UnrelEv" text="was" type="event"/>
            <label from="3-18" id="91" name="UnrelEv" text="had" type="event"/>
            <label from="4-2" id="92" name="RelNScrEv" text="logged" type="event"/>
            <label from="4-6" id="93" name="RelNScrEv" text="told" type="event"/>
            <label from="4-11" id="94" name="ScrEv_wait" text="have" type="event"/>
            <label from="4-17" id="95" name="UnrelEv" text="preferred" type="event"/>
            <label from="4-19" id="96" name="RelNScrEv" text="finished up" to="4-20" type="event"/>
            <label from="4-19" id="97" name="RelNScrEv" text="finished" type="event"/>
            <label from="5-2" id="98" name="UnrelEv" text="used" type="event"/>
            <label from="5-6" id="99" name="UnrelEv" text="catch up" to="5-7" type="event"/>
            <label from="5-6" id="100" name="UnrelEv" text="catch" type="event"/>
            <label from="5-11" id="101" name="UnrelEv" text="reading" type="event"/>
            <label from="5-13" id="102" name="UnrelEv" text="listening" type="event"/>
            <label from="5-21" id="103" name="UnrelEv" text="played" type="event"/>
            <label from="6-6" id="104" name="UnrelEv" text="let" type="event"/>
            <label from="6-8" id="105" name="UnrelEv" text="know" type="event"/>
            <label from="6-13" id="106" name="ScrEv_sit_down" text="seated" type="event"/>
            <label from="7-2" id="107" name="UnrelEv" text="started" type="event"/>
            <label from="7-4" id="108" name="ScrEv_small_talk" text="make" type="event"/>
            <label from="7-9" id="109" name="ScrEv_put_on_cape" text="put" type="event"/>
            <label from="7-16" id="110" name="RelNScrEv" text="catch" type="event"/>
            <label from="7-18" id="111" name="ScrEv_cut" text="trimmed" type="event"/>
            <label from="8-2" id="112" name="ScrEv_talk_haircut" text="told" type="event"/>
            <label from="8-7" id="113" name="ScrEv_talk_haircut" text="needed" type="event"/>
            <label from="8-10" id="114" name="RelNScrEv" text="reshaped" type="event"/>
            <label from="8-13" id="115" name="RelNScrEv" text="got" type="event"/>
            <label from="9-2" id="116" name="ScrEv_small_talk" text="chats" type="event"/>
            <label from="9-6" id="117" name="RelNScrEv" text="working" type="event"/>
            <label from="9-9" id="118" name="ScrEv_small_talk" text="made" type="event"/>
            <label from="10-2" id="119" name="ScrEv_cut" text="snipped" type="event"/>
            <label from="10-8" id="120" name="RelNScrEv" text="used" type="event"/>
            <label from="10-13" id="121" name="RelNScrEv" text="part" type="event"/>
            <label from="10-17" id="122" name="RelNScrEv" text="fix" type="event"/>
            <label from="11-4" id="123" name="RelNScrEv" text="done" type="event"/>
            <label from="11-7" id="124" name="ScrEv_customer_opinion" text="told her" to="11-8" type="event"/>
            <label from="11-11" id="125" name="RelNScrEv" text="looked" type="event"/>
            <label from="11-16" id="126" name="ScrEv_customer_opinion" text="was" type="event"/>
            <label from="12-2" id="127" name="ScrEv_brush_hair" text="brushed" type="event"/>
            <label from="12-11" id="128" name="ScrEv_remove_cap" text="removed" type="event"/>
            <label from="13-2" id="129" name="RelNScrEv" text="thanked" type="event"/>
            <label from="13-5" id="130" name="UnrelEv" text="went back" to="13-6" type="event"/>
            <label from="13-5" id="131" name="UnrelEv" text="went" type="event"/>
            <label from="13-14" id="132" name="ScrEv_pay" text="pay" type="event"/>
        </events>
        <chains>
            <chain elements="0 2 5 7 9 13 17 18 22 23 25 29 37 38 39 47 50 52 53 59 65 69 72 79"/>
            <chain elements="1 19"/>
            <chain elements="15 20 35"/>
            <chain elements="6 26 27 40 42 45 51 55 57 61 62 68 70 74 80"/>
            <chain elements="16 36 81"/>
            <chain elements="10 49 54 66 71 73 76"/>
            <chain elements="46 77 78"/>
        </chains>
    </annotations>
</story>
