<?xml version="1.0" encoding="UTF-8" standalone="no"?>
<!DOCTYPE story SYSTEM "../InScript.dtd">
<story id="023" scenario="haircut">
    <text>
        <content>Last week , I went to one of my favorite hairstylists after trying to get an appointment with her for over a month . 
She 's very in demand and it is hard to get an appointment with her . 
After finally getting one , I was very happy to be able to see her as my hair had gotten a bit too long for my tastes . 
When I got there , she started with a very gentle shampooing and scalp massage . 
She also gave me a beer to have while this was happening . 
Afterwards she did some aromatherapy and walked me back over to her chair where she cut my hair . 
She knows me well as I go to her fairly often when I feel like spending good money on a haircut , so it turned out great ! 
Afterwards , I thanked her and made sure to leave her a nice tip for her good work . 
Finally , I left and went home . </content>
        <sentences>
            <sentence id="1">
                <token content="Last" id="1-1">
                    <pos type="JJ"/>
                    <lemma type="last"/>
                </token>
                <token content="week" id="1-2">
                    <pos type="NN"/>
                    <lemma type="week"/>
                    <dep head="1-5" type="tmod"/>
                </token>
                <token content="," id="1-3"/>
                <token content="I" id="1-4">
                    <pos type="PRP"/>
                    <lemma type="I"/>
                    <dep head="1-5" type="nsubj"/>
                </token>
                <token content="went" id="1-5">
                    <pos type="VBD"/>
                    <lemma type="go"/>
                </token>
                <token content="to" id="1-6"/>
                <token content="one" id="1-7">
                    <pos type="CD"/>
                    <lemma type="one"/>
                    <dep head="1-5" type="prep"/>
                </token>
                <token content="of" id="1-8"/>
                <token content="my" id="1-9">
                    <pos type="PRP$"/>
                    <lemma type="my"/>
                </token>
                <token content="favorite" id="1-10">
                    <pos type="JJ"/>
                    <lemma type="favorite"/>
                </token>
                <token content="hairstylists" id="1-11">
                    <pos type="NNS"/>
                    <lemma type="hairstylist"/>
                </token>
                <token content="after" id="1-12"/>
                <token content="trying" id="1-13">
                    <pos type="VBG"/>
                    <lemma type="try"/>
                    <dep head="1-5" type="prepc"/>
                </token>
                <token content="to" id="1-14">
                    <pos type="TO"/>
                    <lemma type="to"/>
                    <dep head="1-15" type="aux"/>
                </token>
                <token content="get" id="1-15">
                    <pos type="VB"/>
                    <lemma type="get"/>
                    <dep head="1-13" type="xcomp"/>
                </token>
                <token content="an" id="1-16">
                    <pos type="DT"/>
                    <lemma type="a"/>
                </token>
                <token content="appointment" id="1-17">
                    <pos type="NN"/>
                    <lemma type="appointment"/>
                    <dep head="1-15" type="dobj"/>
                </token>
                <token content="with" id="1-18"/>
                <token content="her" id="1-19">
                    <pos type="PRP"/>
                    <lemma type="she"/>
                </token>
                <token content="for" id="1-20">
                    <pos type="IN"/>
                    <lemma type="for"/>
                    <dep head="1-15" type="prep"/>
                </token>
                <token content="over" id="1-21">
                    <pos type="IN"/>
                    <lemma type="over"/>
                </token>
                <token content="a" id="1-22">
                    <pos type="DT"/>
                    <lemma type="a"/>
                </token>
                <token content="month" id="1-23">
                    <pos type="NN"/>
                    <lemma type="month"/>
                </token>
                <token content="." id="1-24"/>
            </sentence>
            <sentence id="2">
                <token content="She" id="2-1">
                    <pos type="PRP"/>
                    <lemma type="she"/>
                </token>
                <token content="'s" id="2-2">
                    <pos type="VBZ"/>
                    <lemma type="be"/>
                </token>
                <token content="very" id="2-3">
                    <pos type="RB"/>
                    <lemma type="very"/>
                </token>
                <token content="in" id="2-4"/>
                <token content="demand" id="2-5">
                    <pos type="NN"/>
                    <lemma type="demand"/>
                </token>
                <token content="and" id="2-6"/>
                <token content="it" id="2-7">
                    <pos type="PRP"/>
                    <lemma type="it"/>
                </token>
                <token content="is" id="2-8">
                    <pos type="VBZ"/>
                    <lemma type="be"/>
                </token>
                <token content="hard" id="2-9">
                    <pos type="JJ"/>
                    <lemma type="hard"/>
                </token>
                <token content="to" id="2-10">
                    <pos type="TO"/>
                    <lemma type="to"/>
                    <dep head="2-11" type="aux"/>
                </token>
                <token content="get" id="2-11">
                    <pos type="VB"/>
                    <lemma type="get"/>
                </token>
                <token content="an" id="2-12">
                    <pos type="DT"/>
                    <lemma type="a"/>
                </token>
                <token content="appointment" id="2-13">
                    <pos type="NN"/>
                    <lemma type="appointment"/>
                    <dep head="2-11" type="dobj"/>
                </token>
                <token content="with" id="2-14"/>
                <token content="her" id="2-15">
                    <pos type="PRP"/>
                    <lemma type="she"/>
                    <dep head="2-11" type="prep"/>
                </token>
                <token content="." id="2-16"/>
            </sentence>
            <sentence id="3">
                <token content="After" id="3-1"/>
                <token content="finally" id="3-2">
                    <pos type="RB"/>
                    <lemma type="finally"/>
                    <dep head="3-3" type="advmod"/>
                </token>
                <token content="getting" id="3-3">
                    <pos type="VBG"/>
                    <lemma type="get"/>
                </token>
                <token content="one" id="3-4">
                    <pos type="CD"/>
                    <lemma type="one"/>
                    <dep head="3-3" type="dobj"/>
                </token>
                <token content="," id="3-5"/>
                <token content="I" id="3-6">
                    <pos type="PRP"/>
                    <lemma type="I"/>
                </token>
                <token content="was" id="3-7">
                    <pos type="VBD"/>
                    <lemma type="be"/>
                </token>
                <token content="very" id="3-8">
                    <pos type="RB"/>
                    <lemma type="very"/>
                </token>
                <token content="happy" id="3-9">
                    <pos type="JJ"/>
                    <lemma type="happy"/>
                </token>
                <token content="to" id="3-10">
                    <pos type="TO"/>
                    <lemma type="to"/>
                </token>
                <token content="be" id="3-11">
                    <pos type="VB"/>
                    <lemma type="be"/>
                </token>
                <token content="able" id="3-12">
                    <pos type="JJ"/>
                    <lemma type="able"/>
                </token>
                <token content="to" id="3-13">
                    <pos type="TO"/>
                    <lemma type="to"/>
                    <dep head="3-14" type="aux"/>
                </token>
                <token content="see" id="3-14">
                    <pos type="VB"/>
                    <lemma type="see"/>
                </token>
                <token content="her" id="3-15">
                    <pos type="PRP"/>
                    <lemma type="she"/>
                    <dep head="3-14" type="dobj"/>
                </token>
                <token content="as" id="3-16">
                    <pos type="IN"/>
                    <lemma type="as"/>
                </token>
                <token content="my" id="3-17">
                    <pos type="PRP$"/>
                    <lemma type="my"/>
                </token>
                <token content="hair" id="3-18">
                    <pos type="NN"/>
                    <lemma type="hair"/>
                </token>
                <token content="had" id="3-19">
                    <pos type="VBD"/>
                    <lemma type="have"/>
                </token>
                <token content="gotten" id="3-20">
                    <pos type="VBN"/>
                    <lemma type="get"/>
                </token>
                <token content="a" id="3-21">
                    <pos type="DT"/>
                    <lemma type="a"/>
                </token>
                <token content="bit" id="3-22">
                    <pos type="RB"/>
                    <lemma type="bit"/>
                </token>
                <token content="too" id="3-23">
                    <pos type="RB"/>
                    <lemma type="too"/>
                </token>
                <token content="long" id="3-24">
                    <pos type="JJ"/>
                    <lemma type="long"/>
                    <dep head="3-14" type="advcl"/>
                </token>
                <token content="for" id="3-25"/>
                <token content="my" id="3-26">
                    <pos type="PRP$"/>
                    <lemma type="my"/>
                </token>
                <token content="tastes" id="3-27">
                    <pos type="NNS"/>
                    <lemma type="taste"/>
                </token>
                <token content="." id="3-28"/>
            </sentence>
            <sentence id="4">
                <token content="When" id="4-1">
                    <pos type="WRB"/>
                    <lemma type="when"/>
                    <dep head="4-3" type="advmod"/>
                </token>
                <token content="I" id="4-2">
                    <pos type="PRP"/>
                    <lemma type="I"/>
                    <dep head="4-3" type="nsubj"/>
                </token>
                <token content="got" id="4-3">
                    <pos type="VBD"/>
                    <lemma type="get"/>
                    <dep head="4-7" type="advcl"/>
                </token>
                <token content="there" id="4-4">
                    <pos type="RB"/>
                    <lemma type="there"/>
                    <dep head="4-3" type="advmod"/>
                </token>
                <token content="," id="4-5"/>
                <token content="she" id="4-6">
                    <pos type="PRP"/>
                    <lemma type="she"/>
                    <dep head="4-7" type="nsubj"/>
                </token>
                <token content="started" id="4-7">
                    <pos type="VBD"/>
                    <lemma type="start"/>
                </token>
                <token content="with" id="4-8"/>
                <token content="a" id="4-9">
                    <pos type="DT"/>
                    <lemma type="a"/>
                </token>
                <token content="very" id="4-10">
                    <pos type="RB"/>
                    <lemma type="very"/>
                </token>
                <token content="gentle" id="4-11">
                    <pos type="JJ"/>
                    <lemma type="gentle"/>
                </token>
                <token content="shampooing" id="4-12">
                    <pos type="NN"/>
                    <lemma type="shampooing"/>
                    <dep head="4-7" type="prep"/>
                </token>
                <token content="and" id="4-13"/>
                <token content="scalp" id="4-14">
                    <pos type="NN"/>
                    <lemma type="scalp"/>
                </token>
                <token content="massage" id="4-15">
                    <pos type="NN"/>
                    <lemma type="massage"/>
                </token>
                <token content="." id="4-16"/>
            </sentence>
            <sentence id="5">
                <token content="She" id="5-1">
                    <pos type="PRP"/>
                    <lemma type="she"/>
                    <dep head="5-3" type="nsubj"/>
                </token>
                <token content="also" id="5-2">
                    <pos type="RB"/>
                    <lemma type="also"/>
                    <dep head="5-3" type="advmod"/>
                </token>
                <token content="gave" id="5-3">
                    <pos type="VBD"/>
                    <lemma type="give"/>
                </token>
                <token content="me" id="5-4">
                    <pos type="PRP"/>
                    <lemma type="I"/>
                    <dep head="5-3" type="iobj"/>
                </token>
                <token content="a" id="5-5">
                    <pos type="DT"/>
                    <lemma type="a"/>
                </token>
                <token content="beer" id="5-6">
                    <pos type="NN"/>
                    <lemma type="beer"/>
                    <dep head="5-3" type="dobj"/>
                </token>
                <token content="to" id="5-7">
                    <pos type="TO"/>
                    <lemma type="to"/>
                    <dep head="5-8" type="aux"/>
                </token>
                <token content="have" id="5-8">
                    <pos type="VB"/>
                    <lemma type="have"/>
                </token>
                <token content="while" id="5-9">
                    <pos type="IN"/>
                    <lemma type="while"/>
                    <dep head="5-12" type="mark"/>
                </token>
                <token content="this" id="5-10">
                    <pos type="DT"/>
                    <lemma type="this"/>
                    <dep head="5-12" type="nsubj"/>
                </token>
                <token content="was" id="5-11">
                    <pos type="VBD"/>
                    <lemma type="be"/>
                    <dep head="5-12" type="aux"/>
                </token>
                <token content="happening" id="5-12">
                    <pos type="VBG"/>
                    <lemma type="happen"/>
                    <dep head="5-8" type="advcl"/>
                </token>
                <token content="." id="5-13"/>
            </sentence>
            <sentence id="6">
                <token content="Afterwards" id="6-1">
                    <pos type="RB"/>
                    <lemma type="afterwards"/>
                    <dep head="6-3" type="advmod"/>
                </token>
                <token content="she" id="6-2">
                    <pos type="PRP"/>
                    <lemma type="she"/>
                    <dep head="6-3" type="nsubj"/>
                </token>
                <token content="did" id="6-3">
                    <pos type="VBD"/>
                    <lemma type="do"/>
                </token>
                <token content="some" id="6-4">
                    <pos type="DT"/>
                    <lemma type="some"/>
                </token>
                <token content="aromatherapy" id="6-5">
                    <pos type="NN"/>
                    <lemma type="aromatherapy"/>
                    <dep head="6-3" type="dobj"/>
                </token>
                <token content="and" id="6-6"/>
                <token content="walked" id="6-7">
                    <pos type="VBD"/>
                    <lemma type="walk"/>
                    <dep head="6-3" type="conj"/>
                </token>
                <token content="me" id="6-8">
                    <pos type="PRP"/>
                    <lemma type="I"/>
                    <dep head="6-7" type="dobj"/>
                </token>
                <token content="back" id="6-9">
                    <pos type="RB"/>
                    <lemma type="back"/>
                </token>
                <token content="over" id="6-10">
                    <pos type="RB"/>
                    <lemma type="over"/>
                    <dep head="6-7" type="advmod"/>
                </token>
                <token content="to" id="6-11"/>
                <token content="her" id="6-12">
                    <pos type="PRP$"/>
                    <lemma type="she"/>
                </token>
                <token content="chair" id="6-13">
                    <pos type="NN"/>
                    <lemma type="chair"/>
                </token>
                <token content="where" id="6-14">
                    <pos type="WRB"/>
                    <lemma type="where"/>
                    <dep head="6-16" type="advmod"/>
                </token>
                <token content="she" id="6-15">
                    <pos type="PRP"/>
                    <lemma type="she"/>
                    <dep head="6-16" type="nsubj"/>
                </token>
                <token content="cut" id="6-16">
                    <pos type="VBD"/>
                    <lemma type="cut"/>
                    <dep head="6-7" type="advcl"/>
                </token>
                <token content="my" id="6-17">
                    <pos type="PRP$"/>
                    <lemma type="my"/>
                </token>
                <token content="hair" id="6-18">
                    <pos type="NN"/>
                    <lemma type="hair"/>
                    <dep head="6-16" type="dobj"/>
                </token>
                <token content="." id="6-19"/>
            </sentence>
            <sentence id="7">
                <token content="She" id="7-1">
                    <pos type="PRP"/>
                    <lemma type="she"/>
                    <dep head="7-2" type="nsubj"/>
                </token>
                <token content="knows" id="7-2">
                    <pos type="VBZ"/>
                    <lemma type="know"/>
                </token>
                <token content="me" id="7-3">
                    <pos type="PRP"/>
                    <lemma type="I"/>
                    <dep head="7-2" type="dobj"/>
                </token>
                <token content="well" id="7-4">
                    <pos type="RB"/>
                    <lemma type="well"/>
                    <dep head="7-2" type="advmod"/>
                </token>
                <token content="as" id="7-5">
                    <pos type="IN"/>
                    <lemma type="as"/>
                    <dep head="7-7" type="mark"/>
                </token>
                <token content="I" id="7-6">
                    <pos type="PRP"/>
                    <lemma type="I"/>
                    <dep head="7-7" type="nsubj"/>
                </token>
                <token content="go" id="7-7">
                    <pos type="VBP"/>
                    <lemma type="go"/>
                    <dep head="7-2" type="advcl"/>
                </token>
                <token content="to" id="7-8"/>
                <token content="her" id="7-9">
                    <pos type="PRP"/>
                    <lemma type="she"/>
                    <dep head="7-7" type="prep"/>
                </token>
                <token content="fairly" id="7-10">
                    <pos type="RB"/>
                    <lemma type="fairly"/>
                </token>
                <token content="often" id="7-11">
                    <pos type="RB"/>
                    <lemma type="often"/>
                    <dep head="7-7" type="advmod"/>
                </token>
                <token content="when" id="7-12">
                    <pos type="WRB"/>
                    <lemma type="when"/>
                    <dep head="7-14" type="advmod"/>
                </token>
                <token content="I" id="7-13">
                    <pos type="PRP"/>
                    <lemma type="I"/>
                    <dep head="7-14" type="nsubj"/>
                </token>
                <token content="feel" id="7-14">
                    <pos type="VBP"/>
                    <lemma type="feel"/>
                </token>
                <token content="like" id="7-15"/>
                <token content="spending" id="7-16">
                    <pos type="VBG"/>
                    <lemma type="spend"/>
                    <dep head="7-14" type="prepc"/>
                </token>
                <token content="good" id="7-17">
                    <pos type="JJ"/>
                    <lemma type="good"/>
                </token>
                <token content="money" id="7-18">
                    <pos type="NN"/>
                    <lemma type="money"/>
                    <dep head="7-16" type="dobj"/>
                </token>
                <token content="on" id="7-19"/>
                <token content="a" id="7-20">
                    <pos type="DT"/>
                    <lemma type="a"/>
                </token>
                <token content="haircut" id="7-21">
                    <pos type="NN"/>
                    <lemma type="haircut"/>
                    <dep head="7-16" type="prep"/>
                </token>
                <token content="," id="7-22"/>
                <token content="so" id="7-23">
                    <pos type="IN"/>
                    <lemma type="so"/>
                    <dep head="7-2" type="dep"/>
                </token>
                <token content="it" id="7-24">
                    <pos type="PRP"/>
                    <lemma type="it"/>
                    <dep head="7-25" type="nsubj"/>
                </token>
                <token content="turned" id="7-25">
                    <pos type="VBD"/>
                    <lemma type="turn"/>
                    <dep head="7-2" type="parataxis"/>
                </token>
                <token content="out" id="7-26">
                    <pos type="RP"/>
                    <lemma type="out"/>
                    <dep head="7-25" type="prt"/>
                </token>
                <token content="great" id="7-27">
                    <pos type="JJ"/>
                    <lemma type="great"/>
                    <dep head="7-25" type="dep"/>
                </token>
                <token content="!" id="7-28"/>
            </sentence>
            <sentence id="8">
                <token content="Afterwards" id="8-1">
                    <pos type="RB"/>
                    <lemma type="afterwards"/>
                    <dep head="8-4" type="advmod"/>
                </token>
                <token content="," id="8-2"/>
                <token content="I" id="8-3">
                    <pos type="PRP"/>
                    <lemma type="I"/>
                    <dep head="8-4" type="nsubj"/>
                </token>
                <token content="thanked" id="8-4">
                    <pos type="VBD"/>
                    <lemma type="thank"/>
                </token>
                <token content="her" id="8-5">
                    <pos type="PRP"/>
                    <lemma type="she"/>
                    <dep head="8-4" type="dobj"/>
                </token>
                <token content="and" id="8-6"/>
                <token content="made" id="8-7">
                    <pos type="VBD"/>
                    <lemma type="make"/>
                    <dep head="8-4" type="conj"/>
                </token>
                <token content="sure" id="8-8">
                    <pos type="JJ"/>
                    <lemma type="sure"/>
                    <dep head="8-7" type="acomp"/>
                </token>
                <token content="to" id="8-9">
                    <pos type="TO"/>
                    <lemma type="to"/>
                    <dep head="8-10" type="aux"/>
                </token>
                <token content="leave" id="8-10">
                    <pos type="VB"/>
                    <lemma type="leave"/>
                </token>
                <token content="her" id="8-11">
                    <pos type="PRP"/>
                    <lemma type="she"/>
                    <dep head="8-10" type="iobj"/>
                </token>
                <token content="a" id="8-12">
                    <pos type="DT"/>
                    <lemma type="a"/>
                </token>
                <token content="nice" id="8-13">
                    <pos type="JJ"/>
                    <lemma type="nice"/>
                </token>
                <token content="tip" id="8-14">
                    <pos type="NN"/>
                    <lemma type="tip"/>
                    <dep head="8-10" type="dobj"/>
                </token>
                <token content="for" id="8-15"/>
                <token content="her" id="8-16">
                    <pos type="PRP$"/>
                    <lemma type="she"/>
                </token>
                <token content="good" id="8-17">
                    <pos type="JJ"/>
                    <lemma type="good"/>
                </token>
                <token content="work" id="8-18">
                    <pos type="NN"/>
                    <lemma type="work"/>
                </token>
                <token content="." id="8-19"/>
            </sentence>
            <sentence id="9">
                <token content="Finally" id="9-1">
                    <pos type="RB"/>
                    <lemma type="finally"/>
                    <dep head="9-4" type="advmod"/>
                </token>
                <token content="," id="9-2"/>
                <token content="I" id="9-3">
                    <pos type="PRP"/>
                    <lemma type="I"/>
                    <dep head="9-4" type="nsubj"/>
                </token>
                <token content="left" id="9-4">
                    <pos type="VBD"/>
                    <lemma type="leave"/>
                </token>
                <token content="and" id="9-5"/>
                <token content="went" id="9-6">
                    <pos type="VBD"/>
                    <lemma type="go"/>
                    <dep head="9-4" type="conj"/>
                </token>
                <token content="home" id="9-7">
                    <pos type="NN"/>
                    <lemma type="home"/>
                    <dep head="9-6" type="dobj"/>
                </token>
                <token content="." id="9-8"/>
            </sentence>
        </sentences>
    </text>
    <annotations>
        <participants>
            <label from="1-2" id="0" name="NPart" text="week" type="participant"/>
            <label from="1-4" id="1" name="ScrPart_customer" text="I" type="participant"/>
            <label from="1-7" id="2" name="ScrPart_hairdresser" text="one" type="participant"/>
            <label from="1-9" id="3" name="ScrPart_customer" text="my" type="participant"/>
            <label from="1-11" id="4" name="ScrPart_hairdresser" text="hairstylists" type="participant"/>
            <label from="1-17" id="5" name="ScrPart_appointment" text="appointment" type="participant"/>
            <label from="1-19" id="6" name="ScrPart_hairdresser" text="her" type="participant"/>
            <label from="1-23" id="7" name="ScrPart_time/date" text="month" type="participant"/>
            <label from="2-1" id="8" name="ScrPart_hairdresser" text="She" type="participant"/>
            <label from="2-5" id="9" name="No_label" text="demand" type="participant"/>
            <label from="2-7" id="10" name="No_label" text="it" type="participant"/>
            <label from="2-13" id="11" name="ScrPart_appointment" text="appointment" type="participant"/>
            <label from="2-15" id="12" name="ScrPart_hairdresser" text="her" type="participant"/>
            <label from="3-4" id="13" name="ScrPart_appointment" text="one" type="participant"/>
            <label from="3-6" id="14" name="ScrPart_customer" text="I" type="participant"/>
            <label from="3-15" id="15" name="ScrPart_hairdresser" text="her" type="participant"/>
            <label from="3-17" id="16" name="ScrPart_customer" text="my" type="participant"/>
            <label from="3-18" id="17" name="ScrPart_hair" text="hair" type="participant"/>
            <label from="3-22" id="18" name="No_label" text="bit" type="participant"/>
            <label from="3-26" id="19" name="ScrPart_customer" text="my" type="participant"/>
            <label from="3-27" id="20" name="NPart" text="tastes" type="participant"/>
            <label from="4-2" id="21" name="ScrPart_customer" text="I" type="participant"/>
            <label from="4-4" id="22" name="ScrPart_salon" text="there" type="participant"/>
            <label from="4-6" id="23" name="ScrPart_hairdresser" text="she" type="participant"/>
            <label from="5-1" id="24" name="ScrPart_hairdresser" text="She" type="participant"/>
            <label from="5-4" id="25" name="ScrPart_customer" text="me" type="participant"/>
            <label from="5-6" id="26" name="ScrPart_entertainment" text="beer" type="participant"/>
            <label from="6-2" id="27" name="ScrPart_hairdresser" text="she" type="participant"/>
            <label from="6-8" id="28" name="ScrPart_customer" text="me" type="participant"/>
            <label from="6-12" id="29" name="ScrPart_hairdresser" text="her" type="participant"/>
            <label from="6-13" id="30" name="ScrPart_chair" text="chair" type="participant"/>
            <label from="6-15" id="31" name="ScrPart_hairdresser" text="she" type="participant"/>
            <label from="6-17" id="32" name="ScrPart_customer" text="my" type="participant"/>
            <label from="6-18" id="33" name="ScrPart_hair" text="hair" type="participant"/>
            <label from="7-1" id="34" name="ScrPart_hairdresser" text="She" type="participant"/>
            <label from="7-3" id="35" name="ScrPart_customer" text="me" type="participant"/>
            <label from="7-6" id="36" name="ScrPart_customer" text="I" type="participant"/>
            <label from="7-9" id="37" name="ScrPart_hairdresser" text="her" type="participant"/>
            <label from="7-13" id="38" name="ScrPart_customer" text="I" type="participant"/>
            <label from="7-18" id="39" name="ScrPart_payment_means" text="money" type="participant"/>
            <label from="7-21" id="40" name="ScrPart_haircut" text="haircut" type="participant"/>
            <label from="7-24" id="41" name="ScrPart_haircut" text="it" type="participant"/>
            <label from="8-3" id="42" name="ScrPart_customer" text="I" type="participant"/>
            <label from="8-5" id="43" name="ScrPart_hairdresser" text="her" type="participant"/>
            <label from="8-11" id="44" name="ScrPart_hairdresser" text="her" type="participant"/>
            <label from="8-14" id="45" name="ScrPart_tip" text="tip" type="participant"/>
            <label from="8-16" id="46" name="ScrPart_hairdresser" text="her" type="participant"/>
            <label from="8-18" id="47" name="NPart" text="work" type="participant"/>
            <label from="9-3" id="48" name="ScrPart_customer" text="I" type="participant"/>
            <label from="9-7" id="49" name="NPart" text="home" type="participant"/>
        </participants>
        <events>
            <label from="1-5" id="50" name="ScrEv_get_salon" text="went" type="event"/>
            <label from="1-13" id="51" name="UnrelEv" text="trying" type="event"/>
            <label from="1-15" id="52" name="ScrEv_make_appointment" text="get" type="event"/>
            <label from="2-2" id="53" name="UnrelEv" text="'s" type="event"/>
            <label from="2-8" id="54" name="UnrelEv" text="is" type="event"/>
            <label from="2-11" id="55" name="ScrEv_make_appointment" text="get" type="event"/>
            <label from="3-3" id="56" name="ScrEv_make_appointment" text="getting" type="event"/>
            <label from="3-7" id="57" name="UnrelEv" text="was" type="event"/>
            <label from="3-11" id="58" name="UnrelEv" text="be" type="event"/>
            <label from="3-14" id="59" name="UnrelEv" text="see" type="event"/>
            <label from="3-20" id="60" name="UnrelEv" text="gotten" type="event"/>
            <label from="4-3" id="61" name="ScrEv_get_salon" text="got" type="event"/>
            <label from="4-7" id="62" name="UnrelEv" text="started" type="event"/>
            <label from="4-12" id="63" name="ScrEv_wash" text="shampooing" type="event"/>
            <label from="4-14" id="64" name="ScrEv_scalp_massage" text="scalp massage" to="4-15" type="event"/>
            <label from="5-3" id="65" name="UnrelEv" text="gave" type="event"/>
            <label from="5-8" id="66" name="UnrelEv" text="have" type="event"/>
            <label from="5-12" id="67" name="UnrelEv" text="happening" type="event"/>
            <label from="6-3" id="68" name="UnrelEv" text="did" type="event"/>
            <label from="6-7" id="69" name="UnrelEv" text="walked" type="event"/>
            <label from="6-16" id="70" name="ScrEv_cut" text="cut" type="event"/>
            <label from="7-2" id="71" name="UnrelEv" text="knows" type="event"/>
            <label from="7-7" id="72" name="Unclear" text="go" type="event"/>
            <label from="7-14" id="73" name="UnrelEv" text="feel" type="event"/>
            <label from="7-16" id="74" name="UnrelEv" text="spending" type="event"/>
            <label from="7-25" id="75" name="UnrelEv" text="turned out" to="7-26" type="event"/>
            <label from="8-4" id="76" name="RelNScrEv" text="thanked" type="event"/>
            <label from="8-7" id="77" name="UnrelEv" text="made sure" to="8-8" type="event"/>
            <label from="8-10" id="78" name="ScrEv_leave_tip" text="leave" type="event"/>
            <label from="9-4" id="79" name="ScrEv_leave" text="left" type="event"/>
            <label from="9-6" id="80" name="ScrEv_leave" text="went" type="event"/>
        </events>
        <chains>
            <chain elements="1 3 14 16 19 21 25 28 32 35 36 38 42 48"/>
            <chain elements="2 4 6 8 12 15 23 24 27 29 31 34 37 43 44 46"/>
            <chain elements="5 11 13"/>
            <chain elements="17 33"/>
            <chain elements="40 41"/>
        </chains>
    </annotations>
</story>
