<?xml version="1.0" encoding="UTF-8" standalone="no"?>
<!DOCTYPE story SYSTEM "../InScript.dtd">
<story id="090" scenario="haircut">
    <text>
        <content>I have the luxury of having a hairdresser for a mother , but if you were interested in getting a haircut you are in luck as it is quite a simple process ! 
If you have short hair like me feel free to frequent a local chain establishment as they do just as good of a job as the luxury salons . 
A place like Cost Cutter or Supercuts will work just fine . 
Generally you can show up without any announcement and will only have to wait for a short period of time . 
Make sure to sign in when you get there . 
Once you are called up sit in the chair and explain the details of your haircut to your hair dresser . 
Sometimes it helps if you bring a picture along with you . 
The haircut should be relatively quick if you have short hair , and then all you need to do is pay . 
It is suggested that you tip the hair dresser for your haircut . 
After this is done make sure to go to a public setting or over a friends house to see if they notice the new do ! </content>
        <sentences>
            <sentence id="1">
                <token content="I" id="1-1">
                    <pos type="PRP"/>
                    <lemma type="I"/>
                    <dep head="1-2" type="nsubj"/>
                </token>
                <token content="have" id="1-2">
                    <pos type="VBP"/>
                    <lemma type="have"/>
                </token>
                <token content="the" id="1-3">
                    <pos type="DT"/>
                    <lemma type="the"/>
                </token>
                <token content="luxury" id="1-4">
                    <pos type="NN"/>
                    <lemma type="luxury"/>
                    <dep head="1-2" type="dobj"/>
                </token>
                <token content="of" id="1-5"/>
                <token content="having" id="1-6">
                    <pos type="VBG"/>
                    <lemma type="have"/>
                </token>
                <token content="a" id="1-7">
                    <pos type="DT"/>
                    <lemma type="a"/>
                </token>
                <token content="hairdresser" id="1-8">
                    <pos type="NN"/>
                    <lemma type="hairdresser"/>
                    <dep head="1-6" type="dobj"/>
                </token>
                <token content="for" id="1-9"/>
                <token content="a" id="1-10">
                    <pos type="DT"/>
                    <lemma type="a"/>
                </token>
                <token content="mother" id="1-11">
                    <pos type="NN"/>
                    <lemma type="mother"/>
                </token>
                <token content="," id="1-12"/>
                <token content="but" id="1-13"/>
                <token content="if" id="1-14">
                    <pos type="IN"/>
                    <lemma type="if"/>
                </token>
                <token content="you" id="1-15">
                    <pos type="PRP"/>
                    <lemma type="you"/>
                </token>
                <token content="were" id="1-16">
                    <pos type="VBD"/>
                    <lemma type="be"/>
                </token>
                <token content="interested" id="1-17">
                    <pos type="JJ"/>
                    <lemma type="interested"/>
                    <dep head="1-23" type="advcl"/>
                </token>
                <token content="in" id="1-18"/>
                <token content="getting" id="1-19">
                    <pos type="VBG"/>
                    <lemma type="get"/>
                </token>
                <token content="a" id="1-20">
                    <pos type="DT"/>
                    <lemma type="a"/>
                </token>
                <token content="haircut" id="1-21">
                    <pos type="NN"/>
                    <lemma type="haircut"/>
                    <dep head="1-19" type="dobj"/>
                </token>
                <token content="you" id="1-22">
                    <pos type="PRP"/>
                    <lemma type="you"/>
                    <dep head="1-23" type="nsubj"/>
                </token>
                <token content="are" id="1-23">
                    <pos type="VBP"/>
                    <lemma type="be"/>
                    <dep head="1-2" type="conj"/>
                </token>
                <token content="in" id="1-24"/>
                <token content="luck" id="1-25">
                    <pos type="NN"/>
                    <lemma type="luck"/>
                    <dep head="1-23" type="prep"/>
                </token>
                <token content="as" id="1-26">
                    <pos type="IN"/>
                    <lemma type="as"/>
                </token>
                <token content="it" id="1-27">
                    <pos type="PRP"/>
                    <lemma type="it"/>
                </token>
                <token content="is" id="1-28">
                    <pos type="VBZ"/>
                    <lemma type="be"/>
                </token>
                <token content="quite" id="1-29">
                    <pos type="RB"/>
                    <lemma type="quite"/>
                </token>
                <token content="a" id="1-30">
                    <pos type="DT"/>
                    <lemma type="a"/>
                </token>
                <token content="simple" id="1-31">
                    <pos type="JJ"/>
                    <lemma type="simple"/>
                </token>
                <token content="process" id="1-32">
                    <pos type="NN"/>
                    <lemma type="process"/>
                    <dep head="1-23" type="advcl"/>
                </token>
                <token content="!" id="1-33"/>
            </sentence>
            <sentence id="2">
                <token content="If" id="2-1">
                    <pos type="IN"/>
                    <lemma type="if"/>
                    <dep head="2-3" type="mark"/>
                </token>
                <token content="you" id="2-2">
                    <pos type="PRP"/>
                    <lemma type="you"/>
                    <dep head="2-3" type="nsubj"/>
                </token>
                <token content="have" id="2-3">
                    <pos type="VBP"/>
                    <lemma type="have"/>
                    <dep head="2-8" type="csubj"/>
                </token>
                <token content="short" id="2-4">
                    <pos type="JJ"/>
                    <lemma type="short"/>
                </token>
                <token content="hair" id="2-5">
                    <pos type="NN"/>
                    <lemma type="hair"/>
                    <dep head="2-3" type="dobj"/>
                </token>
                <token content="like" id="2-6"/>
                <token content="me" id="2-7">
                    <pos type="PRP"/>
                    <lemma type="I"/>
                </token>
                <token content="feel" id="2-8">
                    <pos type="VBP"/>
                    <lemma type="feel"/>
                </token>
                <token content="free" id="2-9">
                    <pos type="JJ"/>
                    <lemma type="free"/>
                    <dep head="2-8" type="acomp"/>
                </token>
                <token content="to" id="2-10">
                    <pos type="TO"/>
                    <lemma type="to"/>
                    <dep head="2-11" type="aux"/>
                </token>
                <token content="frequent" id="2-11">
                    <pos type="VB"/>
                    <lemma type="frequent"/>
                </token>
                <token content="a" id="2-12">
                    <pos type="DT"/>
                    <lemma type="a"/>
                </token>
                <token content="local" id="2-13">
                    <pos type="JJ"/>
                    <lemma type="local"/>
                </token>
                <token content="chain" id="2-14">
                    <pos type="NN"/>
                    <lemma type="chain"/>
                </token>
                <token content="establishment" id="2-15">
                    <pos type="NN"/>
                    <lemma type="establishment"/>
                    <dep head="2-11" type="dobj"/>
                </token>
                <token content="as" id="2-16">
                    <pos type="IN"/>
                    <lemma type="as"/>
                    <dep head="2-18" type="mark"/>
                </token>
                <token content="they" id="2-17">
                    <pos type="PRP"/>
                    <lemma type="they"/>
                    <dep head="2-18" type="nsubj"/>
                </token>
                <token content="do" id="2-18">
                    <pos type="VBP"/>
                    <lemma type="do"/>
                    <dep head="2-11" type="advcl"/>
                </token>
                <token content="just" id="2-19">
                    <pos type="RB"/>
                    <lemma type="just"/>
                </token>
                <token content="as" id="2-20">
                    <pos type="RB"/>
                    <lemma type="as"/>
                </token>
                <token content="good" id="2-21">
                    <pos type="JJ"/>
                    <lemma type="good"/>
                    <dep head="2-18" type="dobj"/>
                </token>
                <token content="of" id="2-22"/>
                <token content="a" id="2-23">
                    <pos type="DT"/>
                    <lemma type="a"/>
                </token>
                <token content="job" id="2-24">
                    <pos type="NN"/>
                    <lemma type="job"/>
                </token>
                <token content="as" id="2-25"/>
                <token content="the" id="2-26">
                    <pos type="DT"/>
                    <lemma type="the"/>
                </token>
                <token content="luxury" id="2-27">
                    <pos type="NN"/>
                    <lemma type="luxury"/>
                </token>
                <token content="salons" id="2-28">
                    <pos type="NNS"/>
                    <lemma type="salon"/>
                </token>
                <token content="." id="2-29"/>
            </sentence>
            <sentence id="3">
                <token content="A" id="3-1">
                    <pos type="DT"/>
                    <lemma type="a"/>
                </token>
                <token content="place" id="3-2">
                    <pos type="NN"/>
                    <lemma type="place"/>
                    <dep head="3-9" type="nsubj"/>
                </token>
                <token content="like" id="3-3"/>
                <token content="Cost" id="3-4">
                    <pos type="NN"/>
                    <lemma type="cost"/>
                </token>
                <token content="Cutter" id="3-5">
                    <pos type="NNP"/>
                    <lemma type="Cutter"/>
                </token>
                <token content="or" id="3-6"/>
                <token content="Supercuts" id="3-7">
                    <pos type="NNP"/>
                    <lemma type="Supercuts"/>
                </token>
                <token content="will" id="3-8">
                    <pos type="MD"/>
                    <lemma type="will"/>
                    <dep head="3-9" type="aux"/>
                </token>
                <token content="work" id="3-9">
                    <pos type="VB"/>
                    <lemma type="work"/>
                </token>
                <token content="just" id="3-10">
                    <pos type="RB"/>
                    <lemma type="just"/>
                </token>
                <token content="fine" id="3-11">
                    <pos type="JJ"/>
                    <lemma type="fine"/>
                    <dep head="3-9" type="acomp"/>
                </token>
                <token content="." id="3-12"/>
            </sentence>
            <sentence id="4">
                <token content="Generally" id="4-1">
                    <pos type="RB"/>
                    <lemma type="generally"/>
                    <dep head="4-4" type="advmod"/>
                </token>
                <token content="you" id="4-2">
                    <pos type="PRP"/>
                    <lemma type="you"/>
                    <dep head="4-4" type="nsubj"/>
                </token>
                <token content="can" id="4-3">
                    <pos type="MD"/>
                    <lemma type="can"/>
                    <dep head="4-4" type="aux"/>
                </token>
                <token content="show" id="4-4">
                    <pos type="VB"/>
                    <lemma type="show"/>
                </token>
                <token content="up" id="4-5">
                    <pos type="RP"/>
                    <lemma type="up"/>
                    <dep head="4-4" type="prt"/>
                </token>
                <token content="without" id="4-6"/>
                <token content="any" id="4-7">
                    <pos type="DT"/>
                    <lemma type="any"/>
                </token>
                <token content="announcement" id="4-8">
                    <pos type="NN"/>
                    <lemma type="announcement"/>
                    <dep head="4-4" type="prep"/>
                </token>
                <token content="and" id="4-9"/>
                <token content="will" id="4-10">
                    <pos type="MD"/>
                    <lemma type="will"/>
                    <dep head="4-12" type="aux"/>
                </token>
                <token content="only" id="4-11">
                    <pos type="RB"/>
                    <lemma type="only"/>
                    <dep head="4-12" type="advmod"/>
                </token>
                <token content="have" id="4-12">
                    <pos type="VB"/>
                    <lemma type="have"/>
                    <dep head="4-4" type="conj"/>
                </token>
                <token content="to" id="4-13">
                    <pos type="TO"/>
                    <lemma type="to"/>
                    <dep head="4-14" type="aux"/>
                </token>
                <token content="wait" id="4-14">
                    <pos type="VB"/>
                    <lemma type="wait"/>
                    <dep head="4-12" type="xcomp"/>
                </token>
                <token content="for" id="4-15"/>
                <token content="a" id="4-16">
                    <pos type="DT"/>
                    <lemma type="a"/>
                </token>
                <token content="short" id="4-17">
                    <pos type="JJ"/>
                    <lemma type="short"/>
                </token>
                <token content="period" id="4-18">
                    <pos type="NN"/>
                    <lemma type="period"/>
                    <dep head="4-14" type="prep"/>
                </token>
                <token content="of" id="4-19"/>
                <token content="time" id="4-20">
                    <pos type="NN"/>
                    <lemma type="time"/>
                </token>
                <token content="." id="4-21"/>
            </sentence>
            <sentence id="5">
                <token content="Make" id="5-1">
                    <pos type="VB"/>
                    <lemma type="make"/>
                </token>
                <token content="sure" id="5-2">
                    <pos type="JJ"/>
                    <lemma type="sure"/>
                    <dep head="5-1" type="acomp"/>
                </token>
                <token content="to" id="5-3">
                    <pos type="TO"/>
                    <lemma type="to"/>
                    <dep head="5-4" type="aux"/>
                </token>
                <token content="sign" id="5-4">
                    <pos type="VB"/>
                    <lemma type="sign"/>
                </token>
                <token content="in" id="5-5"/>
                <token content="when" id="5-6">
                    <pos type="WRB"/>
                    <lemma type="when"/>
                    <dep head="5-8" type="advmod"/>
                </token>
                <token content="you" id="5-7">
                    <pos type="PRP"/>
                    <lemma type="you"/>
                    <dep head="5-8" type="nsubj"/>
                </token>
                <token content="get" id="5-8">
                    <pos type="VBP"/>
                    <lemma type="get"/>
                    <dep head="5-4" type="prepc"/>
                </token>
                <token content="there" id="5-9">
                    <pos type="RB"/>
                    <lemma type="there"/>
                    <dep head="5-8" type="advmod"/>
                </token>
                <token content="." id="5-10"/>
            </sentence>
            <sentence id="6">
                <token content="Once" id="6-1">
                    <pos type="IN"/>
                    <lemma type="once"/>
                    <dep head="6-4" type="mark"/>
                </token>
                <token content="you" id="6-2">
                    <pos type="PRP"/>
                    <lemma type="you"/>
                    <dep head="6-4" type="nsubjpass"/>
                </token>
                <token content="are" id="6-3">
                    <pos type="VBP"/>
                    <lemma type="be"/>
                    <dep head="6-4" type="auxpass"/>
                </token>
                <token content="called" id="6-4">
                    <pos type="VBN"/>
                    <lemma type="call"/>
                    <dep head="6-6" type="csubj"/>
                </token>
                <token content="up" id="6-5">
                    <pos type="RP"/>
                    <lemma type="up"/>
                    <dep head="6-4" type="prt"/>
                </token>
                <token content="sit" id="6-6">
                    <pos type="VB"/>
                    <lemma type="sit"/>
                </token>
                <token content="in" id="6-7"/>
                <token content="the" id="6-8">
                    <pos type="DT"/>
                    <lemma type="the"/>
                </token>
                <token content="chair" id="6-9">
                    <pos type="NN"/>
                    <lemma type="chair"/>
                    <dep head="6-6" type="prep"/>
                </token>
                <token content="and" id="6-10"/>
                <token content="explain" id="6-11">
                    <pos type="VB"/>
                    <lemma type="explain"/>
                    <dep head="6-6" type="conj"/>
                </token>
                <token content="the" id="6-12">
                    <pos type="DT"/>
                    <lemma type="the"/>
                </token>
                <token content="details" id="6-13">
                    <pos type="NNS"/>
                    <lemma type="detail"/>
                    <dep head="6-11" type="dobj"/>
                </token>
                <token content="of" id="6-14"/>
                <token content="your" id="6-15">
                    <pos type="PRP$"/>
                    <lemma type="you"/>
                </token>
                <token content="haircut" id="6-16">
                    <pos type="NN"/>
                    <lemma type="haircut"/>
                </token>
                <token content="to" id="6-17"/>
                <token content="your" id="6-18">
                    <pos type="PRP$"/>
                    <lemma type="you"/>
                </token>
                <token content="hair" id="6-19">
                    <pos type="NN"/>
                    <lemma type="hair"/>
                </token>
                <token content="dresser" id="6-20">
                    <pos type="NN"/>
                    <lemma type="dresser"/>
                    <dep head="6-11" type="prep"/>
                </token>
                <token content="." id="6-21"/>
            </sentence>
            <sentence id="7">
                <token content="Sometimes" id="7-1">
                    <pos type="RB"/>
                    <lemma type="sometimes"/>
                    <dep head="7-3" type="advmod"/>
                </token>
                <token content="it" id="7-2">
                    <pos type="PRP"/>
                    <lemma type="it"/>
                    <dep head="7-3" type="nsubj"/>
                </token>
                <token content="helps" id="7-3">
                    <pos type="VBZ"/>
                    <lemma type="help"/>
                </token>
                <token content="if" id="7-4">
                    <pos type="IN"/>
                    <lemma type="if"/>
                    <dep head="7-6" type="mark"/>
                </token>
                <token content="you" id="7-5">
                    <pos type="PRP"/>
                    <lemma type="you"/>
                    <dep head="7-6" type="nsubj"/>
                </token>
                <token content="bring" id="7-6">
                    <pos type="VBP"/>
                    <lemma type="bring"/>
                    <dep head="7-3" type="advcl"/>
                </token>
                <token content="a" id="7-7">
                    <pos type="DT"/>
                    <lemma type="a"/>
                </token>
                <token content="picture" id="7-8">
                    <pos type="NN"/>
                    <lemma type="picture"/>
                    <dep head="7-6" type="dobj"/>
                </token>
                <token content="along" id="7-9"/>
                <token content="with" id="7-10"/>
                <token content="you" id="7-11">
                    <pos type="PRP"/>
                    <lemma type="you"/>
                    <dep head="7-6" type="prep"/>
                </token>
                <token content="." id="7-12"/>
            </sentence>
            <sentence id="8">
                <token content="The" id="8-1">
                    <pos type="DT"/>
                    <lemma type="the"/>
                </token>
                <token content="haircut" id="8-2">
                    <pos type="NN"/>
                    <lemma type="haircut"/>
                </token>
                <token content="should" id="8-3">
                    <pos type="MD"/>
                    <lemma type="should"/>
                </token>
                <token content="be" id="8-4">
                    <pos type="VB"/>
                    <lemma type="be"/>
                </token>
                <token content="relatively" id="8-5">
                    <pos type="RB"/>
                    <lemma type="relatively"/>
                </token>
                <token content="quick" id="8-6">
                    <pos type="JJ"/>
                    <lemma type="quick"/>
                </token>
                <token content="if" id="8-7">
                    <pos type="IN"/>
                    <lemma type="if"/>
                    <dep head="8-9" type="mark"/>
                </token>
                <token content="you" id="8-8">
                    <pos type="PRP"/>
                    <lemma type="you"/>
                    <dep head="8-9" type="nsubj"/>
                </token>
                <token content="have" id="8-9">
                    <pos type="VBP"/>
                    <lemma type="have"/>
                </token>
                <token content="short" id="8-10">
                    <pos type="JJ"/>
                    <lemma type="short"/>
                </token>
                <token content="hair" id="8-11">
                    <pos type="NN"/>
                    <lemma type="hair"/>
                    <dep head="8-9" type="dobj"/>
                </token>
                <token content="," id="8-12"/>
                <token content="and" id="8-13"/>
                <token content="then" id="8-14">
                    <pos type="RB"/>
                    <lemma type="then"/>
                </token>
                <token content="all" id="8-15">
                    <pos type="DT"/>
                    <lemma type="all"/>
                </token>
                <token content="you" id="8-16">
                    <pos type="PRP"/>
                    <lemma type="you"/>
                    <dep head="8-17" type="nsubj"/>
                </token>
                <token content="need" id="8-17">
                    <pos type="VBP"/>
                    <lemma type="need"/>
                </token>
                <token content="to" id="8-18">
                    <pos type="TO"/>
                    <lemma type="to"/>
                    <dep head="8-19" type="aux"/>
                </token>
                <token content="do" id="8-19">
                    <pos type="VB"/>
                    <lemma type="do"/>
                    <dep head="8-17" type="xcomp"/>
                </token>
                <token content="is" id="8-20">
                    <pos type="VBZ"/>
                    <lemma type="be"/>
                </token>
                <token content="pay" id="8-21">
                    <pos type="NN"/>
                    <lemma type="pay"/>
                </token>
                <token content="." id="8-22"/>
            </sentence>
            <sentence id="9">
                <token content="It" id="9-1">
                    <pos type="PRP"/>
                    <lemma type="it"/>
                    <dep head="9-3" type="nsubjpass"/>
                </token>
                <token content="is" id="9-2">
                    <pos type="VBZ"/>
                    <lemma type="be"/>
                    <dep head="9-3" type="auxpass"/>
                </token>
                <token content="suggested" id="9-3">
                    <pos type="VBN"/>
                    <lemma type="suggest"/>
                </token>
                <token content="that" id="9-4">
                    <pos type="IN"/>
                    <lemma type="that"/>
                    <dep head="9-6" type="mark"/>
                </token>
                <token content="you" id="9-5">
                    <pos type="PRP"/>
                    <lemma type="you"/>
                    <dep head="9-6" type="nsubj"/>
                </token>
                <token content="tip" id="9-6">
                    <pos type="VBZ"/>
                    <lemma type="tip"/>
                    <dep head="9-3" type="ccomp"/>
                </token>
                <token content="the" id="9-7">
                    <pos type="DT"/>
                    <lemma type="the"/>
                </token>
                <token content="hair" id="9-8">
                    <pos type="NN"/>
                    <lemma type="hair"/>
                </token>
                <token content="dresser" id="9-9">
                    <pos type="NN"/>
                    <lemma type="dresser"/>
                    <dep head="9-6" type="dobj"/>
                </token>
                <token content="for" id="9-10"/>
                <token content="your" id="9-11">
                    <pos type="PRP$"/>
                    <lemma type="you"/>
                </token>
                <token content="haircut" id="9-12">
                    <pos type="NN"/>
                    <lemma type="haircut"/>
                </token>
                <token content="." id="9-13"/>
            </sentence>
            <sentence id="10">
                <token content="After" id="10-1">
                    <pos type="IN"/>
                    <lemma type="after"/>
                    <dep head="10-4" type="mark"/>
                </token>
                <token content="this" id="10-2">
                    <pos type="DT"/>
                    <lemma type="this"/>
                    <dep head="10-4" type="nsubjpass"/>
                </token>
                <token content="is" id="10-3">
                    <pos type="VBZ"/>
                    <lemma type="be"/>
                    <dep head="10-4" type="auxpass"/>
                </token>
                <token content="done" id="10-4">
                    <pos type="VBN"/>
                    <lemma type="do"/>
                    <dep head="10-5" type="csubj"/>
                </token>
                <token content="make" id="10-5">
                    <pos type="VBP"/>
                    <lemma type="make"/>
                </token>
                <token content="sure" id="10-6">
                    <pos type="JJ"/>
                    <lemma type="sure"/>
                    <dep head="10-5" type="acomp"/>
                </token>
                <token content="to" id="10-7">
                    <pos type="TO"/>
                    <lemma type="to"/>
                    <dep head="10-8" type="aux"/>
                </token>
                <token content="go" id="10-8">
                    <pos type="VB"/>
                    <lemma type="go"/>
                    <dep head="10-8" type="conj"/>
                </token>
                <token content="to" id="10-9"/>
                <token content="a" id="10-10">
                    <pos type="DT"/>
                    <lemma type="a"/>
                </token>
                <token content="public" id="10-11">
                    <pos type="JJ"/>
                    <lemma type="public"/>
                </token>
                <token content="setting" id="10-12">
                    <pos type="NN"/>
                    <lemma type="setting"/>
                    <dep head="10-8" type="prep"/>
                </token>
                <token content="or" id="10-13"/>
                <token content="over" id="10-14"/>
                <token content="a" id="10-15">
                    <pos type="DT"/>
                    <lemma type="a"/>
                </token>
                <token content="friends" id="10-16">
                    <pos type="NNS"/>
                    <lemma type="friend"/>
                </token>
                <token content="house" id="10-17">
                    <pos type="NN"/>
                    <lemma type="house"/>
                    <dep head="10-8" type="prep"/>
                </token>
                <token content="to" id="10-18">
                    <pos type="TO"/>
                    <lemma type="to"/>
                    <dep head="10-19" type="aux"/>
                </token>
                <token content="see" id="10-19">
                    <pos type="VB"/>
                    <lemma type="see"/>
                    <dep head="10-8" type="xcomp"/>
                </token>
                <token content="if" id="10-20">
                    <pos type="IN"/>
                    <lemma type="if"/>
                    <dep head="10-22" type="mark"/>
                </token>
                <token content="they" id="10-21">
                    <pos type="PRP"/>
                    <lemma type="they"/>
                    <dep head="10-22" type="nsubj"/>
                </token>
                <token content="notice" id="10-22">
                    <pos type="VBP"/>
                    <lemma type="notice"/>
                    <dep head="10-19" type="advcl"/>
                </token>
                <token content="the" id="10-23">
                    <pos type="DT"/>
                    <lemma type="the"/>
                </token>
                <token content="new" id="10-24">
                    <pos type="JJ"/>
                    <lemma type="new"/>
                    <dep head="10-25" type="nsubj"/>
                </token>
                <token content="do" id="10-25">
                    <pos type="VBP"/>
                    <lemma type="do"/>
                    <dep head="10-22" type="ccomp"/>
                </token>
                <token content="!" id="10-26"/>
            </sentence>
        </sentences>
    </text>
    <annotations>
        <participants>
            <label from="1-1" id="0" name="ScrPart_customer" text="I" type="participant"/>
            <label from="1-4" id="1" name="SuppVComp" text="luxury" type="participant"/>
            <label from="1-8" id="2" name="ScrPart_hairdresser" text="hairdresser" type="participant"/>
            <label from="1-11" id="3" name="ScrPart_hairdresser" text="mother" type="participant"/>
            <label from="1-15" id="4" name="ScrPart_customer" text="you" type="participant"/>
            <label from="1-21" id="5" name="ScrPart_haircut" text="haircut" type="participant"/>
            <label from="1-22" id="6" name="ScrPart_customer" text="you" type="participant"/>
            <label from="1-25" id="7" name="SuppVComp" text="luck" type="participant"/>
            <label from="1-27" id="8" name="No_label" text="it" type="participant"/>
            <label from="1-32" id="9" name="NPart" text="process" type="participant"/>
            <label from="2-2" id="10" name="ScrPart_customer" text="you" type="participant"/>
            <label from="2-5" id="11" name="ScrPart_hair" text="hair" type="participant"/>
            <label from="2-7" id="12" name="ScrPart_customer" text="me" type="participant"/>
            <label from="2-14" id="13" name="ScrPart_salon" text="chain establishment" to="2-15" type="participant"/>
            <label from="2-15" id="14" name="ScrPart_salon" text="establishment" type="participant"/>
            <label from="2-17" id="15" name="ScrPart_salon" text="they" type="participant"/>
            <label from="2-24" id="16" name="SuppVComp" text="job" type="participant"/>
            <label from="2-27" id="17" name="ScrPart_salon" text="luxury salons" to="2-28" type="participant"/>
            <label from="2-28" id="18" name="ScrPart_salon" text="salons" type="participant"/>
            <label from="3-2" id="19" name="ScrPart_salon" text="place" type="participant"/>
            <label from="3-4" id="20" name="ScrPart_salon" text="Cost Cutter or Supercuts" to="3-7" type="participant"/>
            <label from="3-4" id="21" name="ScrPart_salon" text="Cost Cutter" to="3-5" type="participant"/>
            <label from="3-7" id="22" name="ScrPart_salon" text="Supercuts" type="participant"/>
            <label from="4-2" id="23" name="ScrPart_customer" text="you" type="participant"/>
            <label from="4-8" id="24" name="ScrPart_appointment" text="announcement" type="participant"/>
            <label from="4-18" id="25" name="Head_of_Partitive" text="period" type="participant"/>
            <label from="4-20" id="26" name="No_label" text="time" type="participant"/>
            <label from="5-7" id="27" name="ScrPart_customer" text="you" type="participant"/>
            <label from="5-9" id="28" name="ScrPart_salon" text="there" type="participant"/>
            <label from="6-2" id="29" name="ScrPart_customer" text="you" type="participant"/>
            <label from="6-9" id="30" name="ScrPart_chair" text="chair" type="participant"/>
            <label from="6-13" id="31" name="NPart" text="details" type="participant"/>
            <label from="6-15" id="32" name="ScrPart_customer" text="your" type="participant"/>
            <label from="6-16" id="33" name="ScrPart_haircut" text="haircut" type="participant"/>
            <label from="6-18" id="34" name="ScrPart_customer" text="your" type="participant"/>
            <label from="6-19" id="35" name="ScrPart_hairdresser" text="hair dresser" to="6-20" type="participant"/>
            <label from="6-20" id="36" name="ScrPart_hairdresser" text="dresser" type="participant"/>
            <label from="7-2" id="37" name="No_label" text="it" type="participant"/>
            <label from="7-5" id="38" name="ScrPart_customer" text="you" type="participant"/>
            <label from="7-8" id="39" name="ScrPart_other" text="picture" type="participant"/>
            <label from="7-11" id="40" name="ScrPart_customer" text="you" type="participant"/>
            <label from="8-2" id="41" name="ScrPart_haircut" text="haircut" type="participant"/>
            <label from="8-8" id="42" name="ScrPart_customer" text="you" type="participant"/>
            <label from="8-11" id="43" name="ScrPart_hair" text="hair" type="participant"/>
            <label from="8-16" id="44" name="ScrPart_customer" text="you" type="participant"/>
            <label from="9-1" id="45" name="No_label" text="It" type="participant"/>
            <label from="9-5" id="46" name="ScrPart_customer" text="you" type="participant"/>
            <label from="9-8" id="47" name="ScrPart_hairdresser" text="hair dresser" to="9-9" type="participant"/>
            <label from="9-9" id="48" name="ScrPart_hairdresser" text="dresser" type="participant"/>
            <label from="9-11" id="49" name="ScrPart_customer" text="your" type="participant"/>
            <label from="9-12" id="50" name="ScrPart_haircut" text="haircut" type="participant"/>
            <label from="10-2" id="51" name="NPart" text="this" type="participant"/>
            <label from="10-12" id="52" name="NPart" text="setting" type="participant"/>
            <label from="10-16" id="53" name="NPart" text="friends" type="participant"/>
            <label from="10-17" id="54" name="NPart" text="house" type="participant"/>
            <label from="10-21" id="55" name="NPart" text="they" type="participant"/>
            <label from="10-25" id="56" name="ScrPart_haircut" text="do" type="participant"/>
        </participants>
        <events>
            <label from="1-2" id="57" name="UnrelEv" text="have" type="event"/>
            <label from="1-6" id="58" name="UnrelEv" text="having" type="event"/>
            <label from="1-16" id="59" name="UnrelEv" text="were" type="event"/>
            <label from="1-17" id="60" name="UnrelEv" text="interested" type="event"/>
            <label from="1-19" id="61" name="Evoking" text="getting a haircut" to="1-21" type="event"/>
            <label from="1-23" id="62" name="UnrelEv" text="are" type="event"/>
            <label from="1-28" id="63" name="UnrelEv" text="is" type="event"/>
            <label from="2-3" id="64" name="UnrelEv" text="have" type="event"/>
            <label from="2-8" id="65" name="UnrelEv" text="feel" type="event"/>
            <label from="2-11" id="66" name="ScrEv_get_salon" text="frequent" type="event"/>
            <label from="2-18" id="67" name="RelNScrEv" text="do" type="event"/>
            <label from="3-9" id="68" name="UnrelEv" text="work" type="event"/>
            <label from="4-4" id="69" name="RelNScrEv" text="show up" to="4-5" type="event"/>
            <label from="4-4" id="70" name="RelNScrEv" text="show" type="event"/>
            <label from="4-14" id="71" name="ScrEv_wait" text="wait" type="event"/>
            <label from="5-1" id="72" name="UnrelEv" text="Make sure" to="5-2" type="event"/>
            <label from="5-1" id="73" name="UnrelEv" text="Make" type="event"/>
            <label from="5-4" id="74" name="ScrEv_check_in" text="sign in" to="5-5" type="event"/>
            <label from="5-4" id="75" name="ScrEv_check_in" text="sign" type="event"/>
            <label from="6-4" id="76" name="ScrEv_other" text="called up" to="6-5" type="event"/>
            <label from="6-4" id="77" name="ScrEv_other" text="called" type="event"/>
            <label from="6-6" id="78" name="ScrEv_sit_down" text="sit" type="event"/>
            <label from="6-11" id="79" name="ScrEv_talk_haircut" text="explain" type="event"/>
            <label from="7-3" id="80" name="UnrelEv" text="helps" type="event"/>
            <label from="7-6" id="81" name="RelNScrEv" text="bring" type="event"/>
            <label from="8-3" id="82" name="UnrelEv" text="should" type="event"/>
            <label from="8-4" id="83" name="UnrelEv" text="be" type="event"/>
            <label from="8-9" id="84" name="UnrelEv" text="have" type="event"/>
            <label from="8-19" id="85" name="UnrelEv" text="do" type="event"/>
            <label from="8-21" id="86" name="ScrEv_pay" text="pay" type="event"/>
            <label from="9-3" id="87" name="UnrelEv" text="suggested" type="event"/>
            <label from="9-6" id="88" name="ScrEv_leave_tip" text="tip" type="event"/>
            <label from="10-4" id="89" name="UnrelEv" text="done" type="event"/>
            <label from="10-5" id="90" name="UnrelEv" text="make sure" to="10-6" type="event"/>
            <label from="10-5" id="91" name="UnrelEv" text="make" type="event"/>
            <label from="10-8" id="92" name="UnrelEv" text="go" type="event"/>
            <label from="10-19" id="93" name="UnrelEv" text="see" type="event"/>
            <label from="10-22" id="94" name="UnrelEv" text="notice" type="event"/>
        </events>
        <chains>
            <chain elements="2 3"/>
            <chain elements="4 6 10 23 27 29 32 34 38 40 42 44 49 46"/>
            <chain elements="14 15 19 20 22"/>
            <chain elements="5 33 41 50 56"/>
            <chain elements="11 43"/>
        </chains>
    </annotations>
</story>
