<?xml version="1.0" encoding="UTF-8" standalone="no"?>
<!DOCTYPE story SYSTEM "../InScript.dtd">
<story id="050" scenario="haircut">
    <text>
        <content>This weekend I went to get a haircut . 
I went down town to my favorite barber shop and waited for the barber to be done with his current client . 
I sat and read some magazines while I waited . 
Then when it was my turn . 
If I wanted , I could choose from a selection of hair cuts he had on his walls , or I could ask for something specific , but I just wanted my usual . 
I had n't come in for a hair cut in a while , so I had a lot of hair to remove . 
I sat in his barber chair , and he put a cloth around my neck to keep the hair off of my clothes . 
He sprayed my hair with a little water to keep the loose hair together , and then he began clipping away the larger amounts of hair with a pair of scissors . 
Then when my hair was shorter , he brought out some electric hair clippers and started trimming my hair to an even length . 
The clippers made a loud buzzing noise in my ear , which used to scare me but now I think is kind of fun . 
Finally , he used the scissors again to trim any stray hairs , and then wiped me off and took off the cloth . 
I paid him , shook his hand and thanked him , and left the barber shop with my nice clean hair cut . </content>
        <sentences>
            <sentence id="1">
                <token content="This" id="1-1">
                    <pos type="DT"/>
                    <lemma type="this"/>
                </token>
                <token content="weekend" id="1-2">
                    <pos type="NN"/>
                    <lemma type="weekend"/>
                    <dep head="1-4" type="nsubj"/>
                </token>
                <token content="I" id="1-3">
                    <pos type="PRP"/>
                    <lemma type="I"/>
                    <dep head="1-4" type="nsubj"/>
                </token>
                <token content="went" id="1-4">
                    <pos type="VBD"/>
                    <lemma type="go"/>
                </token>
                <token content="to" id="1-5">
                    <pos type="TO"/>
                    <lemma type="to"/>
                    <dep head="1-6" type="aux"/>
                </token>
                <token content="get" id="1-6">
                    <pos type="VB"/>
                    <lemma type="get"/>
                    <dep head="1-4" type="xcomp"/>
                </token>
                <token content="a" id="1-7">
                    <pos type="DT"/>
                    <lemma type="a"/>
                </token>
                <token content="haircut" id="1-8">
                    <pos type="NN"/>
                    <lemma type="haircut"/>
                    <dep head="1-6" type="dobj"/>
                </token>
                <token content="." id="1-9"/>
            </sentence>
            <sentence id="2">
                <token content="I" id="2-1">
                    <pos type="PRP"/>
                    <lemma type="I"/>
                    <dep head="2-2" type="nsubj"/>
                </token>
                <token content="went" id="2-2">
                    <pos type="VBD"/>
                    <lemma type="go"/>
                </token>
                <token content="down" id="2-3">
                    <pos type="RP"/>
                    <lemma type="down"/>
                    <dep head="2-2" type="prt"/>
                </token>
                <token content="town" id="2-4">
                    <pos type="NN"/>
                    <lemma type="town"/>
                    <dep head="2-2" type="dobj"/>
                </token>
                <token content="to" id="2-5"/>
                <token content="my" id="2-6">
                    <pos type="PRP$"/>
                    <lemma type="my"/>
                </token>
                <token content="favorite" id="2-7">
                    <pos type="JJ"/>
                    <lemma type="favorite"/>
                </token>
                <token content="barber" id="2-8">
                    <pos type="NN"/>
                    <lemma type="barber"/>
                </token>
                <token content="shop" id="2-9">
                    <pos type="NN"/>
                    <lemma type="shop"/>
                    <dep head="2-2" type="prep"/>
                </token>
                <token content="and" id="2-10"/>
                <token content="waited" id="2-11">
                    <pos type="VBD"/>
                    <lemma type="wait"/>
                    <dep head="2-2" type="conj"/>
                </token>
                <token content="for" id="2-12"/>
                <token content="the" id="2-13">
                    <pos type="DT"/>
                    <lemma type="the"/>
                </token>
                <token content="barber" id="2-14">
                    <pos type="NN"/>
                    <lemma type="barber"/>
                    <dep head="2-11" type="prep"/>
                </token>
                <token content="to" id="2-15">
                    <pos type="TO"/>
                    <lemma type="to"/>
                    <dep head="2-17" type="aux"/>
                </token>
                <token content="be" id="2-16">
                    <pos type="VB"/>
                    <lemma type="be"/>
                    <dep head="2-17" type="auxpass"/>
                </token>
                <token content="done" id="2-17">
                    <pos type="VBN"/>
                    <lemma type="do"/>
                    <dep head="2-11" type="xcomp"/>
                </token>
                <token content="with" id="2-18"/>
                <token content="his" id="2-19">
                    <pos type="PRP$"/>
                    <lemma type="he"/>
                </token>
                <token content="current" id="2-20">
                    <pos type="JJ"/>
                    <lemma type="current"/>
                </token>
                <token content="client" id="2-21">
                    <pos type="NN"/>
                    <lemma type="client"/>
                    <dep head="2-17" type="prep"/>
                </token>
                <token content="." id="2-22"/>
            </sentence>
            <sentence id="3">
                <token content="I" id="3-1">
                    <pos type="PRP"/>
                    <lemma type="I"/>
                    <dep head="3-2" type="nsubj"/>
                </token>
                <token content="sat" id="3-2">
                    <pos type="VBD"/>
                    <lemma type="sit"/>
                </token>
                <token content="and" id="3-3"/>
                <token content="read" id="3-4">
                    <pos type="VBD"/>
                    <lemma type="read"/>
                    <dep head="3-2" type="conj"/>
                </token>
                <token content="some" id="3-5">
                    <pos type="DT"/>
                    <lemma type="some"/>
                </token>
                <token content="magazines" id="3-6">
                    <pos type="NNS"/>
                    <lemma type="magazine"/>
                    <dep head="3-4" type="dobj"/>
                </token>
                <token content="while" id="3-7">
                    <pos type="IN"/>
                    <lemma type="while"/>
                    <dep head="3-9" type="mark"/>
                </token>
                <token content="I" id="3-8">
                    <pos type="PRP"/>
                    <lemma type="I"/>
                    <dep head="3-9" type="nsubj"/>
                </token>
                <token content="waited" id="3-9">
                    <pos type="VBD"/>
                    <lemma type="wait"/>
                    <dep head="3-4" type="advcl"/>
                </token>
                <token content="." id="3-10"/>
            </sentence>
            <sentence id="4">
                <token content="Then" id="4-1">
                    <pos type="RB"/>
                    <lemma type="then"/>
                </token>
                <token content="when" id="4-2">
                    <pos type="WRB"/>
                    <lemma type="when"/>
                </token>
                <token content="it" id="4-3">
                    <pos type="PRP"/>
                    <lemma type="it"/>
                </token>
                <token content="was" id="4-4">
                    <pos type="VBD"/>
                    <lemma type="be"/>
                </token>
                <token content="my" id="4-5">
                    <pos type="PRP$"/>
                    <lemma type="my"/>
                </token>
                <token content="turn" id="4-6">
                    <pos type="NN"/>
                    <lemma type="turn"/>
                </token>
                <token content="." id="4-7"/>
            </sentence>
            <sentence id="5">
                <token content="If" id="5-1">
                    <pos type="IN"/>
                    <lemma type="if"/>
                    <dep head="5-3" type="mark"/>
                </token>
                <token content="I" id="5-2">
                    <pos type="PRP"/>
                    <lemma type="I"/>
                    <dep head="5-3" type="nsubj"/>
                </token>
                <token content="wanted" id="5-3">
                    <pos type="VBD"/>
                    <lemma type="want"/>
                    <dep head="5-7" type="advcl"/>
                </token>
                <token content="," id="5-4"/>
                <token content="I" id="5-5">
                    <pos type="PRP"/>
                    <lemma type="I"/>
                    <dep head="5-7" type="nsubj"/>
                </token>
                <token content="could" id="5-6">
                    <pos type="MD"/>
                    <lemma type="could"/>
                    <dep head="5-7" type="aux"/>
                </token>
                <token content="choose" id="5-7">
                    <pos type="VB"/>
                    <lemma type="choose"/>
                </token>
                <token content="from" id="5-8"/>
                <token content="a" id="5-9">
                    <pos type="DT"/>
                    <lemma type="a"/>
                </token>
                <token content="selection" id="5-10">
                    <pos type="NN"/>
                    <lemma type="selection"/>
                    <dep head="5-7" type="prep"/>
                </token>
                <token content="of" id="5-11"/>
                <token content="hair" id="5-12">
                    <pos type="NN"/>
                    <lemma type="hair"/>
                </token>
                <token content="cuts" id="5-13">
                    <pos type="NNS"/>
                    <lemma type="cut"/>
                </token>
                <token content="he" id="5-14">
                    <pos type="PRP"/>
                    <lemma type="he"/>
                    <dep head="5-15" type="nsubj"/>
                </token>
                <token content="had" id="5-15">
                    <pos type="VBD"/>
                    <lemma type="have"/>
                    <dep head="5-7" type="ccomp"/>
                </token>
                <token content="on" id="5-16"/>
                <token content="his" id="5-17">
                    <pos type="PRP$"/>
                    <lemma type="he"/>
                </token>
                <token content="walls" id="5-18">
                    <pos type="NNS"/>
                    <lemma type="wall"/>
                    <dep head="5-15" type="prep"/>
                </token>
                <token content="," id="5-19"/>
                <token content="or" id="5-20"/>
                <token content="I" id="5-21">
                    <pos type="PRP"/>
                    <lemma type="I"/>
                    <dep head="5-23" type="nsubj"/>
                </token>
                <token content="could" id="5-22">
                    <pos type="MD"/>
                    <lemma type="could"/>
                    <dep head="5-23" type="aux"/>
                </token>
                <token content="ask" id="5-23">
                    <pos type="VB"/>
                    <lemma type="ask"/>
                    <dep head="5-15" type="conj"/>
                </token>
                <token content="for" id="5-24"/>
                <token content="something" id="5-25">
                    <pos type="NN"/>
                    <lemma type="something"/>
                </token>
                <token content="specific" id="5-26">
                    <pos type="NN"/>
                    <lemma type="specific"/>
                    <dep head="5-23" type="prep"/>
                </token>
                <token content="," id="5-27"/>
                <token content="but" id="5-28"/>
                <token content="I" id="5-29">
                    <pos type="PRP"/>
                    <lemma type="I"/>
                    <dep head="5-31" type="nsubj"/>
                </token>
                <token content="just" id="5-30">
                    <pos type="RB"/>
                    <lemma type="just"/>
                    <dep head="5-31" type="advmod"/>
                </token>
                <token content="wanted" id="5-31">
                    <pos type="VBD"/>
                    <lemma type="want"/>
                    <dep head="5-7" type="conj"/>
                </token>
                <token content="my" id="5-32">
                    <pos type="PRP$"/>
                    <lemma type="my"/>
                </token>
                <token content="usual" id="5-33">
                    <pos type="JJ"/>
                    <lemma type="usual"/>
                    <dep head="5-31" type="dobj"/>
                </token>
                <token content="." id="5-34"/>
            </sentence>
            <sentence id="6">
                <token content="I" id="6-1">
                    <pos type="PRP"/>
                    <lemma type="I"/>
                    <dep head="6-4" type="nsubj"/>
                </token>
                <token content="had" id="6-2">
                    <pos type="VBD"/>
                    <lemma type="have"/>
                    <dep head="6-4" type="aux"/>
                </token>
                <token content="n't" id="6-3">
                    <pos type="RB"/>
                    <lemma type="not"/>
                    <dep head="6-4" type="neg"/>
                </token>
                <token content="come" id="6-4">
                    <pos type="VBN"/>
                    <lemma type="come"/>
                </token>
                <token content="in" id="6-5">
                    <pos type="IN"/>
                    <lemma type="in"/>
                    <dep head="6-4" type="dep"/>
                </token>
                <token content="for" id="6-6"/>
                <token content="a" id="6-7">
                    <pos type="DT"/>
                    <lemma type="a"/>
                </token>
                <token content="hair" id="6-8">
                    <pos type="NN"/>
                    <lemma type="hair"/>
                    <dep head="6-4" type="prep"/>
                </token>
                <token content="cut" id="6-9">
                    <pos type="VBN"/>
                    <lemma type="cut"/>
                </token>
                <token content="in" id="6-10"/>
                <token content="a" id="6-11">
                    <pos type="DT"/>
                    <lemma type="a"/>
                </token>
                <token content="while" id="6-12">
                    <pos type="NN"/>
                    <lemma type="while"/>
                    <dep head="6-9" type="prep"/>
                </token>
                <token content="," id="6-13"/>
                <token content="so" id="6-14">
                    <pos type="IN"/>
                    <lemma type="so"/>
                    <dep head="6-4" type="dep"/>
                </token>
                <token content="I" id="6-15">
                    <pos type="PRP"/>
                    <lemma type="I"/>
                    <dep head="6-16" type="nsubj"/>
                </token>
                <token content="had" id="6-16">
                    <pos type="VBD"/>
                    <lemma type="have"/>
                    <dep head="6-4" type="parataxis"/>
                </token>
                <token content="a" id="6-17">
                    <pos type="DT"/>
                    <lemma type="a"/>
                </token>
                <token content="lot" id="6-18">
                    <pos type="NN"/>
                    <lemma type="lot"/>
                    <dep head="6-16" type="dobj"/>
                </token>
                <token content="of" id="6-19"/>
                <token content="hair" id="6-20">
                    <pos type="NN"/>
                    <lemma type="hair"/>
                </token>
                <token content="to" id="6-21">
                    <pos type="TO"/>
                    <lemma type="to"/>
                    <dep head="6-22" type="aux"/>
                </token>
                <token content="remove" id="6-22">
                    <pos type="VB"/>
                    <lemma type="remove"/>
                </token>
                <token content="." id="6-23"/>
            </sentence>
            <sentence id="7">
                <token content="I" id="7-1">
                    <pos type="PRP"/>
                    <lemma type="I"/>
                    <dep head="7-2" type="nsubj"/>
                </token>
                <token content="sat" id="7-2">
                    <pos type="VBD"/>
                    <lemma type="sit"/>
                </token>
                <token content="in" id="7-3"/>
                <token content="his" id="7-4">
                    <pos type="PRP$"/>
                    <lemma type="he"/>
                </token>
                <token content="barber" id="7-5">
                    <pos type="NN"/>
                    <lemma type="barber"/>
                </token>
                <token content="chair" id="7-6">
                    <pos type="NN"/>
                    <lemma type="chair"/>
                    <dep head="7-2" type="prep"/>
                </token>
                <token content="," id="7-7"/>
                <token content="and" id="7-8"/>
                <token content="he" id="7-9">
                    <pos type="PRP"/>
                    <lemma type="he"/>
                    <dep head="7-10" type="nsubj"/>
                </token>
                <token content="put" id="7-10">
                    <pos type="VBD"/>
                    <lemma type="put"/>
                    <dep head="7-2" type="conj"/>
                </token>
                <token content="a" id="7-11">
                    <pos type="DT"/>
                    <lemma type="a"/>
                </token>
                <token content="cloth" id="7-12">
                    <pos type="NN"/>
                    <lemma type="cloth"/>
                    <dep head="7-10" type="dobj"/>
                </token>
                <token content="around" id="7-13"/>
                <token content="my" id="7-14">
                    <pos type="PRP$"/>
                    <lemma type="my"/>
                </token>
                <token content="neck" id="7-15">
                    <pos type="NN"/>
                    <lemma type="neck"/>
                    <dep head="7-10" type="prep"/>
                </token>
                <token content="to" id="7-16">
                    <pos type="TO"/>
                    <lemma type="to"/>
                    <dep head="7-17" type="aux"/>
                </token>
                <token content="keep" id="7-17">
                    <pos type="VB"/>
                    <lemma type="keep"/>
                </token>
                <token content="the" id="7-18">
                    <pos type="DT"/>
                    <lemma type="the"/>
                </token>
                <token content="hair" id="7-19">
                    <pos type="NN"/>
                    <lemma type="hair"/>
                    <dep head="7-17" type="dobj"/>
                </token>
                <token content="off" id="7-20"/>
                <token content="of" id="7-21"/>
                <token content="my" id="7-22">
                    <pos type="PRP$"/>
                    <lemma type="my"/>
                </token>
                <token content="clothes" id="7-23">
                    <pos type="NNS"/>
                    <lemma type="clothes"/>
                    <dep head="7-17" type="prep"/>
                </token>
                <token content="." id="7-24"/>
            </sentence>
            <sentence id="8">
                <token content="He" id="8-1">
                    <pos type="PRP"/>
                    <lemma type="he"/>
                    <dep head="8-2" type="nsubj"/>
                </token>
                <token content="sprayed" id="8-2">
                    <pos type="VBD"/>
                    <lemma type="spray"/>
                </token>
                <token content="my" id="8-3">
                    <pos type="PRP$"/>
                    <lemma type="my"/>
                </token>
                <token content="hair" id="8-4">
                    <pos type="NN"/>
                    <lemma type="hair"/>
                    <dep head="8-2" type="dobj"/>
                </token>
                <token content="with" id="8-5"/>
                <token content="a" id="8-6">
                    <pos type="DT"/>
                    <lemma type="a"/>
                </token>
                <token content="little" id="8-7">
                    <pos type="JJ"/>
                    <lemma type="little"/>
                </token>
                <token content="water" id="8-8">
                    <pos type="NN"/>
                    <lemma type="water"/>
                    <dep head="8-2" type="prep"/>
                </token>
                <token content="to" id="8-9">
                    <pos type="TO"/>
                    <lemma type="to"/>
                    <dep head="8-10" type="aux"/>
                </token>
                <token content="keep" id="8-10">
                    <pos type="VB"/>
                    <lemma type="keep"/>
                    <dep head="8-2" type="vmod"/>
                </token>
                <token content="the" id="8-11">
                    <pos type="DT"/>
                    <lemma type="the"/>
                </token>
                <token content="loose" id="8-12">
                    <pos type="JJ"/>
                    <lemma type="loose"/>
                </token>
                <token content="hair" id="8-13">
                    <pos type="NN"/>
                    <lemma type="hair"/>
                    <dep head="8-10" type="dobj"/>
                </token>
                <token content="together" id="8-14">
                    <pos type="RB"/>
                    <lemma type="together"/>
                    <dep head="8-10" type="advmod"/>
                </token>
                <token content="," id="8-15"/>
                <token content="and" id="8-16"/>
                <token content="then" id="8-17">
                    <pos type="RB"/>
                    <lemma type="then"/>
                    <dep head="8-19" type="advmod"/>
                </token>
                <token content="he" id="8-18">
                    <pos type="PRP"/>
                    <lemma type="he"/>
                    <dep head="8-19" type="nsubj"/>
                </token>
                <token content="began" id="8-19">
                    <pos type="VBD"/>
                    <lemma type="begin"/>
                    <dep head="8-2" type="conj"/>
                </token>
                <token content="clipping" id="8-20">
                    <pos type="VBG"/>
                    <lemma type="clip"/>
                    <dep head="8-19" type="xcomp"/>
                </token>
                <token content="away" id="8-21">
                    <pos type="RP"/>
                    <lemma type="away"/>
                    <dep head="8-20" type="prt"/>
                </token>
                <token content="the" id="8-22">
                    <pos type="DT"/>
                    <lemma type="the"/>
                </token>
                <token content="larger" id="8-23">
                    <pos type="JJR"/>
                    <lemma type="larger"/>
                </token>
                <token content="amounts" id="8-24">
                    <pos type="NNS"/>
                    <lemma type="amount"/>
                    <dep head="8-20" type="dobj"/>
                </token>
                <token content="of" id="8-25"/>
                <token content="hair" id="8-26">
                    <pos type="NN"/>
                    <lemma type="hair"/>
                </token>
                <token content="with" id="8-27"/>
                <token content="a" id="8-28">
                    <pos type="DT"/>
                    <lemma type="a"/>
                </token>
                <token content="pair" id="8-29">
                    <pos type="NN"/>
                    <lemma type="pair"/>
                    <dep head="8-20" type="prep"/>
                </token>
                <token content="of" id="8-30"/>
                <token content="scissors" id="8-31">
                    <pos type="NNS"/>
                    <lemma type="scissors"/>
                </token>
                <token content="." id="8-32"/>
            </sentence>
            <sentence id="9">
                <token content="Then" id="9-1">
                    <pos type="RB"/>
                    <lemma type="then"/>
                    <dep head="9-9" type="advmod"/>
                </token>
                <token content="when" id="9-2">
                    <pos type="WRB"/>
                    <lemma type="when"/>
                </token>
                <token content="my" id="9-3">
                    <pos type="PRP$"/>
                    <lemma type="my"/>
                </token>
                <token content="hair" id="9-4">
                    <pos type="NN"/>
                    <lemma type="hair"/>
                </token>
                <token content="was" id="9-5">
                    <pos type="VBD"/>
                    <lemma type="be"/>
                </token>
                <token content="shorter" id="9-6">
                    <pos type="JJR"/>
                    <lemma type="shorter"/>
                    <dep head="9-9" type="advcl"/>
                </token>
                <token content="," id="9-7"/>
                <token content="he" id="9-8">
                    <pos type="PRP"/>
                    <lemma type="he"/>
                    <dep head="9-9" type="nsubj"/>
                </token>
                <token content="brought" id="9-9">
                    <pos type="VBD"/>
                    <lemma type="bring"/>
                </token>
                <token content="out" id="9-10">
                    <pos type="RP"/>
                    <lemma type="out"/>
                    <dep head="9-9" type="prt"/>
                </token>
                <token content="some" id="9-11">
                    <pos type="DT"/>
                    <lemma type="some"/>
                </token>
                <token content="electric" id="9-12">
                    <pos type="JJ"/>
                    <lemma type="electric"/>
                </token>
                <token content="hair" id="9-13">
                    <pos type="NN"/>
                    <lemma type="hair"/>
                </token>
                <token content="clippers" id="9-14">
                    <pos type="NNS"/>
                    <lemma type="clipper"/>
                    <dep head="9-9" type="dobj"/>
                </token>
                <token content="and" id="9-15"/>
                <token content="started" id="9-16">
                    <pos type="VBD"/>
                    <lemma type="start"/>
                    <dep head="9-9" type="conj"/>
                </token>
                <token content="trimming" id="9-17">
                    <pos type="VBG"/>
                    <lemma type="trim"/>
                    <dep head="9-16" type="xcomp"/>
                </token>
                <token content="my" id="9-18">
                    <pos type="PRP$"/>
                    <lemma type="my"/>
                </token>
                <token content="hair" id="9-19">
                    <pos type="NN"/>
                    <lemma type="hair"/>
                    <dep head="9-17" type="dobj"/>
                </token>
                <token content="to" id="9-20"/>
                <token content="an" id="9-21">
                    <pos type="DT"/>
                    <lemma type="a"/>
                </token>
                <token content="even" id="9-22">
                    <pos type="JJ"/>
                    <lemma type="even"/>
                </token>
                <token content="length" id="9-23">
                    <pos type="NN"/>
                    <lemma type="length"/>
                    <dep head="9-17" type="prep"/>
                </token>
                <token content="." id="9-24"/>
            </sentence>
            <sentence id="10">
                <token content="The" id="10-1">
                    <pos type="DT"/>
                    <lemma type="the"/>
                </token>
                <token content="clippers" id="10-2">
                    <pos type="NNS"/>
                    <lemma type="clipper"/>
                    <dep head="10-3" type="nsubj"/>
                </token>
                <token content="made" id="10-3">
                    <pos type="VBD"/>
                    <lemma type="make"/>
                </token>
                <token content="a" id="10-4">
                    <pos type="DT"/>
                    <lemma type="a"/>
                </token>
                <token content="loud" id="10-5">
                    <pos type="JJ"/>
                    <lemma type="loud"/>
                </token>
                <token content="buzzing" id="10-6">
                    <pos type="JJ"/>
                    <lemma type="buzzing"/>
                </token>
                <token content="noise" id="10-7">
                    <pos type="NN"/>
                    <lemma type="noise"/>
                    <dep head="10-3" type="dobj"/>
                </token>
                <token content="in" id="10-8"/>
                <token content="my" id="10-9">
                    <pos type="PRP$"/>
                    <lemma type="my"/>
                </token>
                <token content="ear" id="10-10">
                    <pos type="NN"/>
                    <lemma type="ear"/>
                    <dep head="10-3" type="prep"/>
                </token>
                <token content="," id="10-11"/>
                <token content="which" id="10-12">
                    <pos type="WDT"/>
                    <lemma type="which"/>
                    <dep head="10-13" type="nsubj"/>
                </token>
                <token content="used" id="10-13">
                    <pos type="VBD"/>
                    <lemma type="use"/>
                </token>
                <token content="to" id="10-14">
                    <pos type="TO"/>
                    <lemma type="to"/>
                    <dep head="10-15" type="aux"/>
                </token>
                <token content="scare" id="10-15">
                    <pos type="VB"/>
                    <lemma type="scare"/>
                    <dep head="10-13" type="xcomp"/>
                </token>
                <token content="me" id="10-16">
                    <pos type="PRP"/>
                    <lemma type="I"/>
                    <dep head="10-15" type="dobj"/>
                </token>
                <token content="but" id="10-17"/>
                <token content="now" id="10-18">
                    <pos type="RB"/>
                    <lemma type="now"/>
                    <dep head="10-20" type="advmod"/>
                </token>
                <token content="I" id="10-19">
                    <pos type="PRP"/>
                    <lemma type="I"/>
                    <dep head="10-20" type="nsubj"/>
                </token>
                <token content="think" id="10-20">
                    <pos type="VBP"/>
                    <lemma type="think"/>
                    <dep head="10-3" type="conj"/>
                </token>
                <token content="is" id="10-21">
                    <pos type="VBZ"/>
                    <lemma type="be"/>
                </token>
                <token content="kind" id="10-22">
                    <pos type="NN"/>
                    <lemma type="kind"/>
                    <dep head="10-20" type="ccomp"/>
                </token>
                <token content="of" id="10-23"/>
                <token content="fun" id="10-24">
                    <pos type="NN"/>
                    <lemma type="fun"/>
                </token>
                <token content="." id="10-25"/>
            </sentence>
            <sentence id="11">
                <token content="Finally" id="11-1">
                    <pos type="RB"/>
                    <lemma type="finally"/>
                    <dep head="11-4" type="advmod"/>
                </token>
                <token content="," id="11-2"/>
                <token content="he" id="11-3">
                    <pos type="PRP"/>
                    <lemma type="he"/>
                    <dep head="11-4" type="nsubj"/>
                </token>
                <token content="used" id="11-4">
                    <pos type="VBD"/>
                    <lemma type="use"/>
                </token>
                <token content="the" id="11-5">
                    <pos type="DT"/>
                    <lemma type="the"/>
                </token>
                <token content="scissors" id="11-6">
                    <pos type="NNS"/>
                    <lemma type="scissors"/>
                    <dep head="11-4" type="dobj"/>
                </token>
                <token content="again" id="11-7">
                    <pos type="RB"/>
                    <lemma type="again"/>
                    <dep head="11-4" type="advmod"/>
                </token>
                <token content="to" id="11-8">
                    <pos type="TO"/>
                    <lemma type="to"/>
                    <dep head="11-9" type="aux"/>
                </token>
                <token content="trim" id="11-9">
                    <pos type="VB"/>
                    <lemma type="trim"/>
                    <dep head="11-4" type="vmod"/>
                </token>
                <token content="any" id="11-10">
                    <pos type="DT"/>
                    <lemma type="any"/>
                </token>
                <token content="stray" id="11-11">
                    <pos type="JJ"/>
                    <lemma type="stray"/>
                </token>
                <token content="hairs" id="11-12">
                    <pos type="NNS"/>
                    <lemma type="hair"/>
                    <dep head="11-9" type="dobj"/>
                </token>
                <token content="," id="11-13"/>
                <token content="and" id="11-14"/>
                <token content="then" id="11-15">
                    <pos type="RB"/>
                    <lemma type="then"/>
                    <dep head="11-16" type="advmod"/>
                </token>
                <token content="wiped" id="11-16">
                    <pos type="VBD"/>
                    <lemma type="wipe"/>
                    <dep head="11-4" type="conj"/>
                </token>
                <token content="me" id="11-17">
                    <pos type="PRP"/>
                    <lemma type="I"/>
                    <dep head="11-16" type="dobj"/>
                </token>
                <token content="off" id="11-18">
                    <pos type="RP"/>
                    <lemma type="off"/>
                    <dep head="11-16" type="prt"/>
                </token>
                <token content="and" id="11-19"/>
                <token content="took" id="11-20">
                    <pos type="VBD"/>
                    <lemma type="take"/>
                    <dep head="11-16" type="conj"/>
                </token>
                <token content="off" id="11-21">
                    <pos type="RP"/>
                    <lemma type="off"/>
                    <dep head="11-20" type="prt"/>
                </token>
                <token content="the" id="11-22">
                    <pos type="DT"/>
                    <lemma type="the"/>
                </token>
                <token content="cloth" id="11-23">
                    <pos type="NN"/>
                    <lemma type="cloth"/>
                    <dep head="11-20" type="dobj"/>
                </token>
                <token content="." id="11-24"/>
            </sentence>
            <sentence id="12">
                <token content="I" id="12-1">
                    <pos type="PRP"/>
                    <lemma type="I"/>
                    <dep head="12-2" type="nsubj"/>
                </token>
                <token content="paid" id="12-2">
                    <pos type="VBD"/>
                    <lemma type="pay"/>
                </token>
                <token content="him" id="12-3">
                    <pos type="PRP"/>
                    <lemma type="he"/>
                    <dep head="12-2" type="dobj"/>
                </token>
                <token content="," id="12-4"/>
                <token content="shook" id="12-5">
                    <pos type="VBD"/>
                    <lemma type="shake"/>
                    <dep head="12-2" type="conj"/>
                </token>
                <token content="his" id="12-6">
                    <pos type="PRP$"/>
                    <lemma type="he"/>
                </token>
                <token content="hand" id="12-7">
                    <pos type="NN"/>
                    <lemma type="hand"/>
                    <dep head="12-5" type="dobj"/>
                </token>
                <token content="and" id="12-8"/>
                <token content="thanked" id="12-9">
                    <pos type="VBD"/>
                    <lemma type="thank"/>
                    <dep head="12-2" type="conj"/>
                </token>
                <token content="him" id="12-10">
                    <pos type="PRP"/>
                    <lemma type="he"/>
                    <dep head="12-9" type="dobj"/>
                </token>
                <token content="," id="12-11"/>
                <token content="and" id="12-12"/>
                <token content="left" id="12-13">
                    <pos type="VBD"/>
                    <lemma type="leave"/>
                    <dep head="12-2" type="conj"/>
                </token>
                <token content="the" id="12-14">
                    <pos type="DT"/>
                    <lemma type="the"/>
                </token>
                <token content="barber" id="12-15">
                    <pos type="NN"/>
                    <lemma type="barber"/>
                </token>
                <token content="shop" id="12-16">
                    <pos type="NN"/>
                    <lemma type="shop"/>
                    <dep head="12-13" type="dobj"/>
                </token>
                <token content="with" id="12-17"/>
                <token content="my" id="12-18">
                    <pos type="PRP$"/>
                    <lemma type="my"/>
                </token>
                <token content="nice" id="12-19">
                    <pos type="JJ"/>
                    <lemma type="nice"/>
                </token>
                <token content="clean" id="12-20">
                    <pos type="JJ"/>
                    <lemma type="clean"/>
                </token>
                <token content="hair" id="12-21">
                    <pos type="NN"/>
                    <lemma type="hair"/>
                </token>
                <token content="cut" id="12-22">
                    <pos type="NN"/>
                    <lemma type="cut"/>
                    <dep head="12-13" type="prep"/>
                </token>
                <token content="." id="12-23"/>
            </sentence>
        </sentences>
    </text>
    <annotations>
        <participants>
            <label from="1-2" id="0" name="ScrPart_time/date" text="weekend" type="participant"/>
            <label from="1-3" id="1" name="ScrPart_customer" text="I" type="participant"/>
            <label from="1-8" id="2" name="ScrPart_haircut" text="haircut" type="participant"/>
            <label from="2-1" id="3" name="ScrPart_customer" text="I" type="participant"/>
            <label from="2-4" id="4" name="NPart" text="town" type="participant"/>
            <label from="2-6" id="5" name="ScrPart_customer" text="my" type="participant"/>
            <label from="2-8" id="6" name="ScrPart_salon" text="barber shop" to="2-9" type="participant"/>
            <label from="2-9" id="7" name="ScrPart_salon" text="shop" type="participant"/>
            <label from="2-14" id="8" name="ScrPart_hairdresser" text="barber" type="participant"/>
            <label from="2-19" id="9" name="ScrPart_hairdresser" text="his" type="participant"/>
            <label from="2-21" id="10" name="ScrPart_customer" text="client" type="participant"/>
            <label from="3-1" id="11" name="ScrPart_customer" text="I" type="participant"/>
            <label from="3-6" id="12" name="ScrPart_entertainment" text="magazines" type="participant"/>
            <label from="3-8" id="13" name="ScrPart_customer" text="I" type="participant"/>
            <label from="4-3" id="14" name="No_label" text="it" type="participant"/>
            <label from="4-5" id="15" name="ScrPart_customer" text="my" type="participant"/>
            <label from="4-6" id="16" name="No_label" text="turn" type="participant"/>
            <label from="5-2" id="17" name="ScrPart_customer" text="I" type="participant"/>
            <label from="5-5" id="18" name="ScrPart_customer" text="I" type="participant"/>
            <label from="5-10" id="19" name="Head_of_Partitive" text="selection" type="participant"/>
            <label from="5-12" id="20" name="ScrPart_haircut" text="hair cuts" to="5-13" type="participant"/>
            <label from="5-14" id="21" name="ScrPart_hairdresser" text="he" type="participant"/>
            <label from="5-17" id="22" name="ScrPart_hairdresser" text="his" type="participant"/>
            <label from="5-18" id="23" name="NPart" text="walls" type="participant"/>
            <label from="5-21" id="24" name="ScrPart_customer" text="I" type="participant"/>
            <label from="5-25" id="25" name="ScrPart_haircut" text="something" type="participant"/>
            <label from="5-29" id="26" name="ScrPart_customer" text="I" type="participant"/>
            <label from="5-32" id="27" name="ScrPart_customer" text="my" type="participant"/>
            <label from="5-33" id="28" name="ScrPart_haircut" text="usual" type="participant"/>
            <label from="6-1" id="29" name="ScrPart_customer" text="I" type="participant"/>
            <label from="6-8" id="30" name="ScrPart_haircut" text="hair cut" to="6-9" type="participant"/>
            <label from="6-12" id="31" name="No_label" text="while" type="participant"/>
            <label from="6-15" id="32" name="ScrPart_customer" text="I" type="participant"/>
            <label from="6-18" id="33" name="Head_of_Partitive" text="lot" type="participant"/>
            <label from="6-20" id="34" name="ScrPart_hair" text="hair" type="participant"/>
            <label from="7-1" id="35" name="ScrPart_customer" text="I" type="participant"/>
            <label from="7-4" id="36" name="ScrPart_hairdresser" text="his" type="participant"/>
            <label from="7-5" id="37" name="ScrPart_chair" text="barber chair" to="7-6" type="participant"/>
            <label from="7-6" id="38" name="ScrPart_chair" text="chair" type="participant"/>
            <label from="7-9" id="39" name="ScrPart_hairdresser" text="he" type="participant"/>
            <label from="7-12" id="40" name="ScrPart_cape" text="cloth" type="participant"/>
            <label from="7-14" id="41" name="ScrPart_customer" text="my" type="participant"/>
            <label from="7-15" id="42" name="NPart" text="neck" type="participant"/>
            <label from="7-19" id="43" name="ScrPart_hair" text="hair" type="participant"/>
            <label from="7-22" id="44" name="ScrPart_customer" text="my" type="participant"/>
            <label from="7-23" id="45" name="NPart" text="clothes" type="participant"/>
            <label from="8-1" id="46" name="ScrPart_hairdresser" text="He" type="participant"/>
            <label from="8-3" id="47" name="ScrPart_customer" text="my" type="participant"/>
            <label from="8-4" id="48" name="ScrPart_hair" text="hair" type="participant"/>
            <label from="8-8" id="49" name="ScrPart_hair_styling/treatment" text="water" type="participant"/>
            <label from="8-13" id="50" name="ScrPart_hair" text="hair" type="participant"/>
            <label from="8-18" id="51" name="ScrPart_hairdresser" text="he" type="participant"/>
            <label from="8-24" id="52" name="Head_of_Partitive" text="amounts" type="participant"/>
            <label from="8-26" id="53" name="ScrPart_hair" text="hair" type="participant"/>
            <label from="8-29" id="54" name="Head_of_Partitive" text="pair" type="participant"/>
            <label from="8-31" id="55" name="ScrPart_scissors" text="scissors" type="participant"/>
            <label from="9-3" id="56" name="ScrPart_customer" text="my" type="participant"/>
            <label from="9-4" id="57" name="ScrPart_hair" text="hair" type="participant"/>
            <label from="9-8" id="58" name="ScrPart_hairdresser" text="he" type="participant"/>
            <label from="9-13" id="59" name="ScrPart_scissors" text="hair clippers" to="9-14" type="participant"/>
            <label from="9-14" id="60" name="ScrPart_scissors" text="clippers" type="participant"/>
            <label from="9-18" id="61" name="ScrPart_customer" text="my" type="participant"/>
            <label from="9-19" id="62" name="ScrPart_hair" text="hair" type="participant"/>
            <label from="9-23" id="63" name="NPart" text="length" type="participant"/>
            <label from="10-2" id="64" name="ScrPart_scissors" text="clippers" type="participant"/>
            <label from="10-7" id="65" name="NPart" text="noise" type="participant"/>
            <label from="10-9" id="66" name="ScrPart_customer" text="my" type="participant"/>
            <label from="10-10" id="67" name="NPart" text="ear" type="participant"/>
            <label from="10-16" id="68" name="ScrPart_customer" text="me" type="participant"/>
            <label from="10-19" id="69" name="ScrPart_customer" text="I" type="participant"/>
            <label from="10-22" id="70" name="Head_of_Partitive" text="kind" type="participant"/>
            <label from="10-24" id="71" name="NPart" text="fun" type="participant"/>
            <label from="11-3" id="72" name="ScrPart_hairdresser" text="he" type="participant"/>
            <label from="11-6" id="73" name="ScrPart_scissors" text="scissors" type="participant"/>
            <label from="11-12" id="74" name="ScrPart_hair" text="hairs" type="participant"/>
            <label from="11-17" id="75" name="ScrPart_customer" text="me" type="participant"/>
            <label from="11-23" id="76" name="ScrPart_cape" text="cloth" type="participant"/>
            <label from="12-1" id="77" name="ScrPart_customer" text="I" type="participant"/>
            <label from="12-3" id="78" name="ScrPart_hairdresser" text="him" type="participant"/>
            <label from="12-6" id="79" name="ScrPart_hairdresser" text="his" type="participant"/>
            <label from="12-7" id="80" name="NPart" text="hand" type="participant"/>
            <label from="12-10" id="81" name="ScrPart_hairdresser" text="him" type="participant"/>
            <label from="12-15" id="82" name="ScrPart_salon" text="barber shop" to="12-16" type="participant"/>
            <label from="12-16" id="83" name="ScrPart_salon" text="shop" type="participant"/>
            <label from="12-18" id="84" name="ScrPart_customer" text="my" type="participant"/>
            <label from="12-21" id="85" name="ScrPart_haircut" text="hair cut" to="12-22" type="participant"/>
        </participants>
        <events>
            <label from="1-4" id="86" name="UnrelEv" text="went" type="event"/>
            <label from="1-6" id="87" name="Evoking" text="get a haircut" to="1-8" type="event"/>
            <label from="2-2" id="88" name="ScrEv_get_salon" text="went" type="event"/>
            <label from="2-11" id="89" name="ScrEv_wait" text="waited" type="event"/>
            <label from="2-17" id="90" name="RelNScrEv" text="done" type="event"/>
            <label from="3-2" id="91" name="RelNScrEv" text="sat" type="event"/>
            <label from="3-4" id="92" name="RelNScrEv" text="read" type="event"/>
            <label from="3-9" id="93" name="ScrEv_wait" text="waited" type="event"/>
            <label from="4-4" id="94" name="UnrelEv" text="was" type="event"/>
            <label from="5-3" id="95" name="UnrelEv" text="wanted" type="event"/>
            <label from="5-7" id="96" name="ScrEv_talk_haircut" text="choose" type="event"/>
            <label from="5-15" id="97" name="UnrelEv" text="had" type="event"/>
            <label from="5-23" id="98" name="ScrEv_talk_haircut" text="ask" type="event"/>
            <label from="5-31" id="99" name="ScrEv_talk_haircut" text="wanted" type="event"/>
            <label from="6-4" id="100" name="Evoking" text="come in for a hair cut" to="6-9" type="event"/>
            <label from="6-16" id="101" name="UnrelEv" text="had" type="event"/>
            <label from="6-22" id="102" name="ScrEv_cut" text="remove" type="event"/>
            <label from="7-2" id="103" name="ScrEv_sit_down" text="sat" type="event"/>
            <label from="7-10" id="104" name="ScrEv_put_on_cape" text="put" type="event"/>
            <label from="7-17" id="105" name="RelNScrEv" text="keep" type="event"/>
            <label from="8-2" id="106" name="RelNScrEv" text="sprayed" type="event"/>
            <label from="8-10" id="107" name="RelNScrEv" text="keep" type="event"/>
            <label from="8-19" id="108" name="UnrelEv" text="began" type="event"/>
            <label from="8-20" id="109" name="ScrEv_cut" text="clipping away" to="8-21" type="event"/>
            <label from="9-5" id="110" name="RelNScrEv" text="was" type="event"/>
            <label from="9-9" id="111" name="RelNScrEv" text="brought out" to="9-10" type="event"/>
            <label from="9-16" id="112" name="UnrelEv" text="started" type="event"/>
            <label from="9-17" id="113" name="ScrEv_cut" text="trimming" type="event"/>
            <label from="10-3" id="114" name="RelNScrEv" text="made" type="event"/>
            <label from="10-6" id="115" name="UnrelEv" text="buzzing" type="event"/>
            <label from="10-13" id="116" name="UnrelEv" text="used" type="event"/>
            <label from="10-15" id="117" name="UnrelEv" text="scare" type="event"/>
            <label from="10-20" id="118" name="UnrelEv" text="think" type="event"/>
            <label from="10-21" id="119" name="UnrelEv" text="is" type="event"/>
            <label from="11-4" id="120" name="RelNScrEv" text="used" type="event"/>
            <label from="11-9" id="121" name="ScrEv_cut" text="trim" type="event"/>
            <label from="11-16" id="122" name="ScrEv_brush_hair" text="wiped" type="event"/>
            <label from="11-20" id="123" name="ScrEv_remove_cap" text="took off" to="11-21" type="event"/>
            <label from="12-2" id="124" name="ScrEv_pay" text="paid" type="event"/>
            <label from="12-5" id="125" name="RelNScrEv" text="shook" type="event"/>
            <label from="12-9" id="126" name="ScrEv_small_talk" text="thanked" type="event"/>
            <label from="12-13" id="127" name="ScrEv_leave" text="left" type="event"/>
        </events>
        <chains>
            <chain elements="3 1 5 11 13 15 17 18 24 26 27 29 32 35 41 44 47 56 61 66 68 69 75 77 84"/>
            <chain elements="20 2 25 28 30 85"/>
            <chain elements="83 7"/>
            <chain elements="9 8 21 22 36 39 46 51 58 72 78 79 81"/>
            <chain elements="43 34 48 50 53 57 62 74"/>
            <chain elements="76 40"/>
            <chain elements="73 55"/>
            <chain elements="64 60"/>
        </chains>
    </annotations>
</story>
