<?xml version="1.0" encoding="UTF-8" standalone="no"?>
<!DOCTYPE story SYSTEM "../InScript.dtd">
<story id="042" scenario="haircut">
    <text>
        <content>It is important to have hair that is clean , groomed and presentable . 
One key component to good hair is getting it cut . 
The way I like it cut is best done within the confines of a beauty school . 
To set up a cut at the beauty school which I like to go to , I call in a day or two before to set up an appointment . 
At the appropriate appointment time I make my way to the school and check in . 
A friendly student always greets me and steers me to her station . 
I explain to him or her thoroughly what I like done to my hair . 
It helps that I always bring photos in to show what I would like it cut like . 
As they cut my hair I always chat with them . 
I like getting to know people and this is always enjoyable for me and for my stylist . 
At the end of the cut , they brush off all the hair and ask how I like it . 
I always give glowing praise . 
I pay for the cut and am on my way . </content>
        <sentences>
            <sentence id="1">
                <token content="It" id="1-1">
                    <pos type="PRP"/>
                    <lemma type="it"/>
                </token>
                <token content="is" id="1-2">
                    <pos type="VBZ"/>
                    <lemma type="be"/>
                </token>
                <token content="important" id="1-3">
                    <pos type="JJ"/>
                    <lemma type="important"/>
                </token>
                <token content="to" id="1-4">
                    <pos type="TO"/>
                    <lemma type="to"/>
                    <dep head="1-5" type="aux"/>
                </token>
                <token content="have" id="1-5">
                    <pos type="VB"/>
                    <lemma type="have"/>
                </token>
                <token content="hair" id="1-6">
                    <pos type="NN"/>
                    <lemma type="hair"/>
                    <dep head="1-5" type="dobj"/>
                </token>
                <token content="that" id="1-7">
                    <pos type="WDT"/>
                    <lemma type="that"/>
                </token>
                <token content="is" id="1-8">
                    <pos type="VBZ"/>
                    <lemma type="be"/>
                </token>
                <token content="clean" id="1-9">
                    <pos type="JJ"/>
                    <lemma type="clean"/>
                </token>
                <token content="," id="1-10"/>
                <token content="groomed" id="1-11">
                    <pos type="JJ"/>
                    <lemma type="groomed"/>
                </token>
                <token content="and" id="1-12"/>
                <token content="presentable" id="1-13">
                    <pos type="JJ"/>
                    <lemma type="presentable"/>
                </token>
                <token content="." id="1-14"/>
            </sentence>
            <sentence id="2">
                <token content="One" id="2-1">
                    <pos type="CD"/>
                    <lemma type="one"/>
                </token>
                <token content="key" id="2-2">
                    <pos type="JJ"/>
                    <lemma type="key"/>
                </token>
                <token content="component" id="2-3">
                    <pos type="NN"/>
                    <lemma type="component"/>
                    <dep head="2-8" type="nsubj"/>
                </token>
                <token content="to" id="2-4"/>
                <token content="good" id="2-5">
                    <pos type="JJ"/>
                    <lemma type="good"/>
                </token>
                <token content="hair" id="2-6">
                    <pos type="NN"/>
                    <lemma type="hair"/>
                </token>
                <token content="is" id="2-7">
                    <pos type="VBZ"/>
                    <lemma type="be"/>
                    <dep head="2-8" type="aux"/>
                </token>
                <token content="getting" id="2-8">
                    <pos type="VBG"/>
                    <lemma type="get"/>
                </token>
                <token content="it" id="2-9">
                    <pos type="PRP"/>
                    <lemma type="it"/>
                    <dep head="2-10" type="nsubj"/>
                </token>
                <token content="cut" id="2-10">
                    <pos type="VB"/>
                    <lemma type="cut"/>
                    <dep head="2-8" type="ccomp"/>
                </token>
                <token content="." id="2-11"/>
            </sentence>
            <sentence id="3">
                <token content="The" id="3-1">
                    <pos type="DT"/>
                    <lemma type="the"/>
                </token>
                <token content="way" id="3-2">
                    <pos type="NN"/>
                    <lemma type="way"/>
                    <dep head="3-9" type="nsubjpass"/>
                </token>
                <token content="I" id="3-3">
                    <pos type="PRP"/>
                    <lemma type="I"/>
                    <dep head="3-4" type="nsubj"/>
                </token>
                <token content="like" id="3-4">
                    <pos type="VBP"/>
                    <lemma type="like"/>
                </token>
                <token content="it" id="3-5">
                    <pos type="PRP"/>
                    <lemma type="it"/>
                    <dep head="3-6" type="nsubj"/>
                </token>
                <token content="cut" id="3-6">
                    <pos type="VBD"/>
                    <lemma type="cut"/>
                    <dep head="3-4" type="ccomp"/>
                </token>
                <token content="is" id="3-7">
                    <pos type="VBZ"/>
                    <lemma type="be"/>
                    <dep head="3-9" type="auxpass"/>
                </token>
                <token content="best" id="3-8">
                    <pos type="RBS"/>
                    <lemma type="best"/>
                    <dep head="3-9" type="advmod"/>
                </token>
                <token content="done" id="3-9">
                    <pos type="VBN"/>
                    <lemma type="do"/>
                </token>
                <token content="within" id="3-10"/>
                <token content="the" id="3-11">
                    <pos type="DT"/>
                    <lemma type="the"/>
                </token>
                <token content="confines" id="3-12">
                    <pos type="NNS"/>
                    <lemma type="confines"/>
                    <dep head="3-9" type="prep"/>
                </token>
                <token content="of" id="3-13"/>
                <token content="a" id="3-14">
                    <pos type="DT"/>
                    <lemma type="a"/>
                </token>
                <token content="beauty" id="3-15">
                    <pos type="NN"/>
                    <lemma type="beauty"/>
                </token>
                <token content="school" id="3-16">
                    <pos type="NN"/>
                    <lemma type="school"/>
                </token>
                <token content="." id="3-17"/>
            </sentence>
            <sentence id="4">
                <token content="To" id="4-1">
                    <pos type="TO"/>
                    <lemma type="to"/>
                    <dep head="4-2" type="aux"/>
                </token>
                <token content="set" id="4-2">
                    <pos type="VB"/>
                    <lemma type="set"/>
                    <dep head="4-18" type="advcl"/>
                </token>
                <token content="up" id="4-3">
                    <pos type="RP"/>
                    <lemma type="up"/>
                    <dep head="4-2" type="prt"/>
                </token>
                <token content="a" id="4-4">
                    <pos type="DT"/>
                    <lemma type="a"/>
                </token>
                <token content="cut" id="4-5">
                    <pos type="NN"/>
                    <lemma type="cut"/>
                    <dep head="4-2" type="dobj"/>
                </token>
                <token content="at" id="4-6"/>
                <token content="the" id="4-7">
                    <pos type="DT"/>
                    <lemma type="the"/>
                </token>
                <token content="beauty" id="4-8">
                    <pos type="NN"/>
                    <lemma type="beauty"/>
                </token>
                <token content="school" id="4-9">
                    <pos type="NN"/>
                    <lemma type="school"/>
                    <dep head="4-2" type="prep"/>
                </token>
                <token content="which" id="4-10">
                    <pos type="WDT"/>
                    <lemma type="which"/>
                    <dep head="4-12" type="dobj"/>
                </token>
                <token content="I" id="4-11">
                    <pos type="PRP"/>
                    <lemma type="I"/>
                    <dep head="4-12" type="nsubj"/>
                </token>
                <token content="like" id="4-12">
                    <pos type="VBP"/>
                    <lemma type="like"/>
                </token>
                <token content="to" id="4-13">
                    <pos type="TO"/>
                    <lemma type="to"/>
                    <dep head="4-14" type="aux"/>
                </token>
                <token content="go" id="4-14">
                    <pos type="VB"/>
                    <lemma type="go"/>
                    <dep head="4-12" type="xcomp"/>
                </token>
                <token content="to" id="4-15">
                    <pos type="TO"/>
                    <lemma type="to"/>
                    <dep head="4-14" type="prep"/>
                </token>
                <token content="," id="4-16"/>
                <token content="I" id="4-17">
                    <pos type="PRP"/>
                    <lemma type="I"/>
                    <dep head="4-18" type="nsubj"/>
                </token>
                <token content="call" id="4-18">
                    <pos type="VBP"/>
                    <lemma type="call"/>
                </token>
                <token content="in" id="4-19"/>
                <token content="a" id="4-20">
                    <pos type="DT"/>
                    <lemma type="a"/>
                </token>
                <token content="day" id="4-21">
                    <pos type="NN"/>
                    <lemma type="day"/>
                    <dep head="4-18" type="prep"/>
                </token>
                <token content="or" id="4-22"/>
                <token content="two" id="4-23">
                    <pos type="CD"/>
                    <lemma type="two"/>
                </token>
                <token content="before" id="4-24">
                    <pos type="IN"/>
                    <lemma type="before"/>
                    <dep head="4-26" type="mark"/>
                </token>
                <token content="to" id="4-25">
                    <pos type="TO"/>
                    <lemma type="to"/>
                    <dep head="4-26" type="aux"/>
                </token>
                <token content="set" id="4-26">
                    <pos type="VB"/>
                    <lemma type="set"/>
                    <dep head="4-18" type="advcl"/>
                </token>
                <token content="up" id="4-27">
                    <pos type="RP"/>
                    <lemma type="up"/>
                    <dep head="4-26" type="prt"/>
                </token>
                <token content="an" id="4-28">
                    <pos type="DT"/>
                    <lemma type="a"/>
                </token>
                <token content="appointment" id="4-29">
                    <pos type="NN"/>
                    <lemma type="appointment"/>
                    <dep head="4-26" type="dobj"/>
                </token>
                <token content="." id="4-30"/>
            </sentence>
            <sentence id="5">
                <token content="At" id="5-1"/>
                <token content="the" id="5-2">
                    <pos type="DT"/>
                    <lemma type="the"/>
                </token>
                <token content="appropriate" id="5-3">
                    <pos type="JJ"/>
                    <lemma type="appropriate"/>
                </token>
                <token content="appointment" id="5-4">
                    <pos type="NN"/>
                    <lemma type="appointment"/>
                </token>
                <token content="time" id="5-5">
                    <pos type="NN"/>
                    <lemma type="time"/>
                    <dep head="5-7" type="prep"/>
                </token>
                <token content="I" id="5-6">
                    <pos type="PRP"/>
                    <lemma type="I"/>
                    <dep head="5-7" type="nsubj"/>
                </token>
                <token content="make" id="5-7">
                    <pos type="VBP"/>
                    <lemma type="make"/>
                </token>
                <token content="my" id="5-8">
                    <pos type="PRP$"/>
                    <lemma type="my"/>
                </token>
                <token content="way" id="5-9">
                    <pos type="NN"/>
                    <lemma type="way"/>
                    <dep head="5-7" type="dobj"/>
                </token>
                <token content="to" id="5-10"/>
                <token content="the" id="5-11">
                    <pos type="DT"/>
                    <lemma type="the"/>
                </token>
                <token content="school" id="5-12">
                    <pos type="NN"/>
                    <lemma type="school"/>
                    <dep head="5-7" type="prep"/>
                </token>
                <token content="and" id="5-13"/>
                <token content="check" id="5-14">
                    <pos type="VBP"/>
                    <lemma type="check"/>
                    <dep head="5-7" type="conj"/>
                </token>
                <token content="in" id="5-15">
                    <pos type="RP"/>
                    <lemma type="in"/>
                    <dep head="5-14" type="prt"/>
                </token>
                <token content="." id="5-16"/>
            </sentence>
            <sentence id="6">
                <token content="A" id="6-1">
                    <pos type="DT"/>
                    <lemma type="a"/>
                </token>
                <token content="friendly" id="6-2">
                    <pos type="JJ"/>
                    <lemma type="friendly"/>
                </token>
                <token content="student" id="6-3">
                    <pos type="NN"/>
                    <lemma type="student"/>
                    <dep head="6-5" type="nsubj"/>
                </token>
                <token content="always" id="6-4">
                    <pos type="RB"/>
                    <lemma type="always"/>
                    <dep head="6-5" type="advmod"/>
                </token>
                <token content="greets" id="6-5">
                    <pos type="VBZ"/>
                    <lemma type="greet"/>
                </token>
                <token content="me" id="6-6">
                    <pos type="PRP"/>
                    <lemma type="I"/>
                    <dep head="6-5" type="dobj"/>
                </token>
                <token content="and" id="6-7"/>
                <token content="steers" id="6-8">
                    <pos type="VBZ"/>
                    <lemma type="steer"/>
                    <dep head="6-5" type="conj"/>
                </token>
                <token content="me" id="6-9">
                    <pos type="PRP"/>
                    <lemma type="I"/>
                    <dep head="6-8" type="dobj"/>
                </token>
                <token content="to" id="6-10"/>
                <token content="her" id="6-11">
                    <pos type="PRP$"/>
                    <lemma type="she"/>
                </token>
                <token content="station" id="6-12">
                    <pos type="NN"/>
                    <lemma type="station"/>
                    <dep head="6-8" type="prep"/>
                </token>
                <token content="." id="6-13"/>
            </sentence>
            <sentence id="7">
                <token content="I" id="7-1">
                    <pos type="PRP"/>
                    <lemma type="I"/>
                    <dep head="7-2" type="nsubj"/>
                </token>
                <token content="explain" id="7-2">
                    <pos type="VBP"/>
                    <lemma type="explain"/>
                </token>
                <token content="to" id="7-3"/>
                <token content="him" id="7-4">
                    <pos type="PRP"/>
                    <lemma type="he"/>
                    <dep head="7-2" type="prep"/>
                </token>
                <token content="or" id="7-5"/>
                <token content="her" id="7-6">
                    <pos type="PRP$"/>
                    <lemma type="she"/>
                </token>
                <token content="thoroughly" id="7-7">
                    <pos type="NN"/>
                    <lemma type="thoroughly"/>
                </token>
                <token content="what" id="7-8">
                    <pos type="WP"/>
                    <lemma type="what"/>
                    <dep head="7-10" type="dobj"/>
                </token>
                <token content="I" id="7-9">
                    <pos type="PRP"/>
                    <lemma type="I"/>
                    <dep head="7-10" type="nsubj"/>
                </token>
                <token content="like" id="7-10">
                    <pos type="VBP"/>
                    <lemma type="like"/>
                </token>
                <token content="done" id="7-11">
                    <pos type="VBN"/>
                    <lemma type="do"/>
                    <dep head="7-10" type="dep"/>
                </token>
                <token content="to" id="7-12"/>
                <token content="my" id="7-13">
                    <pos type="PRP$"/>
                    <lemma type="my"/>
                </token>
                <token content="hair" id="7-14">
                    <pos type="NN"/>
                    <lemma type="hair"/>
                    <dep head="7-11" type="prep"/>
                </token>
                <token content="." id="7-15"/>
            </sentence>
            <sentence id="8">
                <token content="It" id="8-1">
                    <pos type="PRP"/>
                    <lemma type="it"/>
                    <dep head="8-2" type="nsubj"/>
                </token>
                <token content="helps" id="8-2">
                    <pos type="VBZ"/>
                    <lemma type="help"/>
                </token>
                <token content="that" id="8-3">
                    <pos type="IN"/>
                    <lemma type="that"/>
                    <dep head="8-6" type="mark"/>
                </token>
                <token content="I" id="8-4">
                    <pos type="PRP"/>
                    <lemma type="I"/>
                    <dep head="8-6" type="nsubj"/>
                </token>
                <token content="always" id="8-5">
                    <pos type="RB"/>
                    <lemma type="always"/>
                    <dep head="8-6" type="advmod"/>
                </token>
                <token content="bring" id="8-6">
                    <pos type="VB"/>
                    <lemma type="bring"/>
                    <dep head="8-2" type="ccomp"/>
                </token>
                <token content="photos" id="8-7">
                    <pos type="NNS"/>
                    <lemma type="photo"/>
                    <dep head="8-6" type="dobj"/>
                </token>
                <token content="in" id="8-8">
                    <pos type="RB"/>
                    <lemma type="in"/>
                    <dep head="8-6" type="advmod"/>
                </token>
                <token content="to" id="8-9">
                    <pos type="TO"/>
                    <lemma type="to"/>
                    <dep head="8-10" type="aux"/>
                </token>
                <token content="show" id="8-10">
                    <pos type="VB"/>
                    <lemma type="show"/>
                    <dep head="8-6" type="vmod"/>
                </token>
                <token content="what" id="8-11">
                    <pos type="WP"/>
                    <lemma type="what"/>
                    <dep head="8-14" type="dobj"/>
                </token>
                <token content="I" id="8-12">
                    <pos type="PRP"/>
                    <lemma type="I"/>
                    <dep head="8-14" type="nsubj"/>
                </token>
                <token content="would" id="8-13">
                    <pos type="MD"/>
                    <lemma type="would"/>
                    <dep head="8-14" type="aux"/>
                </token>
                <token content="like" id="8-14">
                    <pos type="VB"/>
                    <lemma type="like"/>
                    <dep head="8-10" type="ccomp"/>
                </token>
                <token content="it" id="8-15">
                    <pos type="PRP"/>
                    <lemma type="it"/>
                    <dep head="8-16" type="nsubj"/>
                </token>
                <token content="cut" id="8-16">
                    <pos type="VB"/>
                    <lemma type="cut"/>
                    <dep head="8-14" type="ccomp"/>
                </token>
                <token content="like" id="8-17">
                    <pos type="IN"/>
                    <lemma type="like"/>
                    <dep head="8-16" type="prep"/>
                </token>
                <token content="." id="8-18"/>
            </sentence>
            <sentence id="9">
                <token content="As" id="9-1">
                    <pos type="IN"/>
                    <lemma type="as"/>
                    <dep head="9-3" type="mark"/>
                </token>
                <token content="they" id="9-2">
                    <pos type="PRP"/>
                    <lemma type="they"/>
                    <dep head="9-3" type="nsubj"/>
                </token>
                <token content="cut" id="9-3">
                    <pos type="VBD"/>
                    <lemma type="cut"/>
                    <dep head="9-8" type="advcl"/>
                </token>
                <token content="my" id="9-4">
                    <pos type="PRP$"/>
                    <lemma type="my"/>
                </token>
                <token content="hair" id="9-5">
                    <pos type="NN"/>
                    <lemma type="hair"/>
                    <dep head="9-3" type="dobj"/>
                </token>
                <token content="I" id="9-6">
                    <pos type="PRP"/>
                    <lemma type="I"/>
                    <dep head="9-8" type="nsubj"/>
                </token>
                <token content="always" id="9-7">
                    <pos type="RB"/>
                    <lemma type="always"/>
                    <dep head="9-8" type="advmod"/>
                </token>
                <token content="chat" id="9-8">
                    <pos type="VBZ"/>
                    <lemma type="chat"/>
                </token>
                <token content="with" id="9-9"/>
                <token content="them" id="9-10">
                    <pos type="PRP"/>
                    <lemma type="they"/>
                    <dep head="9-8" type="prep"/>
                </token>
                <token content="." id="9-11"/>
            </sentence>
            <sentence id="10">
                <token content="I" id="10-1">
                    <pos type="PRP"/>
                    <lemma type="I"/>
                    <dep head="10-2" type="nsubj"/>
                </token>
                <token content="like" id="10-2">
                    <pos type="VBP"/>
                    <lemma type="like"/>
                </token>
                <token content="getting" id="10-3">
                    <pos type="VBG"/>
                    <lemma type="get"/>
                    <dep head="10-2" type="xcomp"/>
                </token>
                <token content="to" id="10-4">
                    <pos type="TO"/>
                    <lemma type="to"/>
                    <dep head="10-5" type="aux"/>
                </token>
                <token content="know" id="10-5">
                    <pos type="VB"/>
                    <lemma type="know"/>
                    <dep head="10-3" type="xcomp"/>
                </token>
                <token content="people" id="10-6">
                    <pos type="NNS"/>
                    <lemma type="people"/>
                    <dep head="10-5" type="dobj"/>
                </token>
                <token content="and" id="10-7"/>
                <token content="this" id="10-8">
                    <pos type="DT"/>
                    <lemma type="this"/>
                </token>
                <token content="is" id="10-9">
                    <pos type="VBZ"/>
                    <lemma type="be"/>
                </token>
                <token content="always" id="10-10">
                    <pos type="RB"/>
                    <lemma type="always"/>
                </token>
                <token content="enjoyable" id="10-11">
                    <pos type="JJ"/>
                    <lemma type="enjoyable"/>
                    <dep head="10-2" type="conj"/>
                </token>
                <token content="for" id="10-12"/>
                <token content="me" id="10-13">
                    <pos type="PRP"/>
                    <lemma type="I"/>
                </token>
                <token content="and" id="10-14"/>
                <token content="for" id="10-15"/>
                <token content="my" id="10-16">
                    <pos type="PRP$"/>
                    <lemma type="my"/>
                </token>
                <token content="stylist" id="10-17">
                    <pos type="NN"/>
                    <lemma type="stylist"/>
                </token>
                <token content="." id="10-18"/>
            </sentence>
            <sentence id="11">
                <token content="At" id="11-1"/>
                <token content="the" id="11-2">
                    <pos type="DT"/>
                    <lemma type="the"/>
                </token>
                <token content="end" id="11-3">
                    <pos type="NN"/>
                    <lemma type="end"/>
                    <dep head="11-9" type="prep"/>
                </token>
                <token content="of" id="11-4"/>
                <token content="the" id="11-5">
                    <pos type="DT"/>
                    <lemma type="the"/>
                </token>
                <token content="cut" id="11-6">
                    <pos type="NN"/>
                    <lemma type="cut"/>
                </token>
                <token content="," id="11-7"/>
                <token content="they" id="11-8">
                    <pos type="PRP"/>
                    <lemma type="they"/>
                    <dep head="11-9" type="nsubj"/>
                </token>
                <token content="brush" id="11-9">
                    <pos type="VB"/>
                    <lemma type="brush"/>
                </token>
                <token content="off" id="11-10">
                    <pos type="RP"/>
                    <lemma type="off"/>
                    <dep head="11-9" type="prt"/>
                </token>
                <token content="all" id="11-11">
                    <pos type="PDT"/>
                    <lemma type="all"/>
                </token>
                <token content="the" id="11-12">
                    <pos type="DT"/>
                    <lemma type="the"/>
                </token>
                <token content="hair" id="11-13">
                    <pos type="NN"/>
                    <lemma type="hair"/>
                    <dep head="11-9" type="dobj"/>
                </token>
                <token content="and" id="11-14"/>
                <token content="ask" id="11-15">
                    <pos type="VB"/>
                    <lemma type="ask"/>
                    <dep head="11-9" type="conj"/>
                </token>
                <token content="how" id="11-16">
                    <pos type="WRB"/>
                    <lemma type="how"/>
                    <dep head="11-18" type="advmod"/>
                </token>
                <token content="I" id="11-17">
                    <pos type="PRP"/>
                    <lemma type="I"/>
                    <dep head="11-18" type="nsubj"/>
                </token>
                <token content="like" id="11-18">
                    <pos type="VBP"/>
                    <lemma type="like"/>
                    <dep head="11-15" type="ccomp"/>
                </token>
                <token content="it" id="11-19">
                    <pos type="PRP"/>
                    <lemma type="it"/>
                    <dep head="11-18" type="dobj"/>
                </token>
                <token content="." id="11-20"/>
            </sentence>
            <sentence id="12">
                <token content="I" id="12-1">
                    <pos type="PRP"/>
                    <lemma type="I"/>
                    <dep head="12-3" type="nsubj"/>
                </token>
                <token content="always" id="12-2">
                    <pos type="RB"/>
                    <lemma type="always"/>
                    <dep head="12-3" type="advmod"/>
                </token>
                <token content="give" id="12-3">
                    <pos type="VBP"/>
                    <lemma type="give"/>
                </token>
                <token content="glowing" id="12-4">
                    <pos type="JJ"/>
                    <lemma type="glowing"/>
                </token>
                <token content="praise" id="12-5">
                    <pos type="NN"/>
                    <lemma type="praise"/>
                    <dep head="12-3" type="dobj"/>
                </token>
                <token content="." id="12-6"/>
            </sentence>
            <sentence id="13">
                <token content="I" id="13-1">
                    <pos type="PRP"/>
                    <lemma type="I"/>
                    <dep head="13-2" type="nsubj"/>
                </token>
                <token content="pay" id="13-2">
                    <pos type="VBP"/>
                    <lemma type="pay"/>
                </token>
                <token content="for" id="13-3"/>
                <token content="the" id="13-4">
                    <pos type="DT"/>
                    <lemma type="the"/>
                </token>
                <token content="cut" id="13-5">
                    <pos type="NN"/>
                    <lemma type="cut"/>
                    <dep head="13-2" type="prep"/>
                </token>
                <token content="and" id="13-6"/>
                <token content="am" id="13-7">
                    <pos type="VBP"/>
                    <lemma type="be"/>
                    <dep head="13-2" type="conj"/>
                </token>
                <token content="on" id="13-8"/>
                <token content="my" id="13-9">
                    <pos type="PRP$"/>
                    <lemma type="my"/>
                </token>
                <token content="way" id="13-10">
                    <pos type="NN"/>
                    <lemma type="way"/>
                    <dep head="13-7" type="prep"/>
                </token>
                <token content="." id="13-11"/>
            </sentence>
        </sentences>
    </text>
    <annotations>
        <participants>
            <label from="1-1" id="0" name="No_label" text="It" type="participant"/>
            <label from="1-6" id="1" name="ScrPart_hair" text="hair" type="participant"/>
            <label from="1-7" id="2" name="ScrPart_hair" text="that" type="participant"/>
            <label from="2-3" id="3" name="Head_of_Partitive" text="component" type="participant"/>
            <label from="2-6" id="4" name="ScrPart_hair" text="hair" type="participant"/>
            <label from="2-9" id="5" name="ScrPart_hair" text="it" type="participant"/>
            <label from="3-2" id="6" name="No_label" text="way" type="participant"/>
            <label from="3-3" id="7" name="ScrPart_customer" text="I" type="participant"/>
            <label from="3-5" id="8" name="ScrPart_hair" text="it" type="participant"/>
            <label from="3-12" id="9" name="Head_of_Partitive" text="confines" type="participant"/>
            <label from="3-15" id="10" name="ScrPart_salon" text="beauty school" to="3-16" type="participant"/>
            <label from="3-16" id="11" name="ScrPart_salon" text="school" type="participant"/>
            <label from="4-5" id="12" name="ScrPart_haircut" text="cut" type="participant"/>
            <label from="4-8" id="13" name="ScrPart_salon" text="beauty school" to="4-9" type="participant"/>
            <label from="4-9" id="14" name="ScrPart_salon" text="school" type="participant"/>
            <label from="4-10" id="15" name="ScrPart_salon" text="which" type="participant"/>
            <label from="4-11" id="16" name="ScrPart_customer" text="I" type="participant"/>
            <label from="4-17" id="17" name="ScrPart_customer" text="I" type="participant"/>
            <label from="4-21" id="18" name="ScrPart_time/date" text="day" type="participant"/>
            <label from="4-29" id="19" name="ScrPart_appointment" text="appointment" type="participant"/>
            <label from="5-4" id="20" name="ScrPart_time/date" text="appointment time" to="5-5" type="participant"/>
            <label from="5-5" id="21" name="ScrPart_time/date" text="time" type="participant"/>
            <label from="5-6" id="22" name="ScrPart_customer" text="I" type="participant"/>
            <label from="5-8" id="23" name="ScrPart_customer" text="my" type="participant"/>
            <label from="5-9" id="24" name="SuppVComp" text="way" type="participant"/>
            <label from="5-12" id="25" name="ScrPart_salon" text="school" type="participant"/>
            <label from="6-3" id="26" name="ScrPart_hairdresser" text="student" type="participant"/>
            <label from="6-6" id="27" name="ScrPart_customer" text="me" type="participant"/>
            <label from="6-9" id="28" name="ScrPart_customer" text="me" type="participant"/>
            <label from="6-11" id="29" name="ScrPart_hairdresser" text="her" type="participant"/>
            <label from="6-12" id="30" name="ScrPart_location_salon" text="station" type="participant"/>
            <label from="7-1" id="31" name="ScrPart_customer" text="I" type="participant"/>
            <label from="7-4" id="32" name="ScrPart_hairdresser" text="him" type="participant"/>
            <label from="7-6" id="33" name="ScrPart_hairdresser" text="her" type="participant"/>
            <label from="7-9" id="34" name="ScrPart_customer" text="I" type="participant"/>
            <label from="7-13" id="35" name="ScrPart_customer" text="my" type="participant"/>
            <label from="7-14" id="36" name="ScrPart_hair" text="hair" type="participant"/>
            <label from="8-1" id="37" name="No_label" text="It" type="participant"/>
            <label from="8-4" id="38" name="ScrPart_customer" text="I" type="participant"/>
            <label from="8-7" id="39" name="NPart" text="photos" type="participant"/>
            <label from="8-11" id="40" name="NPart" text="what" type="participant"/>
            <label from="8-12" id="41" name="ScrPart_customer" text="I" type="participant"/>
            <label from="8-15" id="42" name="ScrPart_hair" text="it" type="participant"/>
            <label from="9-2" id="43" name="ScrPart_hairdresser" text="they" type="participant"/>
            <label from="9-4" id="44" name="ScrPart_customer" text="my" type="participant"/>
            <label from="9-5" id="45" name="ScrPart_hair" text="hair" type="participant"/>
            <label from="9-6" id="46" name="ScrPart_customer" text="I" type="participant"/>
            <label from="9-10" id="47" name="ScrPart_hairdresser" text="them" type="participant"/>
            <label from="10-1" id="48" name="ScrPart_customer" text="I" type="participant"/>
            <label from="10-6" id="49" name="NPart" text="people" type="participant"/>
            <label from="10-13" id="50" name="ScrPart_customer" text="me" type="participant"/>
            <label from="10-16" id="51" name="ScrPart_customer" text="my" type="participant"/>
            <label from="10-17" id="52" name="ScrPart_hairdresser" text="stylist" type="participant"/>
            <label from="11-3" id="53" name="Head_of_Partitive" text="end" type="participant"/>
            <label from="11-6" id="54" name="ScrPart_haircut" text="cut" type="participant"/>
            <label from="11-8" id="55" name="ScrPart_hairdresser" text="they" type="participant"/>
            <label from="11-13" id="56" name="ScrPart_hair" text="hair" type="participant"/>
            <label from="11-17" id="57" name="ScrPart_customer" text="I" type="participant"/>
            <label from="11-19" id="58" name="ScrPart_hair" text="it" type="participant"/>
            <label from="12-1" id="59" name="ScrPart_customer" text="I" type="participant"/>
            <label from="12-5" id="60" name="NPart" text="praise" type="participant"/>
            <label from="13-1" id="61" name="ScrPart_customer" text="I" type="participant"/>
            <label from="13-5" id="62" name="ScrPart_haircut" text="cut" type="participant"/>
            <label from="13-9" id="63" name="ScrPart_customer" text="my" type="participant"/>
            <label from="13-10" id="64" name="SuppVComp" text="way" type="participant"/>
        </participants>
        <events>
            <label from="1-2" id="65" name="UnrelEv" text="is" type="event"/>
            <label from="1-5" id="66" name="UnrelEv" text="have" type="event"/>
            <label from="1-8" id="67" name="UnrelEv" text="is" type="event"/>
            <label from="1-11" id="68" name="ScrEv_make_hair_style" text="groomed" type="event"/>
            <label from="2-7" id="69" name="UnrelEv" text="is" type="event"/>
            <label from="2-8" id="70" name="Evoking" text="getting it cut" to="2-10" type="event"/>
            <label from="3-6" id="71" name="ScrEv_cut" text="cut" type="event"/>
            <label from="3-9" id="72" name="UnrelEv" text="done" type="event"/>
            <label from="4-2" id="73" name="ScrEv_make_appointment" text="set up" to="4-3" type="event"/>
            <label from="4-14" id="74" name="ScrEv_get_salon" text="go" type="event"/>
            <label from="4-18" id="75" name="ScrEv_make_appointment" text="call" type="event"/>
            <label from="4-26" id="76" name="ScrEv_make_appointment" text="set up" to="4-27" type="event"/>
            <label from="5-7" id="77" name="ScrEv_get_salon" text="make" type="event"/>
            <label from="5-14" id="78" name="ScrEv_check_in" text="check in" to="5-15" type="event"/>
            <label from="6-5" id="79" name="ScrEv_small_talk" text="greets" type="event"/>
            <label from="6-8" id="80" name="ScrEv_move_in_salon" text="steers" type="event"/>
            <label from="7-2" id="81" name="ScrEv_talk_haircut" text="explain" type="event"/>
            <label from="7-11" id="82" name="ScrEv_talk_haircut" text="done" type="event"/>
            <label from="8-2" id="83" name="UnrelEv" text="helps" type="event"/>
            <label from="8-6" id="84" name="RelNScrEv" text="bring" type="event"/>
            <label from="8-10" id="85" name="ScrEv_talk_haircut" text="show" type="event"/>
            <label from="8-14" id="86" name="ScrEv_talk_haircut" text="like" type="event"/>
            <label from="8-16" id="87" name="ScrEv_cut" text="cut" type="event"/>
            <label from="9-3" id="88" name="ScrEv_cut" text="cut" type="event"/>
            <label from="9-8" id="89" name="ScrEv_small_talk" text="chat" type="event"/>
            <label from="10-3" id="90" name="UnrelEv" text="getting" type="event"/>
            <label from="10-5" id="91" name="UnrelEv" text="know" type="event"/>
            <label from="10-9" id="92" name="UnrelEv" text="is" type="event"/>
            <label from="11-9" id="93" name="ScrEv_brush_hair" text="brush off" to="11-10" type="event"/>
            <label from="11-15" id="94" name="ScrEv_customer_opinion" text="ask" type="event"/>
            <label from="11-18" id="95" name="ScrEv_customer_opinion" text="like" type="event"/>
            <label from="12-3" id="96" name="ScrEv_customer_opinion" text="give" type="event"/>
            <label from="12-4" id="97" name="UnrelEv" text="glowing" type="event"/>
            <label from="13-2" id="98" name="ScrEv_pay" text="pay" type="event"/>
            <label from="13-7" id="99" name="ScrEv_leave" text="am" type="event"/>
        </events>
        <chains>
            <chain elements="2 1 4 5 8 36 42 45 56 58"/>
            <chain elements="16 7 17 22 23 27 28 31 34 35 38 41 44 46 48 50 51 57 59 61 63"/>
            <chain elements="14 11 15 25"/>
            <chain elements="54 12 62"/>
            <chain elements="29 26 32 33 43 47 52 55"/>
        </chains>
    </annotations>
</story>
