<?xml version="1.0" encoding="UTF-8" standalone="no"?>
<!DOCTYPE story SYSTEM "../InScript.dtd">
<story id="096" scenario="haircut">
    <text>
        <content>It has been six months since I got my hair cut . 
I usually get it cut really short and let it grow out to be shaggy . 
I usually just go to whichever local salon is closest , and I do n't have a regular person who usually cuts my hair . 
I only like to spend about $ 15 each time I go . 
Today , I decided get a faded haircut . 
The nearest place only charges $ 10 , so I was pleased with that . 
The lady who helped me was named Sarah , and she talked a lot about the weather and how much she wanted to be outside . 
She also asked me a lot about my job , and it turns out her husband also works where I work . 
The haircut took about 15 minutes and she did a pretty good job . 
It 's just the right length and she cut the back of my hair the way I like most . 
I paid her $ 10 and tipped her $ 5 . 
I left completely satisfied . </content>
        <sentences>
            <sentence id="1">
                <token content="It" id="1-1">
                    <pos type="PRP"/>
                    <lemma type="it"/>
                </token>
                <token content="has" id="1-2">
                    <pos type="VBZ"/>
                    <lemma type="have"/>
                </token>
                <token content="been" id="1-3">
                    <pos type="VBN"/>
                    <lemma type="be"/>
                </token>
                <token content="six" id="1-4">
                    <pos type="CD"/>
                    <lemma type="six"/>
                </token>
                <token content="months" id="1-5">
                    <pos type="NNS"/>
                    <lemma type="month"/>
                </token>
                <token content="since" id="1-6">
                    <pos type="IN"/>
                    <lemma type="since"/>
                    <dep head="1-8" type="mark"/>
                </token>
                <token content="I" id="1-7">
                    <pos type="PRP"/>
                    <lemma type="I"/>
                    <dep head="1-8" type="nsubj"/>
                </token>
                <token content="got" id="1-8">
                    <pos type="VBD"/>
                    <lemma type="get"/>
                </token>
                <token content="my" id="1-9">
                    <pos type="PRP$"/>
                    <lemma type="my"/>
                </token>
                <token content="hair" id="1-10">
                    <pos type="NN"/>
                    <lemma type="hair"/>
                </token>
                <token content="cut" id="1-11">
                    <pos type="NN"/>
                    <lemma type="cut"/>
                    <dep head="1-8" type="dobj"/>
                </token>
                <token content="." id="1-12"/>
            </sentence>
            <sentence id="2">
                <token content="I" id="2-1">
                    <pos type="PRP"/>
                    <lemma type="I"/>
                    <dep head="2-3" type="nsubj"/>
                </token>
                <token content="usually" id="2-2">
                    <pos type="RB"/>
                    <lemma type="usually"/>
                    <dep head="2-3" type="advmod"/>
                </token>
                <token content="get" id="2-3">
                    <pos type="VBP"/>
                    <lemma type="get"/>
                </token>
                <token content="it" id="2-4">
                    <pos type="PRP"/>
                    <lemma type="it"/>
                    <dep head="2-5" type="nsubj"/>
                </token>
                <token content="cut" id="2-5">
                    <pos type="VB"/>
                    <lemma type="cut"/>
                    <dep head="2-3" type="ccomp"/>
                </token>
                <token content="really" id="2-6">
                    <pos type="RB"/>
                    <lemma type="really"/>
                </token>
                <token content="short" id="2-7">
                    <pos type="JJ"/>
                    <lemma type="short"/>
                    <dep head="2-5" type="acomp"/>
                </token>
                <token content="and" id="2-8"/>
                <token content="let" id="2-9">
                    <pos type="VB"/>
                    <lemma type="let"/>
                    <dep head="2-5" type="conj"/>
                </token>
                <token content="it" id="2-10">
                    <pos type="PRP"/>
                    <lemma type="it"/>
                    <dep head="2-11" type="nsubj"/>
                </token>
                <token content="grow" id="2-11">
                    <pos type="VB"/>
                    <lemma type="grow"/>
                    <dep head="2-9" type="ccomp"/>
                </token>
                <token content="out" id="2-12">
                    <pos type="RP"/>
                    <lemma type="out"/>
                    <dep head="2-11" type="prt"/>
                </token>
                <token content="to" id="2-13">
                    <pos type="TO"/>
                    <lemma type="to"/>
                </token>
                <token content="be" id="2-14">
                    <pos type="VB"/>
                    <lemma type="be"/>
                </token>
                <token content="shaggy" id="2-15">
                    <pos type="JJ"/>
                    <lemma type="shaggy"/>
                    <dep head="2-11" type="xcomp"/>
                </token>
                <token content="." id="2-16"/>
            </sentence>
            <sentence id="3">
                <token content="I" id="3-1">
                    <pos type="PRP"/>
                    <lemma type="I"/>
                    <dep head="3-4" type="nsubj"/>
                </token>
                <token content="usually" id="3-2">
                    <pos type="RB"/>
                    <lemma type="usually"/>
                    <dep head="3-4" type="advmod"/>
                </token>
                <token content="just" id="3-3">
                    <pos type="RB"/>
                    <lemma type="just"/>
                    <dep head="3-4" type="advmod"/>
                </token>
                <token content="go" id="3-4">
                    <pos type="VBP"/>
                    <lemma type="go"/>
                </token>
                <token content="to" id="3-5"/>
                <token content="whichever" id="3-6">
                    <pos type="WDT"/>
                    <lemma type="whichever"/>
                </token>
                <token content="local" id="3-7">
                    <pos type="JJ"/>
                    <lemma type="local"/>
                </token>
                <token content="salon" id="3-8">
                    <pos type="NN"/>
                    <lemma type="salon"/>
                </token>
                <token content="is" id="3-9">
                    <pos type="VBZ"/>
                    <lemma type="be"/>
                </token>
                <token content="closest" id="3-10">
                    <pos type="JJS"/>
                    <lemma type="closest"/>
                    <dep head="3-4" type="ccomp"/>
                </token>
                <token content="," id="3-11"/>
                <token content="and" id="3-12"/>
                <token content="I" id="3-13">
                    <pos type="PRP"/>
                    <lemma type="I"/>
                    <dep head="3-16" type="nsubj"/>
                </token>
                <token content="do" id="3-14">
                    <pos type="VBP"/>
                    <lemma type="do"/>
                    <dep head="3-16" type="aux"/>
                </token>
                <token content="n't" id="3-15">
                    <pos type="RB"/>
                    <lemma type="not"/>
                    <dep head="3-16" type="neg"/>
                </token>
                <token content="have" id="3-16">
                    <pos type="VB"/>
                    <lemma type="have"/>
                    <dep head="3-4" type="conj"/>
                </token>
                <token content="a" id="3-17">
                    <pos type="DT"/>
                    <lemma type="a"/>
                </token>
                <token content="regular" id="3-18">
                    <pos type="JJ"/>
                    <lemma type="regular"/>
                </token>
                <token content="person" id="3-19">
                    <pos type="NN"/>
                    <lemma type="person"/>
                    <dep head="3-16" type="dobj"/>
                </token>
                <token content="who" id="3-20">
                    <pos type="WP"/>
                    <lemma type="who"/>
                    <dep head="3-22" type="nsubj"/>
                </token>
                <token content="usually" id="3-21">
                    <pos type="RB"/>
                    <lemma type="usually"/>
                    <dep head="3-22" type="advmod"/>
                </token>
                <token content="cuts" id="3-22">
                    <pos type="VBZ"/>
                    <lemma type="cut"/>
                </token>
                <token content="my" id="3-23">
                    <pos type="PRP$"/>
                    <lemma type="my"/>
                </token>
                <token content="hair" id="3-24">
                    <pos type="NN"/>
                    <lemma type="hair"/>
                    <dep head="3-22" type="dobj"/>
                </token>
                <token content="." id="3-25"/>
            </sentence>
            <sentence id="4">
                <token content="I" id="4-1">
                    <pos type="PRP"/>
                    <lemma type="I"/>
                    <dep head="4-3" type="nsubj"/>
                </token>
                <token content="only" id="4-2">
                    <pos type="RB"/>
                    <lemma type="only"/>
                    <dep head="4-3" type="advmod"/>
                </token>
                <token content="like" id="4-3">
                    <pos type="VBP"/>
                    <lemma type="like"/>
                    <dep head="4-12" type="dep"/>
                </token>
                <token content="to" id="4-4">
                    <pos type="TO"/>
                    <lemma type="to"/>
                    <dep head="4-5" type="aux"/>
                </token>
                <token content="spend" id="4-5">
                    <pos type="VB"/>
                    <lemma type="spend"/>
                    <dep head="4-3" type="xcomp"/>
                </token>
                <token content="about" id="4-6">
                    <pos type="RB"/>
                    <lemma type="about"/>
                </token>
                <token content="$" id="4-7">
                    <pos type="$"/>
                    <lemma type="$"/>
                    <dep head="4-5" type="iobj"/>
                </token>
                <token content="15" id="4-8">
                    <pos type="CD"/>
                    <lemma type="15"/>
                </token>
                <token content="each" id="4-9">
                    <pos type="DT"/>
                    <lemma type="each"/>
                </token>
                <token content="time" id="4-10">
                    <pos type="NN"/>
                    <lemma type="time"/>
                    <dep head="4-5" type="dobj"/>
                </token>
                <token content="I" id="4-11">
                    <pos type="PRP"/>
                    <lemma type="I"/>
                    <dep head="4-12" type="nsubj"/>
                </token>
                <token content="go" id="4-12">
                    <pos type="VBP"/>
                    <lemma type="go"/>
                </token>
                <token content="." id="4-13"/>
            </sentence>
            <sentence id="5">
                <token content="Today" id="5-1">
                    <pos type="NN"/>
                    <lemma type="today"/>
                    <dep head="5-4" type="tmod"/>
                </token>
                <token content="," id="5-2"/>
                <token content="I" id="5-3">
                    <pos type="PRP"/>
                    <lemma type="I"/>
                    <dep head="5-4" type="nsubj"/>
                </token>
                <token content="decided" id="5-4">
                    <pos type="VBD"/>
                    <lemma type="decide"/>
                </token>
                <token content="get" id="5-5">
                    <pos type="VB"/>
                    <lemma type="get"/>
                    <dep head="5-4" type="xcomp"/>
                </token>
                <token content="a" id="5-6">
                    <pos type="DT"/>
                    <lemma type="a"/>
                </token>
                <token content="faded" id="5-7">
                    <pos type="JJ"/>
                    <lemma type="faded"/>
                </token>
                <token content="haircut" id="5-8">
                    <pos type="NN"/>
                    <lemma type="haircut"/>
                    <dep head="5-5" type="dobj"/>
                </token>
                <token content="." id="5-9"/>
            </sentence>
            <sentence id="6">
                <token content="The" id="6-1">
                    <pos type="DT"/>
                    <lemma type="the"/>
                </token>
                <token content="nearest" id="6-2">
                    <pos type="JJS"/>
                    <lemma type="nearest"/>
                </token>
                <token content="place" id="6-3">
                    <pos type="NN"/>
                    <lemma type="place"/>
                    <dep head="6-5" type="nsubj"/>
                </token>
                <token content="only" id="6-4">
                    <pos type="RB"/>
                    <lemma type="only"/>
                    <dep head="6-5" type="advmod"/>
                </token>
                <token content="charges" id="6-5">
                    <pos type="VBZ"/>
                    <lemma type="charge"/>
                </token>
                <token content="$" id="6-6">
                    <pos type="$"/>
                    <lemma type="$"/>
                    <dep head="6-5" type="dobj"/>
                </token>
                <token content="10" id="6-7">
                    <pos type="CD"/>
                    <lemma type="10"/>
                </token>
                <token content="," id="6-8"/>
                <token content="so" id="6-9">
                    <pos type="IN"/>
                    <lemma type="so"/>
                    <dep head="6-5" type="dep"/>
                </token>
                <token content="I" id="6-10">
                    <pos type="PRP"/>
                    <lemma type="I"/>
                    <dep head="6-12" type="nsubjpass"/>
                </token>
                <token content="was" id="6-11">
                    <pos type="VBD"/>
                    <lemma type="be"/>
                    <dep head="6-12" type="auxpass"/>
                </token>
                <token content="pleased" id="6-12">
                    <pos type="VBN"/>
                    <lemma type="please"/>
                    <dep head="6-5" type="parataxis"/>
                </token>
                <token content="with" id="6-13"/>
                <token content="that" id="6-14">
                    <pos type="DT"/>
                    <lemma type="that"/>
                    <dep head="6-12" type="prep"/>
                </token>
                <token content="." id="6-15"/>
            </sentence>
            <sentence id="7">
                <token content="The" id="7-1">
                    <pos type="DT"/>
                    <lemma type="the"/>
                </token>
                <token content="lady" id="7-2">
                    <pos type="NN"/>
                    <lemma type="lady"/>
                </token>
                <token content="who" id="7-3">
                    <pos type="WP"/>
                    <lemma type="who"/>
                    <dep head="7-4" type="nsubj"/>
                </token>
                <token content="helped" id="7-4">
                    <pos type="VBD"/>
                    <lemma type="help"/>
                </token>
                <token content="me" id="7-5">
                    <pos type="PRP"/>
                    <lemma type="I"/>
                    <dep head="7-7" type="nsubjpass"/>
                </token>
                <token content="was" id="7-6">
                    <pos type="VBD"/>
                    <lemma type="be"/>
                    <dep head="7-7" type="auxpass"/>
                </token>
                <token content="named" id="7-7">
                    <pos type="VBN"/>
                    <lemma type="name"/>
                    <dep head="7-4" type="dep"/>
                </token>
                <token content="Sarah" id="7-8">
                    <pos type="NNP"/>
                    <lemma type="Sarah"/>
                    <dep head="7-7" type="dobj"/>
                </token>
                <token content="," id="7-9"/>
                <token content="and" id="7-10"/>
                <token content="she" id="7-11">
                    <pos type="PRP"/>
                    <lemma type="she"/>
                    <dep head="7-12" type="nsubj"/>
                </token>
                <token content="talked" id="7-12">
                    <pos type="VBD"/>
                    <lemma type="talk"/>
                    <dep head="7-7" type="conj"/>
                </token>
                <token content="a" id="7-13">
                    <pos type="DT"/>
                    <lemma type="a"/>
                </token>
                <token content="lot" id="7-14">
                    <pos type="NN"/>
                    <lemma type="lot"/>
                    <dep head="7-12" type="dobj"/>
                </token>
                <token content="about" id="7-15"/>
                <token content="the" id="7-16">
                    <pos type="DT"/>
                    <lemma type="the"/>
                </token>
                <token content="weather" id="7-17">
                    <pos type="NN"/>
                    <lemma type="weather"/>
                    <dep head="7-12" type="prep"/>
                </token>
                <token content="and" id="7-18"/>
                <token content="how" id="7-19">
                    <pos type="WRB"/>
                    <lemma type="how"/>
                </token>
                <token content="much" id="7-20">
                    <pos type="JJ"/>
                    <lemma type="much"/>
                    <dep head="7-22" type="dep"/>
                </token>
                <token content="she" id="7-21">
                    <pos type="PRP"/>
                    <lemma type="she"/>
                    <dep head="7-22" type="nsubj"/>
                </token>
                <token content="wanted" id="7-22">
                    <pos type="VBD"/>
                    <lemma type="want"/>
                    <dep head="7-7" type="conj"/>
                </token>
                <token content="to" id="7-23">
                    <pos type="TO"/>
                    <lemma type="to"/>
                    <dep head="7-24" type="aux"/>
                </token>
                <token content="be" id="7-24">
                    <pos type="VB"/>
                    <lemma type="be"/>
                    <dep head="7-22" type="xcomp"/>
                </token>
                <token content="outside" id="7-25">
                    <pos type="RB"/>
                    <lemma type="outside"/>
                    <dep head="7-24" type="advmod"/>
                </token>
                <token content="." id="7-26"/>
            </sentence>
            <sentence id="8">
                <token content="She" id="8-1">
                    <pos type="PRP"/>
                    <lemma type="she"/>
                    <dep head="8-3" type="nsubj"/>
                </token>
                <token content="also" id="8-2">
                    <pos type="RB"/>
                    <lemma type="also"/>
                    <dep head="8-3" type="advmod"/>
                </token>
                <token content="asked" id="8-3">
                    <pos type="VBD"/>
                    <lemma type="ask"/>
                </token>
                <token content="me" id="8-4">
                    <pos type="PRP"/>
                    <lemma type="I"/>
                </token>
                <token content="a" id="8-5">
                    <pos type="DT"/>
                    <lemma type="a"/>
                </token>
                <token content="lot" id="8-6">
                    <pos type="NN"/>
                    <lemma type="lot"/>
                    <dep head="8-3" type="xcomp"/>
                </token>
                <token content="about" id="8-7"/>
                <token content="my" id="8-8">
                    <pos type="PRP$"/>
                    <lemma type="my"/>
                </token>
                <token content="job" id="8-9">
                    <pos type="NN"/>
                    <lemma type="job"/>
                </token>
                <token content="," id="8-10"/>
                <token content="and" id="8-11"/>
                <token content="it" id="8-12">
                    <pos type="PRP"/>
                    <lemma type="it"/>
                    <dep head="8-13" type="nsubj"/>
                </token>
                <token content="turns" id="8-13">
                    <pos type="VBZ"/>
                    <lemma type="turn"/>
                    <dep head="8-3" type="conj"/>
                </token>
                <token content="out" id="8-14">
                    <pos type="RP"/>
                    <lemma type="out"/>
                    <dep head="8-13" type="prt"/>
                </token>
                <token content="her" id="8-15">
                    <pos type="PRP$"/>
                    <lemma type="she"/>
                </token>
                <token content="husband" id="8-16">
                    <pos type="NN"/>
                    <lemma type="husband"/>
                    <dep head="8-18" type="nsubj"/>
                </token>
                <token content="also" id="8-17">
                    <pos type="RB"/>
                    <lemma type="also"/>
                    <dep head="8-18" type="advmod"/>
                </token>
                <token content="works" id="8-18">
                    <pos type="VBZ"/>
                    <lemma type="work"/>
                    <dep head="8-13" type="ccomp"/>
                </token>
                <token content="where" id="8-19">
                    <pos type="WRB"/>
                    <lemma type="where"/>
                    <dep head="8-21" type="advmod"/>
                </token>
                <token content="I" id="8-20">
                    <pos type="PRP"/>
                    <lemma type="I"/>
                    <dep head="8-21" type="nsubj"/>
                </token>
                <token content="work" id="8-21">
                    <pos type="VBP"/>
                    <lemma type="work"/>
                    <dep head="8-18" type="advcl"/>
                </token>
                <token content="." id="8-22"/>
            </sentence>
            <sentence id="9">
                <token content="The" id="9-1">
                    <pos type="DT"/>
                    <lemma type="the"/>
                </token>
                <token content="haircut" id="9-2">
                    <pos type="NN"/>
                    <lemma type="haircut"/>
                    <dep head="9-3" type="nsubj"/>
                </token>
                <token content="took" id="9-3">
                    <pos type="VBD"/>
                    <lemma type="take"/>
                </token>
                <token content="about" id="9-4">
                    <pos type="RB"/>
                    <lemma type="about"/>
                </token>
                <token content="15" id="9-5">
                    <pos type="CD"/>
                    <lemma type="15"/>
                </token>
                <token content="minutes" id="9-6">
                    <pos type="NNS"/>
                    <lemma type="minute"/>
                    <dep head="9-3" type="dobj"/>
                </token>
                <token content="and" id="9-7"/>
                <token content="she" id="9-8">
                    <pos type="PRP"/>
                    <lemma type="she"/>
                    <dep head="9-9" type="nsubj"/>
                </token>
                <token content="did" id="9-9">
                    <pos type="VBD"/>
                    <lemma type="do"/>
                    <dep head="9-3" type="conj"/>
                </token>
                <token content="a" id="9-10">
                    <pos type="DT"/>
                    <lemma type="a"/>
                </token>
                <token content="pretty" id="9-11">
                    <pos type="RB"/>
                    <lemma type="pretty"/>
                </token>
                <token content="good" id="9-12">
                    <pos type="JJ"/>
                    <lemma type="good"/>
                </token>
                <token content="job" id="9-13">
                    <pos type="NN"/>
                    <lemma type="job"/>
                    <dep head="9-9" type="dobj"/>
                </token>
                <token content="." id="9-14"/>
            </sentence>
            <sentence id="10">
                <token content="It" id="10-1">
                    <pos type="PRP"/>
                    <lemma type="it"/>
                </token>
                <token content="'s" id="10-2">
                    <pos type="VBZ"/>
                    <lemma type="be"/>
                </token>
                <token content="just" id="10-3">
                    <pos type="RB"/>
                    <lemma type="just"/>
                </token>
                <token content="the" id="10-4">
                    <pos type="DT"/>
                    <lemma type="the"/>
                </token>
                <token content="right" id="10-5">
                    <pos type="JJ"/>
                    <lemma type="right"/>
                </token>
                <token content="length" id="10-6">
                    <pos type="NN"/>
                    <lemma type="length"/>
                </token>
                <token content="and" id="10-7"/>
                <token content="she" id="10-8">
                    <pos type="PRP"/>
                    <lemma type="she"/>
                    <dep head="10-9" type="nsubj"/>
                </token>
                <token content="cut" id="10-9">
                    <pos type="VBD"/>
                    <lemma type="cut"/>
                </token>
                <token content="the" id="10-10">
                    <pos type="DT"/>
                    <lemma type="the"/>
                </token>
                <token content="back" id="10-11">
                    <pos type="NN"/>
                    <lemma type="back"/>
                    <dep head="10-9" type="dobj"/>
                </token>
                <token content="of" id="10-12"/>
                <token content="my" id="10-13">
                    <pos type="PRP$"/>
                    <lemma type="my"/>
                </token>
                <token content="hair" id="10-14">
                    <pos type="NN"/>
                    <lemma type="hair"/>
                </token>
                <token content="the" id="10-15">
                    <pos type="DT"/>
                    <lemma type="the"/>
                </token>
                <token content="way" id="10-16">
                    <pos type="NN"/>
                    <lemma type="way"/>
                </token>
                <token content="I" id="10-17">
                    <pos type="PRP"/>
                    <lemma type="I"/>
                    <dep head="10-18" type="nsubj"/>
                </token>
                <token content="like" id="10-18">
                    <pos type="VBP"/>
                    <lemma type="like"/>
                </token>
                <token content="most" id="10-19">
                    <pos type="RBS"/>
                    <lemma type="most"/>
                    <dep head="10-18" type="advmod"/>
                </token>
                <token content="." id="10-20"/>
            </sentence>
            <sentence id="11">
                <token content="I" id="11-1">
                    <pos type="PRP"/>
                    <lemma type="I"/>
                    <dep head="11-2" type="nsubj"/>
                </token>
                <token content="paid" id="11-2">
                    <pos type="VBD"/>
                    <lemma type="pay"/>
                </token>
                <token content="her" id="11-3">
                    <pos type="PRP"/>
                    <lemma type="she"/>
                    <dep head="11-2" type="iobj"/>
                </token>
                <token content="$" id="11-4">
                    <pos type="$"/>
                    <lemma type="$"/>
                    <dep head="11-2" type="dobj"/>
                </token>
                <token content="10" id="11-5">
                    <pos type="CD"/>
                    <lemma type="10"/>
                </token>
                <token content="and" id="11-6"/>
                <token content="tipped" id="11-7">
                    <pos type="VBD"/>
                    <lemma type="tip"/>
                    <dep head="11-2" type="conj"/>
                </token>
                <token content="her" id="11-8">
                    <pos type="PRP"/>
                    <lemma type="she"/>
                    <dep head="11-7" type="dobj"/>
                </token>
                <token content="$" id="11-9">
                    <pos type="$"/>
                    <lemma type="$"/>
                </token>
                <token content="5" id="11-10">
                    <pos type="CD"/>
                    <lemma type="5"/>
                </token>
                <token content="." id="11-11"/>
            </sentence>
            <sentence id="12">
                <token content="I" id="12-1">
                    <pos type="PRP"/>
                    <lemma type="I"/>
                    <dep head="12-2" type="nsubj"/>
                </token>
                <token content="left" id="12-2">
                    <pos type="VBD"/>
                    <lemma type="leave"/>
                </token>
                <token content="completely" id="12-3">
                    <pos type="RB"/>
                    <lemma type="completely"/>
                </token>
                <token content="satisfied" id="12-4">
                    <pos type="JJ"/>
                    <lemma type="satisfied"/>
                    <dep head="12-2" type="acomp"/>
                </token>
                <token content="." id="12-5"/>
            </sentence>
        </sentences>
    </text>
    <annotations>
        <participants>
            <label from="1-1" id="0" name="No_label" text="It" type="participant"/>
            <label from="1-5" id="1" name="NPart" text="months" type="participant"/>
            <label from="1-7" id="2" name="ScrPart_customer" text="I" type="participant"/>
            <label from="1-9" id="3" name="ScrPart_customer" text="my" type="participant"/>
            <label from="1-10" id="4" name="SuppVComp" text="hair cut" to="1-11" type="participant"/>
            <label from="2-1" id="5" name="ScrPart_customer" text="I" type="participant"/>
            <label from="2-4" id="6" name="ScrPart_hair" text="it" type="participant"/>
            <label from="2-10" id="7" name="ScrPart_hair" text="it" type="participant"/>
            <label from="3-1" id="8" name="ScrPart_customer" text="I" type="participant"/>
            <label from="3-7" id="9" name="ScrPart_salon" text="local salon" to="3-8" type="participant"/>
            <label from="3-8" id="10" name="ScrPart_salon" text="salon" type="participant"/>
            <label from="3-13" id="11" name="ScrPart_customer" text="I" type="participant"/>
            <label from="3-19" id="12" name="ScrPart_hairdresser" text="person" type="participant"/>
            <label from="3-23" id="13" name="ScrPart_customer" text="my" type="participant"/>
            <label from="3-24" id="14" name="ScrPart_hair" text="hair" type="participant"/>
            <label from="4-1" id="15" name="ScrPart_customer" text="I" type="participant"/>
            <label from="4-8" id="16" name="ScrPart_bill" text="15" type="participant"/>
            <label from="4-10" id="17" name="No_label" text="time" type="participant"/>
            <label from="4-11" id="18" name="ScrPart_customer" text="I" type="participant"/>
            <label from="5-1" id="19" name="NPart" text="Today" type="participant"/>
            <label from="5-3" id="20" name="ScrPart_customer" text="I" type="participant"/>
            <label from="5-8" id="21" name="ScrPart_haircut" text="haircut" type="participant"/>
            <label from="6-3" id="22" name="ScrPart_salon" text="place" type="participant"/>
            <label from="6-7" id="23" name="ScrPart_bill" text="10" type="participant"/>
            <label from="6-10" id="24" name="ScrPart_customer" text="I" type="participant"/>
            <label from="7-2" id="25" name="ScrPart_hairdresser" text="lady" type="participant"/>
            <label from="7-5" id="26" name="ScrPart_customer" text="me" type="participant"/>
            <label from="7-8" id="27" name="ScrPart_hairdresser" text="Sarah" type="participant"/>
            <label from="7-11" id="28" name="ScrPart_hairdresser" text="she" type="participant"/>
            <label from="7-14" id="29" name="No_label" text="lot" type="participant"/>
            <label from="7-17" id="30" name="NPart" text="weather" type="participant"/>
            <label from="7-21" id="31" name="ScrPart_hairdresser" text="she" type="participant"/>
            <label from="8-1" id="32" name="ScrPart_hairdresser" text="She" type="participant"/>
            <label from="8-4" id="33" name="ScrPart_customer" text="me" type="participant"/>
            <label from="8-6" id="34" name="No_label" text="lot" type="participant"/>
            <label from="8-8" id="35" name="ScrPart_customer" text="my" type="participant"/>
            <label from="8-9" id="36" name="NPart" text="job" type="participant"/>
            <label from="8-12" id="37" name="No_label" text="it" type="participant"/>
            <label from="8-15" id="38" name="ScrPart_hairdresser" text="her" type="participant"/>
            <label from="8-16" id="39" name="NPart" text="husband" type="participant"/>
            <label from="8-20" id="40" name="ScrPart_customer" text="I" type="participant"/>
            <label from="9-2" id="41" name="ScrPart_haircut" text="haircut" type="participant"/>
            <label from="9-6" id="42" name="ScrPart_time/date" text="minutes" type="participant"/>
            <label from="9-8" id="43" name="ScrPart_hairdresser" text="she" type="participant"/>
            <label from="9-13" id="44" name="SuppVComp" text="job" type="participant"/>
            <label from="10-1" id="45" name="No_label" text="It" type="participant"/>
            <label from="10-6" id="46" name="ScrPart_other" text="length" type="participant"/>
            <label from="10-8" id="47" name="ScrPart_hairdresser" text="she" type="participant"/>
            <label from="10-11" id="48" name="Head_of_Partitive" text="back" type="participant"/>
            <label from="10-13" id="49" name="ScrPart_customer" text="my" type="participant"/>
            <label from="10-14" id="50" name="ScrPart_hair" text="hair" type="participant"/>
            <label from="10-16" id="51" name="No_label" text="way" type="participant"/>
            <label from="10-17" id="52" name="ScrPart_customer" text="I" type="participant"/>
            <label from="11-1" id="53" name="ScrPart_customer" text="I" type="participant"/>
            <label from="11-3" id="54" name="ScrPart_hairdresser" text="her" type="participant"/>
            <label from="11-5" id="55" name="ScrPart_bill" text="10" type="participant"/>
            <label from="11-8" id="56" name="ScrPart_hairdresser" text="her" type="participant"/>
            <label from="11-10" id="57" name="ScrPart_tip" text="5" type="participant"/>
            <label from="12-1" id="58" name="ScrPart_customer" text="I" type="participant"/>
        </participants>
        <events>
            <label from="1-8" id="59" name="Evoking" text="got my hair cut" to="1-11" type="event"/>
            <label from="2-5" id="60" name="ScrEv_cut" text="cut" type="event"/>
            <label from="2-11" id="61" name="RelNScrEv" text="grow out" to="2-12" type="event"/>
            <label from="2-11" id="62" name="RelNScrEv" text="grow" type="event"/>
            <label from="2-14" id="63" name="UnrelEv" text="be" type="event"/>
            <label from="3-4" id="64" name="ScrEv_get_salon" text="go" type="event"/>
            <label from="3-9" id="65" name="UnrelEv" text="is" type="event"/>
            <label from="3-16" id="66" name="UnrelEv" text="have" type="event"/>
            <label from="3-22" id="67" name="ScrEv_cut" text="cuts" type="event"/>
            <label from="4-5" id="68" name="ScrEv_pay" text="spend" type="event"/>
            <label from="4-12" id="69" name="ScrEv_get_salon" text="go" type="event"/>
            <label from="5-4" id="70" name="UnrelEv" text="decided" type="event"/>
            <label from="5-7" id="71" name="RelNScrEv" text="faded" type="event"/>
            <label from="6-5" id="72" name="ScrEv_pay" text="charges" type="event"/>
            <label from="6-12" id="73" name="ScrEv_customer_opinion" text="pleased" type="event"/>
            <label from="7-4" id="74" name="RelNScrEv" text="helped" type="event"/>
            <label from="7-7" id="75" name="UnrelEv" text="named" type="event"/>
            <label from="7-12" id="76" name="ScrEv_small_talk" text="talked" type="event"/>
            <label from="7-22" id="77" name="UnrelEv" text="wanted" type="event"/>
            <label from="7-24" id="78" name="UnrelEv" text="be" type="event"/>
            <label from="8-3" id="79" name="ScrEv_small_talk" text="asked" type="event"/>
            <label from="8-13" id="80" name="UnrelEv" text="turns out" to="8-14" type="event"/>
            <label from="8-13" id="81" name="UnrelEv" text="turns" type="event"/>
            <label from="8-18" id="82" name="UnrelEv" text="works" type="event"/>
            <label from="8-21" id="83" name="UnrelEv" text="work" type="event"/>
            <label from="9-3" id="84" name="RelNScrEv" text="took" type="event"/>
            <label from="9-9" id="85" name="RelNScrEv" text="did" type="event"/>
            <label from="10-9" id="86" name="ScrEv_cut" text="cut" type="event"/>
            <label from="10-18" id="87" name="UnrelEv" text="like" type="event"/>
            <label from="11-2" id="88" name="ScrEv_pay" text="paid" type="event"/>
            <label from="11-7" id="89" name="ScrEv_leave_tip" text="tipped" type="event"/>
            <label from="12-2" id="90" name="ScrEv_leave" text="left" type="event"/>
            <label from="12-4" id="91" name="ScrEv_customer_opinion" text="satisfied" type="event"/>
        </events>
        <chains>
            <chain elements="2 3 5 8 11 13 15 18 20 24 26 33 35 40 49 52 53 58"/>
            <chain elements="6 7 14 50"/>
            <chain elements="25 27 28 31 32 38 43 47 54 56"/>
            <chain elements="21 41"/>
            <chain elements="23 55"/>
        </chains>
    </annotations>
</story>
