<?xml version="1.0" encoding="UTF-8" standalone="no"?>
<!DOCTYPE story SYSTEM "../InScript.dtd">
<story id="093" scenario="library">
    <text>
        <content>Today I got up a little early to get to the library as soon as it opened . 
It 's about a 30 minute trip , but I love the drive . 
As I got to the library , the librarian greeted me with a big smile and made small talk . 
I then looked up the book I wanted on the computer . 
It was available , and I made my way down the long rows of bookshelves . 
I found my book easily , and I also found a couple others I 'd like . 
I carried my stack of books to the counter , and the same librarian was happy to help me . 
She told me my book choices were great and she also recommended some further reading . 
She checked out my books in the computer . 
Two of the books needed to be returned in two weeks and the other needed to be returned in one week . 
I 'll likely return them all in one week . 
I left and went to the park to start reading . </content>
        <sentences>
            <sentence id="1">
                <token content="Today" id="1-1">
                    <pos type="NN"/>
                    <lemma type="today"/>
                    <dep head="1-3" type="tmod"/>
                </token>
                <token content="I" id="1-2">
                    <pos type="PRP"/>
                    <lemma type="I"/>
                    <dep head="1-3" type="nsubj"/>
                </token>
                <token content="got" id="1-3">
                    <pos type="VBD"/>
                    <lemma type="get"/>
                </token>
                <token content="up" id="1-4">
                    <pos type="RP"/>
                    <lemma type="up"/>
                    <dep head="1-3" type="prt"/>
                </token>
                <token content="a" id="1-5">
                    <pos type="DT"/>
                    <lemma type="a"/>
                </token>
                <token content="little" id="1-6">
                    <pos type="JJ"/>
                    <lemma type="little"/>
                </token>
                <token content="early" id="1-7">
                    <pos type="JJ"/>
                    <lemma type="early"/>
                    <dep head="1-3" type="dobj"/>
                </token>
                <token content="to" id="1-8">
                    <pos type="TO"/>
                    <lemma type="to"/>
                    <dep head="1-9" type="aux"/>
                </token>
                <token content="get" id="1-9">
                    <pos type="VB"/>
                    <lemma type="get"/>
                    <dep head="1-3" type="vmod"/>
                </token>
                <token content="to" id="1-10"/>
                <token content="the" id="1-11">
                    <pos type="DT"/>
                    <lemma type="the"/>
                </token>
                <token content="library" id="1-12">
                    <pos type="NN"/>
                    <lemma type="library"/>
                    <dep head="1-9" type="prep"/>
                </token>
                <token content="as" id="1-13">
                    <pos type="RB"/>
                    <lemma type="as"/>
                </token>
                <token content="soon" id="1-14">
                    <pos type="RB"/>
                    <lemma type="soon"/>
                    <dep head="1-9" type="advmod"/>
                </token>
                <token content="as" id="1-15">
                    <pos type="IN"/>
                    <lemma type="as"/>
                    <dep head="1-17" type="mark"/>
                </token>
                <token content="it" id="1-16">
                    <pos type="PRP"/>
                    <lemma type="it"/>
                    <dep head="1-17" type="nsubj"/>
                </token>
                <token content="opened" id="1-17">
                    <pos type="VBD"/>
                    <lemma type="open"/>
                </token>
                <token content="." id="1-18"/>
            </sentence>
            <sentence id="2">
                <token content="It" id="2-1">
                    <pos type="PRP"/>
                    <lemma type="it"/>
                    <dep head="2-2" type="nsubj"/>
                </token>
                <token content="'s" id="2-2">
                    <pos type="VBZ"/>
                    <lemma type="be"/>
                </token>
                <token content="about" id="2-3"/>
                <token content="a" id="2-4">
                    <pos type="DT"/>
                    <lemma type="a"/>
                </token>
                <token content="30" id="2-5">
                    <pos type="CD"/>
                    <lemma type="30"/>
                </token>
                <token content="minute" id="2-6">
                    <pos type="NN"/>
                    <lemma type="minute"/>
                </token>
                <token content="trip" id="2-7">
                    <pos type="NN"/>
                    <lemma type="trip"/>
                    <dep head="2-2" type="prep"/>
                </token>
                <token content="," id="2-8"/>
                <token content="but" id="2-9"/>
                <token content="I" id="2-10">
                    <pos type="PRP"/>
                    <lemma type="I"/>
                    <dep head="2-11" type="nsubj"/>
                </token>
                <token content="love" id="2-11">
                    <pos type="VBP"/>
                    <lemma type="love"/>
                    <dep head="2-2" type="conj"/>
                </token>
                <token content="the" id="2-12">
                    <pos type="DT"/>
                    <lemma type="the"/>
                </token>
                <token content="drive" id="2-13">
                    <pos type="NN"/>
                    <lemma type="drive"/>
                    <dep head="2-11" type="dobj"/>
                </token>
                <token content="." id="2-14"/>
            </sentence>
            <sentence id="3">
                <token content="As" id="3-1">
                    <pos type="IN"/>
                    <lemma type="as"/>
                    <dep head="3-3" type="mark"/>
                </token>
                <token content="I" id="3-2">
                    <pos type="PRP"/>
                    <lemma type="I"/>
                    <dep head="3-3" type="nsubj"/>
                </token>
                <token content="got" id="3-3">
                    <pos type="VBD"/>
                    <lemma type="get"/>
                    <dep head="3-10" type="advcl"/>
                </token>
                <token content="to" id="3-4"/>
                <token content="the" id="3-5">
                    <pos type="DT"/>
                    <lemma type="the"/>
                </token>
                <token content="library" id="3-6">
                    <pos type="NN"/>
                    <lemma type="library"/>
                    <dep head="3-3" type="prep"/>
                </token>
                <token content="," id="3-7"/>
                <token content="the" id="3-8">
                    <pos type="DT"/>
                    <lemma type="the"/>
                </token>
                <token content="librarian" id="3-9">
                    <pos type="NN"/>
                    <lemma type="librarian"/>
                    <dep head="3-10" type="nsubj"/>
                </token>
                <token content="greeted" id="3-10">
                    <pos type="VBD"/>
                    <lemma type="greet"/>
                </token>
                <token content="me" id="3-11">
                    <pos type="PRP"/>
                    <lemma type="I"/>
                    <dep head="3-10" type="dobj"/>
                </token>
                <token content="with" id="3-12"/>
                <token content="a" id="3-13">
                    <pos type="DT"/>
                    <lemma type="a"/>
                </token>
                <token content="big" id="3-14">
                    <pos type="JJ"/>
                    <lemma type="big"/>
                </token>
                <token content="smile" id="3-15">
                    <pos type="NN"/>
                    <lemma type="smile"/>
                    <dep head="3-10" type="prep"/>
                </token>
                <token content="and" id="3-16"/>
                <token content="made" id="3-17">
                    <pos type="VBD"/>
                    <lemma type="make"/>
                    <dep head="3-10" type="conj"/>
                </token>
                <token content="small" id="3-18">
                    <pos type="JJ"/>
                    <lemma type="small"/>
                </token>
                <token content="talk" id="3-19">
                    <pos type="NN"/>
                    <lemma type="talk"/>
                    <dep head="3-17" type="dobj"/>
                </token>
                <token content="." id="3-20"/>
            </sentence>
            <sentence id="4">
                <token content="I" id="4-1">
                    <pos type="PRP"/>
                    <lemma type="I"/>
                    <dep head="4-3" type="nsubj"/>
                </token>
                <token content="then" id="4-2">
                    <pos type="RB"/>
                    <lemma type="then"/>
                    <dep head="4-3" type="advmod"/>
                </token>
                <token content="looked" id="4-3">
                    <pos type="VBD"/>
                    <lemma type="look"/>
                </token>
                <token content="up" id="4-4">
                    <pos type="RP"/>
                    <lemma type="up"/>
                    <dep head="4-3" type="prt"/>
                </token>
                <token content="the" id="4-5">
                    <pos type="DT"/>
                    <lemma type="the"/>
                </token>
                <token content="book" id="4-6">
                    <pos type="NN"/>
                    <lemma type="book"/>
                    <dep head="4-3" type="dobj"/>
                </token>
                <token content="I" id="4-7">
                    <pos type="PRP"/>
                    <lemma type="I"/>
                    <dep head="4-8" type="nsubj"/>
                </token>
                <token content="wanted" id="4-8">
                    <pos type="VBD"/>
                    <lemma type="want"/>
                </token>
                <token content="on" id="4-9"/>
                <token content="the" id="4-10">
                    <pos type="DT"/>
                    <lemma type="the"/>
                </token>
                <token content="computer" id="4-11">
                    <pos type="NN"/>
                    <lemma type="computer"/>
                    <dep head="4-8" type="prep"/>
                </token>
                <token content="." id="4-12"/>
            </sentence>
            <sentence id="5">
                <token content="It" id="5-1">
                    <pos type="PRP"/>
                    <lemma type="it"/>
                </token>
                <token content="was" id="5-2">
                    <pos type="VBD"/>
                    <lemma type="be"/>
                </token>
                <token content="available" id="5-3">
                    <pos type="JJ"/>
                    <lemma type="available"/>
                </token>
                <token content="," id="5-4"/>
                <token content="and" id="5-5"/>
                <token content="I" id="5-6">
                    <pos type="PRP"/>
                    <lemma type="I"/>
                    <dep head="5-7" type="nsubj"/>
                </token>
                <token content="made" id="5-7">
                    <pos type="VBD"/>
                    <lemma type="make"/>
                </token>
                <token content="my" id="5-8">
                    <pos type="PRP$"/>
                    <lemma type="my"/>
                </token>
                <token content="way" id="5-9">
                    <pos type="NN"/>
                    <lemma type="way"/>
                    <dep head="5-7" type="dobj"/>
                </token>
                <token content="down" id="5-10"/>
                <token content="the" id="5-11">
                    <pos type="DT"/>
                    <lemma type="the"/>
                </token>
                <token content="long" id="5-12">
                    <pos type="JJ"/>
                    <lemma type="long"/>
                </token>
                <token content="rows" id="5-13">
                    <pos type="NNS"/>
                    <lemma type="row"/>
                    <dep head="5-7" type="prep"/>
                </token>
                <token content="of" id="5-14"/>
                <token content="bookshelves" id="5-15">
                    <pos type="NNS"/>
                    <lemma type="bookshelf"/>
                </token>
                <token content="." id="5-16"/>
            </sentence>
            <sentence id="6">
                <token content="I" id="6-1">
                    <pos type="PRP"/>
                    <lemma type="I"/>
                    <dep head="6-2" type="nsubj"/>
                </token>
                <token content="found" id="6-2">
                    <pos type="VBD"/>
                    <lemma type="find"/>
                </token>
                <token content="my" id="6-3">
                    <pos type="PRP$"/>
                    <lemma type="my"/>
                </token>
                <token content="book" id="6-4">
                    <pos type="NN"/>
                    <lemma type="book"/>
                    <dep head="6-2" type="dobj"/>
                </token>
                <token content="easily" id="6-5">
                    <pos type="RB"/>
                    <lemma type="easily"/>
                    <dep head="6-2" type="advmod"/>
                </token>
                <token content="," id="6-6"/>
                <token content="and" id="6-7"/>
                <token content="I" id="6-8">
                    <pos type="PRP"/>
                    <lemma type="I"/>
                    <dep head="6-10" type="nsubj"/>
                </token>
                <token content="also" id="6-9">
                    <pos type="RB"/>
                    <lemma type="also"/>
                    <dep head="6-10" type="advmod"/>
                </token>
                <token content="found" id="6-10">
                    <pos type="VBD"/>
                    <lemma type="find"/>
                    <dep head="6-2" type="conj"/>
                </token>
                <token content="a" id="6-11">
                    <pos type="DT"/>
                    <lemma type="a"/>
                </token>
                <token content="couple" id="6-12">
                    <pos type="NN"/>
                    <lemma type="couple"/>
                </token>
                <token content="others" id="6-13">
                    <pos type="NNS"/>
                    <lemma type="other"/>
                    <dep head="6-10" type="dobj"/>
                </token>
                <token content="I" id="6-14">
                    <pos type="PRP"/>
                    <lemma type="I"/>
                    <dep head="6-16" type="nsubj"/>
                </token>
                <token content="'d" id="6-15">
                    <pos type="MD"/>
                    <lemma type="would"/>
                    <dep head="6-16" type="aux"/>
                </token>
                <token content="like" id="6-16">
                    <pos type="VB"/>
                    <lemma type="like"/>
                </token>
                <token content="." id="6-17"/>
            </sentence>
            <sentence id="7">
                <token content="I" id="7-1">
                    <pos type="PRP"/>
                    <lemma type="I"/>
                    <dep head="7-2" type="nsubj"/>
                </token>
                <token content="carried" id="7-2">
                    <pos type="VBD"/>
                    <lemma type="carry"/>
                </token>
                <token content="my" id="7-3">
                    <pos type="PRP$"/>
                    <lemma type="my"/>
                </token>
                <token content="stack" id="7-4">
                    <pos type="NN"/>
                    <lemma type="stack"/>
                    <dep head="7-2" type="dobj"/>
                </token>
                <token content="of" id="7-5"/>
                <token content="books" id="7-6">
                    <pos type="NNS"/>
                    <lemma type="book"/>
                </token>
                <token content="to" id="7-7"/>
                <token content="the" id="7-8">
                    <pos type="DT"/>
                    <lemma type="the"/>
                </token>
                <token content="counter" id="7-9">
                    <pos type="NN"/>
                    <lemma type="counter"/>
                    <dep head="7-2" type="prep"/>
                </token>
                <token content="," id="7-10"/>
                <token content="and" id="7-11"/>
                <token content="the" id="7-12">
                    <pos type="DT"/>
                    <lemma type="the"/>
                </token>
                <token content="same" id="7-13">
                    <pos type="JJ"/>
                    <lemma type="same"/>
                </token>
                <token content="librarian" id="7-14">
                    <pos type="NN"/>
                    <lemma type="librarian"/>
                </token>
                <token content="was" id="7-15">
                    <pos type="VBD"/>
                    <lemma type="be"/>
                </token>
                <token content="happy" id="7-16">
                    <pos type="JJ"/>
                    <lemma type="happy"/>
                    <dep head="7-2" type="conj"/>
                </token>
                <token content="to" id="7-17">
                    <pos type="TO"/>
                    <lemma type="to"/>
                    <dep head="7-18" type="aux"/>
                </token>
                <token content="help" id="7-18">
                    <pos type="VB"/>
                    <lemma type="help"/>
                </token>
                <token content="me" id="7-19">
                    <pos type="PRP"/>
                    <lemma type="I"/>
                    <dep head="7-18" type="dobj"/>
                </token>
                <token content="." id="7-20"/>
            </sentence>
            <sentence id="8">
                <token content="She" id="8-1">
                    <pos type="PRP"/>
                    <lemma type="she"/>
                    <dep head="8-2" type="nsubj"/>
                </token>
                <token content="told" id="8-2">
                    <pos type="VBD"/>
                    <lemma type="tell"/>
                </token>
                <token content="me" id="8-3">
                    <pos type="PRP"/>
                    <lemma type="I"/>
                    <dep head="8-2" type="dobj"/>
                </token>
                <token content="my" id="8-4">
                    <pos type="PRP$"/>
                    <lemma type="my"/>
                </token>
                <token content="book" id="8-5">
                    <pos type="NN"/>
                    <lemma type="book"/>
                </token>
                <token content="choices" id="8-6">
                    <pos type="NNS"/>
                    <lemma type="choice"/>
                </token>
                <token content="were" id="8-7">
                    <pos type="VBD"/>
                    <lemma type="be"/>
                </token>
                <token content="great" id="8-8">
                    <pos type="JJ"/>
                    <lemma type="great"/>
                    <dep head="8-2" type="dep"/>
                </token>
                <token content="and" id="8-9"/>
                <token content="she" id="8-10">
                    <pos type="PRP"/>
                    <lemma type="she"/>
                    <dep head="8-12" type="nsubj"/>
                </token>
                <token content="also" id="8-11">
                    <pos type="RB"/>
                    <lemma type="also"/>
                    <dep head="8-12" type="advmod"/>
                </token>
                <token content="recommended" id="8-12">
                    <pos type="VBD"/>
                    <lemma type="recommend"/>
                    <dep head="8-2" type="conj"/>
                </token>
                <token content="some" id="8-13">
                    <pos type="DT"/>
                    <lemma type="some"/>
                </token>
                <token content="further" id="8-14">
                    <pos type="JJ"/>
                    <lemma type="further"/>
                </token>
                <token content="reading" id="8-15">
                    <pos type="NN"/>
                    <lemma type="reading"/>
                    <dep head="8-12" type="dobj"/>
                </token>
                <token content="." id="8-16"/>
            </sentence>
            <sentence id="9">
                <token content="She" id="9-1">
                    <pos type="PRP"/>
                    <lemma type="she"/>
                    <dep head="9-2" type="nsubj"/>
                </token>
                <token content="checked" id="9-2">
                    <pos type="VBD"/>
                    <lemma type="check"/>
                </token>
                <token content="out" id="9-3">
                    <pos type="RP"/>
                    <lemma type="out"/>
                    <dep head="9-2" type="prt"/>
                </token>
                <token content="my" id="9-4">
                    <pos type="PRP$"/>
                    <lemma type="my"/>
                </token>
                <token content="books" id="9-5">
                    <pos type="NNS"/>
                    <lemma type="book"/>
                    <dep head="9-2" type="dobj"/>
                </token>
                <token content="in" id="9-6"/>
                <token content="the" id="9-7">
                    <pos type="DT"/>
                    <lemma type="the"/>
                </token>
                <token content="computer" id="9-8">
                    <pos type="NN"/>
                    <lemma type="computer"/>
                    <dep head="9-2" type="prep"/>
                </token>
                <token content="." id="9-9"/>
            </sentence>
            <sentence id="10">
                <token content="Two" id="10-1">
                    <pos type="CD"/>
                    <lemma type="two"/>
                    <dep head="10-15" type="nsubj"/>
                </token>
                <token content="of" id="10-2"/>
                <token content="the" id="10-3">
                    <pos type="DT"/>
                    <lemma type="the"/>
                </token>
                <token content="books" id="10-4">
                    <pos type="NNS"/>
                    <lemma type="book"/>
                </token>
                <token content="needed" id="10-5">
                    <pos type="VBN"/>
                    <lemma type="need"/>
                </token>
                <token content="to" id="10-6">
                    <pos type="TO"/>
                    <lemma type="to"/>
                    <dep head="10-8" type="aux"/>
                </token>
                <token content="be" id="10-7">
                    <pos type="VB"/>
                    <lemma type="be"/>
                    <dep head="10-8" type="auxpass"/>
                </token>
                <token content="returned" id="10-8">
                    <pos type="VBN"/>
                    <lemma type="return"/>
                    <dep head="10-5" type="xcomp"/>
                </token>
                <token content="in" id="10-9"/>
                <token content="two" id="10-10">
                    <pos type="CD"/>
                    <lemma type="two"/>
                </token>
                <token content="weeks" id="10-11">
                    <pos type="NNS"/>
                    <lemma type="week"/>
                    <dep head="10-8" type="prep"/>
                </token>
                <token content="and" id="10-12"/>
                <token content="the" id="10-13">
                    <pos type="DT"/>
                    <lemma type="the"/>
                </token>
                <token content="other" id="10-14">
                    <pos type="JJ"/>
                    <lemma type="other"/>
                </token>
                <token content="needed" id="10-15">
                    <pos type="VBD"/>
                    <lemma type="need"/>
                </token>
                <token content="to" id="10-16">
                    <pos type="TO"/>
                    <lemma type="to"/>
                    <dep head="10-18" type="aux"/>
                </token>
                <token content="be" id="10-17">
                    <pos type="VB"/>
                    <lemma type="be"/>
                    <dep head="10-18" type="auxpass"/>
                </token>
                <token content="returned" id="10-18">
                    <pos type="VBN"/>
                    <lemma type="return"/>
                    <dep head="10-15" type="xcomp"/>
                </token>
                <token content="in" id="10-19"/>
                <token content="one" id="10-20">
                    <pos type="CD"/>
                    <lemma type="one"/>
                    <dep head="10-18" type="prep"/>
                </token>
                <token content="week" id="10-21">
                    <pos type="NN"/>
                    <lemma type="week"/>
                    <dep head="10-18" type="tmod"/>
                </token>
                <token content="." id="10-22"/>
            </sentence>
            <sentence id="11">
                <token content="I" id="11-1">
                    <pos type="PRP"/>
                    <lemma type="I"/>
                    <dep head="11-4" type="nsubj"/>
                </token>
                <token content="'ll" id="11-2">
                    <pos type="MD"/>
                    <lemma type="'ll"/>
                    <dep head="11-4" type="aux"/>
                </token>
                <token content="likely" id="11-3">
                    <pos type="RB"/>
                    <lemma type="likely"/>
                    <dep head="11-4" type="advmod"/>
                </token>
                <token content="return" id="11-4">
                    <pos type="VB"/>
                    <lemma type="return"/>
                </token>
                <token content="them" id="11-5">
                    <pos type="PRP"/>
                    <lemma type="they"/>
                    <dep head="11-4" type="dobj"/>
                </token>
                <token content="all" id="11-6">
                    <pos type="DT"/>
                    <lemma type="all"/>
                    <dep head="11-4" type="dep"/>
                </token>
                <token content="in" id="11-7"/>
                <token content="one" id="11-8">
                    <pos type="CD"/>
                    <lemma type="one"/>
                    <dep head="11-4" type="prep"/>
                </token>
                <token content="week" id="11-9">
                    <pos type="NN"/>
                    <lemma type="week"/>
                    <dep head="11-4" type="tmod"/>
                </token>
                <token content="." id="11-10"/>
            </sentence>
            <sentence id="12">
                <token content="I" id="12-1">
                    <pos type="PRP"/>
                    <lemma type="I"/>
                    <dep head="12-2" type="nsubj"/>
                </token>
                <token content="left" id="12-2">
                    <pos type="VBD"/>
                    <lemma type="leave"/>
                </token>
                <token content="and" id="12-3"/>
                <token content="went" id="12-4">
                    <pos type="VBD"/>
                    <lemma type="go"/>
                    <dep head="12-2" type="conj"/>
                </token>
                <token content="to" id="12-5"/>
                <token content="the" id="12-6">
                    <pos type="DT"/>
                    <lemma type="the"/>
                </token>
                <token content="park" id="12-7">
                    <pos type="NN"/>
                    <lemma type="park"/>
                    <dep head="12-4" type="prep"/>
                </token>
                <token content="to" id="12-8">
                    <pos type="TO"/>
                    <lemma type="to"/>
                    <dep head="12-9" type="aux"/>
                </token>
                <token content="start" id="12-9">
                    <pos type="VB"/>
                    <lemma type="start"/>
                    <dep head="12-4" type="xcomp"/>
                </token>
                <token content="reading" id="12-10">
                    <pos type="NN"/>
                    <lemma type="reading"/>
                    <dep head="12-9" type="dobj"/>
                </token>
                <token content="." id="12-11"/>
            </sentence>
        </sentences>
    </text>
    <annotations>
        <participants>
            <label from="1-1" id="0" name="NPart" text="Today" type="participant"/>
            <label from="1-2" id="1" name="ScrPart_customer" text="I" type="participant"/>
            <label from="1-12" id="2" name="ScrPart_library" text="library" type="participant"/>
            <label from="1-16" id="3" name="ScrPart_library" text="it" type="participant"/>
            <label from="2-1" id="4" name="No_label" text="It" type="participant"/>
            <label from="2-6" id="5" name="NPart" text="minute" type="participant"/>
            <label from="2-7" id="6" name="Unclear" text="trip ," to="2-8" type="participant"/>
            <label from="2-10" id="7" name="ScrPart_customer" text="I" type="participant"/>
            <label from="2-13" id="8" name="NPart" text="drive" type="participant"/>
            <label from="3-2" id="9" name="ScrPart_customer" text="I" type="participant"/>
            <label from="3-6" id="10" name="ScrPart_library" text="library" type="participant"/>
            <label from="3-9" id="11" name="ScrPart_staff" text="librarian" type="participant"/>
            <label from="3-11" id="12" name="ScrPart_customer" text="me" type="participant"/>
            <label from="3-15" id="13" name="NPart" text="smile" type="participant"/>
            <label from="3-18" id="14" name="SuppVComp" text="small talk" to="3-19" type="participant"/>
            <label from="3-19" id="15" name="SuppVComp" text="talk" type="participant"/>
            <label from="4-1" id="16" name="ScrPart_customer" text="I" type="participant"/>
            <label from="4-6" id="17" name="ScrPart_book" text="book" type="participant"/>
            <label from="4-7" id="18" name="ScrPart_customer" text="I" type="participant"/>
            <label from="4-11" id="19" name="ScrPart_institutional_devices" text="computer" type="participant"/>
            <label from="5-1" id="20" name="ScrPart_book" text="It" type="participant"/>
            <label from="5-6" id="21" name="ScrPart_customer" text="I" type="participant"/>
            <label from="5-8" id="22" name="ScrPart_customer" text="my" type="participant"/>
            <label from="5-9" id="23" name="No_label" text="way" type="participant"/>
            <label from="5-13" id="24" name="Head_of_Partitive" text="rows" type="participant"/>
            <label from="5-15" id="25" name="ScrPart_shelf" text="bookshelves" type="participant"/>
            <label from="6-1" id="26" name="ScrPart_customer" text="I" type="participant"/>
            <label from="6-3" id="27" name="ScrPart_customer" text="my" type="participant"/>
            <label from="6-4" id="28" name="ScrPart_book" text="book" type="participant"/>
            <label from="6-8" id="29" name="ScrPart_customer" text="I" type="participant"/>
            <label from="6-12" id="30" name="Head_of_Partitive" text="couple" type="participant"/>
            <label from="6-13" id="31" name="ScrPart_book" text="others" type="participant"/>
            <label from="6-14" id="32" name="ScrPart_customer" text="I" type="participant"/>
            <label from="7-1" id="33" name="ScrPart_customer" text="I" type="participant"/>
            <label from="7-3" id="34" name="ScrPart_customer" text="my" type="participant"/>
            <label from="7-6" id="35" name="ScrPart_book" text="books" type="participant"/>
            <label from="7-9" id="36" name="ScrPart_check-out_desk" text="counter" type="participant"/>
            <label from="7-14" id="37" name="ScrPart_staff" text="librarian" type="participant"/>
            <label from="7-19" id="38" name="ScrPart_customer" text="me" type="participant"/>
            <label from="8-1" id="39" name="ScrPart_staff" text="She" type="participant"/>
            <label from="8-3" id="40" name="ScrPart_customer" text="me" type="participant"/>
            <label from="8-4" id="41" name="ScrPart_customer" text="my" type="participant"/>
            <label from="8-5" id="42" name="Unclear" text="book choices" to="8-6" type="participant"/>
            <label from="8-5" id="43" name="ScrPart_book" text="book" type="participant"/>
            <label from="8-6" id="44" name="Unclear" text="choices" type="participant"/>
            <label from="8-10" id="45" name="ScrPart_staff" text="she" type="participant"/>
            <label from="8-15" id="46" name="ScrPart_book" text="reading" type="participant"/>
            <label from="9-1" id="47" name="ScrPart_staff" text="She" type="participant"/>
            <label from="9-4" id="48" name="ScrPart_customer" text="my" type="participant"/>
            <label from="9-5" id="49" name="ScrPart_book" text="books" type="participant"/>
            <label from="9-8" id="50" name="ScrPart_institutional_devices" text="computer" type="participant"/>
            <label from="10-4" id="51" name="ScrPart_book" text="books" type="participant"/>
            <label from="10-11" id="52" name="ScrPart_return_date" text="weeks" type="participant"/>
            <label from="10-14" id="53" name="ScrPart_book" text="other" type="participant"/>
            <label from="10-21" id="54" name="ScrPart_return_date" text="week" type="participant"/>
            <label from="11-1" id="55" name="ScrPart_customer" text="I" type="participant"/>
            <label from="11-5" id="56" name="ScrPart_book" text="them" type="participant"/>
            <label from="11-9" id="57" name="ScrPart_return_date" text="week" type="participant"/>
            <label from="12-1" id="58" name="ScrPart_customer" text="I" type="participant"/>
            <label from="12-7" id="59" name="NPart" text="park" type="participant"/>
        </participants>
        <events>
            <label from="1-3" id="60" name="UnrelEv" text="got up" to="1-4" type="event"/>
            <label from="1-3" id="61" name="UnrelEv" text="got" type="event"/>
            <label from="1-9" id="62" name="Evoking" text="get to the library" to="1-12" type="event"/>
            <label from="1-9" id="63" name="ScrEv_get_library" text="get" type="event"/>
            <label from="1-17" id="64" name="RelNScrEv" text="opened" type="event"/>
            <label from="2-2" id="65" name="UnrelEv" text="'s" type="event"/>
            <label from="2-11" id="66" name="UnrelEv" text="love" type="event"/>
            <label from="3-3" id="67" name="ScrEv_get_library" text="got" type="event"/>
            <label from="3-10" id="68" name="RelNScrEv" text="greeted" type="event"/>
            <label from="3-17" id="69" name="RelNScrEv" text="made" type="event"/>
            <label from="4-3" id="70" name="ScrEv_look_for_book" text="looked up" to="4-4" type="event"/>
            <label from="4-3" id="71" name="ScrEv_look_for_book" text="looked" type="event"/>
            <label from="4-8" id="72" name="UnrelEv" text="wanted" type="event"/>
            <label from="5-2" id="73" name="RelNScrEv" text="was" type="event"/>
            <label from="5-7" id="74" name="ScrEv_get_shelf" text="made" type="event"/>
            <label from="6-2" id="75" name="ScrEv_look_for_book" text="found" type="event"/>
            <label from="6-10" id="76" name="ScrEv_look_for_book" text="found" type="event"/>
            <label from="6-16" id="77" name="UnrelEv" text="like" type="event"/>
            <label from="7-2" id="78" name="ScrEv_take_book" text="carried" type="event"/>
            <label from="7-15" id="79" name="UnrelEv" text="was" type="event"/>
            <label from="7-18" id="80" name="ScrEv_register" text="help" type="event"/>
            <label from="8-2" id="81" name="UnrelEv" text="told" type="event"/>
            <label from="8-7" id="82" name="UnrelEv" text="were" type="event"/>
            <label from="8-12" id="83" name="ScrEv_other" text="recommended" type="event"/>
            <label from="9-2" id="84" name="ScrEv_register" text="checked out" to="9-3" type="event"/>
            <label from="9-2" id="85" name="ScrEv_register" text="checked" type="event"/>
            <label from="10-5" id="86" name="UnrelEv" text="needed" type="event"/>
            <label from="10-8" id="87" name="ScrEv_return_book" text="returned" type="event"/>
            <label from="10-15" id="88" name="UnrelEv" text="needed" type="event"/>
            <label from="10-18" id="89" name="ScrEv_return_book" text="returned" type="event"/>
            <label from="11-4" id="90" name="ScrEv_return_book" text="return" type="event"/>
            <label from="12-2" id="91" name="ScrEv_leave" text="left" type="event"/>
            <label from="12-4" id="92" name="UnrelEv" text="went" type="event"/>
            <label from="12-9" id="93" name="UnrelEv" text="start" type="event"/>
            <label from="12-10" id="94" name="RelNScrEv" text="reading" type="event"/>
        </events>
        <chains>
            <chain elements="2 3 10"/>
            <chain elements="1 7 9 12 16 18 21 22 26 27 29 32 33 34 38 40 41 48 55 58"/>
            <chain elements="17 20 28"/>
            <chain elements="28 35 31" name="group_book1_book2"/>
            <chain elements="11 37 39 47 45"/>
            <chain elements="35 49 56"/>
        </chains>
    </annotations>
</story>
