<?xml version="1.0" encoding="UTF-8" standalone="no"?>
<!DOCTYPE story SYSTEM "../InScript.dtd">
<story id="025" scenario="library">
    <text>
        <content>I love reading books , and once I finished all my books in the library , I decided that I needed new books . 
The best place in my neighborhood for getting new books for free was the local library . 
To borrow from the library , all you needed was a simple library card . 
I walked to the local library and went to my favorite section of the library . 
The history section had my favorite books about Napoleon . 
Once I found my favorite book , I took it with me and brought it over to the check outline . 
I waited in line until it was my turn . 
I gave the librarian my book and library card and they checked it out for me . 
I was given a receipt and a date to return the book . 
I had three weeks to finish the book before I had to go back and return it . 
When I left the library , the security checked my receipt and my books and allowed me to leave . </content>
        <sentences>
            <sentence id="1">
                <token content="I" id="1-1">
                    <pos type="PRP"/>
                    <lemma type="I"/>
                    <dep head="1-2" type="nsubj"/>
                </token>
                <token content="love" id="1-2">
                    <pos type="VBP"/>
                    <lemma type="love"/>
                </token>
                <token content="reading" id="1-3">
                    <pos type="VBG"/>
                    <lemma type="read"/>
                    <dep head="1-2" type="xcomp"/>
                </token>
                <token content="books" id="1-4">
                    <pos type="NNS"/>
                    <lemma type="book"/>
                    <dep head="1-3" type="dobj"/>
                </token>
                <token content="," id="1-5"/>
                <token content="and" id="1-6"/>
                <token content="once" id="1-7">
                    <pos type="IN"/>
                    <lemma type="once"/>
                    <dep head="1-9" type="mark"/>
                </token>
                <token content="I" id="1-8">
                    <pos type="PRP"/>
                    <lemma type="I"/>
                    <dep head="1-9" type="nsubj"/>
                </token>
                <token content="finished" id="1-9">
                    <pos type="VBD"/>
                    <lemma type="finish"/>
                    <dep head="1-18" type="advcl"/>
                </token>
                <token content="all" id="1-10">
                    <pos type="PDT"/>
                    <lemma type="all"/>
                </token>
                <token content="my" id="1-11">
                    <pos type="PRP$"/>
                    <lemma type="my"/>
                </token>
                <token content="books" id="1-12">
                    <pos type="NNS"/>
                    <lemma type="book"/>
                    <dep head="1-9" type="dobj"/>
                </token>
                <token content="in" id="1-13"/>
                <token content="the" id="1-14">
                    <pos type="DT"/>
                    <lemma type="the"/>
                </token>
                <token content="library" id="1-15">
                    <pos type="NN"/>
                    <lemma type="library"/>
                    <dep head="1-9" type="prep"/>
                </token>
                <token content="," id="1-16"/>
                <token content="I" id="1-17">
                    <pos type="PRP"/>
                    <lemma type="I"/>
                    <dep head="1-18" type="nsubj"/>
                </token>
                <token content="decided" id="1-18">
                    <pos type="VBD"/>
                    <lemma type="decide"/>
                    <dep head="1-2" type="conj"/>
                </token>
                <token content="that" id="1-19">
                    <pos type="IN"/>
                    <lemma type="that"/>
                    <dep head="1-21" type="mark"/>
                </token>
                <token content="I" id="1-20">
                    <pos type="PRP"/>
                    <lemma type="I"/>
                    <dep head="1-21" type="nsubj"/>
                </token>
                <token content="needed" id="1-21">
                    <pos type="VBD"/>
                    <lemma type="need"/>
                    <dep head="1-18" type="ccomp"/>
                </token>
                <token content="new" id="1-22">
                    <pos type="JJ"/>
                    <lemma type="new"/>
                </token>
                <token content="books" id="1-23">
                    <pos type="NNS"/>
                    <lemma type="book"/>
                    <dep head="1-21" type="dobj"/>
                </token>
                <token content="." id="1-24"/>
            </sentence>
            <sentence id="2">
                <token content="The" id="2-1">
                    <pos type="DT"/>
                    <lemma type="the"/>
                </token>
                <token content="best" id="2-2">
                    <pos type="JJS"/>
                    <lemma type="best"/>
                </token>
                <token content="place" id="2-3">
                    <pos type="NN"/>
                    <lemma type="place"/>
                </token>
                <token content="in" id="2-4"/>
                <token content="my" id="2-5">
                    <pos type="PRP$"/>
                    <lemma type="my"/>
                </token>
                <token content="neighborhood" id="2-6">
                    <pos type="NN"/>
                    <lemma type="neighborhood"/>
                </token>
                <token content="for" id="2-7"/>
                <token content="getting" id="2-8">
                    <pos type="VBG"/>
                    <lemma type="get"/>
                </token>
                <token content="new" id="2-9">
                    <pos type="JJ"/>
                    <lemma type="new"/>
                </token>
                <token content="books" id="2-10">
                    <pos type="NNS"/>
                    <lemma type="book"/>
                    <dep head="2-8" type="dobj"/>
                </token>
                <token content="for" id="2-11"/>
                <token content="free" id="2-12">
                    <pos type="JJ"/>
                    <lemma type="free"/>
                    <dep head="2-8" type="prep"/>
                </token>
                <token content="was" id="2-13">
                    <pos type="VBD"/>
                    <lemma type="be"/>
                </token>
                <token content="the" id="2-14">
                    <pos type="DT"/>
                    <lemma type="the"/>
                </token>
                <token content="local" id="2-15">
                    <pos type="JJ"/>
                    <lemma type="local"/>
                </token>
                <token content="library" id="2-16">
                    <pos type="NN"/>
                    <lemma type="library"/>
                </token>
                <token content="." id="2-17"/>
            </sentence>
            <sentence id="3">
                <token content="To" id="3-1">
                    <pos type="TO"/>
                    <lemma type="to"/>
                    <dep head="3-2" type="aux"/>
                </token>
                <token content="borrow" id="3-2">
                    <pos type="VB"/>
                    <lemma type="borrow"/>
                </token>
                <token content="from" id="3-3"/>
                <token content="the" id="3-4">
                    <pos type="DT"/>
                    <lemma type="the"/>
                </token>
                <token content="library" id="3-5">
                    <pos type="NN"/>
                    <lemma type="library"/>
                    <dep head="3-2" type="prep"/>
                </token>
                <token content="," id="3-6"/>
                <token content="all" id="3-7">
                    <pos type="DT"/>
                    <lemma type="all"/>
                </token>
                <token content="you" id="3-8">
                    <pos type="PRP"/>
                    <lemma type="you"/>
                    <dep head="3-9" type="nsubj"/>
                </token>
                <token content="needed" id="3-9">
                    <pos type="VBD"/>
                    <lemma type="need"/>
                </token>
                <token content="was" id="3-10">
                    <pos type="VBD"/>
                    <lemma type="be"/>
                </token>
                <token content="a" id="3-11">
                    <pos type="DT"/>
                    <lemma type="a"/>
                </token>
                <token content="simple" id="3-12">
                    <pos type="JJ"/>
                    <lemma type="simple"/>
                </token>
                <token content="library" id="3-13">
                    <pos type="NN"/>
                    <lemma type="library"/>
                </token>
                <token content="card" id="3-14">
                    <pos type="NN"/>
                    <lemma type="card"/>
                </token>
                <token content="." id="3-15"/>
            </sentence>
            <sentence id="4">
                <token content="I" id="4-1">
                    <pos type="PRP"/>
                    <lemma type="I"/>
                    <dep head="4-2" type="nsubj"/>
                </token>
                <token content="walked" id="4-2">
                    <pos type="VBD"/>
                    <lemma type="walk"/>
                </token>
                <token content="to" id="4-3"/>
                <token content="the" id="4-4">
                    <pos type="DT"/>
                    <lemma type="the"/>
                </token>
                <token content="local" id="4-5">
                    <pos type="JJ"/>
                    <lemma type="local"/>
                </token>
                <token content="library" id="4-6">
                    <pos type="NN"/>
                    <lemma type="library"/>
                    <dep head="4-2" type="prep"/>
                </token>
                <token content="and" id="4-7"/>
                <token content="went" id="4-8">
                    <pos type="VBD"/>
                    <lemma type="go"/>
                    <dep head="4-2" type="conj"/>
                </token>
                <token content="to" id="4-9"/>
                <token content="my" id="4-10">
                    <pos type="PRP$"/>
                    <lemma type="my"/>
                </token>
                <token content="favorite" id="4-11">
                    <pos type="JJ"/>
                    <lemma type="favorite"/>
                </token>
                <token content="section" id="4-12">
                    <pos type="NN"/>
                    <lemma type="section"/>
                    <dep head="4-8" type="prep"/>
                </token>
                <token content="of" id="4-13"/>
                <token content="the" id="4-14">
                    <pos type="DT"/>
                    <lemma type="the"/>
                </token>
                <token content="library" id="4-15">
                    <pos type="NN"/>
                    <lemma type="library"/>
                </token>
                <token content="." id="4-16"/>
            </sentence>
            <sentence id="5">
                <token content="The" id="5-1">
                    <pos type="DT"/>
                    <lemma type="the"/>
                </token>
                <token content="history" id="5-2">
                    <pos type="NN"/>
                    <lemma type="history"/>
                </token>
                <token content="section" id="5-3">
                    <pos type="NN"/>
                    <lemma type="section"/>
                    <dep head="5-4" type="nsubj"/>
                </token>
                <token content="had" id="5-4">
                    <pos type="VBD"/>
                    <lemma type="have"/>
                </token>
                <token content="my" id="5-5">
                    <pos type="PRP$"/>
                    <lemma type="my"/>
                </token>
                <token content="favorite" id="5-6">
                    <pos type="JJ"/>
                    <lemma type="favorite"/>
                </token>
                <token content="books" id="5-7">
                    <pos type="NNS"/>
                    <lemma type="book"/>
                    <dep head="5-4" type="dobj"/>
                </token>
                <token content="about" id="5-8"/>
                <token content="Napoleon" id="5-9">
                    <pos type="NNP"/>
                    <lemma type="Napoleon"/>
                </token>
                <token content="." id="5-10"/>
            </sentence>
            <sentence id="6">
                <token content="Once" id="6-1">
                    <pos type="IN"/>
                    <lemma type="once"/>
                    <dep head="6-3" type="mark"/>
                </token>
                <token content="I" id="6-2">
                    <pos type="PRP"/>
                    <lemma type="I"/>
                    <dep head="6-3" type="nsubj"/>
                </token>
                <token content="found" id="6-3">
                    <pos type="VBD"/>
                    <lemma type="find"/>
                    <dep head="6-9" type="advcl"/>
                </token>
                <token content="my" id="6-4">
                    <pos type="PRP$"/>
                    <lemma type="my"/>
                </token>
                <token content="favorite" id="6-5">
                    <pos type="JJ"/>
                    <lemma type="favorite"/>
                </token>
                <token content="book" id="6-6">
                    <pos type="NN"/>
                    <lemma type="book"/>
                    <dep head="6-3" type="dobj"/>
                </token>
                <token content="," id="6-7"/>
                <token content="I" id="6-8">
                    <pos type="PRP"/>
                    <lemma type="I"/>
                    <dep head="6-9" type="nsubj"/>
                </token>
                <token content="took" id="6-9">
                    <pos type="VBD"/>
                    <lemma type="take"/>
                </token>
                <token content="it" id="6-10">
                    <pos type="PRP"/>
                    <lemma type="it"/>
                    <dep head="6-9" type="dobj"/>
                </token>
                <token content="with" id="6-11"/>
                <token content="me" id="6-12">
                    <pos type="PRP"/>
                    <lemma type="I"/>
                    <dep head="6-9" type="prep"/>
                </token>
                <token content="and" id="6-13"/>
                <token content="brought" id="6-14">
                    <pos type="VBD"/>
                    <lemma type="bring"/>
                    <dep head="6-9" type="conj"/>
                </token>
                <token content="it" id="6-15">
                    <pos type="PRP"/>
                    <lemma type="it"/>
                    <dep head="6-14" type="dobj"/>
                </token>
                <token content="over" id="6-16">
                    <pos type="RP"/>
                    <lemma type="over"/>
                    <dep head="6-14" type="prt"/>
                </token>
                <token content="to" id="6-17"/>
                <token content="the" id="6-18">
                    <pos type="DT"/>
                    <lemma type="the"/>
                </token>
                <token content="check" id="6-19">
                    <pos type="NN"/>
                    <lemma type="check"/>
                </token>
                <token content="outline" id="6-20">
                    <pos type="NN"/>
                    <lemma type="outline"/>
                    <dep head="6-14" type="prep"/>
                </token>
                <token content="." id="6-21"/>
            </sentence>
            <sentence id="7">
                <token content="I" id="7-1">
                    <pos type="PRP"/>
                    <lemma type="I"/>
                    <dep head="7-2" type="nsubj"/>
                </token>
                <token content="waited" id="7-2">
                    <pos type="VBD"/>
                    <lemma type="wait"/>
                </token>
                <token content="in" id="7-3"/>
                <token content="line" id="7-4">
                    <pos type="NN"/>
                    <lemma type="line"/>
                    <dep head="7-2" type="prep"/>
                </token>
                <token content="until" id="7-5">
                    <pos type="IN"/>
                    <lemma type="until"/>
                </token>
                <token content="it" id="7-6">
                    <pos type="PRP"/>
                    <lemma type="it"/>
                </token>
                <token content="was" id="7-7">
                    <pos type="VBD"/>
                    <lemma type="be"/>
                </token>
                <token content="my" id="7-8">
                    <pos type="PRP$"/>
                    <lemma type="my"/>
                </token>
                <token content="turn" id="7-9">
                    <pos type="NN"/>
                    <lemma type="turn"/>
                    <dep head="7-2" type="advcl"/>
                </token>
                <token content="." id="7-10"/>
            </sentence>
            <sentence id="8">
                <token content="I" id="8-1">
                    <pos type="PRP"/>
                    <lemma type="I"/>
                    <dep head="8-2" type="nsubj"/>
                </token>
                <token content="gave" id="8-2">
                    <pos type="VBD"/>
                    <lemma type="give"/>
                </token>
                <token content="the" id="8-3">
                    <pos type="DT"/>
                    <lemma type="the"/>
                </token>
                <token content="librarian" id="8-4">
                    <pos type="NN"/>
                    <lemma type="librarian"/>
                    <dep head="8-2" type="iobj"/>
                </token>
                <token content="my" id="8-5">
                    <pos type="PRP$"/>
                    <lemma type="my"/>
                </token>
                <token content="book" id="8-6">
                    <pos type="NN"/>
                    <lemma type="book"/>
                    <dep head="8-2" type="dobj"/>
                </token>
                <token content="and" id="8-7"/>
                <token content="library" id="8-8">
                    <pos type="NN"/>
                    <lemma type="library"/>
                </token>
                <token content="card" id="8-9">
                    <pos type="NN"/>
                    <lemma type="card"/>
                </token>
                <token content="and" id="8-10"/>
                <token content="they" id="8-11">
                    <pos type="PRP"/>
                    <lemma type="they"/>
                    <dep head="8-12" type="nsubj"/>
                </token>
                <token content="checked" id="8-12">
                    <pos type="VBD"/>
                    <lemma type="check"/>
                    <dep head="8-2" type="conj"/>
                </token>
                <token content="it" id="8-13">
                    <pos type="PRP"/>
                    <lemma type="it"/>
                    <dep head="8-12" type="dobj"/>
                </token>
                <token content="out" id="8-14">
                    <pos type="RP"/>
                    <lemma type="out"/>
                    <dep head="8-12" type="prt"/>
                </token>
                <token content="for" id="8-15"/>
                <token content="me" id="8-16">
                    <pos type="PRP"/>
                    <lemma type="I"/>
                    <dep head="8-12" type="prep"/>
                </token>
                <token content="." id="8-17"/>
            </sentence>
            <sentence id="9">
                <token content="I" id="9-1">
                    <pos type="PRP"/>
                    <lemma type="I"/>
                    <dep head="9-3" type="nsubjpass"/>
                </token>
                <token content="was" id="9-2">
                    <pos type="VBD"/>
                    <lemma type="be"/>
                    <dep head="9-3" type="auxpass"/>
                </token>
                <token content="given" id="9-3">
                    <pos type="VBN"/>
                    <lemma type="give"/>
                </token>
                <token content="a" id="9-4">
                    <pos type="DT"/>
                    <lemma type="a"/>
                </token>
                <token content="receipt" id="9-5">
                    <pos type="NN"/>
                    <lemma type="receipt"/>
                    <dep head="9-3" type="dobj"/>
                </token>
                <token content="and" id="9-6"/>
                <token content="a" id="9-7">
                    <pos type="DT"/>
                    <lemma type="a"/>
                </token>
                <token content="date" id="9-8">
                    <pos type="NN"/>
                    <lemma type="date"/>
                </token>
                <token content="to" id="9-9">
                    <pos type="TO"/>
                    <lemma type="to"/>
                    <dep head="9-10" type="aux"/>
                </token>
                <token content="return" id="9-10">
                    <pos type="VB"/>
                    <lemma type="return"/>
                    <dep head="9-3" type="xcomp"/>
                </token>
                <token content="the" id="9-11">
                    <pos type="DT"/>
                    <lemma type="the"/>
                </token>
                <token content="book" id="9-12">
                    <pos type="NN"/>
                    <lemma type="book"/>
                    <dep head="9-10" type="dobj"/>
                </token>
                <token content="." id="9-13"/>
            </sentence>
            <sentence id="10">
                <token content="I" id="10-1">
                    <pos type="PRP"/>
                    <lemma type="I"/>
                    <dep head="10-2" type="nsubj"/>
                </token>
                <token content="had" id="10-2">
                    <pos type="VBD"/>
                    <lemma type="have"/>
                </token>
                <token content="three" id="10-3">
                    <pos type="CD"/>
                    <lemma type="three"/>
                </token>
                <token content="weeks" id="10-4">
                    <pos type="NNS"/>
                    <lemma type="week"/>
                    <dep head="10-2" type="tmod"/>
                </token>
                <token content="to" id="10-5">
                    <pos type="TO"/>
                    <lemma type="to"/>
                    <dep head="10-6" type="aux"/>
                </token>
                <token content="finish" id="10-6">
                    <pos type="VB"/>
                    <lemma type="finish"/>
                    <dep head="10-2" type="vmod"/>
                </token>
                <token content="the" id="10-7">
                    <pos type="DT"/>
                    <lemma type="the"/>
                </token>
                <token content="book" id="10-8">
                    <pos type="NN"/>
                    <lemma type="book"/>
                    <dep head="10-6" type="dobj"/>
                </token>
                <token content="before" id="10-9">
                    <pos type="IN"/>
                    <lemma type="before"/>
                    <dep head="10-11" type="mark"/>
                </token>
                <token content="I" id="10-10">
                    <pos type="PRP"/>
                    <lemma type="I"/>
                    <dep head="10-11" type="nsubj"/>
                </token>
                <token content="had" id="10-11">
                    <pos type="VBD"/>
                    <lemma type="have"/>
                    <dep head="10-6" type="advcl"/>
                </token>
                <token content="to" id="10-12">
                    <pos type="TO"/>
                    <lemma type="to"/>
                    <dep head="10-13" type="aux"/>
                </token>
                <token content="go" id="10-13">
                    <pos type="VB"/>
                    <lemma type="go"/>
                    <dep head="10-11" type="xcomp"/>
                </token>
                <token content="back" id="10-14">
                    <pos type="RB"/>
                    <lemma type="back"/>
                    <dep head="10-13" type="advmod"/>
                </token>
                <token content="and" id="10-15"/>
                <token content="return" id="10-16">
                    <pos type="VB"/>
                    <lemma type="return"/>
                    <dep head="10-13" type="conj"/>
                </token>
                <token content="it" id="10-17">
                    <pos type="PRP"/>
                    <lemma type="it"/>
                    <dep head="10-16" type="dobj"/>
                </token>
                <token content="." id="10-18"/>
            </sentence>
            <sentence id="11">
                <token content="When" id="11-1">
                    <pos type="WRB"/>
                    <lemma type="when"/>
                    <dep head="11-3" type="advmod"/>
                </token>
                <token content="I" id="11-2">
                    <pos type="PRP"/>
                    <lemma type="I"/>
                    <dep head="11-3" type="nsubj"/>
                </token>
                <token content="left" id="11-3">
                    <pos type="VBD"/>
                    <lemma type="leave"/>
                    <dep head="11-9" type="advcl"/>
                </token>
                <token content="the" id="11-4">
                    <pos type="DT"/>
                    <lemma type="the"/>
                </token>
                <token content="library" id="11-5">
                    <pos type="NN"/>
                    <lemma type="library"/>
                    <dep head="11-3" type="dobj"/>
                </token>
                <token content="," id="11-6"/>
                <token content="the" id="11-7">
                    <pos type="DT"/>
                    <lemma type="the"/>
                </token>
                <token content="security" id="11-8">
                    <pos type="NN"/>
                    <lemma type="security"/>
                    <dep head="11-9" type="nsubj"/>
                </token>
                <token content="checked" id="11-9">
                    <pos type="VBD"/>
                    <lemma type="check"/>
                </token>
                <token content="my" id="11-10">
                    <pos type="PRP$"/>
                    <lemma type="my"/>
                </token>
                <token content="receipt" id="11-11">
                    <pos type="NN"/>
                    <lemma type="receipt"/>
                    <dep head="11-9" type="dobj"/>
                </token>
                <token content="and" id="11-12"/>
                <token content="my" id="11-13">
                    <pos type="PRP$"/>
                    <lemma type="my"/>
                </token>
                <token content="books" id="11-14">
                    <pos type="NNS"/>
                    <lemma type="book"/>
                </token>
                <token content="and" id="11-15"/>
                <token content="allowed" id="11-16">
                    <pos type="VBD"/>
                    <lemma type="allow"/>
                    <dep head="11-9" type="conj"/>
                </token>
                <token content="me" id="11-17">
                    <pos type="PRP"/>
                    <lemma type="I"/>
                    <dep head="11-16" type="dobj"/>
                </token>
                <token content="to" id="11-18">
                    <pos type="TO"/>
                    <lemma type="to"/>
                    <dep head="11-19" type="aux"/>
                </token>
                <token content="leave" id="11-19">
                    <pos type="VB"/>
                    <lemma type="leave"/>
                    <dep head="11-16" type="xcomp"/>
                </token>
                <token content="." id="11-20"/>
            </sentence>
        </sentences>
    </text>
    <annotations>
        <participants>
            <label from="1-1" id="0" name="ScrPart_customer" text="I" type="participant"/>
            <label from="1-4" id="1" name="ScrPart_book" text="books" type="participant"/>
            <label from="1-8" id="2" name="ScrPart_customer" text="I" type="participant"/>
            <label from="1-11" id="3" name="ScrPart_customer" text="my" type="participant"/>
            <label from="1-12" id="4" name="ScrPart_book" text="books" type="participant"/>
            <label from="1-15" id="5" name="ScrPart_library" text="library" type="participant"/>
            <label from="1-17" id="6" name="ScrPart_customer" text="I" type="participant"/>
            <label from="1-20" id="7" name="ScrPart_customer" text="I" type="participant"/>
            <label from="1-23" id="8" name="ScrPart_book" text="books" type="participant"/>
            <label from="2-3" id="9" name="ScrPart_library" text="place" type="participant"/>
            <label from="2-5" id="10" name="ScrPart_customer" text="my" type="participant"/>
            <label from="2-6" id="11" name="NPart" text="neighborhood" type="participant"/>
            <label from="2-10" id="12" name="ScrPart_book" text="books" type="participant"/>
            <label from="2-16" id="13" name="ScrPart_library" text="library" type="participant"/>
            <label from="3-5" id="14" name="ScrPart_library" text="library" type="participant"/>
            <label from="3-8" id="15" name="ScrPart_customer" text="you" type="participant"/>
            <label from="3-13" id="16" name="ScrPart_library_card" text="library card" to="3-14" type="participant"/>
            <label from="3-14" id="17" name="ScrPart_library_card" text="card" type="participant"/>
            <label from="4-1" id="18" name="ScrPart_customer" text="I" type="participant"/>
            <label from="4-6" id="19" name="ScrPart_library" text="library" type="participant"/>
            <label from="4-10" id="20" name="ScrPart_customer" text="my" type="participant"/>
            <label from="4-12" id="21" name="ScrPart_location_library" text="section" type="participant"/>
            <label from="4-15" id="22" name="ScrPart_library" text="library" type="participant"/>
            <label from="5-2" id="23" name="ScrPart_location_library" text="history section" to="5-3" type="participant"/>
            <label from="5-3" id="24" name="ScrPart_location_library" text="section" type="participant"/>
            <label from="5-5" id="25" name="ScrPart_customer" text="my" type="participant"/>
            <label from="5-7" id="26" name="ScrPart_book" text="books" type="participant"/>
            <label from="5-9" id="27" name="NPart" text="Napoleon" type="participant"/>
            <label from="6-2" id="28" name="ScrPart_customer" text="I" type="participant"/>
            <label from="6-4" id="29" name="ScrPart_customer" text="my" type="participant"/>
            <label from="6-6" id="30" name="ScrPart_book" text="book" type="participant"/>
            <label from="6-8" id="31" name="ScrPart_customer" text="I" type="participant"/>
            <label from="6-10" id="32" name="ScrPart_book" text="it" type="participant"/>
            <label from="6-12" id="33" name="ScrPart_customer" text="me" type="participant"/>
            <label from="6-15" id="34" name="ScrPart_book" text="it" type="participant"/>
            <label from="6-19" id="35" name="ScrPart_location_library" text="check outline" to="6-20" type="participant"/>
            <label from="6-20" id="36" name="ScrPart_location_library" text="outline" type="participant"/>
            <label from="7-1" id="37" name="ScrPart_customer" text="I" type="participant"/>
            <label from="7-4" id="38" name="ScrPart_line" text="line" type="participant"/>
            <label from="7-6" id="39" name="No_label" text="it" type="participant"/>
            <label from="7-8" id="40" name="ScrPart_customer" text="my" type="participant"/>
            <label from="7-9" id="41" name="No_label" text="turn" type="participant"/>
            <label from="8-1" id="42" name="ScrPart_customer" text="I" type="participant"/>
            <label from="8-4" id="43" name="ScrPart_staff" text="librarian" type="participant"/>
            <label from="8-5" id="44" name="ScrPart_customer" text="my" type="participant"/>
            <label from="8-6" id="45" name="ScrPart_book" text="book" type="participant"/>
            <label from="8-8" id="46" name="ScrPart_library_card" text="library card" to="8-9" type="participant"/>
            <label from="8-9" id="47" name="ScrPart_library_card" text="card" type="participant"/>
            <label from="8-11" id="48" name="ScrPart_staff" text="they" type="participant"/>
            <label from="8-13" id="49" name="ScrPart_book" text="it" type="participant"/>
            <label from="8-16" id="50" name="ScrPart_customer" text="me" type="participant"/>
            <label from="9-1" id="51" name="ScrPart_customer" text="I" type="participant"/>
            <label from="9-5" id="52" name="ScrPart_receipt" text="receipt" type="participant"/>
            <label from="9-8" id="53" name="ScrPart_return_date" text="date" type="participant"/>
            <label from="9-12" id="54" name="ScrPart_book" text="book" type="participant"/>
            <label from="10-1" id="55" name="ScrPart_customer" text="I" type="participant"/>
            <label from="10-4" id="56" name="NPart" text="weeks" type="participant"/>
            <label from="10-8" id="57" name="ScrPart_book" text="book" type="participant"/>
            <label from="10-10" id="58" name="ScrPart_customer" text="I" type="participant"/>
            <label from="10-17" id="59" name="ScrPart_book" text="it" type="participant"/>
            <label from="11-2" id="60" name="ScrPart_customer" text="I" type="participant"/>
            <label from="11-5" id="61" name="ScrPart_library" text="library" type="participant"/>
            <label from="11-8" id="62" name="ScrPart_staff" text="security" type="participant"/>
            <label from="11-10" id="63" name="ScrPart_customer" text="my" type="participant"/>
            <label from="11-11" id="64" name="ScrPart_receipt" text="receipt" type="participant"/>
            <label from="11-13" id="65" name="ScrPart_customer" text="my" type="participant"/>
            <label from="11-14" id="66" name="ScrPart_book" text="books" type="participant"/>
            <label from="11-17" id="67" name="ScrPart_customer" text="me" type="participant"/>
        </participants>
        <events>
            <label from="1-2" id="68" name="UnrelEv" text="love" type="event"/>
            <label from="1-3" id="69" name="RelNScrEv" text="reading" type="event"/>
            <label from="1-9" id="70" name="UnrelEv" text="finished" type="event"/>
            <label from="1-18" id="71" name="UnrelEv" text="decided" type="event"/>
            <label from="1-21" id="72" name="UnrelEv" text="needed" type="event"/>
            <label from="2-8" id="73" name="ScrEv_take_book" text="getting" type="event"/>
            <label from="2-13" id="74" name="UnrelEv" text="was" type="event"/>
            <label from="3-2" id="75" name="Evoking" text="borrow from the library" to="3-5" type="event"/>
            <label from="3-9" id="76" name="UnrelEv" text="needed" type="event"/>
            <label from="4-2" id="77" name="ScrEv_get_library" text="walked" type="event"/>
            <label from="4-8" id="78" name="ScrEv_get_shelf" text="went" type="event"/>
            <label from="5-4" id="79" name="UnrelEv" text="had" type="event"/>
            <label from="6-3" id="80" name="RelNScrEv" text="found" type="event"/>
            <label from="6-9" id="81" name="ScrEv_take_book" text="took" type="event"/>
            <label from="6-14" id="82" name="ScrEv_go_check_out" text="brought" type="event"/>
            <label from="7-2" id="83" name="ScrEv_wait" text="waited" type="event"/>
            <label from="7-7" id="84" name="UnrelEv" text="was" type="event"/>
            <label from="8-2" id="85" name="ScrEv_other" text="gave" type="event"/>
            <label from="8-12" id="86" name="ScrEv_register" text="checked" type="event"/>
            <label from="9-3" id="87" name="ScrEv_get_receipt" text="given" type="event"/>
            <label from="9-10" id="88" name="RelNScrEv" text="return" type="event"/>
            <label from="10-2" id="89" name="UnrelEv" text="had" type="event"/>
            <label from="10-6" id="90" name="UnrelEv" text="finish" type="event"/>
            <label from="10-13" id="91" name="UnrelEv" text="go" type="event"/>
            <label from="10-16" id="92" name="RelNScrEv" text="return" type="event"/>
            <label from="11-3" id="93" name="ScrEv_leave" text="left" type="event"/>
            <label from="11-9" id="94" name="RelNScrEv" text="checked" type="event"/>
            <label from="11-16" id="95" name="UnrelEv" text="allowed" type="event"/>
            <label from="11-19" id="96" name="ScrEv_leave" text="leave" type="event"/>
        </events>
        <chains>
            <chain elements="0 2 3 6 7 10 15 18 20 25 28 29 31 33 37 40 42 44 50 51 55 58 60 63 65 67"/>
            <chain elements="1 4 8 12 26"/>
            <chain elements="5 9 13 14 19 22 61"/>
            <chain elements="21 24"/>
            <chain elements="26 30" name="group_books"/>
            <chain elements="30 32 34 45 49 54 57 59 66"/>
            <chain elements="17 47"/>
            <chain elements="43 48"/>
            <chain elements="52 64"/>
        </chains>
    </annotations>
</story>
