<?xml version="1.0" encoding="UTF-8" standalone="no"?>
<!DOCTYPE story SYSTEM "../InScript.dtd">
<story id="023" scenario="library">
    <text>
        <content>Why buy a book when you can borrow one from the library ? 
Your local library has a wealth of resources just waiting for you to explore . 
Before you check anything out , you will need a library card . 
Typically , you will need to prove who you are and where you live . 
Your drivers license will probably work for that . 
Go to your local library and get a card . 
Once you have done that , you are ready to check things out ! 
The library is divided into different categories . 
One area will be fiction , which is also occasionally broken down into smaller departments . 
Non-fiction is divided by the type of book . 
There is reference , gardening , crafting , home repair , history , science , cooking , parenting , and any other subject you can imagine . 
When you have found a book you want , either by browsing the aisles or by searching through the card catalog , select it and take it to the front desk . 
They will scan your card and let you take the book home for a week or two ! </content>
        <sentences>
            <sentence id="1">
                <token content="Why" id="1-1">
                    <pos type="WRB"/>
                    <lemma type="why"/>
                    <dep head="1-2" type="advmod"/>
                </token>
                <token content="buy" id="1-2">
                    <pos type="VB"/>
                    <lemma type="buy"/>
                </token>
                <token content="a" id="1-3">
                    <pos type="DT"/>
                    <lemma type="a"/>
                </token>
                <token content="book" id="1-4">
                    <pos type="NN"/>
                    <lemma type="book"/>
                    <dep head="1-2" type="dobj"/>
                </token>
                <token content="when" id="1-5">
                    <pos type="WRB"/>
                    <lemma type="when"/>
                    <dep head="1-8" type="advmod"/>
                </token>
                <token content="you" id="1-6">
                    <pos type="PRP"/>
                    <lemma type="you"/>
                    <dep head="1-8" type="nsubj"/>
                </token>
                <token content="can" id="1-7">
                    <pos type="MD"/>
                    <lemma type="can"/>
                    <dep head="1-8" type="aux"/>
                </token>
                <token content="borrow" id="1-8">
                    <pos type="VB"/>
                    <lemma type="borrow"/>
                    <dep head="1-2" type="advcl"/>
                </token>
                <token content="one" id="1-9">
                    <pos type="CD"/>
                    <lemma type="one"/>
                    <dep head="1-8" type="dobj"/>
                </token>
                <token content="from" id="1-10"/>
                <token content="the" id="1-11">
                    <pos type="DT"/>
                    <lemma type="the"/>
                </token>
                <token content="library" id="1-12">
                    <pos type="NN"/>
                    <lemma type="library"/>
                    <dep head="1-8" type="prep"/>
                </token>
                <token content="?" id="1-13"/>
            </sentence>
            <sentence id="2">
                <token content="Your" id="2-1">
                    <pos type="PRP$"/>
                    <lemma type="you"/>
                </token>
                <token content="local" id="2-2">
                    <pos type="JJ"/>
                    <lemma type="local"/>
                </token>
                <token content="library" id="2-3">
                    <pos type="NN"/>
                    <lemma type="library"/>
                    <dep head="2-4" type="nsubj"/>
                </token>
                <token content="has" id="2-4">
                    <pos type="VBZ"/>
                    <lemma type="have"/>
                </token>
                <token content="a" id="2-5">
                    <pos type="DT"/>
                    <lemma type="a"/>
                </token>
                <token content="wealth" id="2-6">
                    <pos type="NN"/>
                    <lemma type="wealth"/>
                    <dep head="2-4" type="dobj"/>
                </token>
                <token content="of" id="2-7"/>
                <token content="resources" id="2-8">
                    <pos type="NNS"/>
                    <lemma type="resource"/>
                </token>
                <token content="just" id="2-9">
                    <pos type="RB"/>
                    <lemma type="just"/>
                    <dep head="2-10" type="advmod"/>
                </token>
                <token content="waiting" id="2-10">
                    <pos type="VBG"/>
                    <lemma type="wait"/>
                </token>
                <token content="for" id="2-11">
                    <pos type="IN"/>
                    <lemma type="for"/>
                    <dep head="2-14" type="mark"/>
                </token>
                <token content="you" id="2-12">
                    <pos type="PRP"/>
                    <lemma type="you"/>
                    <dep head="2-14" type="nsubj"/>
                </token>
                <token content="to" id="2-13">
                    <pos type="TO"/>
                    <lemma type="to"/>
                    <dep head="2-14" type="aux"/>
                </token>
                <token content="explore" id="2-14">
                    <pos type="VB"/>
                    <lemma type="explore"/>
                    <dep head="2-10" type="advcl"/>
                </token>
                <token content="." id="2-15"/>
            </sentence>
            <sentence id="3">
                <token content="Before" id="3-1">
                    <pos type="IN"/>
                    <lemma type="before"/>
                    <dep head="3-3" type="mark"/>
                </token>
                <token content="you" id="3-2">
                    <pos type="PRP"/>
                    <lemma type="you"/>
                    <dep head="3-3" type="nsubj"/>
                </token>
                <token content="check" id="3-3">
                    <pos type="VBP"/>
                    <lemma type="check"/>
                    <dep head="3-9" type="advcl"/>
                </token>
                <token content="anything" id="3-4">
                    <pos type="NN"/>
                    <lemma type="anything"/>
                    <dep head="3-3" type="dobj"/>
                </token>
                <token content="out" id="3-5">
                    <pos type="RP"/>
                    <lemma type="out"/>
                    <dep head="3-3" type="prt"/>
                </token>
                <token content="," id="3-6"/>
                <token content="you" id="3-7">
                    <pos type="PRP"/>
                    <lemma type="you"/>
                    <dep head="3-9" type="nsubj"/>
                </token>
                <token content="will" id="3-8">
                    <pos type="MD"/>
                    <lemma type="will"/>
                    <dep head="3-9" type="aux"/>
                </token>
                <token content="need" id="3-9">
                    <pos type="VB"/>
                    <lemma type="need"/>
                </token>
                <token content="a" id="3-10">
                    <pos type="DT"/>
                    <lemma type="a"/>
                </token>
                <token content="library" id="3-11">
                    <pos type="NN"/>
                    <lemma type="library"/>
                </token>
                <token content="card" id="3-12">
                    <pos type="NN"/>
                    <lemma type="card"/>
                    <dep head="3-9" type="dobj"/>
                </token>
                <token content="." id="3-13"/>
            </sentence>
            <sentence id="4">
                <token content="Typically" id="4-1">
                    <pos type="RB"/>
                    <lemma type="typically"/>
                    <dep head="4-5" type="advmod"/>
                </token>
                <token content="," id="4-2"/>
                <token content="you" id="4-3">
                    <pos type="PRP"/>
                    <lemma type="you"/>
                    <dep head="4-5" type="nsubj"/>
                </token>
                <token content="will" id="4-4">
                    <pos type="MD"/>
                    <lemma type="will"/>
                    <dep head="4-5" type="aux"/>
                </token>
                <token content="need" id="4-5">
                    <pos type="VB"/>
                    <lemma type="need"/>
                </token>
                <token content="to" id="4-6">
                    <pos type="TO"/>
                    <lemma type="to"/>
                    <dep head="4-7" type="aux"/>
                </token>
                <token content="prove" id="4-7">
                    <pos type="VB"/>
                    <lemma type="prove"/>
                    <dep head="4-5" type="xcomp"/>
                </token>
                <token content="who" id="4-8">
                    <pos type="WP"/>
                    <lemma type="who"/>
                    <dep head="4-10" type="dobj"/>
                </token>
                <token content="you" id="4-9">
                    <pos type="PRP"/>
                    <lemma type="you"/>
                    <dep head="4-10" type="nsubj"/>
                </token>
                <token content="are" id="4-10">
                    <pos type="VBP"/>
                    <lemma type="be"/>
                    <dep head="4-7" type="dep"/>
                </token>
                <token content="and" id="4-11"/>
                <token content="where" id="4-12">
                    <pos type="WRB"/>
                    <lemma type="where"/>
                    <dep head="4-14" type="advmod"/>
                </token>
                <token content="you" id="4-13">
                    <pos type="PRP"/>
                    <lemma type="you"/>
                    <dep head="4-14" type="nsubj"/>
                </token>
                <token content="live" id="4-14">
                    <pos type="VBP"/>
                    <lemma type="live"/>
                    <dep head="4-10" type="conj"/>
                </token>
                <token content="." id="4-15"/>
            </sentence>
            <sentence id="5">
                <token content="Your" id="5-1">
                    <pos type="PRP$"/>
                    <lemma type="you"/>
                </token>
                <token content="drivers" id="5-2">
                    <pos type="NNS"/>
                    <lemma type="driver"/>
                </token>
                <token content="license" id="5-3">
                    <pos type="NN"/>
                    <lemma type="license"/>
                    <dep head="5-6" type="nsubj"/>
                </token>
                <token content="will" id="5-4">
                    <pos type="MD"/>
                    <lemma type="will"/>
                    <dep head="5-6" type="aux"/>
                </token>
                <token content="probably" id="5-5">
                    <pos type="RB"/>
                    <lemma type="probably"/>
                    <dep head="5-6" type="advmod"/>
                </token>
                <token content="work" id="5-6">
                    <pos type="VB"/>
                    <lemma type="work"/>
                </token>
                <token content="for" id="5-7"/>
                <token content="that" id="5-8">
                    <pos type="DT"/>
                    <lemma type="that"/>
                    <dep head="5-6" type="prep"/>
                </token>
                <token content="." id="5-9"/>
            </sentence>
            <sentence id="6">
                <token content="Go" id="6-1">
                    <pos type="VB"/>
                    <lemma type="go"/>
                </token>
                <token content="to" id="6-2"/>
                <token content="your" id="6-3">
                    <pos type="PRP$"/>
                    <lemma type="you"/>
                </token>
                <token content="local" id="6-4">
                    <pos type="JJ"/>
                    <lemma type="local"/>
                </token>
                <token content="library" id="6-5">
                    <pos type="NN"/>
                    <lemma type="library"/>
                    <dep head="6-1" type="prep"/>
                </token>
                <token content="and" id="6-6"/>
                <token content="get" id="6-7">
                    <pos type="VB"/>
                    <lemma type="get"/>
                    <dep head="6-1" type="conj"/>
                </token>
                <token content="a" id="6-8">
                    <pos type="DT"/>
                    <lemma type="a"/>
                </token>
                <token content="card" id="6-9">
                    <pos type="NN"/>
                    <lemma type="card"/>
                    <dep head="6-7" type="dobj"/>
                </token>
                <token content="." id="6-10"/>
            </sentence>
            <sentence id="7">
                <token content="Once" id="7-1">
                    <pos type="IN"/>
                    <lemma type="once"/>
                    <dep head="7-4" type="mark"/>
                </token>
                <token content="you" id="7-2">
                    <pos type="PRP"/>
                    <lemma type="you"/>
                    <dep head="7-4" type="nsubj"/>
                </token>
                <token content="have" id="7-3">
                    <pos type="VBP"/>
                    <lemma type="have"/>
                    <dep head="7-4" type="aux"/>
                </token>
                <token content="done" id="7-4">
                    <pos type="VBN"/>
                    <lemma type="do"/>
                </token>
                <token content="that" id="7-5">
                    <pos type="DT"/>
                    <lemma type="that"/>
                    <dep head="7-4" type="dobj"/>
                </token>
                <token content="," id="7-6"/>
                <token content="you" id="7-7">
                    <pos type="PRP"/>
                    <lemma type="you"/>
                </token>
                <token content="are" id="7-8">
                    <pos type="VBP"/>
                    <lemma type="be"/>
                </token>
                <token content="ready" id="7-9">
                    <pos type="JJ"/>
                    <lemma type="ready"/>
                </token>
                <token content="to" id="7-10">
                    <pos type="TO"/>
                    <lemma type="to"/>
                    <dep head="7-11" type="aux"/>
                </token>
                <token content="check" id="7-11">
                    <pos type="VB"/>
                    <lemma type="check"/>
                </token>
                <token content="things" id="7-12">
                    <pos type="NNS"/>
                    <lemma type="thing"/>
                    <dep head="7-11" type="dobj"/>
                </token>
                <token content="out" id="7-13">
                    <pos type="RP"/>
                    <lemma type="out"/>
                    <dep head="7-11" type="prt"/>
                </token>
                <token content="!" id="7-14"/>
            </sentence>
            <sentence id="8">
                <token content="The" id="8-1">
                    <pos type="DT"/>
                    <lemma type="the"/>
                </token>
                <token content="library" id="8-2">
                    <pos type="NN"/>
                    <lemma type="library"/>
                    <dep head="8-4" type="nsubjpass"/>
                </token>
                <token content="is" id="8-3">
                    <pos type="VBZ"/>
                    <lemma type="be"/>
                    <dep head="8-4" type="auxpass"/>
                </token>
                <token content="divided" id="8-4">
                    <pos type="VBN"/>
                    <lemma type="divide"/>
                </token>
                <token content="into" id="8-5"/>
                <token content="different" id="8-6">
                    <pos type="JJ"/>
                    <lemma type="different"/>
                </token>
                <token content="categories" id="8-7">
                    <pos type="NNS"/>
                    <lemma type="category"/>
                    <dep head="8-4" type="prep"/>
                </token>
                <token content="." id="8-8"/>
            </sentence>
            <sentence id="9">
                <token content="One" id="9-1">
                    <pos type="CD"/>
                    <lemma type="one"/>
                </token>
                <token content="area" id="9-2">
                    <pos type="NN"/>
                    <lemma type="area"/>
                </token>
                <token content="will" id="9-3">
                    <pos type="MD"/>
                    <lemma type="will"/>
                </token>
                <token content="be" id="9-4">
                    <pos type="VB"/>
                    <lemma type="be"/>
                </token>
                <token content="fiction" id="9-5">
                    <pos type="NN"/>
                    <lemma type="fiction"/>
                </token>
                <token content="," id="9-6"/>
                <token content="which" id="9-7">
                    <pos type="WDT"/>
                    <lemma type="which"/>
                    <dep head="9-11" type="nsubjpass"/>
                </token>
                <token content="is" id="9-8">
                    <pos type="VBZ"/>
                    <lemma type="be"/>
                    <dep head="9-11" type="auxpass"/>
                </token>
                <token content="also" id="9-9">
                    <pos type="RB"/>
                    <lemma type="also"/>
                    <dep head="9-11" type="advmod"/>
                </token>
                <token content="occasionally" id="9-10">
                    <pos type="RB"/>
                    <lemma type="occasionally"/>
                    <dep head="9-11" type="advmod"/>
                </token>
                <token content="broken" id="9-11">
                    <pos type="VBN"/>
                    <lemma type="break"/>
                </token>
                <token content="down" id="9-12">
                    <pos type="RP"/>
                    <lemma type="down"/>
                    <dep head="9-11" type="prt"/>
                </token>
                <token content="into" id="9-13"/>
                <token content="smaller" id="9-14">
                    <pos type="JJR"/>
                    <lemma type="smaller"/>
                </token>
                <token content="departments" id="9-15">
                    <pos type="NNS"/>
                    <lemma type="department"/>
                    <dep head="9-11" type="prep"/>
                </token>
                <token content="." id="9-16"/>
            </sentence>
            <sentence id="10">
                <token content="Non-fiction" id="10-1">
                    <pos type="NNP"/>
                    <lemma type="Non-fiction"/>
                    <dep head="10-3" type="nsubjpass"/>
                </token>
                <token content="is" id="10-2">
                    <pos type="VBZ"/>
                    <lemma type="be"/>
                    <dep head="10-3" type="auxpass"/>
                </token>
                <token content="divided" id="10-3">
                    <pos type="VBN"/>
                    <lemma type="divide"/>
                </token>
                <token content="by" id="10-4"/>
                <token content="the" id="10-5">
                    <pos type="DT"/>
                    <lemma type="the"/>
                </token>
                <token content="type" id="10-6">
                    <pos type="NN"/>
                    <lemma type="type"/>
                    <dep head="10-3" type="agent"/>
                </token>
                <token content="of" id="10-7"/>
                <token content="book" id="10-8">
                    <pos type="NN"/>
                    <lemma type="book"/>
                </token>
                <token content="." id="10-9"/>
            </sentence>
            <sentence id="11">
                <token content="There" id="11-1">
                    <pos type="EX"/>
                    <lemma type="there"/>
                    <dep head="11-2" type="expl"/>
                </token>
                <token content="is" id="11-2">
                    <pos type="VBZ"/>
                    <lemma type="be"/>
                    <dep head="11-26" type="dep"/>
                </token>
                <token content="reference" id="11-3">
                    <pos type="NN"/>
                    <lemma type="reference"/>
                    <dep head="11-2" type="nsubj"/>
                </token>
                <token content="," id="11-4"/>
                <token content="gardening" id="11-5">
                    <pos type="NN"/>
                    <lemma type="gardening"/>
                </token>
                <token content="," id="11-6"/>
                <token content="crafting" id="11-7">
                    <pos type="NNP"/>
                    <lemma type="crafting"/>
                </token>
                <token content="," id="11-8"/>
                <token content="home" id="11-9">
                    <pos type="NN"/>
                    <lemma type="home"/>
                </token>
                <token content="repair" id="11-10">
                    <pos type="NN"/>
                    <lemma type="repair"/>
                </token>
                <token content="," id="11-11"/>
                <token content="history" id="11-12">
                    <pos type="NN"/>
                    <lemma type="history"/>
                </token>
                <token content="," id="11-13"/>
                <token content="science" id="11-14">
                    <pos type="NN"/>
                    <lemma type="science"/>
                </token>
                <token content="," id="11-15"/>
                <token content="cooking" id="11-16">
                    <pos type="NN"/>
                    <lemma type="cooking"/>
                </token>
                <token content="," id="11-17"/>
                <token content="parenting" id="11-18">
                    <pos type="NN"/>
                    <lemma type="parenting"/>
                </token>
                <token content="," id="11-19"/>
                <token content="and" id="11-20"/>
                <token content="any" id="11-21">
                    <pos type="DT"/>
                    <lemma type="any"/>
                </token>
                <token content="other" id="11-22">
                    <pos type="JJ"/>
                    <lemma type="other"/>
                </token>
                <token content="subject" id="11-23">
                    <pos type="NN"/>
                    <lemma type="subject"/>
                </token>
                <token content="you" id="11-24">
                    <pos type="PRP"/>
                    <lemma type="you"/>
                    <dep head="11-26" type="nsubj"/>
                </token>
                <token content="can" id="11-25">
                    <pos type="MD"/>
                    <lemma type="can"/>
                    <dep head="11-26" type="aux"/>
                </token>
                <token content="imagine" id="11-26">
                    <pos type="VB"/>
                    <lemma type="imagine"/>
                </token>
                <token content="." id="11-27"/>
            </sentence>
            <sentence id="12">
                <token content="When" id="12-1">
                    <pos type="WRB"/>
                    <lemma type="when"/>
                    <dep head="12-4" type="advmod"/>
                </token>
                <token content="you" id="12-2">
                    <pos type="PRP"/>
                    <lemma type="you"/>
                    <dep head="12-4" type="nsubj"/>
                </token>
                <token content="have" id="12-3">
                    <pos type="VBP"/>
                    <lemma type="have"/>
                    <dep head="12-4" type="aux"/>
                </token>
                <token content="found" id="12-4">
                    <pos type="VBN"/>
                    <lemma type="find"/>
                    <dep head="12-23" type="advcl"/>
                </token>
                <token content="a" id="12-5">
                    <pos type="DT"/>
                    <lemma type="a"/>
                </token>
                <token content="book" id="12-6">
                    <pos type="NN"/>
                    <lemma type="book"/>
                    <dep head="12-4" type="dobj"/>
                </token>
                <token content="you" id="12-7">
                    <pos type="PRP"/>
                    <lemma type="you"/>
                    <dep head="12-8" type="nsubj"/>
                </token>
                <token content="want" id="12-8">
                    <pos type="VBP"/>
                    <lemma type="want"/>
                    <dep head="12-4" type="dep"/>
                </token>
                <token content="," id="12-9"/>
                <token content="either" id="12-10">
                    <pos type="CC"/>
                    <lemma type="either"/>
                    <dep head="12-4" type="preconj"/>
                </token>
                <token content="by" id="12-11"/>
                <token content="browsing" id="12-12">
                    <pos type="VBG"/>
                    <lemma type="browse"/>
                    <dep head="12-4" type="prepc"/>
                </token>
                <token content="the" id="12-13">
                    <pos type="DT"/>
                    <lemma type="the"/>
                </token>
                <token content="aisles" id="12-14">
                    <pos type="NNS"/>
                    <lemma type="aisle"/>
                    <dep head="12-12" type="dobj"/>
                </token>
                <token content="or" id="12-15"/>
                <token content="by" id="12-16"/>
                <token content="searching" id="12-17">
                    <pos type="VBG"/>
                    <lemma type="search"/>
                    <dep head="12-12" type="conj"/>
                </token>
                <token content="through" id="12-18"/>
                <token content="the" id="12-19">
                    <pos type="DT"/>
                    <lemma type="the"/>
                </token>
                <token content="card" id="12-20">
                    <pos type="NN"/>
                    <lemma type="card"/>
                </token>
                <token content="catalog" id="12-21">
                    <pos type="NN"/>
                    <lemma type="catalog"/>
                    <dep head="12-17" type="prep"/>
                </token>
                <token content="," id="12-22"/>
                <token content="select" id="12-23">
                    <pos type="VB"/>
                    <lemma type="select"/>
                </token>
                <token content="it" id="12-24">
                    <pos type="PRP"/>
                    <lemma type="it"/>
                    <dep head="12-23" type="dobj"/>
                </token>
                <token content="and" id="12-25"/>
                <token content="take" id="12-26">
                    <pos type="VB"/>
                    <lemma type="take"/>
                    <dep head="12-23" type="conj"/>
                </token>
                <token content="it" id="12-27">
                    <pos type="PRP"/>
                    <lemma type="it"/>
                    <dep head="12-26" type="dobj"/>
                </token>
                <token content="to" id="12-28"/>
                <token content="the" id="12-29">
                    <pos type="DT"/>
                    <lemma type="the"/>
                </token>
                <token content="front" id="12-30">
                    <pos type="JJ"/>
                    <lemma type="front"/>
                </token>
                <token content="desk" id="12-31">
                    <pos type="NN"/>
                    <lemma type="desk"/>
                    <dep head="12-26" type="prep"/>
                </token>
                <token content="." id="12-32"/>
            </sentence>
            <sentence id="13">
                <token content="They" id="13-1">
                    <pos type="PRP"/>
                    <lemma type="they"/>
                    <dep head="13-3" type="nsubj"/>
                </token>
                <token content="will" id="13-2">
                    <pos type="MD"/>
                    <lemma type="will"/>
                    <dep head="13-3" type="aux"/>
                </token>
                <token content="scan" id="13-3">
                    <pos type="VB"/>
                    <lemma type="scan"/>
                </token>
                <token content="your" id="13-4">
                    <pos type="PRP$"/>
                    <lemma type="you"/>
                </token>
                <token content="card" id="13-5">
                    <pos type="NN"/>
                    <lemma type="card"/>
                    <dep head="13-3" type="dobj"/>
                </token>
                <token content="and" id="13-6"/>
                <token content="let" id="13-7">
                    <pos type="VB"/>
                    <lemma type="let"/>
                    <dep head="13-3" type="conj"/>
                </token>
                <token content="you" id="13-8">
                    <pos type="PRP"/>
                    <lemma type="you"/>
                    <dep head="13-9" type="nsubj"/>
                </token>
                <token content="take" id="13-9">
                    <pos type="VB"/>
                    <lemma type="take"/>
                    <dep head="13-7" type="ccomp"/>
                </token>
                <token content="the" id="13-10">
                    <pos type="DT"/>
                    <lemma type="the"/>
                </token>
                <token content="book" id="13-11">
                    <pos type="NN"/>
                    <lemma type="book"/>
                </token>
                <token content="home" id="13-12">
                    <pos type="NN"/>
                    <lemma type="home"/>
                    <dep head="13-9" type="dobj"/>
                </token>
                <token content="for" id="13-13"/>
                <token content="a" id="13-14">
                    <pos type="DT"/>
                    <lemma type="a"/>
                </token>
                <token content="week" id="13-15">
                    <pos type="NN"/>
                    <lemma type="week"/>
                    <dep head="13-9" type="prep"/>
                </token>
                <token content="or" id="13-16"/>
                <token content="two" id="13-17">
                    <pos type="CD"/>
                    <lemma type="two"/>
                </token>
                <token content="!" id="13-18"/>
            </sentence>
        </sentences>
    </text>
    <annotations>
        <participants>
            <label from="1-4" id="0" name="ScrPart_book" text="book" type="participant"/>
            <label from="1-6" id="1" name="ScrPart_customer" text="you" type="participant"/>
            <label from="1-9" id="2" name="ScrPart_book" text="one" type="participant"/>
            <label from="1-12" id="3" name="ScrPart_library" text="library" type="participant"/>
            <label from="2-1" id="4" name="ScrPart_customer" text="Your" type="participant"/>
            <label from="2-3" id="5" name="ScrPart_library" text="library" type="participant"/>
            <label from="2-6" id="6" name="Head_of_Partitive" text="wealth" type="participant"/>
            <label from="2-8" id="7" name="ScrPart_book" text="resources" type="participant"/>
            <label from="2-12" id="8" name="ScrPart_customer" text="you" type="participant"/>
            <label from="3-2" id="9" name="ScrPart_customer" text="you" type="participant"/>
            <label from="3-4" id="10" name="ScrPart_book" text="anything" type="participant"/>
            <label from="3-7" id="11" name="ScrPart_customer" text="you" type="participant"/>
            <label from="3-11" id="12" name="ScrPart_library_card" text="library card" to="3-12" type="participant"/>
            <label from="3-12" id="13" name="ScrPart_library_card" text="card" type="participant"/>
            <label from="4-3" id="14" name="ScrPart_customer" text="you" type="participant"/>
            <label from="4-9" id="15" name="ScrPart_customer" text="you" type="participant"/>
            <label from="4-13" id="16" name="ScrPart_customer" text="you" type="participant"/>
            <label from="5-1" id="17" name="ScrPart_customer" text="Your" type="participant"/>
            <label from="5-2" id="18" name="NPart" text="drivers license" to="5-3" type="participant"/>
            <label from="5-3" id="19" name="NPart" text="license" type="participant"/>
            <label from="6-3" id="20" name="ScrPart_customer" text="your" type="participant"/>
            <label from="6-5" id="21" name="ScrPart_library" text="library" type="participant"/>
            <label from="6-9" id="22" name="ScrPart_library_card" text="card" type="participant"/>
            <label from="7-2" id="23" name="ScrPart_customer" text="you" type="participant"/>
            <label from="7-7" id="24" name="ScrPart_customer" text="you" type="participant"/>
            <label from="7-12" id="25" name="ScrPart_book" text="things" type="participant"/>
            <label from="8-2" id="26" name="ScrPart_library" text="library" type="participant"/>
            <label from="8-7" id="27" name="ScrPart_location_library" text="categories" type="participant"/>
            <label from="9-2" id="28" name="ScrPart_location_library" text="area" type="participant"/>
            <label from="9-5" id="29" name="ScrPart_location_library" text="fiction" type="participant"/>
            <label from="9-15" id="30" name="ScrPart_location_library" text="departments" type="participant"/>
            <label from="10-1" id="31" name="ScrPart_location_library" text="Non-fiction" type="participant"/>
            <label from="10-6" id="32" name="Head_of_Partitive" text="type" type="participant"/>
            <label from="10-8" id="33" name="ScrPart_book" text="book" type="participant"/>
            <label from="11-3" id="34" name="NPart" text="reference" type="participant"/>
            <label from="11-5" id="35" name="NPart" text="gardening" type="participant"/>
            <label from="11-7" id="36" name="NPart" text="crafting" type="participant"/>
            <label from="11-10" id="37" name="NPart" text="repair" type="participant"/>
            <label from="11-12" id="38" name="NPart" text="history" type="participant"/>
            <label from="11-14" id="39" name="NPart" text="science" type="participant"/>
            <label from="11-16" id="40" name="NPart" text="cooking" type="participant"/>
            <label from="11-18" id="41" name="NPart" text="parenting" type="participant"/>
            <label from="11-24" id="42" name="ScrPart_customer" text="you" type="participant"/>
            <label from="12-2" id="43" name="ScrPart_customer" text="you" type="participant"/>
            <label from="12-6" id="44" name="ScrPart_book" text="book" type="participant"/>
            <label from="12-7" id="45" name="ScrPart_customer" text="you" type="participant"/>
            <label from="12-14" id="46" name="ScrPart_location_library" text="aisles" type="participant"/>
            <label from="12-20" id="47" name="ScrPart_catalog" text="card catalog" to="12-21" type="participant"/>
            <label from="12-21" id="48" name="ScrPart_catalog" text="catalog" type="participant"/>
            <label from="12-24" id="49" name="ScrPart_book" text="it" type="participant"/>
            <label from="12-27" id="50" name="ScrPart_book" text="it" type="participant"/>
            <label from="12-30" id="51" name="ScrPart_check-out_desk" text="front desk" to="12-31" type="participant"/>
            <label from="12-31" id="52" name="ScrPart_check-out_desk" text="desk" type="participant"/>
            <label from="13-1" id="53" name="ScrPart_staff" text="They" type="participant"/>
            <label from="13-4" id="54" name="ScrPart_customer" text="your" type="participant"/>
            <label from="13-5" id="55" name="ScrPart_library_card" text="card" type="participant"/>
            <label from="13-8" id="56" name="ScrPart_customer" text="you" type="participant"/>
            <label from="13-11" id="57" name="ScrPart_book" text="book" type="participant"/>
            <label from="13-12" id="58" name="NPart" text="home" type="participant"/>
            <label from="13-15" id="59" name="NPart" text="week" type="participant"/>
        </participants>
        <events>
            <label from="1-2" id="60" name="UnrelEv" text="buy" type="event"/>
            <label from="1-8" id="61" name="Evoking" text="borrow one from the library" to="1-12" type="event"/>
            <label from="2-4" id="62" name="UnrelEv" text="has" type="event"/>
            <label from="2-10" id="63" name="UnrelEv" text="waiting" type="event"/>
            <label from="2-14" id="64" name="RelNScrEv" text="explore" type="event"/>
            <label from="3-3" id="65" name="ScrEv_register" text="check" type="event"/>
            <label from="3-9" id="66" name="UnrelEv" text="need" type="event"/>
            <label from="4-7" id="67" name="UnrelEv" text="prove" type="event"/>
            <label from="4-10" id="68" name="UnrelEv" text="are" type="event"/>
            <label from="4-14" id="69" name="UnrelEv" text="live" type="event"/>
            <label from="5-6" id="70" name="UnrelEv" text="work" type="event"/>
            <label from="6-1" id="71" name="ScrEv_get_library" text="Go" type="event"/>
            <label from="6-7" id="72" name="RelNScrEv" text="get" type="event"/>
            <label from="7-4" id="73" name="UnrelEv" text="done" type="event"/>
            <label from="7-11" id="74" name="ScrEv_register" text="check" type="event"/>
            <label from="8-4" id="75" name="UnrelEv" text="divided" type="event"/>
            <label from="9-4" id="76" name="UnrelEv" text="be" type="event"/>
            <label from="9-11" id="77" name="UnrelEv" text="broken" type="event"/>
            <label from="10-3" id="78" name="UnrelEv" text="divided" type="event"/>
            <label from="11-2" id="79" name="UnrelEv" text="is" type="event"/>
            <label from="11-26" id="80" name="UnrelEv" text="imagine" type="event"/>
            <label from="12-4" id="81" name="RelNScrEv" text="found" type="event"/>
            <label from="12-12" id="82" name="RelNScrEv" text="browsing" type="event"/>
            <label from="12-17" id="83" name="ScrEv_check_catalog" text="searching" type="event"/>
            <label from="12-23" id="84" name="ScrEv_take_book" text="select" type="event"/>
            <label from="12-26" id="85" name="ScrEv_go_check_out" text="take" type="event"/>
            <label from="13-3" id="86" name="ScrEv_register" text="scan" type="event"/>
            <label from="13-7" id="87" name="UnrelEv" text="let" type="event"/>
            <label from="13-9" id="88" name="RelNScrEv" text="take" type="event"/>
        </events>
        <chains>
            <chain elements="0 2 7 10 25 33 44 49 50 57"/>
            <chain elements="1 4 8 9 11 14 15 16 17 20 23 24 42 43 45 54 56"/>
            <chain elements="3 5 21 26"/>
            <chain elements="13 22 55"/>
            <chain elements="27 28 30 31" name="group_areas"/>
            <chain elements="28 29"/>
            <chain elements="27 46"/>
        </chains>
    </annotations>
</story>
