<?xml version="1.0" encoding="UTF-8" standalone="no"?>
<!DOCTYPE story SYSTEM "../InScript.dtd">
<story id="084" scenario="library">
    <text>
        <content>My history teacher have us an assignment to do a research paper on World War II . 
I needed to gather information so I headed to the school library to do research . 
I found many helpful books in the history section of the library and sat down to do my research . 
A few hours later and the library is about to close but I 'm not finished with my work so I decided to borrow the history books . 
I gathered the books and headed to the librarian . 
I handed her the books I wanted to borrow along with my library card . 
She then scans my library card and each book . 
The machine starts printing out the date of when the books are due . 
The librarian hands me back the books , library card , and due date . 
I take the books home to do further research for my history assignment that 's due next week . </content>
        <sentences>
            <sentence id="1">
                <token content="My" id="1-1">
                    <pos type="PRP$"/>
                    <lemma type="my"/>
                </token>
                <token content="history" id="1-2">
                    <pos type="NN"/>
                    <lemma type="history"/>
                </token>
                <token content="teacher" id="1-3">
                    <pos type="NN"/>
                    <lemma type="teacher"/>
                    <dep head="1-4" type="nsubj"/>
                </token>
                <token content="have" id="1-4">
                    <pos type="VBP"/>
                    <lemma type="have"/>
                </token>
                <token content="us" id="1-5">
                    <pos type="PRP"/>
                    <lemma type="we"/>
                </token>
                <token content="an" id="1-6">
                    <pos type="DT"/>
                    <lemma type="a"/>
                </token>
                <token content="assignment" id="1-7">
                    <pos type="NN"/>
                    <lemma type="assignment"/>
                    <dep head="1-4" type="xcomp"/>
                </token>
                <token content="to" id="1-8">
                    <pos type="TO"/>
                    <lemma type="to"/>
                    <dep head="1-9" type="aux"/>
                </token>
                <token content="do" id="1-9">
                    <pos type="VB"/>
                    <lemma type="do"/>
                </token>
                <token content="a" id="1-10">
                    <pos type="DT"/>
                    <lemma type="a"/>
                </token>
                <token content="research" id="1-11">
                    <pos type="NN"/>
                    <lemma type="research"/>
                </token>
                <token content="paper" id="1-12">
                    <pos type="NN"/>
                    <lemma type="paper"/>
                    <dep head="1-9" type="dobj"/>
                </token>
                <token content="on" id="1-13"/>
                <token content="World" id="1-14">
                    <pos type="NNP"/>
                    <lemma type="World"/>
                </token>
                <token content="War" id="1-15">
                    <pos type="NNP"/>
                    <lemma type="War"/>
                </token>
                <token content="II" id="1-16">
                    <pos type="NNP"/>
                    <lemma type="II"/>
                    <dep head="1-9" type="prep"/>
                </token>
                <token content="." id="1-17"/>
            </sentence>
            <sentence id="2">
                <token content="I" id="2-1">
                    <pos type="PRP"/>
                    <lemma type="I"/>
                    <dep head="2-2" type="nsubj"/>
                </token>
                <token content="needed" id="2-2">
                    <pos type="VBD"/>
                    <lemma type="need"/>
                </token>
                <token content="to" id="2-3">
                    <pos type="TO"/>
                    <lemma type="to"/>
                    <dep head="2-4" type="aux"/>
                </token>
                <token content="gather" id="2-4">
                    <pos type="VB"/>
                    <lemma type="gather"/>
                    <dep head="2-2" type="xcomp"/>
                </token>
                <token content="information" id="2-5">
                    <pos type="NN"/>
                    <lemma type="information"/>
                    <dep head="2-4" type="dobj"/>
                </token>
                <token content="so" id="2-6">
                    <pos type="IN"/>
                    <lemma type="so"/>
                    <dep head="2-8" type="mark"/>
                </token>
                <token content="I" id="2-7">
                    <pos type="PRP"/>
                    <lemma type="I"/>
                    <dep head="2-8" type="nsubj"/>
                </token>
                <token content="headed" id="2-8">
                    <pos type="VBD"/>
                    <lemma type="head"/>
                    <dep head="2-4" type="advcl"/>
                </token>
                <token content="to" id="2-9"/>
                <token content="the" id="2-10">
                    <pos type="DT"/>
                    <lemma type="the"/>
                </token>
                <token content="school" id="2-11">
                    <pos type="NN"/>
                    <lemma type="school"/>
                </token>
                <token content="library" id="2-12">
                    <pos type="NN"/>
                    <lemma type="library"/>
                    <dep head="2-8" type="prep"/>
                </token>
                <token content="to" id="2-13">
                    <pos type="TO"/>
                    <lemma type="to"/>
                    <dep head="2-14" type="aux"/>
                </token>
                <token content="do" id="2-14">
                    <pos type="VB"/>
                    <lemma type="do"/>
                    <dep head="2-8" type="xcomp"/>
                </token>
                <token content="research" id="2-15">
                    <pos type="NN"/>
                    <lemma type="research"/>
                    <dep head="2-14" type="dobj"/>
                </token>
                <token content="." id="2-16"/>
            </sentence>
            <sentence id="3">
                <token content="I" id="3-1">
                    <pos type="PRP"/>
                    <lemma type="I"/>
                    <dep head="3-2" type="nsubj"/>
                </token>
                <token content="found" id="3-2">
                    <pos type="VBD"/>
                    <lemma type="find"/>
                </token>
                <token content="many" id="3-3">
                    <pos type="JJ"/>
                    <lemma type="many"/>
                </token>
                <token content="helpful" id="3-4">
                    <pos type="JJ"/>
                    <lemma type="helpful"/>
                </token>
                <token content="books" id="3-5">
                    <pos type="NNS"/>
                    <lemma type="book"/>
                    <dep head="3-2" type="dobj"/>
                </token>
                <token content="in" id="3-6"/>
                <token content="the" id="3-7">
                    <pos type="DT"/>
                    <lemma type="the"/>
                </token>
                <token content="history" id="3-8">
                    <pos type="NN"/>
                    <lemma type="history"/>
                </token>
                <token content="section" id="3-9">
                    <pos type="NN"/>
                    <lemma type="section"/>
                    <dep head="3-2" type="prep"/>
                </token>
                <token content="of" id="3-10"/>
                <token content="the" id="3-11">
                    <pos type="DT"/>
                    <lemma type="the"/>
                </token>
                <token content="library" id="3-12">
                    <pos type="NN"/>
                    <lemma type="library"/>
                </token>
                <token content="and" id="3-13"/>
                <token content="sat" id="3-14">
                    <pos type="VBD"/>
                    <lemma type="sit"/>
                    <dep head="3-2" type="conj"/>
                </token>
                <token content="down" id="3-15">
                    <pos type="RP"/>
                    <lemma type="down"/>
                    <dep head="3-14" type="prt"/>
                </token>
                <token content="to" id="3-16">
                    <pos type="TO"/>
                    <lemma type="to"/>
                    <dep head="3-17" type="aux"/>
                </token>
                <token content="do" id="3-17">
                    <pos type="VB"/>
                    <lemma type="do"/>
                    <dep head="3-14" type="xcomp"/>
                </token>
                <token content="my" id="3-18">
                    <pos type="PRP$"/>
                    <lemma type="my"/>
                </token>
                <token content="research" id="3-19">
                    <pos type="NN"/>
                    <lemma type="research"/>
                    <dep head="3-17" type="dobj"/>
                </token>
                <token content="." id="3-20"/>
            </sentence>
            <sentence id="4">
                <token content="A" id="4-1">
                    <pos type="DT"/>
                    <lemma type="a"/>
                </token>
                <token content="few" id="4-2">
                    <pos type="JJ"/>
                    <lemma type="few"/>
                </token>
                <token content="hours" id="4-3">
                    <pos type="NNS"/>
                    <lemma type="hour"/>
                </token>
                <token content="later" id="4-4">
                    <pos type="JJ"/>
                    <lemma type="later"/>
                </token>
                <token content="and" id="4-5"/>
                <token content="the" id="4-6">
                    <pos type="DT"/>
                    <lemma type="the"/>
                </token>
                <token content="library" id="4-7">
                    <pos type="NN"/>
                    <lemma type="library"/>
                </token>
                <token content="is" id="4-8">
                    <pos type="VBZ"/>
                    <lemma type="be"/>
                </token>
                <token content="about" id="4-9">
                    <pos type="IN"/>
                    <lemma type="about"/>
                </token>
                <token content="to" id="4-10">
                    <pos type="TO"/>
                    <lemma type="to"/>
                    <dep head="4-11" type="aux"/>
                </token>
                <token content="close" id="4-11">
                    <pos type="VB"/>
                    <lemma type="close"/>
                </token>
                <token content="but" id="4-12">
                    <pos type="CC"/>
                    <lemma type="but"/>
                    <dep head="4-16" type="cc"/>
                </token>
                <token content="I" id="4-13">
                    <pos type="PRP"/>
                    <lemma type="I"/>
                    <dep head="4-16" type="nsubjpass"/>
                </token>
                <token content="'m" id="4-14">
                    <pos type="VBP"/>
                    <lemma type="be"/>
                    <dep head="4-16" type="auxpass"/>
                </token>
                <token content="not" id="4-15">
                    <pos type="RB"/>
                    <lemma type="not"/>
                    <dep head="4-16" type="neg"/>
                </token>
                <token content="finished" id="4-16">
                    <pos type="VBN"/>
                    <lemma type="finish"/>
                    <dep head="4-11" type="ccomp"/>
                </token>
                <token content="with" id="4-17"/>
                <token content="my" id="4-18">
                    <pos type="PRP$"/>
                    <lemma type="my"/>
                </token>
                <token content="work" id="4-19">
                    <pos type="NN"/>
                    <lemma type="work"/>
                    <dep head="4-16" type="prep"/>
                </token>
                <token content="so" id="4-20">
                    <pos type="IN"/>
                    <lemma type="so"/>
                    <dep head="4-22" type="mark"/>
                </token>
                <token content="I" id="4-21">
                    <pos type="PRP"/>
                    <lemma type="I"/>
                    <dep head="4-22" type="nsubj"/>
                </token>
                <token content="decided" id="4-22">
                    <pos type="VBD"/>
                    <lemma type="decide"/>
                    <dep head="4-16" type="advcl"/>
                </token>
                <token content="to" id="4-23">
                    <pos type="TO"/>
                    <lemma type="to"/>
                    <dep head="4-24" type="aux"/>
                </token>
                <token content="borrow" id="4-24">
                    <pos type="VB"/>
                    <lemma type="borrow"/>
                    <dep head="4-22" type="xcomp"/>
                </token>
                <token content="the" id="4-25">
                    <pos type="DT"/>
                    <lemma type="the"/>
                </token>
                <token content="history" id="4-26">
                    <pos type="NN"/>
                    <lemma type="history"/>
                </token>
                <token content="books" id="4-27">
                    <pos type="NNS"/>
                    <lemma type="book"/>
                    <dep head="4-24" type="dobj"/>
                </token>
                <token content="." id="4-28"/>
            </sentence>
            <sentence id="5">
                <token content="I" id="5-1">
                    <pos type="PRP"/>
                    <lemma type="I"/>
                    <dep head="5-2" type="nsubj"/>
                </token>
                <token content="gathered" id="5-2">
                    <pos type="VBD"/>
                    <lemma type="gather"/>
                </token>
                <token content="the" id="5-3">
                    <pos type="DT"/>
                    <lemma type="the"/>
                </token>
                <token content="books" id="5-4">
                    <pos type="NNS"/>
                    <lemma type="book"/>
                    <dep head="5-2" type="dobj"/>
                </token>
                <token content="and" id="5-5"/>
                <token content="headed" id="5-6">
                    <pos type="VBN"/>
                    <lemma type="head"/>
                    <dep head="5-2" type="conj"/>
                </token>
                <token content="to" id="5-7"/>
                <token content="the" id="5-8">
                    <pos type="DT"/>
                    <lemma type="the"/>
                </token>
                <token content="librarian" id="5-9">
                    <pos type="NN"/>
                    <lemma type="librarian"/>
                    <dep head="5-6" type="prep"/>
                </token>
                <token content="." id="5-10"/>
            </sentence>
            <sentence id="6">
                <token content="I" id="6-1">
                    <pos type="PRP"/>
                    <lemma type="I"/>
                    <dep head="6-2" type="nsubj"/>
                </token>
                <token content="handed" id="6-2">
                    <pos type="VBD"/>
                    <lemma type="hand"/>
                </token>
                <token content="her" id="6-3">
                    <pos type="PRP"/>
                    <lemma type="she"/>
                    <dep head="6-2" type="iobj"/>
                </token>
                <token content="the" id="6-4">
                    <pos type="DT"/>
                    <lemma type="the"/>
                </token>
                <token content="books" id="6-5">
                    <pos type="NNS"/>
                    <lemma type="book"/>
                    <dep head="6-2" type="dobj"/>
                </token>
                <token content="I" id="6-6">
                    <pos type="PRP"/>
                    <lemma type="I"/>
                    <dep head="6-7" type="nsubj"/>
                </token>
                <token content="wanted" id="6-7">
                    <pos type="VBD"/>
                    <lemma type="want"/>
                </token>
                <token content="to" id="6-8">
                    <pos type="TO"/>
                    <lemma type="to"/>
                    <dep head="6-9" type="aux"/>
                </token>
                <token content="borrow" id="6-9">
                    <pos type="VB"/>
                    <lemma type="borrow"/>
                    <dep head="6-7" type="xcomp"/>
                </token>
                <token content="along" id="6-10"/>
                <token content="with" id="6-11"/>
                <token content="my" id="6-12">
                    <pos type="PRP$"/>
                    <lemma type="my"/>
                </token>
                <token content="library" id="6-13">
                    <pos type="NN"/>
                    <lemma type="library"/>
                </token>
                <token content="card" id="6-14">
                    <pos type="NN"/>
                    <lemma type="card"/>
                    <dep head="6-9" type="prep"/>
                </token>
                <token content="." id="6-15"/>
            </sentence>
            <sentence id="7">
                <token content="She" id="7-1">
                    <pos type="PRP"/>
                    <lemma type="she"/>
                    <dep head="7-3" type="nsubj"/>
                </token>
                <token content="then" id="7-2">
                    <pos type="RB"/>
                    <lemma type="then"/>
                    <dep head="7-3" type="advmod"/>
                </token>
                <token content="scans" id="7-3">
                    <pos type="VBZ"/>
                    <lemma type="scan"/>
                </token>
                <token content="my" id="7-4">
                    <pos type="PRP$"/>
                    <lemma type="my"/>
                </token>
                <token content="library" id="7-5">
                    <pos type="NN"/>
                    <lemma type="library"/>
                </token>
                <token content="card" id="7-6">
                    <pos type="NN"/>
                    <lemma type="card"/>
                    <dep head="7-3" type="dobj"/>
                </token>
                <token content="and" id="7-7"/>
                <token content="each" id="7-8">
                    <pos type="DT"/>
                    <lemma type="each"/>
                </token>
                <token content="book" id="7-9">
                    <pos type="NN"/>
                    <lemma type="book"/>
                </token>
                <token content="." id="7-10"/>
            </sentence>
            <sentence id="8">
                <token content="The" id="8-1">
                    <pos type="DT"/>
                    <lemma type="the"/>
                </token>
                <token content="machine" id="8-2">
                    <pos type="NN"/>
                    <lemma type="machine"/>
                    <dep head="8-3" type="nsubj"/>
                </token>
                <token content="starts" id="8-3">
                    <pos type="VBZ"/>
                    <lemma type="start"/>
                </token>
                <token content="printing" id="8-4">
                    <pos type="VBG"/>
                    <lemma type="print"/>
                    <dep head="8-3" type="xcomp"/>
                </token>
                <token content="out" id="8-5">
                    <pos type="RP"/>
                    <lemma type="out"/>
                    <dep head="8-4" type="prt"/>
                </token>
                <token content="the" id="8-6">
                    <pos type="DT"/>
                    <lemma type="the"/>
                </token>
                <token content="date" id="8-7">
                    <pos type="NN"/>
                    <lemma type="date"/>
                    <dep head="8-4" type="dobj"/>
                </token>
                <token content="of" id="8-8"/>
                <token content="when" id="8-9">
                    <pos type="WRB"/>
                    <lemma type="when"/>
                </token>
                <token content="the" id="8-10">
                    <pos type="DT"/>
                    <lemma type="the"/>
                </token>
                <token content="books" id="8-11">
                    <pos type="NNS"/>
                    <lemma type="book"/>
                </token>
                <token content="are" id="8-12">
                    <pos type="VBP"/>
                    <lemma type="be"/>
                </token>
                <token content="due" id="8-13">
                    <pos type="JJ"/>
                    <lemma type="due"/>
                </token>
                <token content="." id="8-14"/>
            </sentence>
            <sentence id="9">
                <token content="The" id="9-1">
                    <pos type="DT"/>
                    <lemma type="the"/>
                </token>
                <token content="librarian" id="9-2">
                    <pos type="NN"/>
                    <lemma type="librarian"/>
                    <dep head="9-3" type="nsubj"/>
                </token>
                <token content="hands" id="9-3">
                    <pos type="VBZ"/>
                    <lemma type="hand"/>
                </token>
                <token content="me" id="9-4">
                    <pos type="PRP"/>
                    <lemma type="I"/>
                    <dep head="9-5" type="nsubj"/>
                </token>
                <token content="back" id="9-5">
                    <pos type="VB"/>
                    <lemma type="back"/>
                    <dep head="9-3" type="ccomp"/>
                </token>
                <token content="the" id="9-6">
                    <pos type="DT"/>
                    <lemma type="the"/>
                </token>
                <token content="books" id="9-7">
                    <pos type="NNS"/>
                    <lemma type="book"/>
                    <dep head="9-5" type="dobj"/>
                </token>
                <token content="," id="9-8"/>
                <token content="library" id="9-9">
                    <pos type="NN"/>
                    <lemma type="library"/>
                </token>
                <token content="card" id="9-10">
                    <pos type="NN"/>
                    <lemma type="card"/>
                </token>
                <token content="," id="9-11"/>
                <token content="and" id="9-12"/>
                <token content="due" id="9-13">
                    <pos type="JJ"/>
                    <lemma type="due"/>
                </token>
                <token content="date" id="9-14">
                    <pos type="NN"/>
                    <lemma type="date"/>
                </token>
                <token content="." id="9-15"/>
            </sentence>
            <sentence id="10">
                <token content="I" id="10-1">
                    <pos type="PRP"/>
                    <lemma type="I"/>
                    <dep head="10-2" type="nsubj"/>
                </token>
                <token content="take" id="10-2">
                    <pos type="VBP"/>
                    <lemma type="take"/>
                </token>
                <token content="the" id="10-3">
                    <pos type="DT"/>
                    <lemma type="the"/>
                </token>
                <token content="books" id="10-4">
                    <pos type="NNS"/>
                    <lemma type="book"/>
                </token>
                <token content="home" id="10-5">
                    <pos type="NN"/>
                    <lemma type="home"/>
                    <dep head="10-2" type="dobj"/>
                </token>
                <token content="to" id="10-6">
                    <pos type="TO"/>
                    <lemma type="to"/>
                    <dep head="10-7" type="aux"/>
                </token>
                <token content="do" id="10-7">
                    <pos type="VB"/>
                    <lemma type="do"/>
                    <dep head="10-2" type="xcomp"/>
                </token>
                <token content="further" id="10-8">
                    <pos type="JJ"/>
                    <lemma type="further"/>
                </token>
                <token content="research" id="10-9">
                    <pos type="NN"/>
                    <lemma type="research"/>
                    <dep head="10-7" type="dobj"/>
                </token>
                <token content="for" id="10-10"/>
                <token content="my" id="10-11">
                    <pos type="PRP$"/>
                    <lemma type="my"/>
                </token>
                <token content="history" id="10-12">
                    <pos type="NN"/>
                    <lemma type="history"/>
                </token>
                <token content="assignment" id="10-13">
                    <pos type="NN"/>
                    <lemma type="assignment"/>
                </token>
                <token content="that" id="10-14">
                    <pos type="WDT"/>
                    <lemma type="that"/>
                </token>
                <token content="'s" id="10-15">
                    <pos type="VBZ"/>
                    <lemma type="be"/>
                </token>
                <token content="due" id="10-16">
                    <pos type="JJ"/>
                    <lemma type="due"/>
                </token>
                <token content="next" id="10-17">
                    <pos type="JJ"/>
                    <lemma type="next"/>
                </token>
                <token content="week" id="10-18">
                    <pos type="NN"/>
                    <lemma type="week"/>
                </token>
                <token content="." id="10-19"/>
            </sentence>
        </sentences>
    </text>
    <annotations>
        <participants>
            <label from="1-1" id="0" name="ScrPart_customer" text="My" type="participant"/>
            <label from="1-2" id="1" name="NPart" text="history teacher" to="1-3" type="participant"/>
            <label from="1-5" id="2" name="ScrPart_customer" text="us" type="participant"/>
            <label from="1-7" id="3" name="NPart" text="assignment" type="participant"/>
            <label from="1-11" id="4" name="NPart" text="research paper" to="1-12" type="participant"/>
            <label from="1-14" id="5" name="NPart" text="World War II" to="1-16" type="participant"/>
            <label from="2-1" id="6" name="ScrPart_customer" text="I" type="participant"/>
            <label from="2-5" id="7" name="NPart" text="information" type="participant"/>
            <label from="2-7" id="8" name="ScrPart_customer" text="I" type="participant"/>
            <label from="2-11" id="9" name="ScrPart_library" text="school library" to="2-12" type="participant"/>
            <label from="2-12" id="10" name="ScrPart_library" text="library" type="participant"/>
            <label from="2-15" id="11" name="NPart" text="research" type="participant"/>
            <label from="3-1" id="12" name="ScrPart_customer" text="I" type="participant"/>
            <label from="3-5" id="13" name="ScrPart_book" text="books" type="participant"/>
            <label from="3-8" id="14" name="NPart" text="history" type="participant"/>
            <label from="3-9" id="15" name="ScrPart_location_library" text="section" type="participant"/>
            <label from="3-12" id="16" name="ScrPart_library" text="library" type="participant"/>
            <label from="3-18" id="17" name="ScrPart_customer" text="my" type="participant"/>
            <label from="3-19" id="18" name="NPart" text="research" type="participant"/>
            <label from="4-3" id="19" name="NPart" text="hours" type="participant"/>
            <label from="4-7" id="20" name="ScrPart_library" text="library" type="participant"/>
            <label from="4-13" id="21" name="ScrPart_customer" text="I" type="participant"/>
            <label from="4-18" id="22" name="ScrPart_customer" text="my" type="participant"/>
            <label from="4-19" id="23" name="NPart" text="work" type="participant"/>
            <label from="4-21" id="24" name="ScrPart_customer" text="I" type="participant"/>
            <label from="4-26" id="25" name="NPart" text="history" type="participant"/>
            <label from="4-27" id="26" name="ScrPart_book" text="books" type="participant"/>
            <label from="5-1" id="27" name="ScrPart_customer" text="I" type="participant"/>
            <label from="5-4" id="28" name="ScrPart_book" text="books" type="participant"/>
            <label from="5-9" id="29" name="ScrPart_staff" text="librarian" type="participant"/>
            <label from="6-1" id="30" name="ScrPart_customer" text="I" type="participant"/>
            <label from="6-3" id="31" name="ScrPart_staff" text="her" type="participant"/>
            <label from="6-5" id="32" name="ScrPart_book" text="books" type="participant"/>
            <label from="6-6" id="33" name="ScrPart_customer" text="I" type="participant"/>
            <label from="6-12" id="34" name="ScrPart_customer" text="my" type="participant"/>
            <label from="6-13" id="35" name="ScrPart_library_card" text="library card" to="6-14" type="participant"/>
            <label from="6-14" id="36" name="ScrPart_library_card" text="card" type="participant"/>
            <label from="7-1" id="37" name="ScrPart_staff" text="She" type="participant"/>
            <label from="7-4" id="38" name="ScrPart_customer" text="my" type="participant"/>
            <label from="7-5" id="39" name="ScrPart_library_card" text="library card" to="7-6" type="participant"/>
            <label from="7-6" id="40" name="ScrPart_library_card" text="card" type="participant"/>
            <label from="7-9" id="41" name="ScrPart_book" text="book" type="participant"/>
            <label from="8-2" id="42" name="ScrPart_institutional_devices" text="machine" type="participant"/>
            <label from="8-7" id="43" name="ScrPart_return_date" text="date" type="participant"/>
            <label from="8-11" id="44" name="ScrPart_book" text="books" type="participant"/>
            <label from="9-2" id="45" name="ScrPart_staff" text="librarian" type="participant"/>
            <label from="9-4" id="46" name="ScrPart_customer" text="me" type="participant"/>
            <label from="9-7" id="47" name="ScrPart_book" text="books" type="participant"/>
            <label from="9-9" id="48" name="ScrPart_library_card" text="library card" to="9-10" type="participant"/>
            <label from="9-10" id="49" name="ScrPart_library_card" text="card" type="participant"/>
            <label from="9-13" id="50" name="ScrPart_return_date" text="due date" to="9-14" type="participant"/>
            <label from="9-14" id="51" name="ScrPart_return_date" text="date" type="participant"/>
            <label from="10-1" id="52" name="ScrPart_customer" text="I" type="participant"/>
            <label from="10-4" id="53" name="ScrPart_book" text="books" type="participant"/>
            <label from="10-5" id="54" name="No_label" text="home" type="participant"/>
            <label from="10-9" id="55" name="NPart" text="research" type="participant"/>
            <label from="10-11" id="56" name="ScrPart_customer" text="my" type="participant"/>
            <label from="10-12" id="57" name="NPart" text="history assignment" to="10-13" type="participant"/>
            <label from="10-18" id="58" name="NPart" text="week" type="participant"/>
        </participants>
        <events>
            <label from="1-4" id="59" name="UnrelEv" text="have" type="event"/>
            <label from="1-9" id="60" name="UnrelEv" text="do" type="event"/>
            <label from="2-4" id="61" name="UnrelEv" text="gather" type="event"/>
            <label from="2-8" id="62" name="ScrEv_get_library" text="headed" type="event"/>
            <label from="2-14" id="63" name="UnrelEv" text="do" type="event"/>
            <label from="3-2" id="64" name="RelNScrEv" text="found" type="event"/>
            <label from="3-14" id="65" name="UnrelEv" text="sat down" to="3-15" type="event"/>
            <label from="3-14" id="66" name="UnrelEv" text="sat" type="event"/>
            <label from="3-17" id="67" name="UnrelEv" text="do" type="event"/>
            <label from="4-8" id="68" name="UnrelEv" text="is" type="event"/>
            <label from="4-14" id="69" name="UnrelEv" text="'m" type="event"/>
            <label from="4-22" id="70" name="UnrelEv" text="decided" type="event"/>
            <label from="4-24" id="71" name="Evoking" text="borrow the history books" to="4-27" type="event"/>
            <label from="5-2" id="72" name="ScrEv_take_book" text="gathered" type="event"/>
            <label from="5-6" id="73" name="ScrEv_go_check_out" text="headed" type="event"/>
            <label from="6-2" id="74" name="ScrEv_other" text="handed" type="event"/>
            <label from="6-7" id="75" name="UnrelEv" text="wanted" type="event"/>
            <label from="6-9" id="76" name="Evoking" text="borrow" type="event"/>
            <label from="7-3" id="77" name="ScrEv_register" text="scans" type="event"/>
            <label from="8-3" id="78" name="UnrelEv" text="starts" type="event"/>
            <label from="8-4" id="79" name="RelNScrEv" text="printing" type="event"/>
            <label from="9-3" id="80" name="ScrEv_other" text="hands" type="event"/>
            <label from="10-2" id="81" name="RelNScrEv" text="take" type="event"/>
            <label from="10-7" id="82" name="UnrelEv" text="do" type="event"/>
        </events>
        <chains>
            <chain elements="0 2 6 8 12"/>
            <chain elements="10 16 20"/>
            <chain elements="17 21 24 27 30 33 34 38 46 52 56"/>
            <chain elements="13 26 28 32 41 44 47 53"/>
            <chain elements="29 31 37 45"/>
            <chain elements="36 40 49"/>
            <chain elements="43 51"/>
        </chains>
    </annotations>
</story>
