<?xml version="1.0" encoding="UTF-8" standalone="no"?>
<!DOCTYPE story SYSTEM "../InScript.dtd">
<story id="008" scenario="library">
    <text>
        <content>I paid a visit to the library a couple of days ago . 
After getting off work at 5pm , I walked over to a library branch a couple of blocks from my home . 
I was looking to borrow a novel that I 'd been meaning to read for some time . 
I got there at around 6pm . 
I first logged onto one of the library computers to confirm that the book was still there . 
After confirming this , I went upstairs to the fiction section , located on the second floor of the library . 
Once I was in the fiction section . 
I walked over to the bookshelves and searched for the novel , successfully finding it fairly quickly . 
I then walk downstairs to the library 's checkout desk . 
I placed the book onto the counter and also took my library card from my wallet . 
I showed the librarian the card , where she then checked out the book after scanning my card . 
Next , once it came out , she handed me a receipt where the return date was printed on . 
Once I received this , I walked to my apartment with the novel in my hand . 
I was really looking forward to reading the novel . </content>
        <sentences>
            <sentence id="1">
                <token content="I" id="1-1">
                    <pos type="PRP"/>
                    <lemma type="I"/>
                    <dep head="1-2" type="nsubj"/>
                </token>
                <token content="paid" id="1-2">
                    <pos type="VBD"/>
                    <lemma type="pay"/>
                </token>
                <token content="a" id="1-3">
                    <pos type="DT"/>
                    <lemma type="a"/>
                </token>
                <token content="visit" id="1-4">
                    <pos type="NN"/>
                    <lemma type="visit"/>
                    <dep head="1-2" type="dobj"/>
                </token>
                <token content="to" id="1-5"/>
                <token content="the" id="1-6">
                    <pos type="DT"/>
                    <lemma type="the"/>
                </token>
                <token content="library" id="1-7">
                    <pos type="NN"/>
                    <lemma type="library"/>
                    <dep head="1-2" type="prep"/>
                </token>
                <token content="a" id="1-8">
                    <pos type="DT"/>
                    <lemma type="a"/>
                </token>
                <token content="couple" id="1-9">
                    <pos type="NN"/>
                    <lemma type="couple"/>
                </token>
                <token content="of" id="1-10"/>
                <token content="days" id="1-11">
                    <pos type="NNS"/>
                    <lemma type="day"/>
                </token>
                <token content="ago" id="1-12">
                    <pos type="IN"/>
                    <lemma type="ago"/>
                </token>
                <token content="." id="1-13"/>
            </sentence>
            <sentence id="2">
                <token content="After" id="2-1"/>
                <token content="getting" id="2-2">
                    <pos type="VBG"/>
                    <lemma type="get"/>
                    <dep head="2-9" type="prepc"/>
                </token>
                <token content="off" id="2-3">
                    <pos type="RP"/>
                    <lemma type="off"/>
                    <dep head="2-2" type="prt"/>
                </token>
                <token content="work" id="2-4">
                    <pos type="NN"/>
                    <lemma type="work"/>
                    <dep head="2-2" type="dobj"/>
                </token>
                <token content="at" id="2-5"/>
                <token content="5pm" id="2-6">
                    <pos type="CD"/>
                    <lemma type="5pm"/>
                    <dep head="2-2" type="prep"/>
                </token>
                <token content="," id="2-7"/>
                <token content="I" id="2-8">
                    <pos type="PRP"/>
                    <lemma type="I"/>
                    <dep head="2-9" type="nsubj"/>
                </token>
                <token content="walked" id="2-9">
                    <pos type="VBD"/>
                    <lemma type="walk"/>
                </token>
                <token content="over" id="2-10">
                    <pos type="RB"/>
                    <lemma type="over"/>
                </token>
                <token content="to" id="2-11"/>
                <token content="a" id="2-12">
                    <pos type="DT"/>
                    <lemma type="a"/>
                </token>
                <token content="library" id="2-13">
                    <pos type="NN"/>
                    <lemma type="library"/>
                </token>
                <token content="branch" id="2-14">
                    <pos type="NN"/>
                    <lemma type="branch"/>
                </token>
                <token content="a" id="2-15">
                    <pos type="DT"/>
                    <lemma type="a"/>
                </token>
                <token content="couple" id="2-16">
                    <pos type="NN"/>
                    <lemma type="couple"/>
                    <dep head="2-9" type="dobj"/>
                </token>
                <token content="of" id="2-17"/>
                <token content="blocks" id="2-18">
                    <pos type="NNS"/>
                    <lemma type="block"/>
                </token>
                <token content="from" id="2-19"/>
                <token content="my" id="2-20">
                    <pos type="PRP$"/>
                    <lemma type="my"/>
                </token>
                <token content="home" id="2-21">
                    <pos type="NN"/>
                    <lemma type="home"/>
                    <dep head="2-9" type="prep"/>
                </token>
                <token content="." id="2-22"/>
            </sentence>
            <sentence id="3">
                <token content="I" id="3-1">
                    <pos type="PRP"/>
                    <lemma type="I"/>
                    <dep head="3-3" type="nsubj"/>
                </token>
                <token content="was" id="3-2">
                    <pos type="VBD"/>
                    <lemma type="be"/>
                    <dep head="3-3" type="aux"/>
                </token>
                <token content="looking" id="3-3">
                    <pos type="VBG"/>
                    <lemma type="look"/>
                </token>
                <token content="to" id="3-4">
                    <pos type="TO"/>
                    <lemma type="to"/>
                    <dep head="3-5" type="aux"/>
                </token>
                <token content="borrow" id="3-5">
                    <pos type="VB"/>
                    <lemma type="borrow"/>
                    <dep head="3-3" type="xcomp"/>
                </token>
                <token content="a" id="3-6">
                    <pos type="DT"/>
                    <lemma type="a"/>
                </token>
                <token content="novel" id="3-7">
                    <pos type="NN"/>
                    <lemma type="novel"/>
                    <dep head="3-5" type="dobj"/>
                </token>
                <token content="that" id="3-8">
                    <pos type="IN"/>
                    <lemma type="that"/>
                    <dep head="3-12" type="mark"/>
                </token>
                <token content="I" id="3-9">
                    <pos type="PRP"/>
                    <lemma type="I"/>
                    <dep head="3-12" type="nsubj"/>
                </token>
                <token content="'d" id="3-10">
                    <pos type="VBD"/>
                    <lemma type="have"/>
                    <dep head="3-12" type="aux"/>
                </token>
                <token content="been" id="3-11">
                    <pos type="VBN"/>
                    <lemma type="be"/>
                    <dep head="3-12" type="aux"/>
                </token>
                <token content="meaning" id="3-12">
                    <pos type="VBG"/>
                    <lemma type="mean"/>
                    <dep head="3-5" type="ccomp"/>
                </token>
                <token content="to" id="3-13">
                    <pos type="TO"/>
                    <lemma type="to"/>
                    <dep head="3-14" type="aux"/>
                </token>
                <token content="read" id="3-14">
                    <pos type="VB"/>
                    <lemma type="read"/>
                    <dep head="3-12" type="xcomp"/>
                </token>
                <token content="for" id="3-15"/>
                <token content="some" id="3-16">
                    <pos type="DT"/>
                    <lemma type="some"/>
                </token>
                <token content="time" id="3-17">
                    <pos type="NN"/>
                    <lemma type="time"/>
                    <dep head="3-14" type="prep"/>
                </token>
                <token content="." id="3-18"/>
            </sentence>
            <sentence id="4">
                <token content="I" id="4-1">
                    <pos type="PRP"/>
                    <lemma type="I"/>
                    <dep head="4-2" type="nsubj"/>
                </token>
                <token content="got" id="4-2">
                    <pos type="VBD"/>
                    <lemma type="get"/>
                </token>
                <token content="there" id="4-3">
                    <pos type="RB"/>
                    <lemma type="there"/>
                    <dep head="4-2" type="advmod"/>
                </token>
                <token content="at" id="4-4">
                    <pos type="IN"/>
                    <lemma type="at"/>
                    <dep head="4-2" type="prep"/>
                </token>
                <token content="around" id="4-5">
                    <pos type="IN"/>
                    <lemma type="around"/>
                </token>
                <token content="6pm" id="4-6">
                    <pos type="CD"/>
                    <lemma type="6pm"/>
                </token>
                <token content="." id="4-7"/>
            </sentence>
            <sentence id="5">
                <token content="I" id="5-1">
                    <pos type="PRP"/>
                    <lemma type="I"/>
                    <dep head="5-3" type="nsubj"/>
                </token>
                <token content="first" id="5-2">
                    <pos type="RB"/>
                    <lemma type="first"/>
                    <dep head="5-3" type="advmod"/>
                </token>
                <token content="logged" id="5-3">
                    <pos type="VBD"/>
                    <lemma type="log"/>
                </token>
                <token content="onto" id="5-4"/>
                <token content="one" id="5-5">
                    <pos type="CD"/>
                    <lemma type="one"/>
                    <dep head="5-3" type="prep"/>
                </token>
                <token content="of" id="5-6"/>
                <token content="the" id="5-7">
                    <pos type="DT"/>
                    <lemma type="the"/>
                </token>
                <token content="library" id="5-8">
                    <pos type="NN"/>
                    <lemma type="library"/>
                </token>
                <token content="computers" id="5-9">
                    <pos type="NNS"/>
                    <lemma type="computer"/>
                </token>
                <token content="to" id="5-10">
                    <pos type="TO"/>
                    <lemma type="to"/>
                    <dep head="5-11" type="aux"/>
                </token>
                <token content="confirm" id="5-11">
                    <pos type="VB"/>
                    <lemma type="confirm"/>
                    <dep head="5-3" type="xcomp"/>
                </token>
                <token content="that" id="5-12">
                    <pos type="IN"/>
                    <lemma type="that"/>
                    <dep head="5-15" type="mark"/>
                </token>
                <token content="the" id="5-13">
                    <pos type="DT"/>
                    <lemma type="the"/>
                </token>
                <token content="book" id="5-14">
                    <pos type="NN"/>
                    <lemma type="book"/>
                    <dep head="5-15" type="nsubj"/>
                </token>
                <token content="was" id="5-15">
                    <pos type="VBD"/>
                    <lemma type="be"/>
                    <dep head="5-11" type="ccomp"/>
                </token>
                <token content="still" id="5-16">
                    <pos type="RB"/>
                    <lemma type="still"/>
                    <dep head="5-15" type="advmod"/>
                </token>
                <token content="there" id="5-17">
                    <pos type="RB"/>
                    <lemma type="there"/>
                    <dep head="5-15" type="advmod"/>
                </token>
                <token content="." id="5-18"/>
            </sentence>
            <sentence id="6">
                <token content="After" id="6-1"/>
                <token content="confirming" id="6-2">
                    <pos type="VBG"/>
                    <lemma type="confirm"/>
                    <dep head="6-6" type="prepc"/>
                </token>
                <token content="this" id="6-3">
                    <pos type="DT"/>
                    <lemma type="this"/>
                    <dep head="6-2" type="dobj"/>
                </token>
                <token content="," id="6-4"/>
                <token content="I" id="6-5">
                    <pos type="PRP"/>
                    <lemma type="I"/>
                    <dep head="6-6" type="nsubj"/>
                </token>
                <token content="went" id="6-6">
                    <pos type="VBD"/>
                    <lemma type="go"/>
                </token>
                <token content="upstairs" id="6-7">
                    <pos type="NN"/>
                    <lemma type="upstairs"/>
                    <dep head="6-6" type="advmod"/>
                </token>
                <token content="to" id="6-8"/>
                <token content="the" id="6-9">
                    <pos type="DT"/>
                    <lemma type="the"/>
                </token>
                <token content="fiction" id="6-10">
                    <pos type="NN"/>
                    <lemma type="fiction"/>
                </token>
                <token content="section" id="6-11">
                    <pos type="NN"/>
                    <lemma type="section"/>
                    <dep head="6-6" type="prep"/>
                </token>
                <token content="," id="6-12"/>
                <token content="located" id="6-13">
                    <pos type="VBN"/>
                    <lemma type="locate"/>
                </token>
                <token content="on" id="6-14"/>
                <token content="the" id="6-15">
                    <pos type="DT"/>
                    <lemma type="the"/>
                </token>
                <token content="second" id="6-16">
                    <pos type="JJ"/>
                    <lemma type="second"/>
                </token>
                <token content="floor" id="6-17">
                    <pos type="NN"/>
                    <lemma type="floor"/>
                    <dep head="6-13" type="prep"/>
                </token>
                <token content="of" id="6-18"/>
                <token content="the" id="6-19">
                    <pos type="DT"/>
                    <lemma type="the"/>
                </token>
                <token content="library" id="6-20">
                    <pos type="NN"/>
                    <lemma type="library"/>
                </token>
                <token content="." id="6-21"/>
            </sentence>
            <sentence id="7">
                <token content="Once" id="7-1">
                    <pos type="RB"/>
                    <lemma type="once"/>
                    <dep head="7-3" type="advmod"/>
                </token>
                <token content="I" id="7-2">
                    <pos type="PRP"/>
                    <lemma type="I"/>
                    <dep head="7-3" type="nsubj"/>
                </token>
                <token content="was" id="7-3">
                    <pos type="VBD"/>
                    <lemma type="be"/>
                </token>
                <token content="in" id="7-4"/>
                <token content="the" id="7-5">
                    <pos type="DT"/>
                    <lemma type="the"/>
                </token>
                <token content="fiction" id="7-6">
                    <pos type="NN"/>
                    <lemma type="fiction"/>
                </token>
                <token content="section" id="7-7">
                    <pos type="NN"/>
                    <lemma type="section"/>
                    <dep head="7-3" type="prep"/>
                </token>
                <token content="." id="7-8"/>
            </sentence>
            <sentence id="8">
                <token content="I" id="8-1">
                    <pos type="PRP"/>
                    <lemma type="I"/>
                    <dep head="8-2" type="nsubj"/>
                </token>
                <token content="walked" id="8-2">
                    <pos type="VBD"/>
                    <lemma type="walk"/>
                </token>
                <token content="over" id="8-3">
                    <pos type="RP"/>
                    <lemma type="over"/>
                    <dep head="8-2" type="prt"/>
                </token>
                <token content="to" id="8-4"/>
                <token content="the" id="8-5">
                    <pos type="DT"/>
                    <lemma type="the"/>
                </token>
                <token content="bookshelves" id="8-6">
                    <pos type="NNS"/>
                    <lemma type="bookshelf"/>
                    <dep head="8-2" type="prep"/>
                </token>
                <token content="and" id="8-7"/>
                <token content="searched" id="8-8">
                    <pos type="VBD"/>
                    <lemma type="search"/>
                    <dep head="8-2" type="conj"/>
                </token>
                <token content="for" id="8-9"/>
                <token content="the" id="8-10">
                    <pos type="DT"/>
                    <lemma type="the"/>
                </token>
                <token content="novel" id="8-11">
                    <pos type="NN"/>
                    <lemma type="novel"/>
                    <dep head="8-8" type="prep"/>
                </token>
                <token content="," id="8-12"/>
                <token content="successfully" id="8-13">
                    <pos type="RB"/>
                    <lemma type="successfully"/>
                    <dep head="8-14" type="advmod"/>
                </token>
                <token content="finding" id="8-14">
                    <pos type="VBG"/>
                    <lemma type="find"/>
                    <dep head="8-8" type="xcomp"/>
                </token>
                <token content="it" id="8-15">
                    <pos type="PRP"/>
                    <lemma type="it"/>
                    <dep head="8-14" type="dobj"/>
                </token>
                <token content="fairly" id="8-16">
                    <pos type="RB"/>
                    <lemma type="fairly"/>
                </token>
                <token content="quickly" id="8-17">
                    <pos type="RB"/>
                    <lemma type="quickly"/>
                    <dep head="8-14" type="advmod"/>
                </token>
                <token content="." id="8-18"/>
            </sentence>
            <sentence id="9">
                <token content="I" id="9-1">
                    <pos type="PRP"/>
                    <lemma type="I"/>
                    <dep head="9-3" type="nsubj"/>
                </token>
                <token content="then" id="9-2">
                    <pos type="RB"/>
                    <lemma type="then"/>
                    <dep head="9-3" type="advmod"/>
                </token>
                <token content="walk" id="9-3">
                    <pos type="VBP"/>
                    <lemma type="walk"/>
                </token>
                <token content="downstairs" id="9-4">
                    <pos type="NNS"/>
                    <lemma type="downstairs"/>
                    <dep head="9-3" type="dobj"/>
                </token>
                <token content="to" id="9-5"/>
                <token content="the" id="9-6">
                    <pos type="DT"/>
                    <lemma type="the"/>
                </token>
                <token content="library" id="9-7">
                    <pos type="NN"/>
                    <lemma type="library"/>
                </token>
                <token content="'s" id="9-8"/>
                <token content="checkout" id="9-9">
                    <pos type="NN"/>
                    <lemma type="checkout"/>
                </token>
                <token content="desk" id="9-10">
                    <pos type="NN"/>
                    <lemma type="desk"/>
                    <dep head="9-3" type="prep"/>
                </token>
                <token content="." id="9-11"/>
            </sentence>
            <sentence id="10">
                <token content="I" id="10-1">
                    <pos type="PRP"/>
                    <lemma type="I"/>
                    <dep head="10-2" type="nsubj"/>
                </token>
                <token content="placed" id="10-2">
                    <pos type="VBD"/>
                    <lemma type="place"/>
                </token>
                <token content="the" id="10-3">
                    <pos type="DT"/>
                    <lemma type="the"/>
                </token>
                <token content="book" id="10-4">
                    <pos type="NN"/>
                    <lemma type="book"/>
                    <dep head="10-2" type="dobj"/>
                </token>
                <token content="onto" id="10-5"/>
                <token content="the" id="10-6">
                    <pos type="DT"/>
                    <lemma type="the"/>
                </token>
                <token content="counter" id="10-7">
                    <pos type="NN"/>
                    <lemma type="counter"/>
                    <dep head="10-2" type="prep"/>
                </token>
                <token content="and" id="10-8"/>
                <token content="also" id="10-9">
                    <pos type="RB"/>
                    <lemma type="also"/>
                    <dep head="10-10" type="advmod"/>
                </token>
                <token content="took" id="10-10">
                    <pos type="VBD"/>
                    <lemma type="take"/>
                    <dep head="10-2" type="conj"/>
                </token>
                <token content="my" id="10-11">
                    <pos type="PRP$"/>
                    <lemma type="my"/>
                </token>
                <token content="library" id="10-12">
                    <pos type="NN"/>
                    <lemma type="library"/>
                </token>
                <token content="card" id="10-13">
                    <pos type="NN"/>
                    <lemma type="card"/>
                    <dep head="10-10" type="dobj"/>
                </token>
                <token content="from" id="10-14"/>
                <token content="my" id="10-15">
                    <pos type="PRP$"/>
                    <lemma type="my"/>
                </token>
                <token content="wallet" id="10-16">
                    <pos type="NN"/>
                    <lemma type="wallet"/>
                    <dep head="10-10" type="prep"/>
                </token>
                <token content="." id="10-17"/>
            </sentence>
            <sentence id="11">
                <token content="I" id="11-1">
                    <pos type="PRP"/>
                    <lemma type="I"/>
                    <dep head="11-2" type="nsubj"/>
                </token>
                <token content="showed" id="11-2">
                    <pos type="VBD"/>
                    <lemma type="show"/>
                </token>
                <token content="the" id="11-3">
                    <pos type="DT"/>
                    <lemma type="the"/>
                </token>
                <token content="librarian" id="11-4">
                    <pos type="NN"/>
                    <lemma type="librarian"/>
                    <dep head="11-2" type="iobj"/>
                </token>
                <token content="the" id="11-5">
                    <pos type="DT"/>
                    <lemma type="the"/>
                </token>
                <token content="card" id="11-6">
                    <pos type="NN"/>
                    <lemma type="card"/>
                    <dep head="11-2" type="dobj"/>
                </token>
                <token content="," id="11-7"/>
                <token content="where" id="11-8">
                    <pos type="WRB"/>
                    <lemma type="where"/>
                    <dep head="11-11" type="advmod"/>
                </token>
                <token content="she" id="11-9">
                    <pos type="PRP"/>
                    <lemma type="she"/>
                    <dep head="11-11" type="nsubj"/>
                </token>
                <token content="then" id="11-10">
                    <pos type="RB"/>
                    <lemma type="then"/>
                    <dep head="11-11" type="advmod"/>
                </token>
                <token content="checked" id="11-11">
                    <pos type="VBD"/>
                    <lemma type="check"/>
                </token>
                <token content="out" id="11-12">
                    <pos type="RP"/>
                    <lemma type="out"/>
                    <dep head="11-11" type="prt"/>
                </token>
                <token content="the" id="11-13">
                    <pos type="DT"/>
                    <lemma type="the"/>
                </token>
                <token content="book" id="11-14">
                    <pos type="NN"/>
                    <lemma type="book"/>
                    <dep head="11-11" type="dobj"/>
                </token>
                <token content="after" id="11-15"/>
                <token content="scanning" id="11-16">
                    <pos type="VBG"/>
                    <lemma type="scan"/>
                    <dep head="11-11" type="prepc"/>
                </token>
                <token content="my" id="11-17">
                    <pos type="PRP$"/>
                    <lemma type="my"/>
                </token>
                <token content="card" id="11-18">
                    <pos type="NN"/>
                    <lemma type="card"/>
                    <dep head="11-16" type="dobj"/>
                </token>
                <token content="." id="11-19"/>
            </sentence>
            <sentence id="12">
                <token content="Next" id="12-1">
                    <pos type="RB"/>
                    <lemma type="next"/>
                    <dep head="12-9" type="advmod"/>
                </token>
                <token content="," id="12-2"/>
                <token content="once" id="12-3">
                    <pos type="IN"/>
                    <lemma type="once"/>
                    <dep head="12-5" type="mark"/>
                </token>
                <token content="it" id="12-4">
                    <pos type="PRP"/>
                    <lemma type="it"/>
                    <dep head="12-5" type="nsubj"/>
                </token>
                <token content="came" id="12-5">
                    <pos type="VBD"/>
                    <lemma type="come"/>
                    <dep head="12-9" type="advcl"/>
                </token>
                <token content="out" id="12-6">
                    <pos type="RP"/>
                    <lemma type="out"/>
                    <dep head="12-5" type="prt"/>
                </token>
                <token content="," id="12-7"/>
                <token content="she" id="12-8">
                    <pos type="PRP"/>
                    <lemma type="she"/>
                    <dep head="12-9" type="nsubj"/>
                </token>
                <token content="handed" id="12-9">
                    <pos type="VBD"/>
                    <lemma type="hand"/>
                </token>
                <token content="me" id="12-10">
                    <pos type="PRP"/>
                    <lemma type="I"/>
                    <dep head="12-9" type="iobj"/>
                </token>
                <token content="a" id="12-11">
                    <pos type="DT"/>
                    <lemma type="a"/>
                </token>
                <token content="receipt" id="12-12">
                    <pos type="NN"/>
                    <lemma type="receipt"/>
                    <dep head="12-9" type="dobj"/>
                </token>
                <token content="where" id="12-13">
                    <pos type="WRB"/>
                    <lemma type="where"/>
                    <dep head="12-18" type="advmod"/>
                </token>
                <token content="the" id="12-14">
                    <pos type="DT"/>
                    <lemma type="the"/>
                </token>
                <token content="return" id="12-15">
                    <pos type="NN"/>
                    <lemma type="return"/>
                </token>
                <token content="date" id="12-16">
                    <pos type="NN"/>
                    <lemma type="date"/>
                    <dep head="12-18" type="nsubjpass"/>
                </token>
                <token content="was" id="12-17">
                    <pos type="VBD"/>
                    <lemma type="be"/>
                    <dep head="12-18" type="auxpass"/>
                </token>
                <token content="printed" id="12-18">
                    <pos type="VBN"/>
                    <lemma type="print"/>
                </token>
                <token content="on" id="12-19">
                    <pos type="RP"/>
                    <lemma type="on"/>
                    <dep head="12-18" type="prt"/>
                </token>
                <token content="." id="12-20"/>
            </sentence>
            <sentence id="13">
                <token content="Once" id="13-1">
                    <pos type="IN"/>
                    <lemma type="once"/>
                    <dep head="13-3" type="mark"/>
                </token>
                <token content="I" id="13-2">
                    <pos type="PRP"/>
                    <lemma type="I"/>
                    <dep head="13-3" type="nsubj"/>
                </token>
                <token content="received" id="13-3">
                    <pos type="VBD"/>
                    <lemma type="receive"/>
                    <dep head="13-7" type="advcl"/>
                </token>
                <token content="this" id="13-4">
                    <pos type="DT"/>
                    <lemma type="this"/>
                    <dep head="13-3" type="dobj"/>
                </token>
                <token content="," id="13-5"/>
                <token content="I" id="13-6">
                    <pos type="PRP"/>
                    <lemma type="I"/>
                    <dep head="13-7" type="nsubj"/>
                </token>
                <token content="walked" id="13-7">
                    <pos type="VBD"/>
                    <lemma type="walk"/>
                </token>
                <token content="to" id="13-8"/>
                <token content="my" id="13-9">
                    <pos type="PRP$"/>
                    <lemma type="my"/>
                </token>
                <token content="apartment" id="13-10">
                    <pos type="NN"/>
                    <lemma type="apartment"/>
                    <dep head="13-7" type="prep"/>
                </token>
                <token content="with" id="13-11"/>
                <token content="the" id="13-12">
                    <pos type="DT"/>
                    <lemma type="the"/>
                </token>
                <token content="novel" id="13-13">
                    <pos type="NN"/>
                    <lemma type="novel"/>
                    <dep head="13-7" type="prep"/>
                </token>
                <token content="in" id="13-14"/>
                <token content="my" id="13-15">
                    <pos type="PRP$"/>
                    <lemma type="my"/>
                </token>
                <token content="hand" id="13-16">
                    <pos type="NN"/>
                    <lemma type="hand"/>
                </token>
                <token content="." id="13-17"/>
            </sentence>
            <sentence id="14">
                <token content="I" id="14-1">
                    <pos type="PRP"/>
                    <lemma type="I"/>
                    <dep head="14-4" type="nsubj"/>
                </token>
                <token content="was" id="14-2">
                    <pos type="VBD"/>
                    <lemma type="be"/>
                    <dep head="14-4" type="aux"/>
                </token>
                <token content="really" id="14-3">
                    <pos type="RB"/>
                    <lemma type="really"/>
                    <dep head="14-4" type="advmod"/>
                </token>
                <token content="looking" id="14-4">
                    <pos type="VBG"/>
                    <lemma type="look"/>
                </token>
                <token content="forward" id="14-5">
                    <pos type="RB"/>
                    <lemma type="forward"/>
                    <dep head="14-4" type="advmod"/>
                </token>
                <token content="to" id="14-6"/>
                <token content="reading" id="14-7">
                    <pos type="VBG"/>
                    <lemma type="read"/>
                    <dep head="14-4" type="prepc"/>
                </token>
                <token content="the" id="14-8">
                    <pos type="DT"/>
                    <lemma type="the"/>
                </token>
                <token content="novel" id="14-9">
                    <pos type="NN"/>
                    <lemma type="novel"/>
                    <dep head="14-7" type="dobj"/>
                </token>
                <token content="." id="14-10"/>
            </sentence>
        </sentences>
    </text>
    <annotations>
        <participants>
            <label from="1-1" id="0" name="ScrPart_customer" text="I" type="participant"/>
            <label from="1-4" id="1" name="SuppVComp" text="visit" type="participant"/>
            <label from="1-7" id="2" name="ScrPart_library" text="library" type="participant"/>
            <label from="1-9" id="3" name="NPart" text="couple" type="participant"/>
            <label from="1-11" id="4" name="NPart" text="days" type="participant"/>
            <label from="2-4" id="5" name="NPart" text="work" type="participant"/>
            <label from="2-8" id="6" name="ScrPart_customer" text="I" type="participant"/>
            <label from="2-13" id="7" name="ScrPart_library" text="library branch" to="2-14" type="participant"/>
            <label from="2-14" id="8" name="ScrPart_library" text="branch" type="participant"/>
            <label from="2-16" id="9" name="NPart" text="couple" type="participant"/>
            <label from="2-18" id="10" name="NPart" text="blocks" type="participant"/>
            <label from="2-20" id="11" name="ScrPart_customer" text="my" type="participant"/>
            <label from="2-21" id="12" name="NPart" text="home" type="participant"/>
            <label from="3-1" id="13" name="ScrPart_customer" text="I" type="participant"/>
            <label from="3-7" id="14" name="ScrPart_book" text="novel" type="participant"/>
            <label from="3-9" id="15" name="ScrPart_customer" text="I" type="participant"/>
            <label from="3-17" id="16" name="NPart" text="time" type="participant"/>
            <label from="4-1" id="17" name="ScrPart_customer" text="I" type="participant"/>
            <label from="4-3" id="18" name="ScrPart_library" text="there" type="participant"/>
            <label from="4-6" id="19" name="NPart" text="6pm" type="participant"/>
            <label from="5-1" id="20" name="ScrPart_customer" text="I" type="participant"/>
            <label from="5-5" id="21" name="ScrPart_institutional_devices" text="one" type="participant"/>
            <label from="5-8" id="22" name="ScrPart_institutional_devices" text="library computers" to="5-9" type="participant"/>
            <label from="5-9" id="23" name="ScrPart_institutional_devices" text="computers" type="participant"/>
            <label from="5-14" id="24" name="ScrPart_book" text="book" type="participant"/>
            <label from="5-17" id="25" name="ScrPart_library" text="there" type="participant"/>
            <label from="6-5" id="26" name="ScrPart_customer" text="I" type="participant"/>
            <label from="6-7" id="27" name="ScrPart_location_library" text="upstairs" type="participant"/>
            <label from="6-10" id="28" name="ScrPart_location_library" text="fiction section" to="6-11" type="participant"/>
            <label from="6-11" id="29" name="ScrPart_location_library" text="section" type="participant"/>
            <label from="6-17" id="30" name="ScrPart_location_library" text="floor" type="participant"/>
            <label from="6-20" id="31" name="ScrPart_library" text="library" type="participant"/>
            <label from="7-2" id="32" name="ScrPart_customer" text="I" type="participant"/>
            <label from="7-6" id="33" name="ScrPart_location_library" text="fiction section" to="7-7" type="participant"/>
            <label from="7-7" id="34" name="ScrPart_location_library" text="section" type="participant"/>
            <label from="8-1" id="35" name="ScrPart_customer" text="I" type="participant"/>
            <label from="8-6" id="36" name="ScrPart_shelf" text="bookshelves" type="participant"/>
            <label from="8-11" id="37" name="ScrPart_book" text="novel" type="participant"/>
            <label from="8-15" id="38" name="ScrPart_book" text="it" type="participant"/>
            <label from="9-1" id="39" name="ScrPart_customer" text="I" type="participant"/>
            <label from="9-4" id="40" name="ScrPart_location_library" text="downstairs" type="participant"/>
            <label from="9-7" id="41" name="ScrPart_library" text="library" type="participant"/>
            <label from="9-9" id="42" name="ScrPart_check-out_desk" text="checkout desk" to="9-10" type="participant"/>
            <label from="9-10" id="43" name="ScrPart_check-out_desk" text="desk" type="participant"/>
            <label from="10-1" id="44" name="ScrPart_customer" text="I" type="participant"/>
            <label from="10-4" id="45" name="ScrPart_book" text="book" type="participant"/>
            <label from="10-7" id="46" name="ScrPart_check-out_desk" text="counter" type="participant"/>
            <label from="10-11" id="47" name="ScrPart_customer" text="my" type="participant"/>
            <label from="10-12" id="48" name="ScrPart_library_card" text="library card" to="10-13" type="participant"/>
            <label from="10-13" id="49" name="ScrPart_library_card" text="card" type="participant"/>
            <label from="10-15" id="50" name="ScrPart_customer" text="my" type="participant"/>
            <label from="10-16" id="51" name="NPart" text="wallet" type="participant"/>
            <label from="11-1" id="52" name="ScrPart_customer" text="I" type="participant"/>
            <label from="11-4" id="53" name="ScrPart_staff" text="librarian" type="participant"/>
            <label from="11-6" id="54" name="ScrPart_library_card" text="card" type="participant"/>
            <label from="11-9" id="55" name="ScrPart_staff" text="she" type="participant"/>
            <label from="11-14" id="56" name="ScrPart_book" text="book" type="participant"/>
            <label from="11-17" id="57" name="ScrPart_customer" text="my" type="participant"/>
            <label from="11-18" id="58" name="ScrPart_library_card" text="card" type="participant"/>
            <label from="12-4" id="59" name="ScrPart_receipt" text="it" type="participant"/>
            <label from="12-8" id="60" name="ScrPart_staff" text="she" type="participant"/>
            <label from="12-10" id="61" name="ScrPart_customer" text="me" type="participant"/>
            <label from="12-12" id="62" name="ScrPart_receipt" text="receipt" type="participant"/>
            <label from="12-15" id="63" name="ScrPart_return_date" text="return date" to="12-16" type="participant"/>
            <label from="12-16" id="64" name="ScrPart_return_date" text="date" type="participant"/>
            <label from="13-2" id="65" name="ScrPart_customer" text="I" type="participant"/>
            <label from="13-4" id="66" name="ScrPart_receipt" text="this" type="participant"/>
            <label from="13-6" id="67" name="ScrPart_customer" text="I" type="participant"/>
            <label from="13-9" id="68" name="ScrPart_customer" text="my" type="participant"/>
            <label from="13-10" id="69" name="NPart" text="apartment" type="participant"/>
            <label from="13-13" id="70" name="ScrPart_book" text="novel" type="participant"/>
            <label from="13-15" id="71" name="ScrPart_customer" text="my" type="participant"/>
            <label from="13-16" id="72" name="NPart" text="hand" type="participant"/>
            <label from="14-1" id="73" name="ScrPart_customer" text="I" type="participant"/>
            <label from="14-9" id="74" name="ScrPart_book" text="novel" type="participant"/>
        </participants>
        <events>
            <label from="1-2" id="75" name="ScrEv_get_library" text="paid" type="event"/>
            <label from="2-2" id="76" name="UnrelEv" text="getting" type="event"/>
            <label from="2-9" id="77" name="ScrEv_get_library" text="walked" type="event"/>
            <label from="3-3" id="78" name="UnrelEv" text="looking" type="event"/>
            <label from="3-5" id="79" name="Evoking" text="borrow a novel" to="3-7" type="event"/>
            <label from="3-12" id="80" name="UnrelEv" text="meaning" type="event"/>
            <label from="3-14" id="81" name="RelNScrEv" text="read" type="event"/>
            <label from="4-2" id="82" name="ScrEv_get_library" text="got" type="event"/>
            <label from="5-3" id="83" name="ScrEv_use_computer" text="logged" type="event"/>
            <label from="5-11" id="84" name="ScrEv_check_catalog" text="confirm" type="event"/>
            <label from="5-15" id="85" name="UnrelEv" text="was" type="event"/>
            <label from="6-2" id="86" name="ScrEv_check_catalog" text="confirming" type="event"/>
            <label from="6-6" id="87" name="RelNScrEv" text="went" type="event"/>
            <label from="6-13" id="88" name="UnrelEv" text="located" type="event"/>
            <label from="7-3" id="89" name="UnrelEv" text="was" type="event"/>
            <label from="8-2" id="90" name="ScrEv_get_shelf" text="walked" type="event"/>
            <label from="8-8" id="91" name="ScrEv_look_for_book" text="searched" type="event"/>
            <label from="8-14" id="92" name="ScrEv_take_book" text="finding" type="event"/>
            <label from="9-3" id="93" name="ScrEv_go_check_out" text="walk" type="event"/>
            <label from="10-2" id="94" name="RelNScrEv" text="placed" type="event"/>
            <label from="10-10" id="95" name="UnrelEv" text="took" type="event"/>
            <label from="11-2" id="96" name="ScrEv_show_card" text="showed" type="event"/>
            <label from="11-11" id="97" name="ScrEv_register" text="checked out" to="11-12" type="event"/>
            <label from="11-16" id="98" name="RelNScrEv" text="scanning" type="event"/>
            <label from="12-5" id="99" name="RelNScrEv" text="came out" to="12-6" type="event"/>
            <label from="12-9" id="100" name="RelNScrEv" text="handed" type="event"/>
            <label from="12-18" id="101" name="UnrelEv" text="printed" type="event"/>
            <label from="13-3" id="102" name="ScrEv_get_receipt" text="received" type="event"/>
            <label from="13-7" id="103" name="ScrEv_leave" text="walked" type="event"/>
            <label from="14-4" id="104" name="UnrelEv" text="looking" type="event"/>
            <label from="14-7" id="105" name="RelNScrEv" text="reading" type="event"/>
        </events>
        <chains>
            <chain elements="0 6 11 13 15 17 20 26 32 35 39 44 47 50 52 57 61 65 67 68 71 73"/>
            <chain elements="2 8 18 25 31 41"/>
            <chain elements="23 21" name="group_computers"/>
            <chain elements="14 24 37 38 45 56 70 74"/>
            <chain elements="29 34"/>
            <chain elements="43 46"/>
            <chain elements="49 54 58"/>
            <chain elements="53 55 60"/>
            <chain elements="59 62 66"/>
        </chains>
    </annotations>
</story>
