<?xml version="1.0" encoding="UTF-8" standalone="no"?>
<!DOCTYPE story SYSTEM "../InScript.dtd">
<story id="087" scenario="library">
    <text>
        <content>I love going to the library to check out books . 
It is probably one of my favorite places to go to , since I 'm a fairly avid reader . 
Anyway , I 'll usually bike to the library and bring a backpack with me so that I can easily bring my books home . 
The last time I went , I was looking for some books on local folklore for a class that I 'm taking . 
I quickly went to one of the computer search stations and typed in the last name of an author that I knew had written a book on the subject . 
I got back a couple more results than I had expected , so I made note of them . 
Then , I searched by just the topic of folklore , along with the tribe that I was covering . 
I found several books that looked like they might be interesting . 
So , I took the numbers for where they would be and headed off towards the Stacks . 
I followed the numbers to the different rows and picked up the books that I needed , as well as a couple other books that also sounded interesting . 
My arms full , I took them all to the checkout counter , where a nice older man scanned them and gave me a printed receipt that said when I would need to have them back by . 
All in all , it was a pretty productive trip to the library . </content>
        <sentences>
            <sentence id="1">
                <token content="I" id="1-1">
                    <pos type="PRP"/>
                    <lemma type="I"/>
                    <dep head="1-2" type="nsubj"/>
                </token>
                <token content="love" id="1-2">
                    <pos type="VBP"/>
                    <lemma type="love"/>
                </token>
                <token content="going" id="1-3">
                    <pos type="VBG"/>
                    <lemma type="go"/>
                    <dep head="1-2" type="xcomp"/>
                </token>
                <token content="to" id="1-4"/>
                <token content="the" id="1-5">
                    <pos type="DT"/>
                    <lemma type="the"/>
                </token>
                <token content="library" id="1-6">
                    <pos type="NN"/>
                    <lemma type="library"/>
                    <dep head="1-3" type="prep"/>
                </token>
                <token content="to" id="1-7">
                    <pos type="TO"/>
                    <lemma type="to"/>
                    <dep head="1-8" type="aux"/>
                </token>
                <token content="check" id="1-8">
                    <pos type="VB"/>
                    <lemma type="check"/>
                </token>
                <token content="out" id="1-9">
                    <pos type="RP"/>
                    <lemma type="out"/>
                    <dep head="1-8" type="prt"/>
                </token>
                <token content="books" id="1-10">
                    <pos type="NNS"/>
                    <lemma type="book"/>
                    <dep head="1-8" type="dobj"/>
                </token>
                <token content="." id="1-11"/>
            </sentence>
            <sentence id="2">
                <token content="It" id="2-1">
                    <pos type="PRP"/>
                    <lemma type="it"/>
                </token>
                <token content="is" id="2-2">
                    <pos type="VBZ"/>
                    <lemma type="be"/>
                </token>
                <token content="probably" id="2-3">
                    <pos type="RB"/>
                    <lemma type="probably"/>
                </token>
                <token content="one" id="2-4">
                    <pos type="CD"/>
                    <lemma type="one"/>
                </token>
                <token content="of" id="2-5"/>
                <token content="my" id="2-6">
                    <pos type="PRP$"/>
                    <lemma type="my"/>
                </token>
                <token content="favorite" id="2-7">
                    <pos type="JJ"/>
                    <lemma type="favorite"/>
                </token>
                <token content="places" id="2-8">
                    <pos type="NNS"/>
                    <lemma type="place"/>
                </token>
                <token content="to" id="2-9">
                    <pos type="TO"/>
                    <lemma type="to"/>
                    <dep head="2-10" type="aux"/>
                </token>
                <token content="go" id="2-10">
                    <pos type="VB"/>
                    <lemma type="go"/>
                </token>
                <token content="to" id="2-11">
                    <pos type="TO"/>
                    <lemma type="to"/>
                    <dep head="2-10" type="prep"/>
                </token>
                <token content="," id="2-12"/>
                <token content="since" id="2-13">
                    <pos type="IN"/>
                    <lemma type="since"/>
                </token>
                <token content="I" id="2-14">
                    <pos type="PRP"/>
                    <lemma type="I"/>
                </token>
                <token content="'m" id="2-15">
                    <pos type="VBP"/>
                    <lemma type="be"/>
                </token>
                <token content="a" id="2-16">
                    <pos type="DT"/>
                    <lemma type="a"/>
                </token>
                <token content="fairly" id="2-17">
                    <pos type="RB"/>
                    <lemma type="fairly"/>
                </token>
                <token content="avid" id="2-18">
                    <pos type="JJ"/>
                    <lemma type="avid"/>
                </token>
                <token content="reader" id="2-19">
                    <pos type="NN"/>
                    <lemma type="reader"/>
                </token>
                <token content="." id="2-20"/>
            </sentence>
            <sentence id="3">
                <token content="Anyway" id="3-1">
                    <pos type="RB"/>
                    <lemma type="anyway"/>
                    <dep head="3-6" type="advmod"/>
                </token>
                <token content="," id="3-2"/>
                <token content="I" id="3-3">
                    <pos type="PRP"/>
                    <lemma type="I"/>
                    <dep head="3-6" type="nsubj"/>
                </token>
                <token content="'ll" id="3-4">
                    <pos type="MD"/>
                    <lemma type="'ll"/>
                    <dep head="3-6" type="aux"/>
                </token>
                <token content="usually" id="3-5">
                    <pos type="RB"/>
                    <lemma type="usually"/>
                    <dep head="3-6" type="advmod"/>
                </token>
                <token content="bike" id="3-6">
                    <pos type="VB"/>
                    <lemma type="bike"/>
                </token>
                <token content="to" id="3-7"/>
                <token content="the" id="3-8">
                    <pos type="DT"/>
                    <lemma type="the"/>
                </token>
                <token content="library" id="3-9">
                    <pos type="NN"/>
                    <lemma type="library"/>
                    <dep head="3-6" type="prep"/>
                </token>
                <token content="and" id="3-10"/>
                <token content="bring" id="3-11">
                    <pos type="VB"/>
                    <lemma type="bring"/>
                    <dep head="3-6" type="conj"/>
                </token>
                <token content="a" id="3-12">
                    <pos type="DT"/>
                    <lemma type="a"/>
                </token>
                <token content="backpack" id="3-13">
                    <pos type="NN"/>
                    <lemma type="backpack"/>
                    <dep head="3-11" type="dobj"/>
                </token>
                <token content="with" id="3-14"/>
                <token content="me" id="3-15">
                    <pos type="PRP"/>
                    <lemma type="I"/>
                    <dep head="3-11" type="prep"/>
                </token>
                <token content="so" id="3-16">
                    <pos type="RB"/>
                    <lemma type="so"/>
                    <dep head="3-21" type="advmod"/>
                </token>
                <token content="that" id="3-17">
                    <pos type="IN"/>
                    <lemma type="that"/>
                    <dep head="3-21" type="mark"/>
                </token>
                <token content="I" id="3-18">
                    <pos type="PRP"/>
                    <lemma type="I"/>
                    <dep head="3-21" type="nsubj"/>
                </token>
                <token content="can" id="3-19">
                    <pos type="MD"/>
                    <lemma type="can"/>
                    <dep head="3-21" type="aux"/>
                </token>
                <token content="easily" id="3-20">
                    <pos type="RB"/>
                    <lemma type="easily"/>
                    <dep head="3-21" type="advmod"/>
                </token>
                <token content="bring" id="3-21">
                    <pos type="VB"/>
                    <lemma type="bring"/>
                    <dep head="3-11" type="advcl"/>
                </token>
                <token content="my" id="3-22">
                    <pos type="PRP$"/>
                    <lemma type="my"/>
                </token>
                <token content="books" id="3-23">
                    <pos type="NNS"/>
                    <lemma type="book"/>
                </token>
                <token content="home" id="3-24">
                    <pos type="NN"/>
                    <lemma type="home"/>
                    <dep head="3-21" type="dobj"/>
                </token>
                <token content="." id="3-25"/>
            </sentence>
            <sentence id="4">
                <token content="The" id="4-1">
                    <pos type="DT"/>
                    <lemma type="the"/>
                </token>
                <token content="last" id="4-2">
                    <pos type="JJ"/>
                    <lemma type="last"/>
                </token>
                <token content="time" id="4-3">
                    <pos type="NN"/>
                    <lemma type="time"/>
                    <dep head="4-9" type="nsubj"/>
                </token>
                <token content="I" id="4-4">
                    <pos type="PRP"/>
                    <lemma type="I"/>
                    <dep head="4-5" type="nsubj"/>
                </token>
                <token content="went" id="4-5">
                    <pos type="VBD"/>
                    <lemma type="go"/>
                </token>
                <token content="," id="4-6"/>
                <token content="I" id="4-7">
                    <pos type="PRP"/>
                    <lemma type="I"/>
                    <dep head="4-9" type="nsubj"/>
                </token>
                <token content="was" id="4-8">
                    <pos type="VBD"/>
                    <lemma type="be"/>
                    <dep head="4-9" type="aux"/>
                </token>
                <token content="looking" id="4-9">
                    <pos type="VBG"/>
                    <lemma type="look"/>
                </token>
                <token content="for" id="4-10"/>
                <token content="some" id="4-11">
                    <pos type="DT"/>
                    <lemma type="some"/>
                </token>
                <token content="books" id="4-12">
                    <pos type="NNS"/>
                    <lemma type="book"/>
                    <dep head="4-9" type="prep"/>
                </token>
                <token content="on" id="4-13"/>
                <token content="local" id="4-14">
                    <pos type="JJ"/>
                    <lemma type="local"/>
                </token>
                <token content="folklore" id="4-15">
                    <pos type="NN"/>
                    <lemma type="folklore"/>
                </token>
                <token content="for" id="4-16"/>
                <token content="a" id="4-17">
                    <pos type="DT"/>
                    <lemma type="a"/>
                </token>
                <token content="class" id="4-18">
                    <pos type="NN"/>
                    <lemma type="class"/>
                </token>
                <token content="that" id="4-19">
                    <pos type="IN"/>
                    <lemma type="that"/>
                    <dep head="4-22" type="mark"/>
                </token>
                <token content="I" id="4-20">
                    <pos type="PRP"/>
                    <lemma type="I"/>
                    <dep head="4-22" type="nsubj"/>
                </token>
                <token content="'m" id="4-21">
                    <pos type="VBP"/>
                    <lemma type="be"/>
                    <dep head="4-22" type="aux"/>
                </token>
                <token content="taking" id="4-22">
                    <pos type="VBG"/>
                    <lemma type="take"/>
                    <dep head="4-9" type="ccomp"/>
                </token>
                <token content="." id="4-23"/>
            </sentence>
            <sentence id="5">
                <token content="I" id="5-1">
                    <pos type="PRP"/>
                    <lemma type="I"/>
                    <dep head="5-3" type="nsubj"/>
                </token>
                <token content="quickly" id="5-2">
                    <pos type="RB"/>
                    <lemma type="quickly"/>
                    <dep head="5-3" type="advmod"/>
                </token>
                <token content="went" id="5-3">
                    <pos type="VBD"/>
                    <lemma type="go"/>
                </token>
                <token content="to" id="5-4"/>
                <token content="one" id="5-5">
                    <pos type="CD"/>
                    <lemma type="one"/>
                    <dep head="5-3" type="prep"/>
                </token>
                <token content="of" id="5-6"/>
                <token content="the" id="5-7">
                    <pos type="DT"/>
                    <lemma type="the"/>
                </token>
                <token content="computer" id="5-8">
                    <pos type="NN"/>
                    <lemma type="computer"/>
                </token>
                <token content="search" id="5-9">
                    <pos type="NN"/>
                    <lemma type="search"/>
                </token>
                <token content="stations" id="5-10">
                    <pos type="NNS"/>
                    <lemma type="station"/>
                </token>
                <token content="and" id="5-11"/>
                <token content="typed" id="5-12">
                    <pos type="VBN"/>
                    <lemma type="type"/>
                    <dep head="5-3" type="conj"/>
                </token>
                <token content="in" id="5-13"/>
                <token content="the" id="5-14">
                    <pos type="DT"/>
                    <lemma type="the"/>
                </token>
                <token content="last" id="5-15">
                    <pos type="JJ"/>
                    <lemma type="last"/>
                </token>
                <token content="name" id="5-16">
                    <pos type="NN"/>
                    <lemma type="name"/>
                    <dep head="5-12" type="prep"/>
                </token>
                <token content="of" id="5-17"/>
                <token content="an" id="5-18">
                    <pos type="DT"/>
                    <lemma type="a"/>
                </token>
                <token content="author" id="5-19">
                    <pos type="NN"/>
                    <lemma type="author"/>
                </token>
                <token content="that" id="5-20">
                    <pos type="IN"/>
                    <lemma type="that"/>
                    <dep head="5-22" type="mark"/>
                </token>
                <token content="I" id="5-21">
                    <pos type="PRP"/>
                    <lemma type="I"/>
                    <dep head="5-22" type="nsubj"/>
                </token>
                <token content="knew" id="5-22">
                    <pos type="VBD"/>
                    <lemma type="know"/>
                    <dep head="5-12" type="ccomp"/>
                </token>
                <token content="had" id="5-23">
                    <pos type="VBD"/>
                    <lemma type="have"/>
                    <dep head="5-24" type="aux"/>
                </token>
                <token content="written" id="5-24">
                    <pos type="VBN"/>
                    <lemma type="write"/>
                    <dep head="5-22" type="ccomp"/>
                </token>
                <token content="a" id="5-25">
                    <pos type="DT"/>
                    <lemma type="a"/>
                </token>
                <token content="book" id="5-26">
                    <pos type="NN"/>
                    <lemma type="book"/>
                    <dep head="5-24" type="dobj"/>
                </token>
                <token content="on" id="5-27"/>
                <token content="the" id="5-28">
                    <pos type="DT"/>
                    <lemma type="the"/>
                </token>
                <token content="subject" id="5-29">
                    <pos type="NN"/>
                    <lemma type="subject"/>
                </token>
                <token content="." id="5-30"/>
            </sentence>
            <sentence id="6">
                <token content="I" id="6-1">
                    <pos type="PRP"/>
                    <lemma type="I"/>
                    <dep head="6-2" type="nsubj"/>
                </token>
                <token content="got" id="6-2">
                    <pos type="VBD"/>
                    <lemma type="get"/>
                </token>
                <token content="back" id="6-3">
                    <pos type="RB"/>
                    <lemma type="back"/>
                    <dep head="6-2" type="advmod"/>
                </token>
                <token content="a" id="6-4">
                    <pos type="DT"/>
                    <lemma type="a"/>
                </token>
                <token content="couple" id="6-5">
                    <pos type="NN"/>
                    <lemma type="couple"/>
                </token>
                <token content="more" id="6-6">
                    <pos type="JJR"/>
                    <lemma type="more"/>
                </token>
                <token content="results" id="6-7">
                    <pos type="NNS"/>
                    <lemma type="result"/>
                    <dep head="6-2" type="dobj"/>
                </token>
                <token content="than" id="6-8">
                    <pos type="IN"/>
                    <lemma type="than"/>
                    <dep head="6-11" type="mark"/>
                </token>
                <token content="I" id="6-9">
                    <pos type="PRP"/>
                    <lemma type="I"/>
                    <dep head="6-11" type="nsubj"/>
                </token>
                <token content="had" id="6-10">
                    <pos type="VBD"/>
                    <lemma type="have"/>
                    <dep head="6-11" type="aux"/>
                </token>
                <token content="expected" id="6-11">
                    <pos type="VBN"/>
                    <lemma type="expect"/>
                    <dep head="6-2" type="advcl"/>
                </token>
                <token content="," id="6-12"/>
                <token content="so" id="6-13">
                    <pos type="IN"/>
                    <lemma type="so"/>
                    <dep head="6-2" type="dep"/>
                </token>
                <token content="I" id="6-14">
                    <pos type="PRP"/>
                    <lemma type="I"/>
                    <dep head="6-15" type="nsubj"/>
                </token>
                <token content="made" id="6-15">
                    <pos type="VBD"/>
                    <lemma type="make"/>
                    <dep head="6-2" type="parataxis"/>
                </token>
                <token content="note" id="6-16">
                    <pos type="NN"/>
                    <lemma type="note"/>
                    <dep head="6-15" type="dobj"/>
                </token>
                <token content="of" id="6-17"/>
                <token content="them" id="6-18">
                    <pos type="PRP"/>
                    <lemma type="they"/>
                </token>
                <token content="." id="6-19"/>
            </sentence>
            <sentence id="7">
                <token content="Then" id="7-1">
                    <pos type="RB"/>
                    <lemma type="then"/>
                    <dep head="7-4" type="advmod"/>
                </token>
                <token content="," id="7-2"/>
                <token content="I" id="7-3">
                    <pos type="PRP"/>
                    <lemma type="I"/>
                    <dep head="7-4" type="nsubj"/>
                </token>
                <token content="searched" id="7-4">
                    <pos type="VBD"/>
                    <lemma type="search"/>
                </token>
                <token content="by" id="7-5"/>
                <token content="just" id="7-6">
                    <pos type="RB"/>
                    <lemma type="just"/>
                </token>
                <token content="the" id="7-7">
                    <pos type="DT"/>
                    <lemma type="the"/>
                </token>
                <token content="topic" id="7-8">
                    <pos type="NN"/>
                    <lemma type="topic"/>
                    <dep head="7-4" type="prep"/>
                </token>
                <token content="of" id="7-9"/>
                <token content="folklore" id="7-10">
                    <pos type="NN"/>
                    <lemma type="folklore"/>
                </token>
                <token content="," id="7-11"/>
                <token content="along" id="7-12"/>
                <token content="with" id="7-13"/>
                <token content="the" id="7-14">
                    <pos type="DT"/>
                    <lemma type="the"/>
                </token>
                <token content="tribe" id="7-15">
                    <pos type="NN"/>
                    <lemma type="tribe"/>
                    <dep head="7-4" type="prep"/>
                </token>
                <token content="that" id="7-16">
                    <pos type="IN"/>
                    <lemma type="that"/>
                    <dep head="7-19" type="mark"/>
                </token>
                <token content="I" id="7-17">
                    <pos type="PRP"/>
                    <lemma type="I"/>
                    <dep head="7-19" type="nsubj"/>
                </token>
                <token content="was" id="7-18">
                    <pos type="VBD"/>
                    <lemma type="be"/>
                    <dep head="7-19" type="aux"/>
                </token>
                <token content="covering" id="7-19">
                    <pos type="VBG"/>
                    <lemma type="cover"/>
                    <dep head="7-4" type="ccomp"/>
                </token>
                <token content="." id="7-20"/>
            </sentence>
            <sentence id="8">
                <token content="I" id="8-1">
                    <pos type="PRP"/>
                    <lemma type="I"/>
                    <dep head="8-2" type="nsubj"/>
                </token>
                <token content="found" id="8-2">
                    <pos type="VBD"/>
                    <lemma type="find"/>
                </token>
                <token content="several" id="8-3">
                    <pos type="JJ"/>
                    <lemma type="several"/>
                </token>
                <token content="books" id="8-4">
                    <pos type="NNS"/>
                    <lemma type="book"/>
                    <dep head="8-2" type="dobj"/>
                </token>
                <token content="that" id="8-5">
                    <pos type="WDT"/>
                    <lemma type="that"/>
                    <dep head="8-6" type="nsubj"/>
                </token>
                <token content="looked" id="8-6">
                    <pos type="VBD"/>
                    <lemma type="look"/>
                </token>
                <token content="like" id="8-7">
                    <pos type="IN"/>
                    <lemma type="like"/>
                </token>
                <token content="they" id="8-8">
                    <pos type="PRP"/>
                    <lemma type="they"/>
                </token>
                <token content="might" id="8-9">
                    <pos type="MD"/>
                    <lemma type="might"/>
                </token>
                <token content="be" id="8-10">
                    <pos type="VB"/>
                    <lemma type="be"/>
                </token>
                <token content="interesting" id="8-11">
                    <pos type="JJ"/>
                    <lemma type="interesting"/>
                    <dep head="8-6" type="advcl"/>
                </token>
                <token content="." id="8-12"/>
            </sentence>
            <sentence id="9">
                <token content="So" id="9-1">
                    <pos type="RB"/>
                    <lemma type="so"/>
                    <dep head="9-4" type="advmod"/>
                </token>
                <token content="," id="9-2"/>
                <token content="I" id="9-3">
                    <pos type="PRP"/>
                    <lemma type="I"/>
                    <dep head="9-4" type="nsubj"/>
                </token>
                <token content="took" id="9-4">
                    <pos type="VBD"/>
                    <lemma type="take"/>
                </token>
                <token content="the" id="9-5">
                    <pos type="DT"/>
                    <lemma type="the"/>
                </token>
                <token content="numbers" id="9-6">
                    <pos type="NNS"/>
                    <lemma type="number"/>
                    <dep head="9-4" type="dobj"/>
                </token>
                <token content="for" id="9-7"/>
                <token content="where" id="9-8">
                    <pos type="WRB"/>
                    <lemma type="where"/>
                    <dep head="9-11" type="advmod"/>
                </token>
                <token content="they" id="9-9">
                    <pos type="PRP"/>
                    <lemma type="they"/>
                    <dep head="9-11" type="nsubj"/>
                </token>
                <token content="would" id="9-10">
                    <pos type="MD"/>
                    <lemma type="would"/>
                    <dep head="9-11" type="aux"/>
                </token>
                <token content="be" id="9-11">
                    <pos type="VB"/>
                    <lemma type="be"/>
                    <dep head="9-4" type="prepc"/>
                </token>
                <token content="and" id="9-12"/>
                <token content="headed" id="9-13">
                    <pos type="VBD"/>
                    <lemma type="head"/>
                    <dep head="9-4" type="conj"/>
                </token>
                <token content="off" id="9-14">
                    <pos type="RP"/>
                    <lemma type="off"/>
                    <dep head="9-13" type="prt"/>
                </token>
                <token content="towards" id="9-15"/>
                <token content="the" id="9-16">
                    <pos type="DT"/>
                    <lemma type="the"/>
                </token>
                <token content="Stacks" id="9-17">
                    <pos type="NNPS"/>
                    <lemma type="Stacks"/>
                    <dep head="9-13" type="prep"/>
                </token>
                <token content="." id="9-18"/>
            </sentence>
            <sentence id="10">
                <token content="I" id="10-1">
                    <pos type="PRP"/>
                    <lemma type="I"/>
                    <dep head="10-2" type="nsubj"/>
                </token>
                <token content="followed" id="10-2">
                    <pos type="VBD"/>
                    <lemma type="follow"/>
                </token>
                <token content="the" id="10-3">
                    <pos type="DT"/>
                    <lemma type="the"/>
                </token>
                <token content="numbers" id="10-4">
                    <pos type="NNS"/>
                    <lemma type="number"/>
                    <dep head="10-2" type="dobj"/>
                </token>
                <token content="to" id="10-5"/>
                <token content="the" id="10-6">
                    <pos type="DT"/>
                    <lemma type="the"/>
                </token>
                <token content="different" id="10-7">
                    <pos type="JJ"/>
                    <lemma type="different"/>
                </token>
                <token content="rows" id="10-8">
                    <pos type="NNS"/>
                    <lemma type="row"/>
                    <dep head="10-2" type="prep"/>
                </token>
                <token content="and" id="10-9"/>
                <token content="picked" id="10-10">
                    <pos type="VBD"/>
                    <lemma type="pick"/>
                    <dep head="10-2" type="conj"/>
                </token>
                <token content="up" id="10-11">
                    <pos type="RP"/>
                    <lemma type="up"/>
                    <dep head="10-10" type="prt"/>
                </token>
                <token content="the" id="10-12">
                    <pos type="DT"/>
                    <lemma type="the"/>
                </token>
                <token content="books" id="10-13">
                    <pos type="NNS"/>
                    <lemma type="book"/>
                    <dep head="10-10" type="dobj"/>
                </token>
                <token content="that" id="10-14">
                    <pos type="IN"/>
                    <lemma type="that"/>
                    <dep head="10-16" type="mark"/>
                </token>
                <token content="I" id="10-15">
                    <pos type="PRP"/>
                    <lemma type="I"/>
                    <dep head="10-16" type="nsubj"/>
                </token>
                <token content="needed" id="10-16">
                    <pos type="VBD"/>
                    <lemma type="need"/>
                </token>
                <token content="," id="10-17"/>
                <token content="as" id="10-18"/>
                <token content="well" id="10-19"/>
                <token content="as" id="10-20"/>
                <token content="a" id="10-21">
                    <pos type="DT"/>
                    <lemma type="a"/>
                </token>
                <token content="couple" id="10-22">
                    <pos type="JJ"/>
                    <lemma type="couple"/>
                </token>
                <token content="other" id="10-23">
                    <pos type="JJ"/>
                    <lemma type="other"/>
                </token>
                <token content="books" id="10-24">
                    <pos type="NNS"/>
                    <lemma type="book"/>
                </token>
                <token content="that" id="10-25">
                    <pos type="WDT"/>
                    <lemma type="that"/>
                    <dep head="10-27" type="nsubj"/>
                </token>
                <token content="also" id="10-26">
                    <pos type="RB"/>
                    <lemma type="also"/>
                    <dep head="10-27" type="advmod"/>
                </token>
                <token content="sounded" id="10-27">
                    <pos type="VBD"/>
                    <lemma type="sound"/>
                </token>
                <token content="interesting" id="10-28">
                    <pos type="JJ"/>
                    <lemma type="interesting"/>
                    <dep head="10-27" type="acomp"/>
                </token>
                <token content="." id="10-29"/>
            </sentence>
            <sentence id="11">
                <token content="My" id="11-1">
                    <pos type="PRP$"/>
                    <lemma type="my"/>
                </token>
                <token content="arms" id="11-2">
                    <pos type="NNS"/>
                    <lemma type="arm"/>
                    <dep head="11-6" type="ccomp"/>
                </token>
                <token content="full" id="11-3">
                    <pos type="JJ"/>
                    <lemma type="full"/>
                </token>
                <token content="," id="11-4"/>
                <token content="I" id="11-5">
                    <pos type="PRP"/>
                    <lemma type="I"/>
                    <dep head="11-6" type="nsubj"/>
                </token>
                <token content="took" id="11-6">
                    <pos type="VBD"/>
                    <lemma type="take"/>
                </token>
                <token content="them" id="11-7">
                    <pos type="PRP"/>
                    <lemma type="they"/>
                    <dep head="11-6" type="dobj"/>
                </token>
                <token content="all" id="11-8">
                    <pos type="DT"/>
                    <lemma type="all"/>
                    <dep head="11-6" type="advmod"/>
                </token>
                <token content="to" id="11-9"/>
                <token content="the" id="11-10">
                    <pos type="DT"/>
                    <lemma type="the"/>
                </token>
                <token content="checkout" id="11-11">
                    <pos type="NN"/>
                    <lemma type="checkout"/>
                </token>
                <token content="counter" id="11-12">
                    <pos type="NN"/>
                    <lemma type="counter"/>
                    <dep head="11-6" type="prep"/>
                </token>
                <token content="," id="11-13"/>
                <token content="where" id="11-14">
                    <pos type="WRB"/>
                    <lemma type="where"/>
                    <dep head="11-19" type="advmod"/>
                </token>
                <token content="a" id="11-15">
                    <pos type="DT"/>
                    <lemma type="a"/>
                </token>
                <token content="nice" id="11-16">
                    <pos type="JJ"/>
                    <lemma type="nice"/>
                </token>
                <token content="older" id="11-17">
                    <pos type="JJR"/>
                    <lemma type="older"/>
                </token>
                <token content="man" id="11-18">
                    <pos type="NN"/>
                    <lemma type="man"/>
                    <dep head="11-19" type="nsubj"/>
                </token>
                <token content="scanned" id="11-19">
                    <pos type="VBD"/>
                    <lemma type="scan"/>
                </token>
                <token content="them" id="11-20">
                    <pos type="PRP"/>
                    <lemma type="they"/>
                    <dep head="11-19" type="dobj"/>
                </token>
                <token content="and" id="11-21"/>
                <token content="gave" id="11-22">
                    <pos type="VBD"/>
                    <lemma type="give"/>
                    <dep head="11-19" type="conj"/>
                </token>
                <token content="me" id="11-23">
                    <pos type="PRP"/>
                    <lemma type="I"/>
                </token>
                <token content="a" id="11-24">
                    <pos type="DT"/>
                    <lemma type="a"/>
                </token>
                <token content="printed" id="11-25">
                    <pos type="VBN"/>
                    <lemma type="print"/>
                </token>
                <token content="receipt" id="11-26">
                    <pos type="NN"/>
                    <lemma type="receipt"/>
                    <dep head="11-22" type="xcomp"/>
                </token>
                <token content="that" id="11-27">
                    <pos type="WDT"/>
                    <lemma type="that"/>
                    <dep head="11-28" type="nsubj"/>
                </token>
                <token content="said" id="11-28">
                    <pos type="VBD"/>
                    <lemma type="say"/>
                </token>
                <token content="when" id="11-29">
                    <pos type="WRB"/>
                    <lemma type="when"/>
                    <dep head="11-32" type="advmod"/>
                </token>
                <token content="I" id="11-30">
                    <pos type="PRP"/>
                    <lemma type="I"/>
                    <dep head="11-32" type="nsubj"/>
                </token>
                <token content="would" id="11-31">
                    <pos type="MD"/>
                    <lemma type="would"/>
                    <dep head="11-32" type="aux"/>
                </token>
                <token content="need" id="11-32">
                    <pos type="VB"/>
                    <lemma type="need"/>
                    <dep head="11-28" type="advcl"/>
                </token>
                <token content="to" id="11-33">
                    <pos type="TO"/>
                    <lemma type="to"/>
                    <dep head="11-34" type="aux"/>
                </token>
                <token content="have" id="11-34">
                    <pos type="VB"/>
                    <lemma type="have"/>
                    <dep head="11-32" type="xcomp"/>
                </token>
                <token content="them" id="11-35">
                    <pos type="PRP"/>
                    <lemma type="they"/>
                    <dep head="11-36" type="nsubj"/>
                </token>
                <token content="back" id="11-36">
                    <pos type="VB"/>
                    <lemma type="back"/>
                    <dep head="11-34" type="ccomp"/>
                </token>
                <token content="by" id="11-37">
                    <pos type="IN"/>
                    <lemma type="by"/>
                    <dep head="11-36" type="prep"/>
                </token>
                <token content="." id="11-38"/>
            </sentence>
            <sentence id="12">
                <token content="All" id="12-1">
                    <pos type="DT"/>
                    <lemma type="all"/>
                </token>
                <token content="in" id="12-2"/>
                <token content="all" id="12-3">
                    <pos type="DT"/>
                    <lemma type="all"/>
                </token>
                <token content="," id="12-4"/>
                <token content="it" id="12-5">
                    <pos type="PRP"/>
                    <lemma type="it"/>
                </token>
                <token content="was" id="12-6">
                    <pos type="VBD"/>
                    <lemma type="be"/>
                </token>
                <token content="a" id="12-7">
                    <pos type="DT"/>
                    <lemma type="a"/>
                </token>
                <token content="pretty" id="12-8">
                    <pos type="RB"/>
                    <lemma type="pretty"/>
                </token>
                <token content="productive" id="12-9">
                    <pos type="JJ"/>
                    <lemma type="productive"/>
                </token>
                <token content="trip" id="12-10">
                    <pos type="NN"/>
                    <lemma type="trip"/>
                </token>
                <token content="to" id="12-11"/>
                <token content="the" id="12-12">
                    <pos type="DT"/>
                    <lemma type="the"/>
                </token>
                <token content="library" id="12-13">
                    <pos type="NN"/>
                    <lemma type="library"/>
                </token>
                <token content="." id="12-14"/>
            </sentence>
        </sentences>
    </text>
    <annotations>
        <participants>
            <label from="1-1" id="0" name="ScrPart_customer" text="I" type="participant"/>
            <label from="1-6" id="1" name="ScrPart_library" text="library" type="participant"/>
            <label from="1-10" id="2" name="ScrPart_book" text="books" type="participant"/>
            <label from="2-1" id="3" name="No_label" text="It" type="participant"/>
            <label from="2-6" id="4" name="ScrPart_customer" text="my" type="participant"/>
            <label from="2-8" id="5" name="NPart" text="places" type="participant"/>
            <label from="2-14" id="6" name="ScrPart_customer" text="I" type="participant"/>
            <label from="2-19" id="7" name="NPart" text="reader" type="participant"/>
            <label from="3-3" id="8" name="ScrPart_customer" text="I" type="participant"/>
            <label from="3-9" id="9" name="ScrPart_library" text="library" type="participant"/>
            <label from="3-13" id="10" name="ScrPart_bag" text="backpack" type="participant"/>
            <label from="3-15" id="11" name="ScrPart_customer" text="me" type="participant"/>
            <label from="3-18" id="12" name="ScrPart_customer" text="I" type="participant"/>
            <label from="3-22" id="13" name="ScrPart_customer" text="my" type="participant"/>
            <label from="3-23" id="14" name="ScrPart_book" text="books" type="participant"/>
            <label from="3-24" id="15" name="No_label" text="home" type="participant"/>
            <label from="4-3" id="16" name="NPart" text="time" type="participant"/>
            <label from="4-4" id="17" name="ScrPart_customer" text="I" type="participant"/>
            <label from="4-7" id="18" name="ScrPart_customer" text="I" type="participant"/>
            <label from="4-12" id="19" name="ScrPart_book" text="books" type="participant"/>
            <label from="4-15" id="20" name="NPart" text="folklore" type="participant"/>
            <label from="4-18" id="21" name="NPart" text="class" type="participant"/>
            <label from="4-20" id="22" name="ScrPart_customer" text="I" type="participant"/>
            <label from="5-1" id="23" name="ScrPart_customer" text="I" type="participant"/>
            <label from="5-8" id="24" name="ScrPart_institutional_devices" text="computer search stations" to="5-10" type="participant"/>
            <label from="5-10" id="25" name="ScrPart_institutional_devices" text="stations" type="participant"/>
            <label from="5-16" id="26" name="NPart" text="name" type="participant"/>
            <label from="5-19" id="27" name="ScrPart_other" text="author" type="participant"/>
            <label from="5-21" id="28" name="ScrPart_customer" text="I" type="participant"/>
            <label from="5-26" id="29" name="ScrPart_book" text="book" type="participant"/>
            <label from="5-29" id="30" name="NPart" text="subject" type="participant"/>
            <label from="6-1" id="31" name="ScrPart_customer" text="I" type="participant"/>
            <label from="6-5" id="32" name="Head_of_Partitive" text="couple" type="participant"/>
            <label from="6-7" id="33" name="NPart" text="results" type="participant"/>
            <label from="6-9" id="34" name="ScrPart_customer" text="I" type="participant"/>
            <label from="6-14" id="35" name="ScrPart_customer" text="I" type="participant"/>
            <label from="6-16" id="36" name="SuppVComp" text="note" type="participant"/>
            <label from="6-18" id="37" name="NPart" text="them" type="participant"/>
            <label from="7-3" id="38" name="ScrPart_customer" text="I" type="participant"/>
            <label from="7-8" id="39" name="NPart" text="topic" type="participant"/>
            <label from="7-10" id="40" name="NPart" text="folklore" type="participant"/>
            <label from="7-15" id="41" name="NPart" text="tribe" type="participant"/>
            <label from="7-17" id="42" name="ScrPart_customer" text="I" type="participant"/>
            <label from="8-1" id="43" name="ScrPart_customer" text="I" type="participant"/>
            <label from="8-4" id="44" name="ScrPart_book" text="books" type="participant"/>
            <label from="8-8" id="45" name="ScrPart_book" text="they" type="participant"/>
            <label from="9-3" id="46" name="ScrPart_customer" text="I" type="participant"/>
            <label from="9-6" id="47" name="ScrPart_section_id" text="numbers" type="participant"/>
            <label from="9-9" id="48" name="NPart" text="they" type="participant"/>
            <label from="9-17" id="49" name="NPart" text="Stacks" type="participant"/>
            <label from="10-1" id="50" name="ScrPart_customer" text="I" type="participant"/>
            <label from="10-4" id="51" name="ScrPart_section_id" text="numbers" type="participant"/>
            <label from="10-8" id="52" name="ScrPart_location_library" text="rows" type="participant"/>
            <label from="10-13" id="53" name="ScrPart_book" text="books" type="participant"/>
            <label from="10-15" id="54" name="ScrPart_customer" text="I" type="participant"/>
            <label from="10-22" id="55" name="Head_of_Partitive" text="couple" type="participant"/>
            <label from="10-24" id="56" name="ScrPart_book" text="books" type="participant"/>
            <label from="11-1" id="57" name="ScrPart_customer" text="My" type="participant"/>
            <label from="11-2" id="58" name="NPart" text="arms" type="participant"/>
            <label from="11-5" id="59" name="ScrPart_customer" text="I" type="participant"/>
            <label from="11-7" id="60" name="ScrPart_book" text="them" type="participant"/>
            <label from="11-11" id="61" name="ScrPart_check-out_desk" text="checkout counter" to="11-12" type="participant"/>
            <label from="11-12" id="62" name="ScrPart_check-out_desk" text="counter" type="participant"/>
            <label from="11-18" id="63" name="ScrPart_staff" text="man" type="participant"/>
            <label from="11-20" id="64" name="ScrPart_book" text="them" type="participant"/>
            <label from="11-23" id="65" name="ScrPart_customer" text="me" type="participant"/>
            <label from="11-26" id="66" name="ScrPart_receipt" text="receipt" type="participant"/>
            <label from="11-30" id="67" name="ScrPart_customer" text="I" type="participant"/>
            <label from="11-35" id="68" name="ScrPart_staff" text="them" type="participant"/>
            <label from="12-5" id="69" name="No_label" text="it" type="participant"/>
            <label from="12-10" id="70" name="NPart" text="trip" type="participant"/>
            <label from="12-13" id="71" name="ScrPart_library" text="library" type="participant"/>
        </participants>
        <events>
            <label from="1-2" id="72" name="UnrelEv" text="love" type="event"/>
            <label from="1-3" id="73" name="Evoking" text="going to the library to check out books" to="1-10" type="event"/>
            <label from="2-2" id="74" name="UnrelEv" text="is" type="event"/>
            <label from="2-10" id="75" name="UnrelEv" text="go" type="event"/>
            <label from="2-15" id="76" name="UnrelEv" text="'m" type="event"/>
            <label from="3-6" id="77" name="ScrEv_get_library" text="bike" type="event"/>
            <label from="3-11" id="78" name="UnrelEv" text="bring" type="event"/>
            <label from="3-21" id="79" name="RelNScrEv" text="bring" type="event"/>
            <label from="4-5" id="80" name="UnrelEv" text="went" type="event"/>
            <label from="4-9" id="81" name="UnrelEv" text="looking for" to="4-10" type="event"/>
            <label from="4-9" id="82" name="UnrelEv" text="looking" type="event"/>
            <label from="4-22" id="83" name="UnrelEv" text="taking" type="event"/>
            <label from="5-3" id="84" name="UnrelEv" text="went" type="event"/>
            <label from="5-12" id="85" name="ScrEv_use_computer" text="typed in" to="5-13" type="event"/>
            <label from="5-12" id="86" name="ScrEv_use_computer" text="typed" type="event"/>
            <label from="5-22" id="87" name="UnrelEv" text="knew" type="event"/>
            <label from="5-24" id="88" name="UnrelEv" text="written" type="event"/>
            <label from="6-2" id="89" name="UnrelEv" text="got back" to="6-3" type="event"/>
            <label from="6-2" id="90" name="UnrelEv" text="got" type="event"/>
            <label from="6-11" id="91" name="UnrelEv" text="expected" type="event"/>
            <label from="6-15" id="92" name="ScrEv_note_shelf" text="made" type="event"/>
            <label from="7-4" id="93" name="ScrEv_use_computer" text="searched" type="event"/>
            <label from="7-19" id="94" name="UnrelEv" text="covering" type="event"/>
            <label from="8-2" id="95" name="RelNScrEv" text="found" type="event"/>
            <label from="8-6" id="96" name="UnrelEv" text="looked" type="event"/>
            <label from="8-10" id="97" name="UnrelEv" text="be" type="event"/>
            <label from="9-4" id="98" name="ScrEv_note_shelf" text="took" type="event"/>
            <label from="9-13" id="99" name="UnrelEv" text="headed off" to="9-14" type="event"/>
            <label from="9-13" id="100" name="UnrelEv" text="headed" type="event"/>
            <label from="10-2" id="101" name="UnrelEv" text="followed" type="event"/>
            <label from="10-10" id="102" name="ScrEv_take_book" text="picked up" to="10-11" type="event"/>
            <label from="10-10" id="103" name="ScrEv_take_book" text="picked" type="event"/>
            <label from="10-16" id="104" name="UnrelEv" text="needed" type="event"/>
            <label from="10-27" id="105" name="UnrelEv" text="sounded" type="event"/>
            <label from="11-6" id="106" name="ScrEv_go_check_out" text="took" type="event"/>
            <label from="11-19" id="107" name="ScrEv_register" text="scanned" type="event"/>
            <label from="11-22" id="108" name="ScrEv_other" text="gave" type="event"/>
            <label from="11-25" id="109" name="UnrelEv" text="printed" type="event"/>
            <label from="11-28" id="110" name="UnrelEv" text="said" type="event"/>
            <label from="11-34" id="111" name="UnrelEv" text="have" type="event"/>
            <label from="12-6" id="112" name="UnrelEv" text="was" type="event"/>
        </events>
        <chains>
            <chain elements="0 4 6 8 11 12 13 17 18 22 23 28 31 34 35 38 42 43 46 50 54 57 59 65 67"/>
            <chain elements="1 9 71"/>
            <chain elements="2 14 19 29 44 45 53 56 60 64 68"/>
        </chains>
    </annotations>
</story>
