<?xml version="1.0" encoding="UTF-8" standalone="no"?>
<!DOCTYPE story SYSTEM "../InScript.dtd">
<story id="024" scenario="library">
    <text>
        <content>I went to the library to borrow a book I needed for a research paper . 
I went inside the library and went to the section that contained the type of books I needed to do my research on . 
After finding the right section , I looked through the selections of books they had . 
I quicly looked through a few of the books to see what type of information they had . 
After finding the book I wanted to borrow I took it to the counter so I could check it out and borrow it for a few days . 
At the counter , the librarian asked for my library card . 
I took the library card out of my wallet and gave it to her . 
She collected my information and gave me the book and my library card . 
I then exited the library and took the book home . 
I am glad I had the library card because the book was really useful for helping me do my research paper . </content>
        <sentences>
            <sentence id="1">
                <token content="I" id="1-1">
                    <pos type="PRP"/>
                    <lemma type="I"/>
                    <dep head="1-2" type="nsubj"/>
                </token>
                <token content="went" id="1-2">
                    <pos type="VBD"/>
                    <lemma type="go"/>
                </token>
                <token content="to" id="1-3"/>
                <token content="the" id="1-4">
                    <pos type="DT"/>
                    <lemma type="the"/>
                </token>
                <token content="library" id="1-5">
                    <pos type="NN"/>
                    <lemma type="library"/>
                    <dep head="1-2" type="prep"/>
                </token>
                <token content="to" id="1-6">
                    <pos type="TO"/>
                    <lemma type="to"/>
                    <dep head="1-7" type="aux"/>
                </token>
                <token content="borrow" id="1-7">
                    <pos type="VB"/>
                    <lemma type="borrow"/>
                    <dep head="1-2" type="xcomp"/>
                </token>
                <token content="a" id="1-8">
                    <pos type="DT"/>
                    <lemma type="a"/>
                </token>
                <token content="book" id="1-9">
                    <pos type="NN"/>
                    <lemma type="book"/>
                    <dep head="1-7" type="dobj"/>
                </token>
                <token content="I" id="1-10">
                    <pos type="PRP"/>
                    <lemma type="I"/>
                    <dep head="1-11" type="nsubj"/>
                </token>
                <token content="needed" id="1-11">
                    <pos type="VBD"/>
                    <lemma type="need"/>
                </token>
                <token content="for" id="1-12"/>
                <token content="a" id="1-13">
                    <pos type="DT"/>
                    <lemma type="a"/>
                </token>
                <token content="research" id="1-14">
                    <pos type="NN"/>
                    <lemma type="research"/>
                </token>
                <token content="paper" id="1-15">
                    <pos type="NN"/>
                    <lemma type="paper"/>
                    <dep head="1-11" type="prep"/>
                </token>
                <token content="." id="1-16"/>
            </sentence>
            <sentence id="2">
                <token content="I" id="2-1">
                    <pos type="PRP"/>
                    <lemma type="I"/>
                    <dep head="2-2" type="nsubj"/>
                </token>
                <token content="went" id="2-2">
                    <pos type="VBD"/>
                    <lemma type="go"/>
                </token>
                <token content="inside" id="2-3"/>
                <token content="the" id="2-4">
                    <pos type="DT"/>
                    <lemma type="the"/>
                </token>
                <token content="library" id="2-5">
                    <pos type="NN"/>
                    <lemma type="library"/>
                    <dep head="2-2" type="prep"/>
                </token>
                <token content="and" id="2-6"/>
                <token content="went" id="2-7">
                    <pos type="VBD"/>
                    <lemma type="go"/>
                    <dep head="2-2" type="conj"/>
                </token>
                <token content="to" id="2-8"/>
                <token content="the" id="2-9">
                    <pos type="DT"/>
                    <lemma type="the"/>
                </token>
                <token content="section" id="2-10">
                    <pos type="NN"/>
                    <lemma type="section"/>
                    <dep head="2-7" type="prep"/>
                </token>
                <token content="that" id="2-11">
                    <pos type="WDT"/>
                    <lemma type="that"/>
                    <dep head="2-12" type="nsubj"/>
                </token>
                <token content="contained" id="2-12">
                    <pos type="VBD"/>
                    <lemma type="contain"/>
                </token>
                <token content="the" id="2-13">
                    <pos type="DT"/>
                    <lemma type="the"/>
                </token>
                <token content="type" id="2-14">
                    <pos type="NN"/>
                    <lemma type="type"/>
                    <dep head="2-12" type="dobj"/>
                </token>
                <token content="of" id="2-15"/>
                <token content="books" id="2-16">
                    <pos type="NNS"/>
                    <lemma type="book"/>
                </token>
                <token content="I" id="2-17">
                    <pos type="PRP"/>
                    <lemma type="I"/>
                    <dep head="2-18" type="nsubj"/>
                </token>
                <token content="needed" id="2-18">
                    <pos type="VBD"/>
                    <lemma type="need"/>
                </token>
                <token content="to" id="2-19">
                    <pos type="TO"/>
                    <lemma type="to"/>
                    <dep head="2-20" type="aux"/>
                </token>
                <token content="do" id="2-20">
                    <pos type="VB"/>
                    <lemma type="do"/>
                    <dep head="2-18" type="xcomp"/>
                </token>
                <token content="my" id="2-21">
                    <pos type="PRP$"/>
                    <lemma type="my"/>
                </token>
                <token content="research" id="2-22">
                    <pos type="NN"/>
                    <lemma type="research"/>
                    <dep head="2-20" type="dobj"/>
                </token>
                <token content="on" id="2-23">
                    <pos type="RP"/>
                    <lemma type="on"/>
                    <dep head="2-20" type="prt"/>
                </token>
                <token content="." id="2-24"/>
            </sentence>
            <sentence id="3">
                <token content="After" id="3-1"/>
                <token content="finding" id="3-2">
                    <pos type="VBG"/>
                    <lemma type="find"/>
                    <dep head="3-8" type="prepc"/>
                </token>
                <token content="the" id="3-3">
                    <pos type="DT"/>
                    <lemma type="the"/>
                </token>
                <token content="right" id="3-4">
                    <pos type="JJ"/>
                    <lemma type="right"/>
                </token>
                <token content="section" id="3-5">
                    <pos type="NN"/>
                    <lemma type="section"/>
                    <dep head="3-2" type="dobj"/>
                </token>
                <token content="," id="3-6"/>
                <token content="I" id="3-7">
                    <pos type="PRP"/>
                    <lemma type="I"/>
                    <dep head="3-8" type="nsubj"/>
                </token>
                <token content="looked" id="3-8">
                    <pos type="VBD"/>
                    <lemma type="look"/>
                </token>
                <token content="through" id="3-9"/>
                <token content="the" id="3-10">
                    <pos type="DT"/>
                    <lemma type="the"/>
                </token>
                <token content="selections" id="3-11">
                    <pos type="NNS"/>
                    <lemma type="selection"/>
                    <dep head="3-8" type="prep"/>
                </token>
                <token content="of" id="3-12"/>
                <token content="books" id="3-13">
                    <pos type="NNS"/>
                    <lemma type="book"/>
                </token>
                <token content="they" id="3-14">
                    <pos type="PRP"/>
                    <lemma type="they"/>
                    <dep head="3-15" type="nsubj"/>
                </token>
                <token content="had" id="3-15">
                    <pos type="VBD"/>
                    <lemma type="have"/>
                    <dep head="3-8" type="ccomp"/>
                </token>
                <token content="." id="3-16"/>
            </sentence>
            <sentence id="4">
                <token content="I" id="4-1">
                    <pos type="PRP"/>
                    <lemma type="I"/>
                    <dep head="4-3" type="nsubj"/>
                </token>
                <token content="quicly" id="4-2">
                    <pos type="RB"/>
                    <lemma type="quicly"/>
                    <dep head="4-3" type="advmod"/>
                </token>
                <token content="looked" id="4-3">
                    <pos type="VBD"/>
                    <lemma type="look"/>
                </token>
                <token content="through" id="4-4"/>
                <token content="a" id="4-5">
                    <pos type="DT"/>
                    <lemma type="a"/>
                </token>
                <token content="few" id="4-6">
                    <pos type="JJ"/>
                    <lemma type="few"/>
                    <dep head="4-3" type="prep"/>
                </token>
                <token content="of" id="4-7"/>
                <token content="the" id="4-8">
                    <pos type="DT"/>
                    <lemma type="the"/>
                </token>
                <token content="books" id="4-9">
                    <pos type="NNS"/>
                    <lemma type="book"/>
                </token>
                <token content="to" id="4-10">
                    <pos type="TO"/>
                    <lemma type="to"/>
                    <dep head="4-11" type="aux"/>
                </token>
                <token content="see" id="4-11">
                    <pos type="VB"/>
                    <lemma type="see"/>
                    <dep head="4-3" type="xcomp"/>
                </token>
                <token content="what" id="4-12">
                    <pos type="WP"/>
                    <lemma type="what"/>
                </token>
                <token content="type" id="4-13">
                    <pos type="NN"/>
                    <lemma type="type"/>
                    <dep head="4-17" type="dobj"/>
                </token>
                <token content="of" id="4-14"/>
                <token content="information" id="4-15">
                    <pos type="NN"/>
                    <lemma type="information"/>
                </token>
                <token content="they" id="4-16">
                    <pos type="PRP"/>
                    <lemma type="they"/>
                    <dep head="4-17" type="nsubj"/>
                </token>
                <token content="had" id="4-17">
                    <pos type="VBD"/>
                    <lemma type="have"/>
                    <dep head="4-11" type="ccomp"/>
                </token>
                <token content="." id="4-18"/>
            </sentence>
            <sentence id="5">
                <token content="After" id="5-1"/>
                <token content="finding" id="5-2">
                    <pos type="VBG"/>
                    <lemma type="find"/>
                    <dep head="5-6" type="prepc"/>
                </token>
                <token content="the" id="5-3">
                    <pos type="DT"/>
                    <lemma type="the"/>
                </token>
                <token content="book" id="5-4">
                    <pos type="NN"/>
                    <lemma type="book"/>
                    <dep head="5-2" type="dobj"/>
                </token>
                <token content="I" id="5-5">
                    <pos type="PRP"/>
                    <lemma type="I"/>
                    <dep head="5-6" type="nsubj"/>
                </token>
                <token content="wanted" id="5-6">
                    <pos type="VBD"/>
                    <lemma type="want"/>
                </token>
                <token content="to" id="5-7">
                    <pos type="TO"/>
                    <lemma type="to"/>
                    <dep head="5-8" type="aux"/>
                </token>
                <token content="borrow" id="5-8">
                    <pos type="VB"/>
                    <lemma type="borrow"/>
                    <dep head="5-6" type="xcomp"/>
                </token>
                <token content="I" id="5-9">
                    <pos type="PRP"/>
                    <lemma type="I"/>
                    <dep head="5-10" type="nsubj"/>
                </token>
                <token content="took" id="5-10">
                    <pos type="VBD"/>
                    <lemma type="take"/>
                    <dep head="5-8" type="ccomp"/>
                </token>
                <token content="it" id="5-11">
                    <pos type="PRP"/>
                    <lemma type="it"/>
                    <dep head="5-10" type="dobj"/>
                </token>
                <token content="to" id="5-12"/>
                <token content="the" id="5-13">
                    <pos type="DT"/>
                    <lemma type="the"/>
                </token>
                <token content="counter" id="5-14">
                    <pos type="NN"/>
                    <lemma type="counter"/>
                    <dep head="5-10" type="prep"/>
                </token>
                <token content="so" id="5-15">
                    <pos type="IN"/>
                    <lemma type="so"/>
                    <dep head="5-18" type="mark"/>
                </token>
                <token content="I" id="5-16">
                    <pos type="PRP"/>
                    <lemma type="I"/>
                    <dep head="5-18" type="nsubj"/>
                </token>
                <token content="could" id="5-17">
                    <pos type="MD"/>
                    <lemma type="could"/>
                    <dep head="5-18" type="aux"/>
                </token>
                <token content="check" id="5-18">
                    <pos type="VB"/>
                    <lemma type="check"/>
                    <dep head="5-10" type="advcl"/>
                </token>
                <token content="it" id="5-19">
                    <pos type="PRP"/>
                    <lemma type="it"/>
                    <dep head="5-18" type="dobj"/>
                </token>
                <token content="out" id="5-20">
                    <pos type="RP"/>
                    <lemma type="out"/>
                    <dep head="5-18" type="prt"/>
                </token>
                <token content="and" id="5-21"/>
                <token content="borrow" id="5-22">
                    <pos type="VB"/>
                    <lemma type="borrow"/>
                    <dep head="5-18" type="conj"/>
                </token>
                <token content="it" id="5-23">
                    <pos type="PRP"/>
                    <lemma type="it"/>
                    <dep head="5-22" type="dobj"/>
                </token>
                <token content="for" id="5-24"/>
                <token content="a" id="5-25">
                    <pos type="DT"/>
                    <lemma type="a"/>
                </token>
                <token content="few" id="5-26">
                    <pos type="JJ"/>
                    <lemma type="few"/>
                </token>
                <token content="days" id="5-27">
                    <pos type="NNS"/>
                    <lemma type="day"/>
                    <dep head="5-22" type="prep"/>
                </token>
                <token content="." id="5-28"/>
            </sentence>
            <sentence id="6">
                <token content="At" id="6-1"/>
                <token content="the" id="6-2">
                    <pos type="DT"/>
                    <lemma type="the"/>
                </token>
                <token content="counter" id="6-3">
                    <pos type="NN"/>
                    <lemma type="counter"/>
                    <dep head="6-7" type="prep"/>
                </token>
                <token content="," id="6-4"/>
                <token content="the" id="6-5">
                    <pos type="DT"/>
                    <lemma type="the"/>
                </token>
                <token content="librarian" id="6-6">
                    <pos type="NN"/>
                    <lemma type="librarian"/>
                    <dep head="6-7" type="nsubj"/>
                </token>
                <token content="asked" id="6-7">
                    <pos type="VBD"/>
                    <lemma type="ask"/>
                </token>
                <token content="for" id="6-8"/>
                <token content="my" id="6-9">
                    <pos type="PRP$"/>
                    <lemma type="my"/>
                </token>
                <token content="library" id="6-10">
                    <pos type="NN"/>
                    <lemma type="library"/>
                </token>
                <token content="card" id="6-11">
                    <pos type="NN"/>
                    <lemma type="card"/>
                    <dep head="6-7" type="prep"/>
                </token>
                <token content="." id="6-12"/>
            </sentence>
            <sentence id="7">
                <token content="I" id="7-1">
                    <pos type="PRP"/>
                    <lemma type="I"/>
                    <dep head="7-2" type="nsubj"/>
                </token>
                <token content="took" id="7-2">
                    <pos type="VBD"/>
                    <lemma type="take"/>
                </token>
                <token content="the" id="7-3">
                    <pos type="DT"/>
                    <lemma type="the"/>
                </token>
                <token content="library" id="7-4">
                    <pos type="NN"/>
                    <lemma type="library"/>
                </token>
                <token content="card" id="7-5">
                    <pos type="NN"/>
                    <lemma type="card"/>
                    <dep head="7-2" type="dobj"/>
                </token>
                <token content="out" id="7-6"/>
                <token content="of" id="7-7"/>
                <token content="my" id="7-8">
                    <pos type="PRP$"/>
                    <lemma type="my"/>
                </token>
                <token content="wallet" id="7-9">
                    <pos type="NN"/>
                    <lemma type="wallet"/>
                    <dep head="7-2" type="prep"/>
                </token>
                <token content="and" id="7-10"/>
                <token content="gave" id="7-11">
                    <pos type="VBD"/>
                    <lemma type="give"/>
                    <dep head="7-2" type="conj"/>
                </token>
                <token content="it" id="7-12">
                    <pos type="PRP"/>
                    <lemma type="it"/>
                    <dep head="7-11" type="dobj"/>
                </token>
                <token content="to" id="7-13"/>
                <token content="her" id="7-14">
                    <pos type="PRP"/>
                    <lemma type="she"/>
                    <dep head="7-11" type="prep"/>
                </token>
                <token content="." id="7-15"/>
            </sentence>
            <sentence id="8">
                <token content="She" id="8-1">
                    <pos type="PRP"/>
                    <lemma type="she"/>
                    <dep head="8-2" type="nsubj"/>
                </token>
                <token content="collected" id="8-2">
                    <pos type="VBD"/>
                    <lemma type="collect"/>
                </token>
                <token content="my" id="8-3">
                    <pos type="PRP$"/>
                    <lemma type="my"/>
                </token>
                <token content="information" id="8-4">
                    <pos type="NN"/>
                    <lemma type="information"/>
                    <dep head="8-2" type="dobj"/>
                </token>
                <token content="and" id="8-5"/>
                <token content="gave" id="8-6">
                    <pos type="VBD"/>
                    <lemma type="give"/>
                    <dep head="8-2" type="conj"/>
                </token>
                <token content="me" id="8-7">
                    <pos type="PRP"/>
                    <lemma type="I"/>
                    <dep head="8-6" type="iobj"/>
                </token>
                <token content="the" id="8-8">
                    <pos type="DT"/>
                    <lemma type="the"/>
                </token>
                <token content="book" id="8-9">
                    <pos type="NN"/>
                    <lemma type="book"/>
                    <dep head="8-6" type="dobj"/>
                </token>
                <token content="and" id="8-10"/>
                <token content="my" id="8-11">
                    <pos type="PRP$"/>
                    <lemma type="my"/>
                </token>
                <token content="library" id="8-12">
                    <pos type="NN"/>
                    <lemma type="library"/>
                </token>
                <token content="card" id="8-13">
                    <pos type="NN"/>
                    <lemma type="card"/>
                </token>
                <token content="." id="8-14"/>
            </sentence>
            <sentence id="9">
                <token content="I" id="9-1">
                    <pos type="PRP"/>
                    <lemma type="I"/>
                    <dep head="9-3" type="nsubj"/>
                </token>
                <token content="then" id="9-2">
                    <pos type="RB"/>
                    <lemma type="then"/>
                    <dep head="9-3" type="advmod"/>
                </token>
                <token content="exited" id="9-3">
                    <pos type="VBD"/>
                    <lemma type="exit"/>
                </token>
                <token content="the" id="9-4">
                    <pos type="DT"/>
                    <lemma type="the"/>
                </token>
                <token content="library" id="9-5">
                    <pos type="NN"/>
                    <lemma type="library"/>
                    <dep head="9-3" type="dobj"/>
                </token>
                <token content="and" id="9-6"/>
                <token content="took" id="9-7">
                    <pos type="VBD"/>
                    <lemma type="take"/>
                    <dep head="9-3" type="conj"/>
                </token>
                <token content="the" id="9-8">
                    <pos type="DT"/>
                    <lemma type="the"/>
                </token>
                <token content="book" id="9-9">
                    <pos type="NN"/>
                    <lemma type="book"/>
                </token>
                <token content="home" id="9-10">
                    <pos type="NN"/>
                    <lemma type="home"/>
                    <dep head="9-7" type="dobj"/>
                </token>
                <token content="." id="9-11"/>
            </sentence>
            <sentence id="10">
                <token content="I" id="10-1">
                    <pos type="PRP"/>
                    <lemma type="I"/>
                </token>
                <token content="am" id="10-2">
                    <pos type="VBP"/>
                    <lemma type="be"/>
                </token>
                <token content="glad" id="10-3">
                    <pos type="JJ"/>
                    <lemma type="glad"/>
                </token>
                <token content="I" id="10-4">
                    <pos type="PRP"/>
                    <lemma type="I"/>
                    <dep head="10-5" type="nsubj"/>
                </token>
                <token content="had" id="10-5">
                    <pos type="VBD"/>
                    <lemma type="have"/>
                </token>
                <token content="the" id="10-6">
                    <pos type="DT"/>
                    <lemma type="the"/>
                </token>
                <token content="library" id="10-7">
                    <pos type="NN"/>
                    <lemma type="library"/>
                </token>
                <token content="card" id="10-8">
                    <pos type="NN"/>
                    <lemma type="card"/>
                    <dep head="10-5" type="dobj"/>
                </token>
                <token content="because" id="10-9">
                    <pos type="IN"/>
                    <lemma type="because"/>
                </token>
                <token content="the" id="10-10">
                    <pos type="DT"/>
                    <lemma type="the"/>
                </token>
                <token content="book" id="10-11">
                    <pos type="NN"/>
                    <lemma type="book"/>
                </token>
                <token content="was" id="10-12">
                    <pos type="VBD"/>
                    <lemma type="be"/>
                </token>
                <token content="really" id="10-13">
                    <pos type="RB"/>
                    <lemma type="really"/>
                </token>
                <token content="useful" id="10-14">
                    <pos type="JJ"/>
                    <lemma type="useful"/>
                    <dep head="10-5" type="advcl"/>
                </token>
                <token content="for" id="10-15"/>
                <token content="helping" id="10-16">
                    <pos type="VBG"/>
                    <lemma type="help"/>
                </token>
                <token content="me" id="10-17">
                    <pos type="PRP"/>
                    <lemma type="I"/>
                    <dep head="10-18" type="nsubj"/>
                </token>
                <token content="do" id="10-18">
                    <pos type="VBP"/>
                    <lemma type="do"/>
                    <dep head="10-16" type="ccomp"/>
                </token>
                <token content="my" id="10-19">
                    <pos type="PRP$"/>
                    <lemma type="my"/>
                </token>
                <token content="research" id="10-20">
                    <pos type="NN"/>
                    <lemma type="research"/>
                </token>
                <token content="paper" id="10-21">
                    <pos type="NN"/>
                    <lemma type="paper"/>
                    <dep head="10-18" type="dobj"/>
                </token>
                <token content="." id="10-22"/>
            </sentence>
        </sentences>
    </text>
    <annotations>
        <participants>
            <label from="1-1" id="0" name="ScrPart_customer" text="I" type="participant"/>
            <label from="1-5" id="1" name="ScrPart_library" text="library" type="participant"/>
            <label from="1-9" id="2" name="ScrPart_book" text="book" type="participant"/>
            <label from="1-10" id="3" name="ScrPart_customer" text="I" type="participant"/>
            <label from="1-14" id="4" name="NPart" text="research paper" to="1-15" type="participant"/>
            <label from="2-1" id="5" name="ScrPart_customer" text="I" type="participant"/>
            <label from="2-5" id="6" name="ScrPart_library" text="library" type="participant"/>
            <label from="2-10" id="7" name="ScrPart_location_library" text="section" type="participant"/>
            <label from="2-14" id="8" name="NPart" text="type" type="participant"/>
            <label from="2-16" id="9" name="ScrPart_book" text="books" type="participant"/>
            <label from="2-17" id="10" name="ScrPart_customer" text="I" type="participant"/>
            <label from="2-21" id="11" name="ScrPart_customer" text="my" type="participant"/>
            <label from="2-22" id="12" name="NPart" text="research" type="participant"/>
            <label from="3-5" id="13" name="ScrPart_location_library" text="section" type="participant"/>
            <label from="3-7" id="14" name="ScrPart_customer" text="I" type="participant"/>
            <label from="3-11" id="15" name="NPart" text="selections" type="participant"/>
            <label from="3-13" id="16" name="ScrPart_book" text="books" type="participant"/>
            <label from="3-14" id="17" name="ScrPart_staff" text="they" type="participant"/>
            <label from="4-1" id="18" name="ScrPart_customer" text="I" type="participant"/>
            <label from="4-9" id="19" name="ScrPart_book" text="books" type="participant"/>
            <label from="4-13" id="20" name="NPart" text="type" type="participant"/>
            <label from="4-15" id="21" name="NPart" text="information" type="participant"/>
            <label from="4-16" id="22" name="ScrPart_book" text="they" type="participant"/>
            <label from="5-4" id="23" name="ScrPart_book" text="book" type="participant"/>
            <label from="5-5" id="24" name="ScrPart_customer" text="I" type="participant"/>
            <label from="5-9" id="25" name="ScrPart_customer" text="I" type="participant"/>
            <label from="5-11" id="26" name="ScrPart_book" text="it" type="participant"/>
            <label from="5-14" id="27" name="ScrPart_check-out_desk" text="counter" type="participant"/>
            <label from="5-16" id="28" name="ScrPart_customer" text="I" type="participant"/>
            <label from="5-19" id="29" name="ScrPart_book" text="it" type="participant"/>
            <label from="5-23" id="30" name="ScrPart_book" text="it" type="participant"/>
            <label from="5-27" id="31" name="NPart" text="days" type="participant"/>
            <label from="6-3" id="32" name="ScrPart_check-out_desk" text="counter" type="participant"/>
            <label from="6-6" id="33" name="ScrPart_staff" text="librarian" type="participant"/>
            <label from="6-9" id="34" name="ScrPart_customer" text="my" type="participant"/>
            <label from="6-10" id="35" name="ScrPart_library_card" text="library card" to="6-11" type="participant"/>
            <label from="6-11" id="36" name="ScrPart_library_card" text="card" type="participant"/>
            <label from="7-1" id="37" name="ScrPart_customer" text="I" type="participant"/>
            <label from="7-4" id="38" name="ScrPart_library_card" text="library card" to="7-5" type="participant"/>
            <label from="7-5" id="39" name="ScrPart_library_card" text="card" type="participant"/>
            <label from="7-8" id="40" name="ScrPart_customer" text="my" type="participant"/>
            <label from="7-9" id="41" name="NPart" text="wallet" type="participant"/>
            <label from="7-12" id="42" name="ScrPart_library_card" text="it" type="participant"/>
            <label from="7-14" id="43" name="ScrPart_staff" text="her" type="participant"/>
            <label from="8-1" id="44" name="ScrPart_staff" text="She" type="participant"/>
            <label from="8-3" id="45" name="ScrPart_customer" text="my" type="participant"/>
            <label from="8-4" id="46" name="NPart" text="information" type="participant"/>
            <label from="8-7" id="47" name="ScrPart_customer" text="me" type="participant"/>
            <label from="8-9" id="48" name="ScrPart_book" text="book" type="participant"/>
            <label from="8-11" id="49" name="ScrPart_customer" text="my" type="participant"/>
            <label from="8-12" id="50" name="ScrPart_library_card" text="library card" to="8-13" type="participant"/>
            <label from="8-13" id="51" name="ScrPart_library_card" text="card" type="participant"/>
            <label from="9-1" id="52" name="ScrPart_customer" text="I" type="participant"/>
            <label from="9-5" id="53" name="ScrPart_library" text="library" type="participant"/>
            <label from="9-9" id="54" name="ScrPart_book" text="book" type="participant"/>
            <label from="9-10" id="55" name="NPart" text="home" type="participant"/>
            <label from="10-1" id="56" name="ScrPart_customer" text="I" type="participant"/>
            <label from="10-4" id="57" name="ScrPart_customer" text="I" type="participant"/>
            <label from="10-7" id="58" name="ScrPart_library_card" text="library card" to="10-8" type="participant"/>
            <label from="10-8" id="59" name="ScrPart_library_card" text="card" type="participant"/>
            <label from="10-11" id="60" name="ScrPart_book" text="book" type="participant"/>
            <label from="10-17" id="61" name="ScrPart_customer" text="me" type="participant"/>
            <label from="10-19" id="62" name="ScrPart_customer" text="my" type="participant"/>
            <label from="10-20" id="63" name="NPart" text="research paper" to="10-21" type="participant"/>
            <label from="10-21" id="64" name="NPart" text="paper" type="participant"/>
        </participants>
        <events>
            <label from="1-2" id="65" name="ScrEv_get_library" text="went" type="event"/>
            <label from="1-7" id="66" name="Evoking" text="borrow a book" to="1-9" type="event"/>
            <label from="1-11" id="67" name="UnrelEv" text="needed" type="event"/>
            <label from="2-2" id="68" name="RelNScrEv" text="went" type="event"/>
            <label from="2-7" id="69" name="ScrEv_get_shelf" text="went" type="event"/>
            <label from="2-12" id="70" name="UnrelEv" text="contained" type="event"/>
            <label from="2-18" id="71" name="UnrelEv" text="needed" type="event"/>
            <label from="2-20" id="72" name="UnrelEv" text="do" type="event"/>
            <label from="3-2" id="73" name="RelNScrEv" text="finding" type="event"/>
            <label from="3-8" id="74" name="ScrEv_look_for_book" text="looked" type="event"/>
            <label from="3-15" id="75" name="UnrelEv" text="had" type="event"/>
            <label from="4-3" id="76" name="RelNScrEv" text="looked" type="event"/>
            <label from="4-11" id="77" name="RelNScrEv" text="see" type="event"/>
            <label from="4-17" id="78" name="UnrelEv" text="had" type="event"/>
            <label from="5-2" id="79" name="ScrEv_take_book" text="finding" type="event"/>
            <label from="5-8" id="80" name="Evoking" text="borrow" type="event"/>
            <label from="5-10" id="81" name="ScrEv_go_check_out" text="took" type="event"/>
            <label from="5-18" id="82" name="ScrEv_register" text="check" type="event"/>
            <label from="5-22" id="83" name="Evoking" text="borrow it" to="5-23" type="event"/>
            <label from="6-7" id="84" name="RelNScrEv" text="asked" type="event"/>
            <label from="7-2" id="85" name="RelNScrEv" text="took" type="event"/>
            <label from="7-11" id="86" name="ScrEv_show_card" text="gave" type="event"/>
            <label from="8-2" id="87" name="RelNScrEv" text="collected" type="event"/>
            <label from="8-6" id="88" name="RelNScrEv" text="gave" type="event"/>
            <label from="9-3" id="89" name="ScrEv_leave" text="exited" type="event"/>
            <label from="9-7" id="90" name="RelNScrEv" text="took" type="event"/>
            <label from="10-5" id="91" name="UnrelEv" text="had" type="event"/>
            <label from="10-12" id="92" name="UnrelEv" text="was" type="event"/>
            <label from="10-16" id="93" name="UnrelEv" text="helping" type="event"/>
            <label from="10-18" id="94" name="UnrelEv" text="do" type="event"/>
        </events>
        <chains>
            <chain elements="9 2" name="group_books"/>
            <chain elements="0 3 5 10 11 14 18 24 25 28 34 37 40 45 47 49 52 56 57 61 62"/>
            <chain elements="1 6 53"/>
            <chain elements="7 13"/>
            <chain elements="9 16 19 22"/>
            <chain elements="2 23 26 29 30 48 54 60"/>
            <chain elements="27 32"/>
            <chain elements="17 33" name="group_staff"/>
            <chain elements="36 39 42 51 59"/>
            <chain elements="33 43 44"/>
        </chains>
    </annotations>
</story>
