<?xml version="1.0" encoding="UTF-8" standalone="no"?>
<!DOCTYPE story SYSTEM "../InScript.dtd">
<story id="021" scenario="library">
    <text>
        <content>After enrolling in a basic college geometry class , I realized very early on that I needed to supplement what I was learning in class with an additional book that went over some of the basics that I had forgotten since high school . 
I went to the local library and searched through many of the ones that were available . 
The college course I was taking was very important and I wanted to do well in it . 
After 1 hour of searching I found a book that was perfectly written for people that wanted a refresher course in the subject of geometry . 
I read about 5 pages of it while in the library and realized that it was a perfect fit for my needs . 
I walked up to the checkout counter and checked out the book for two weeks . 
I took the book home and read it and I am very glad I did so . 
I am glad I have a great library nearby . </content>
        <sentences>
            <sentence id="1">
                <token content="After" id="1-1"/>
                <token content="enrolling" id="1-2">
                    <pos type="VBG"/>
                    <lemma type="enrol"/>
                    <dep head="1-11" type="prepc"/>
                </token>
                <token content="in" id="1-3"/>
                <token content="a" id="1-4">
                    <pos type="DT"/>
                    <lemma type="a"/>
                </token>
                <token content="basic" id="1-5">
                    <pos type="JJ"/>
                    <lemma type="basic"/>
                </token>
                <token content="college" id="1-6">
                    <pos type="NN"/>
                    <lemma type="college"/>
                </token>
                <token content="geometry" id="1-7">
                    <pos type="NN"/>
                    <lemma type="geometry"/>
                </token>
                <token content="class" id="1-8">
                    <pos type="NN"/>
                    <lemma type="class"/>
                    <dep head="1-2" type="prep"/>
                </token>
                <token content="," id="1-9"/>
                <token content="I" id="1-10">
                    <pos type="PRP"/>
                    <lemma type="I"/>
                    <dep head="1-11" type="nsubj"/>
                </token>
                <token content="realized" id="1-11">
                    <pos type="VBD"/>
                    <lemma type="realize"/>
                </token>
                <token content="very" id="1-12">
                    <pos type="RB"/>
                    <lemma type="very"/>
                </token>
                <token content="early" id="1-13">
                    <pos type="RB"/>
                    <lemma type="early"/>
                    <dep head="1-11" type="advmod"/>
                </token>
                <token content="on" id="1-14"/>
                <token content="that" id="1-15">
                    <pos type="WDT"/>
                    <lemma type="that"/>
                    <dep head="1-17" type="prep"/>
                </token>
                <token content="I" id="1-16">
                    <pos type="PRP"/>
                    <lemma type="I"/>
                    <dep head="1-17" type="nsubj"/>
                </token>
                <token content="needed" id="1-17">
                    <pos type="VBD"/>
                    <lemma type="need"/>
                </token>
                <token content="to" id="1-18">
                    <pos type="TO"/>
                    <lemma type="to"/>
                    <dep head="1-19" type="aux"/>
                </token>
                <token content="supplement" id="1-19">
                    <pos type="VB"/>
                    <lemma type="supplement"/>
                    <dep head="1-17" type="xcomp"/>
                </token>
                <token content="what" id="1-20">
                    <pos type="WP"/>
                    <lemma type="what"/>
                    <dep head="1-23" type="dobj"/>
                </token>
                <token content="I" id="1-21">
                    <pos type="PRP"/>
                    <lemma type="I"/>
                    <dep head="1-23" type="nsubj"/>
                </token>
                <token content="was" id="1-22">
                    <pos type="VBD"/>
                    <lemma type="be"/>
                    <dep head="1-23" type="aux"/>
                </token>
                <token content="learning" id="1-23">
                    <pos type="VBG"/>
                    <lemma type="learn"/>
                    <dep head="1-19" type="ccomp"/>
                </token>
                <token content="in" id="1-24"/>
                <token content="class" id="1-25">
                    <pos type="NN"/>
                    <lemma type="class"/>
                    <dep head="1-23" type="prep"/>
                </token>
                <token content="with" id="1-26"/>
                <token content="an" id="1-27">
                    <pos type="DT"/>
                    <lemma type="a"/>
                </token>
                <token content="additional" id="1-28">
                    <pos type="JJ"/>
                    <lemma type="additional"/>
                </token>
                <token content="book" id="1-29">
                    <pos type="NN"/>
                    <lemma type="book"/>
                    <dep head="1-23" type="prep"/>
                </token>
                <token content="that" id="1-30">
                    <pos type="WDT"/>
                    <lemma type="that"/>
                    <dep head="1-31" type="nsubj"/>
                </token>
                <token content="went" id="1-31">
                    <pos type="VBD"/>
                    <lemma type="go"/>
                </token>
                <token content="over" id="1-32"/>
                <token content="some" id="1-33">
                    <pos type="DT"/>
                    <lemma type="some"/>
                    <dep head="1-31" type="prep"/>
                </token>
                <token content="of" id="1-34"/>
                <token content="the" id="1-35">
                    <pos type="DT"/>
                    <lemma type="the"/>
                </token>
                <token content="basics" id="1-36">
                    <pos type="NNS"/>
                    <lemma type="basics"/>
                </token>
                <token content="that" id="1-37">
                    <pos type="IN"/>
                    <lemma type="that"/>
                    <dep head="1-40" type="mark"/>
                </token>
                <token content="I" id="1-38">
                    <pos type="PRP"/>
                    <lemma type="I"/>
                    <dep head="1-40" type="nsubj"/>
                </token>
                <token content="had" id="1-39">
                    <pos type="VBD"/>
                    <lemma type="have"/>
                    <dep head="1-40" type="aux"/>
                </token>
                <token content="forgotten" id="1-40">
                    <pos type="VBN"/>
                    <lemma type="forget"/>
                    <dep head="1-31" type="ccomp"/>
                </token>
                <token content="since" id="1-41"/>
                <token content="high" id="1-42">
                    <pos type="JJ"/>
                    <lemma type="high"/>
                </token>
                <token content="school" id="1-43">
                    <pos type="NN"/>
                    <lemma type="school"/>
                    <dep head="1-40" type="prep"/>
                </token>
                <token content="." id="1-44"/>
            </sentence>
            <sentence id="2">
                <token content="I" id="2-1">
                    <pos type="PRP"/>
                    <lemma type="I"/>
                    <dep head="2-2" type="nsubj"/>
                </token>
                <token content="went" id="2-2">
                    <pos type="VBD"/>
                    <lemma type="go"/>
                </token>
                <token content="to" id="2-3"/>
                <token content="the" id="2-4">
                    <pos type="DT"/>
                    <lemma type="the"/>
                </token>
                <token content="local" id="2-5">
                    <pos type="JJ"/>
                    <lemma type="local"/>
                </token>
                <token content="library" id="2-6">
                    <pos type="NN"/>
                    <lemma type="library"/>
                    <dep head="2-2" type="prep"/>
                </token>
                <token content="and" id="2-7"/>
                <token content="searched" id="2-8">
                    <pos type="VBD"/>
                    <lemma type="search"/>
                    <dep head="2-2" type="conj"/>
                </token>
                <token content="through" id="2-9"/>
                <token content="many" id="2-10">
                    <pos type="JJ"/>
                    <lemma type="many"/>
                    <dep head="2-8" type="prep"/>
                </token>
                <token content="of" id="2-11"/>
                <token content="the" id="2-12">
                    <pos type="DT"/>
                    <lemma type="the"/>
                </token>
                <token content="ones" id="2-13">
                    <pos type="NNS"/>
                    <lemma type="one"/>
                </token>
                <token content="that" id="2-14">
                    <pos type="WDT"/>
                    <lemma type="that"/>
                </token>
                <token content="were" id="2-15">
                    <pos type="VBD"/>
                    <lemma type="be"/>
                </token>
                <token content="available" id="2-16">
                    <pos type="JJ"/>
                    <lemma type="available"/>
                </token>
                <token content="." id="2-17"/>
            </sentence>
            <sentence id="3">
                <token content="The" id="3-1">
                    <pos type="DT"/>
                    <lemma type="the"/>
                </token>
                <token content="college" id="3-2">
                    <pos type="NN"/>
                    <lemma type="college"/>
                </token>
                <token content="course" id="3-3">
                    <pos type="NN"/>
                    <lemma type="course"/>
                </token>
                <token content="I" id="3-4">
                    <pos type="PRP"/>
                    <lemma type="I"/>
                    <dep head="3-6" type="nsubj"/>
                </token>
                <token content="was" id="3-5">
                    <pos type="VBD"/>
                    <lemma type="be"/>
                    <dep head="3-6" type="aux"/>
                </token>
                <token content="taking" id="3-6">
                    <pos type="VBG"/>
                    <lemma type="take"/>
                </token>
                <token content="was" id="3-7">
                    <pos type="VBD"/>
                    <lemma type="be"/>
                </token>
                <token content="very" id="3-8">
                    <pos type="RB"/>
                    <lemma type="very"/>
                </token>
                <token content="important" id="3-9">
                    <pos type="JJ"/>
                    <lemma type="important"/>
                </token>
                <token content="and" id="3-10"/>
                <token content="I" id="3-11">
                    <pos type="PRP"/>
                    <lemma type="I"/>
                    <dep head="3-12" type="nsubj"/>
                </token>
                <token content="wanted" id="3-12">
                    <pos type="VBD"/>
                    <lemma type="want"/>
                </token>
                <token content="to" id="3-13">
                    <pos type="TO"/>
                    <lemma type="to"/>
                    <dep head="3-14" type="aux"/>
                </token>
                <token content="do" id="3-14">
                    <pos type="VB"/>
                    <lemma type="do"/>
                    <dep head="3-12" type="xcomp"/>
                </token>
                <token content="well" id="3-15">
                    <pos type="RB"/>
                    <lemma type="well"/>
                    <dep head="3-14" type="advmod"/>
                </token>
                <token content="in" id="3-16"/>
                <token content="it" id="3-17">
                    <pos type="PRP"/>
                    <lemma type="it"/>
                    <dep head="3-14" type="prep"/>
                </token>
                <token content="." id="3-18"/>
            </sentence>
            <sentence id="4">
                <token content="After" id="4-1"/>
                <token content="1" id="4-2">
                    <pos type="CD"/>
                    <lemma type="1"/>
                </token>
                <token content="hour" id="4-3">
                    <pos type="NN"/>
                    <lemma type="hour"/>
                    <dep head="4-7" type="prep"/>
                </token>
                <token content="of" id="4-4"/>
                <token content="searching" id="4-5">
                    <pos type="VBG"/>
                    <lemma type="search"/>
                </token>
                <token content="I" id="4-6">
                    <pos type="PRP"/>
                    <lemma type="I"/>
                    <dep head="4-7" type="nsubj"/>
                </token>
                <token content="found" id="4-7">
                    <pos type="VBD"/>
                    <lemma type="find"/>
                </token>
                <token content="a" id="4-8">
                    <pos type="DT"/>
                    <lemma type="a"/>
                </token>
                <token content="book" id="4-9">
                    <pos type="NN"/>
                    <lemma type="book"/>
                    <dep head="4-7" type="dobj"/>
                </token>
                <token content="that" id="4-10">
                    <pos type="WDT"/>
                    <lemma type="that"/>
                    <dep head="4-13" type="nsubjpass"/>
                </token>
                <token content="was" id="4-11">
                    <pos type="VBD"/>
                    <lemma type="be"/>
                    <dep head="4-13" type="auxpass"/>
                </token>
                <token content="perfectly" id="4-12">
                    <pos type="RB"/>
                    <lemma type="perfectly"/>
                    <dep head="4-13" type="advmod"/>
                </token>
                <token content="written" id="4-13">
                    <pos type="VBN"/>
                    <lemma type="write"/>
                </token>
                <token content="for" id="4-14"/>
                <token content="people" id="4-15">
                    <pos type="NNS"/>
                    <lemma type="people"/>
                    <dep head="4-13" type="prep"/>
                </token>
                <token content="that" id="4-16">
                    <pos type="WDT"/>
                    <lemma type="that"/>
                    <dep head="4-17" type="nsubj"/>
                </token>
                <token content="wanted" id="4-17">
                    <pos type="VBD"/>
                    <lemma type="want"/>
                </token>
                <token content="a" id="4-18">
                    <pos type="DT"/>
                    <lemma type="a"/>
                </token>
                <token content="refresher" id="4-19">
                    <pos type="NN"/>
                    <lemma type="refresher"/>
                </token>
                <token content="course" id="4-20">
                    <pos type="NN"/>
                    <lemma type="course"/>
                    <dep head="4-17" type="dobj"/>
                </token>
                <token content="in" id="4-21"/>
                <token content="the" id="4-22">
                    <pos type="DT"/>
                    <lemma type="the"/>
                </token>
                <token content="subject" id="4-23">
                    <pos type="NN"/>
                    <lemma type="subject"/>
                    <dep head="4-17" type="prep"/>
                </token>
                <token content="of" id="4-24"/>
                <token content="geometry" id="4-25">
                    <pos type="NN"/>
                    <lemma type="geometry"/>
                </token>
                <token content="." id="4-26"/>
            </sentence>
            <sentence id="5">
                <token content="I" id="5-1">
                    <pos type="PRP"/>
                    <lemma type="I"/>
                    <dep head="5-2" type="nsubj"/>
                </token>
                <token content="read" id="5-2">
                    <pos type="VBD"/>
                    <lemma type="read"/>
                </token>
                <token content="about" id="5-3">
                    <pos type="RB"/>
                    <lemma type="about"/>
                </token>
                <token content="5" id="5-4">
                    <pos type="CD"/>
                    <lemma type="5"/>
                </token>
                <token content="pages" id="5-5">
                    <pos type="NNS"/>
                    <lemma type="page"/>
                    <dep head="5-2" type="dobj"/>
                </token>
                <token content="of" id="5-6"/>
                <token content="it" id="5-7">
                    <pos type="PRP"/>
                    <lemma type="it"/>
                    <dep head="5-2" type="prep"/>
                </token>
                <token content="while" id="5-8">
                    <pos type="NN"/>
                    <lemma type="while"/>
                    <dep head="5-2" type="dobj"/>
                </token>
                <token content="in" id="5-9"/>
                <token content="the" id="5-10">
                    <pos type="DT"/>
                    <lemma type="the"/>
                </token>
                <token content="library" id="5-11">
                    <pos type="NN"/>
                    <lemma type="library"/>
                    <dep head="5-2" type="prep"/>
                </token>
                <token content="and" id="5-12"/>
                <token content="realized" id="5-13">
                    <pos type="VBD"/>
                    <lemma type="realize"/>
                    <dep head="5-2" type="conj"/>
                </token>
                <token content="that" id="5-14">
                    <pos type="IN"/>
                    <lemma type="that"/>
                </token>
                <token content="it" id="5-15">
                    <pos type="PRP"/>
                    <lemma type="it"/>
                </token>
                <token content="was" id="5-16">
                    <pos type="VBD"/>
                    <lemma type="be"/>
                </token>
                <token content="a" id="5-17">
                    <pos type="DT"/>
                    <lemma type="a"/>
                </token>
                <token content="perfect" id="5-18">
                    <pos type="JJ"/>
                    <lemma type="perfect"/>
                </token>
                <token content="fit" id="5-19">
                    <pos type="NN"/>
                    <lemma type="fit"/>
                    <dep head="5-13" type="ccomp"/>
                </token>
                <token content="for" id="5-20"/>
                <token content="my" id="5-21">
                    <pos type="PRP$"/>
                    <lemma type="my"/>
                </token>
                <token content="needs" id="5-22">
                    <pos type="NNS"/>
                    <lemma type="need"/>
                </token>
                <token content="." id="5-23"/>
            </sentence>
            <sentence id="6">
                <token content="I" id="6-1">
                    <pos type="PRP"/>
                    <lemma type="I"/>
                    <dep head="6-2" type="nsubj"/>
                </token>
                <token content="walked" id="6-2">
                    <pos type="VBD"/>
                    <lemma type="walk"/>
                </token>
                <token content="up" id="6-3">
                    <pos type="RP"/>
                    <lemma type="up"/>
                    <dep head="6-2" type="prt"/>
                </token>
                <token content="to" id="6-4"/>
                <token content="the" id="6-5">
                    <pos type="DT"/>
                    <lemma type="the"/>
                </token>
                <token content="checkout" id="6-6">
                    <pos type="NN"/>
                    <lemma type="checkout"/>
                </token>
                <token content="counter" id="6-7">
                    <pos type="NN"/>
                    <lemma type="counter"/>
                    <dep head="6-2" type="prep"/>
                </token>
                <token content="and" id="6-8"/>
                <token content="checked" id="6-9">
                    <pos type="VBD"/>
                    <lemma type="check"/>
                    <dep head="6-2" type="conj"/>
                </token>
                <token content="out" id="6-10">
                    <pos type="RP"/>
                    <lemma type="out"/>
                    <dep head="6-9" type="prt"/>
                </token>
                <token content="the" id="6-11">
                    <pos type="DT"/>
                    <lemma type="the"/>
                </token>
                <token content="book" id="6-12">
                    <pos type="NN"/>
                    <lemma type="book"/>
                    <dep head="6-9" type="dobj"/>
                </token>
                <token content="for" id="6-13"/>
                <token content="two" id="6-14">
                    <pos type="CD"/>
                    <lemma type="two"/>
                </token>
                <token content="weeks" id="6-15">
                    <pos type="NNS"/>
                    <lemma type="week"/>
                </token>
                <token content="." id="6-16"/>
            </sentence>
            <sentence id="7">
                <token content="I" id="7-1">
                    <pos type="PRP"/>
                    <lemma type="I"/>
                    <dep head="7-2" type="nsubj"/>
                </token>
                <token content="took" id="7-2">
                    <pos type="VBD"/>
                    <lemma type="take"/>
                </token>
                <token content="the" id="7-3">
                    <pos type="DT"/>
                    <lemma type="the"/>
                </token>
                <token content="book" id="7-4">
                    <pos type="NN"/>
                    <lemma type="book"/>
                </token>
                <token content="home" id="7-5">
                    <pos type="NN"/>
                    <lemma type="home"/>
                    <dep head="7-2" type="dobj"/>
                </token>
                <token content="and" id="7-6"/>
                <token content="read" id="7-7">
                    <pos type="VBD"/>
                    <lemma type="read"/>
                    <dep head="7-2" type="conj"/>
                </token>
                <token content="it" id="7-8">
                    <pos type="PRP"/>
                    <lemma type="it"/>
                    <dep head="7-7" type="dobj"/>
                </token>
                <token content="and" id="7-9"/>
                <token content="I" id="7-10">
                    <pos type="PRP"/>
                    <lemma type="I"/>
                </token>
                <token content="am" id="7-11">
                    <pos type="VBP"/>
                    <lemma type="be"/>
                </token>
                <token content="very" id="7-12">
                    <pos type="RB"/>
                    <lemma type="very"/>
                </token>
                <token content="glad" id="7-13">
                    <pos type="JJ"/>
                    <lemma type="glad"/>
                    <dep head="7-2" type="conj"/>
                </token>
                <token content="I" id="7-14">
                    <pos type="PRP"/>
                    <lemma type="I"/>
                    <dep head="7-15" type="nsubj"/>
                </token>
                <token content="did" id="7-15">
                    <pos type="VBD"/>
                    <lemma type="do"/>
                </token>
                <token content="so" id="7-16">
                    <pos type="RB"/>
                    <lemma type="so"/>
                    <dep head="7-15" type="advmod"/>
                </token>
                <token content="." id="7-17"/>
            </sentence>
            <sentence id="8">
                <token content="I" id="8-1">
                    <pos type="PRP"/>
                    <lemma type="I"/>
                </token>
                <token content="am" id="8-2">
                    <pos type="VBP"/>
                    <lemma type="be"/>
                </token>
                <token content="glad" id="8-3">
                    <pos type="JJ"/>
                    <lemma type="glad"/>
                </token>
                <token content="I" id="8-4">
                    <pos type="PRP"/>
                    <lemma type="I"/>
                    <dep head="8-5" type="nsubj"/>
                </token>
                <token content="have" id="8-5">
                    <pos type="VBP"/>
                    <lemma type="have"/>
                </token>
                <token content="a" id="8-6">
                    <pos type="DT"/>
                    <lemma type="a"/>
                </token>
                <token content="great" id="8-7">
                    <pos type="JJ"/>
                    <lemma type="great"/>
                </token>
                <token content="library" id="8-8">
                    <pos type="NN"/>
                    <lemma type="library"/>
                    <dep head="8-5" type="dobj"/>
                </token>
                <token content="nearby" id="8-9">
                    <pos type="RB"/>
                    <lemma type="nearby"/>
                </token>
                <token content="." id="8-10"/>
            </sentence>
        </sentences>
    </text>
    <annotations>
        <participants>
            <label from="1-6" id="0" name="NPart" text="college geometry class" to="1-8" type="participant"/>
            <label from="1-10" id="1" name="ScrPart_customer" text="I" type="participant"/>
            <label from="1-16" id="2" name="ScrPart_customer" text="I" type="participant"/>
            <label from="1-21" id="3" name="ScrPart_customer" text="I" type="participant"/>
            <label from="1-25" id="4" name="NPart" text="class" type="participant"/>
            <label from="1-29" id="5" name="ScrPart_book" text="book" type="participant"/>
            <label from="1-36" id="6" name="NPart" text="basics" type="participant"/>
            <label from="1-38" id="7" name="ScrPart_customer" text="I" type="participant"/>
            <label from="1-42" id="8" name="NPart" text="high school" to="1-43" type="participant"/>
            <label from="1-43" id="9" name="NPart" text="school" type="participant"/>
            <label from="2-1" id="10" name="ScrPart_customer" text="I" type="participant"/>
            <label from="2-6" id="11" name="ScrPart_library" text="library" type="participant"/>
            <label from="2-13" id="12" name="ScrPart_book" text="ones" type="participant"/>
            <label from="3-2" id="13" name="NPart" text="college course" to="3-3" type="participant"/>
            <label from="3-4" id="14" name="ScrPart_customer" text="I" type="participant"/>
            <label from="3-11" id="15" name="ScrPart_customer" text="I" type="participant"/>
            <label from="3-17" id="16" name="NPart" text="it" type="participant"/>
            <label from="4-3" id="17" name="NPart" text="hour" type="participant"/>
            <label from="4-6" id="18" name="ScrPart_customer" text="I" type="participant"/>
            <label from="4-9" id="19" name="ScrPart_book" text="book" type="participant"/>
            <label from="4-15" id="20" name="NPart" text="people" type="participant"/>
            <label from="4-19" id="21" name="NPart" text="refresher course" to="4-20" type="participant"/>
            <label from="4-23" id="22" name="NPart" text="subject" type="participant"/>
            <label from="4-25" id="23" name="NPart" text="geometry" type="participant"/>
            <label from="5-1" id="24" name="ScrPart_customer" text="I" type="participant"/>
            <label from="5-5" id="25" name="NPart" text="pages" type="participant"/>
            <label from="5-7" id="26" name="ScrPart_book" text="it" type="participant"/>
            <label from="5-11" id="27" name="ScrPart_library_card" text="library" type="participant"/>
            <label from="5-15" id="28" name="ScrPart_book" text="it" type="participant"/>
            <label from="5-19" id="29" name="No_label" text="fit" type="participant"/>
            <label from="5-21" id="30" name="ScrPart_customer" text="my" type="participant"/>
            <label from="5-22" id="31" name="NPart" text="needs" type="participant"/>
            <label from="6-1" id="32" name="ScrPart_customer" text="I" type="participant"/>
            <label from="6-6" id="33" name="ScrPart_check-out_desk" text="checkout counter" to="6-7" type="participant"/>
            <label from="6-7" id="34" name="ScrPart_check-out_desk" text="counter" type="participant"/>
            <label from="6-12" id="35" name="ScrPart_book" text="book" type="participant"/>
            <label from="6-15" id="36" name="NPart" text="weeks" type="participant"/>
            <label from="7-1" id="37" name="ScrPart_customer" text="I" type="participant"/>
            <label from="7-4" id="38" name="ScrPart_book" text="book" type="participant"/>
            <label from="7-5" id="39" name="NPart" text="home" type="participant"/>
            <label from="7-8" id="40" name="ScrPart_book" text="it" type="participant"/>
            <label from="7-10" id="41" name="ScrPart_customer" text="I" type="participant"/>
            <label from="7-14" id="42" name="ScrPart_customer" text="I" type="participant"/>
            <label from="8-1" id="43" name="ScrPart_customer" text="I" type="participant"/>
            <label from="8-4" id="44" name="ScrPart_customer" text="I" type="participant"/>
            <label from="8-8" id="45" name="ScrPart_library" text="library" type="participant"/>
        </participants>
        <events>
            <label from="1-2" id="46" name="UnrelEv" text="enrolling" type="event"/>
            <label from="1-11" id="47" name="UnrelEv" text="realized" type="event"/>
            <label from="1-19" id="48" name="UnrelEv" text="supplement" type="event"/>
            <label from="1-23" id="49" name="UnrelEv" text="learning" type="event"/>
            <label from="1-31" id="50" name="UnrelEv" text="went" type="event"/>
            <label from="1-40" id="51" name="UnrelEv" text="forgotten" type="event"/>
            <label from="2-2" id="52" name="ScrEv_get_library" text="went" type="event"/>
            <label from="2-8" id="53" name="ScrEv_look_for_book" text="searched" type="event"/>
            <label from="2-15" id="54" name="UnrelEv" text="were" type="event"/>
            <label from="3-6" id="55" name="UnrelEv" text="taking" type="event"/>
            <label from="3-7" id="56" name="UnrelEv" text="was" type="event"/>
            <label from="3-14" id="57" name="UnrelEv" text="do" type="event"/>
            <label from="4-5" id="58" name="ScrEv_look_for_book" text="searching" type="event"/>
            <label from="4-7" id="59" name="RelNScrEv" text="found" type="event"/>
            <label from="4-13" id="60" name="UnrelEv" text="written" type="event"/>
            <label from="4-17" id="61" name="UnrelEv" text="wanted" type="event"/>
            <label from="5-2" id="62" name="RelNScrEv" text="read" type="event"/>
            <label from="5-13" id="63" name="UnrelEv" text="realized" type="event"/>
            <label from="5-16" id="64" name="UnrelEv" text="was" type="event"/>
            <label from="6-2" id="65" name="ScrEv_go_check_out" text="walked" type="event"/>
            <label from="6-9" id="66" name="ScrEv_register" text="checked out" to="6-10" type="event"/>
            <label from="7-2" id="67" name="RelNScrEv" text="took" type="event"/>
            <label from="7-7" id="68" name="RelNScrEv" text="read" type="event"/>
            <label from="7-11" id="69" name="UnrelEv" text="am" type="event"/>
            <label from="7-15" id="70" name="UnrelEv" text="did" type="event"/>
            <label from="8-2" id="71" name="UnrelEv" text="am" type="event"/>
            <label from="8-5" id="72" name="UnrelEv" text="have" type="event"/>
        </events>
        <chains>
            <chain elements="1 2 3 7 10 14 15 18 24 30 32 37 41 42 43 44"/>
            <chain elements="12 5" name="group_books"/>
            <chain elements="5 19 26 28 35 38 40"/>
            <chain elements="11 27 45"/>
        </chains>
    </annotations>
</story>
