<?xml version="1.0" encoding="UTF-8" standalone="no"?>
<!DOCTYPE story SYSTEM "../InScript.dtd">
<story id="027" scenario="library">
    <text>
        <content>Sometimes I buy books but more often I just decide to borrow one from the public library because you can read them and take them back and it does n't cost you anything . 
Most libraries have a vast selection of books so you would never be unable to find something you wanted to read . 
A lot of libraries have their catalog online so you can check to see if they have a particular book before you go to the library . 
I recently had to join a new library so I went there and spoke to the lady behind the desk who asked me to fill in a form with my address and contact details , and provide proof of my identity . 
When I had finished filling in the form , I took it back to her and she made me a little plastic library card with my account number and my name on it , along with a unique barcode . 
She told me I had to use this card to check out books whenever I went to the library . 
There were thousands of books on hundreds of shelves , all of them are filed in some sort of order . 
Fiction books were filed by author surname , and non-fiction books were filed by a system called the Dewey decimal system which numbers books according to their subject classification and are then filed in that number order . 
The books were easy to find , there were computers around the library where you could check to see what books were available . 
When I had selected the books I wanted to borrow I went to one of the self service stations and scanned the barcode on the books and the barcode on my new library card , and the books were issued to me . 
I also got a printed receipt to show me when the books were due to be returned . 
It was very easy to do . </content>
        <sentences>
            <sentence id="1">
                <token content="Sometimes" id="1-1">
                    <pos type="RB"/>
                    <lemma type="sometimes"/>
                    <dep head="1-3" type="advmod"/>
                </token>
                <token content="I" id="1-2">
                    <pos type="PRP"/>
                    <lemma type="I"/>
                    <dep head="1-3" type="nsubj"/>
                </token>
                <token content="buy" id="1-3">
                    <pos type="VBP"/>
                    <lemma type="buy"/>
                </token>
                <token content="books" id="1-4">
                    <pos type="NNS"/>
                    <lemma type="book"/>
                    <dep head="1-3" type="dobj"/>
                </token>
                <token content="but" id="1-5">
                    <pos type="CC"/>
                    <lemma type="but"/>
                    <dep head="1-3" type="cc"/>
                </token>
                <token content="more" id="1-6">
                    <pos type="RBR"/>
                    <lemma type="more"/>
                </token>
                <token content="often" id="1-7">
                    <pos type="RB"/>
                    <lemma type="often"/>
                    <dep head="1-3" type="advmod"/>
                </token>
                <token content="I" id="1-8">
                    <pos type="PRP"/>
                    <lemma type="I"/>
                    <dep head="1-10" type="nsubj"/>
                </token>
                <token content="just" id="1-9">
                    <pos type="RB"/>
                    <lemma type="just"/>
                    <dep head="1-10" type="advmod"/>
                </token>
                <token content="decide" id="1-10">
                    <pos type="VBP"/>
                    <lemma type="decide"/>
                    <dep head="1-3" type="ccomp"/>
                </token>
                <token content="to" id="1-11">
                    <pos type="TO"/>
                    <lemma type="to"/>
                    <dep head="1-12" type="aux"/>
                </token>
                <token content="borrow" id="1-12">
                    <pos type="VB"/>
                    <lemma type="borrow"/>
                    <dep head="1-10" type="xcomp"/>
                </token>
                <token content="one" id="1-13">
                    <pos type="CD"/>
                    <lemma type="one"/>
                    <dep head="1-12" type="dobj"/>
                </token>
                <token content="from" id="1-14"/>
                <token content="the" id="1-15">
                    <pos type="DT"/>
                    <lemma type="the"/>
                </token>
                <token content="public" id="1-16">
                    <pos type="JJ"/>
                    <lemma type="public"/>
                </token>
                <token content="library" id="1-17">
                    <pos type="NN"/>
                    <lemma type="library"/>
                    <dep head="1-12" type="prep"/>
                </token>
                <token content="because" id="1-18">
                    <pos type="IN"/>
                    <lemma type="because"/>
                    <dep head="1-21" type="mark"/>
                </token>
                <token content="you" id="1-19">
                    <pos type="PRP"/>
                    <lemma type="you"/>
                    <dep head="1-21" type="nsubj"/>
                </token>
                <token content="can" id="1-20">
                    <pos type="MD"/>
                    <lemma type="can"/>
                    <dep head="1-21" type="aux"/>
                </token>
                <token content="read" id="1-21">
                    <pos type="VB"/>
                    <lemma type="read"/>
                    <dep head="1-12" type="advcl"/>
                </token>
                <token content="them" id="1-22">
                    <pos type="PRP"/>
                    <lemma type="they"/>
                    <dep head="1-21" type="dobj"/>
                </token>
                <token content="and" id="1-23"/>
                <token content="take" id="1-24">
                    <pos type="VB"/>
                    <lemma type="take"/>
                    <dep head="1-21" type="conj"/>
                </token>
                <token content="them" id="1-25">
                    <pos type="PRP"/>
                    <lemma type="they"/>
                    <dep head="1-24" type="dobj"/>
                </token>
                <token content="back" id="1-26">
                    <pos type="RB"/>
                    <lemma type="back"/>
                    <dep head="1-24" type="advmod"/>
                </token>
                <token content="and" id="1-27"/>
                <token content="it" id="1-28">
                    <pos type="PRP"/>
                    <lemma type="it"/>
                    <dep head="1-31" type="nsubj"/>
                </token>
                <token content="does" id="1-29">
                    <pos type="VBZ"/>
                    <lemma type="do"/>
                    <dep head="1-31" type="aux"/>
                </token>
                <token content="n't" id="1-30">
                    <pos type="RB"/>
                    <lemma type="not"/>
                    <dep head="1-31" type="neg"/>
                </token>
                <token content="cost" id="1-31">
                    <pos type="VB"/>
                    <lemma type="cost"/>
                    <dep head="1-21" type="conj"/>
                </token>
                <token content="you" id="1-32">
                    <pos type="PRP"/>
                    <lemma type="you"/>
                    <dep head="1-31" type="iobj"/>
                </token>
                <token content="anything" id="1-33">
                    <pos type="NN"/>
                    <lemma type="anything"/>
                    <dep head="1-31" type="dobj"/>
                </token>
                <token content="." id="1-34"/>
            </sentence>
            <sentence id="2">
                <token content="Most" id="2-1">
                    <pos type="JJS"/>
                    <lemma type="most"/>
                </token>
                <token content="libraries" id="2-2">
                    <pos type="NNS"/>
                    <lemma type="library"/>
                    <dep head="2-3" type="nsubj"/>
                </token>
                <token content="have" id="2-3">
                    <pos type="VBP"/>
                    <lemma type="have"/>
                </token>
                <token content="a" id="2-4">
                    <pos type="DT"/>
                    <lemma type="a"/>
                </token>
                <token content="vast" id="2-5">
                    <pos type="JJ"/>
                    <lemma type="vast"/>
                </token>
                <token content="selection" id="2-6">
                    <pos type="NN"/>
                    <lemma type="selection"/>
                    <dep head="2-3" type="dobj"/>
                </token>
                <token content="of" id="2-7"/>
                <token content="books" id="2-8">
                    <pos type="NNS"/>
                    <lemma type="book"/>
                </token>
                <token content="so" id="2-9">
                    <pos type="IN"/>
                    <lemma type="so"/>
                </token>
                <token content="you" id="2-10">
                    <pos type="PRP"/>
                    <lemma type="you"/>
                </token>
                <token content="would" id="2-11">
                    <pos type="MD"/>
                    <lemma type="would"/>
                </token>
                <token content="never" id="2-12">
                    <pos type="RB"/>
                    <lemma type="never"/>
                </token>
                <token content="be" id="2-13">
                    <pos type="VB"/>
                    <lemma type="be"/>
                </token>
                <token content="unable" id="2-14">
                    <pos type="JJ"/>
                    <lemma type="unable"/>
                    <dep head="2-3" type="advcl"/>
                </token>
                <token content="to" id="2-15">
                    <pos type="TO"/>
                    <lemma type="to"/>
                    <dep head="2-16" type="aux"/>
                </token>
                <token content="find" id="2-16">
                    <pos type="VB"/>
                    <lemma type="find"/>
                </token>
                <token content="something" id="2-17">
                    <pos type="NN"/>
                    <lemma type="something"/>
                    <dep head="2-16" type="dobj"/>
                </token>
                <token content="you" id="2-18">
                    <pos type="PRP"/>
                    <lemma type="you"/>
                    <dep head="2-19" type="nsubj"/>
                </token>
                <token content="wanted" id="2-19">
                    <pos type="VBD"/>
                    <lemma type="want"/>
                </token>
                <token content="to" id="2-20">
                    <pos type="TO"/>
                    <lemma type="to"/>
                    <dep head="2-21" type="aux"/>
                </token>
                <token content="read" id="2-21">
                    <pos type="VB"/>
                    <lemma type="read"/>
                    <dep head="2-19" type="xcomp"/>
                </token>
                <token content="." id="2-22"/>
            </sentence>
            <sentence id="3">
                <token content="A" id="3-1">
                    <pos type="DT"/>
                    <lemma type="a"/>
                </token>
                <token content="lot" id="3-2">
                    <pos type="NN"/>
                    <lemma type="lot"/>
                    <dep head="3-5" type="nsubj"/>
                </token>
                <token content="of" id="3-3"/>
                <token content="libraries" id="3-4">
                    <pos type="NNS"/>
                    <lemma type="library"/>
                </token>
                <token content="have" id="3-5">
                    <pos type="VBP"/>
                    <lemma type="have"/>
                </token>
                <token content="their" id="3-6">
                    <pos type="PRP$"/>
                    <lemma type="they"/>
                </token>
                <token content="catalog" id="3-7">
                    <pos type="NN"/>
                    <lemma type="catalog"/>
                    <dep head="3-5" type="dobj"/>
                </token>
                <token content="online" id="3-8">
                    <pos type="JJ"/>
                    <lemma type="online"/>
                </token>
                <token content="so" id="3-9">
                    <pos type="IN"/>
                    <lemma type="so"/>
                    <dep head="3-12" type="mark"/>
                </token>
                <token content="you" id="3-10">
                    <pos type="PRP"/>
                    <lemma type="you"/>
                    <dep head="3-12" type="nsubj"/>
                </token>
                <token content="can" id="3-11">
                    <pos type="MD"/>
                    <lemma type="can"/>
                    <dep head="3-12" type="aux"/>
                </token>
                <token content="check" id="3-12">
                    <pos type="VB"/>
                    <lemma type="check"/>
                </token>
                <token content="to" id="3-13">
                    <pos type="TO"/>
                    <lemma type="to"/>
                    <dep head="3-14" type="aux"/>
                </token>
                <token content="see" id="3-14">
                    <pos type="VB"/>
                    <lemma type="see"/>
                    <dep head="3-12" type="xcomp"/>
                </token>
                <token content="if" id="3-15">
                    <pos type="IN"/>
                    <lemma type="if"/>
                    <dep head="3-17" type="mark"/>
                </token>
                <token content="they" id="3-16">
                    <pos type="PRP"/>
                    <lemma type="they"/>
                    <dep head="3-17" type="nsubj"/>
                </token>
                <token content="have" id="3-17">
                    <pos type="VBP"/>
                    <lemma type="have"/>
                    <dep head="3-14" type="advcl"/>
                </token>
                <token content="a" id="3-18">
                    <pos type="DT"/>
                    <lemma type="a"/>
                </token>
                <token content="particular" id="3-19">
                    <pos type="JJ"/>
                    <lemma type="particular"/>
                </token>
                <token content="book" id="3-20">
                    <pos type="NN"/>
                    <lemma type="book"/>
                    <dep head="3-17" type="dobj"/>
                </token>
                <token content="before" id="3-21">
                    <pos type="IN"/>
                    <lemma type="before"/>
                    <dep head="3-23" type="mark"/>
                </token>
                <token content="you" id="3-22">
                    <pos type="PRP"/>
                    <lemma type="you"/>
                    <dep head="3-23" type="nsubj"/>
                </token>
                <token content="go" id="3-23">
                    <pos type="VBP"/>
                    <lemma type="go"/>
                    <dep head="3-5" type="advcl"/>
                </token>
                <token content="to" id="3-24"/>
                <token content="the" id="3-25">
                    <pos type="DT"/>
                    <lemma type="the"/>
                </token>
                <token content="library" id="3-26">
                    <pos type="NN"/>
                    <lemma type="library"/>
                    <dep head="3-23" type="prep"/>
                </token>
                <token content="." id="3-27"/>
            </sentence>
            <sentence id="4">
                <token content="I" id="4-1">
                    <pos type="PRP"/>
                    <lemma type="I"/>
                    <dep head="4-3" type="nsubj"/>
                </token>
                <token content="recently" id="4-2">
                    <pos type="RB"/>
                    <lemma type="recently"/>
                    <dep head="4-3" type="advmod"/>
                </token>
                <token content="had" id="4-3">
                    <pos type="VBD"/>
                    <lemma type="have"/>
                </token>
                <token content="to" id="4-4">
                    <pos type="TO"/>
                    <lemma type="to"/>
                    <dep head="4-5" type="aux"/>
                </token>
                <token content="join" id="4-5">
                    <pos type="VB"/>
                    <lemma type="join"/>
                    <dep head="4-3" type="xcomp"/>
                </token>
                <token content="a" id="4-6">
                    <pos type="DT"/>
                    <lemma type="a"/>
                </token>
                <token content="new" id="4-7">
                    <pos type="JJ"/>
                    <lemma type="new"/>
                </token>
                <token content="library" id="4-8">
                    <pos type="NN"/>
                    <lemma type="library"/>
                    <dep head="4-5" type="dobj"/>
                </token>
                <token content="so" id="4-9">
                    <pos type="IN"/>
                    <lemma type="so"/>
                    <dep head="4-11" type="mark"/>
                </token>
                <token content="I" id="4-10">
                    <pos type="PRP"/>
                    <lemma type="I"/>
                    <dep head="4-11" type="nsubj"/>
                </token>
                <token content="went" id="4-11">
                    <pos type="VBD"/>
                    <lemma type="go"/>
                    <dep head="4-5" type="advcl"/>
                </token>
                <token content="there" id="4-12">
                    <pos type="RB"/>
                    <lemma type="there"/>
                    <dep head="4-11" type="advmod"/>
                </token>
                <token content="and" id="4-13"/>
                <token content="spoke" id="4-14">
                    <pos type="VBD"/>
                    <lemma type="speak"/>
                    <dep head="4-11" type="conj"/>
                </token>
                <token content="to" id="4-15"/>
                <token content="the" id="4-16">
                    <pos type="DT"/>
                    <lemma type="the"/>
                </token>
                <token content="lady" id="4-17">
                    <pos type="NN"/>
                    <lemma type="lady"/>
                    <dep head="4-14" type="prep"/>
                </token>
                <token content="behind" id="4-18"/>
                <token content="the" id="4-19">
                    <pos type="DT"/>
                    <lemma type="the"/>
                </token>
                <token content="desk" id="4-20">
                    <pos type="NN"/>
                    <lemma type="desk"/>
                    <dep head="4-14" type="prep"/>
                </token>
                <token content="who" id="4-21">
                    <pos type="WP"/>
                    <lemma type="who"/>
                    <dep head="4-22" type="nsubj"/>
                </token>
                <token content="asked" id="4-22">
                    <pos type="VBD"/>
                    <lemma type="ask"/>
                </token>
                <token content="me" id="4-23">
                    <pos type="PRP"/>
                    <lemma type="I"/>
                    <dep head="4-22" type="dobj"/>
                </token>
                <token content="to" id="4-24">
                    <pos type="TO"/>
                    <lemma type="to"/>
                    <dep head="4-25" type="aux"/>
                </token>
                <token content="fill" id="4-25">
                    <pos type="VB"/>
                    <lemma type="fill"/>
                    <dep head="4-22" type="xcomp"/>
                </token>
                <token content="in" id="4-26"/>
                <token content="a" id="4-27">
                    <pos type="DT"/>
                    <lemma type="a"/>
                </token>
                <token content="form" id="4-28">
                    <pos type="NN"/>
                    <lemma type="form"/>
                    <dep head="4-25" type="prep"/>
                </token>
                <token content="with" id="4-29"/>
                <token content="my" id="4-30">
                    <pos type="PRP$"/>
                    <lemma type="my"/>
                </token>
                <token content="address" id="4-31">
                    <pos type="NN"/>
                    <lemma type="address"/>
                </token>
                <token content="and" id="4-32"/>
                <token content="contact" id="4-33">
                    <pos type="NN"/>
                    <lemma type="contact"/>
                </token>
                <token content="details" id="4-34">
                    <pos type="NNS"/>
                    <lemma type="detail"/>
                </token>
                <token content="," id="4-35"/>
                <token content="and" id="4-36"/>
                <token content="provide" id="4-37">
                    <pos type="VB"/>
                    <lemma type="provide"/>
                    <dep head="4-25" type="conj"/>
                </token>
                <token content="proof" id="4-38">
                    <pos type="NN"/>
                    <lemma type="proof"/>
                    <dep head="4-37" type="dobj"/>
                </token>
                <token content="of" id="4-39"/>
                <token content="my" id="4-40">
                    <pos type="PRP$"/>
                    <lemma type="my"/>
                </token>
                <token content="identity" id="4-41">
                    <pos type="NN"/>
                    <lemma type="identity"/>
                </token>
                <token content="." id="4-42"/>
            </sentence>
            <sentence id="5">
                <token content="When" id="5-1">
                    <pos type="WRB"/>
                    <lemma type="when"/>
                    <dep head="5-4" type="advmod"/>
                </token>
                <token content="I" id="5-2">
                    <pos type="PRP"/>
                    <lemma type="I"/>
                    <dep head="5-4" type="nsubj"/>
                </token>
                <token content="had" id="5-3">
                    <pos type="VBD"/>
                    <lemma type="have"/>
                    <dep head="5-4" type="aux"/>
                </token>
                <token content="finished" id="5-4">
                    <pos type="VBN"/>
                    <lemma type="finish"/>
                    <dep head="5-11" type="advcl"/>
                </token>
                <token content="filling" id="5-5">
                    <pos type="VBG"/>
                    <lemma type="fill"/>
                    <dep head="5-4" type="xcomp"/>
                </token>
                <token content="in" id="5-6"/>
                <token content="the" id="5-7">
                    <pos type="DT"/>
                    <lemma type="the"/>
                </token>
                <token content="form" id="5-8">
                    <pos type="NN"/>
                    <lemma type="form"/>
                    <dep head="5-5" type="prep"/>
                </token>
                <token content="," id="5-9"/>
                <token content="I" id="5-10">
                    <pos type="PRP"/>
                    <lemma type="I"/>
                    <dep head="5-11" type="nsubj"/>
                </token>
                <token content="took" id="5-11">
                    <pos type="VBD"/>
                    <lemma type="take"/>
                </token>
                <token content="it" id="5-12">
                    <pos type="PRP"/>
                    <lemma type="it"/>
                    <dep head="5-11" type="dobj"/>
                </token>
                <token content="back" id="5-13">
                    <pos type="RB"/>
                    <lemma type="back"/>
                    <dep head="5-11" type="advmod"/>
                </token>
                <token content="to" id="5-14"/>
                <token content="her" id="5-15">
                    <pos type="PRP"/>
                    <lemma type="she"/>
                    <dep head="5-11" type="prep"/>
                </token>
                <token content="and" id="5-16"/>
                <token content="she" id="5-17">
                    <pos type="PRP"/>
                    <lemma type="she"/>
                    <dep head="5-18" type="nsubj"/>
                </token>
                <token content="made" id="5-18">
                    <pos type="VBD"/>
                    <lemma type="make"/>
                    <dep head="5-11" type="conj"/>
                </token>
                <token content="me" id="5-19">
                    <pos type="PRP"/>
                    <lemma type="I"/>
                    <dep head="5-18" type="iobj"/>
                </token>
                <token content="a" id="5-20">
                    <pos type="DT"/>
                    <lemma type="a"/>
                </token>
                <token content="little" id="5-21">
                    <pos type="JJ"/>
                    <lemma type="little"/>
                </token>
                <token content="plastic" id="5-22">
                    <pos type="JJ"/>
                    <lemma type="plastic"/>
                </token>
                <token content="library" id="5-23">
                    <pos type="NN"/>
                    <lemma type="library"/>
                </token>
                <token content="card" id="5-24">
                    <pos type="NN"/>
                    <lemma type="card"/>
                    <dep head="5-18" type="dobj"/>
                </token>
                <token content="with" id="5-25"/>
                <token content="my" id="5-26">
                    <pos type="PRP$"/>
                    <lemma type="my"/>
                </token>
                <token content="account" id="5-27">
                    <pos type="NN"/>
                    <lemma type="account"/>
                </token>
                <token content="number" id="5-28">
                    <pos type="NN"/>
                    <lemma type="number"/>
                </token>
                <token content="and" id="5-29"/>
                <token content="my" id="5-30">
                    <pos type="PRP$"/>
                    <lemma type="my"/>
                </token>
                <token content="name" id="5-31">
                    <pos type="NN"/>
                    <lemma type="name"/>
                </token>
                <token content="on" id="5-32"/>
                <token content="it" id="5-33">
                    <pos type="PRP"/>
                    <lemma type="it"/>
                </token>
                <token content="," id="5-34"/>
                <token content="along" id="5-35"/>
                <token content="with" id="5-36"/>
                <token content="a" id="5-37">
                    <pos type="DT"/>
                    <lemma type="a"/>
                </token>
                <token content="unique" id="5-38">
                    <pos type="JJ"/>
                    <lemma type="unique"/>
                </token>
                <token content="barcode" id="5-39">
                    <pos type="NN"/>
                    <lemma type="barcode"/>
                    <dep head="5-18" type="prep"/>
                </token>
                <token content="." id="5-40"/>
            </sentence>
            <sentence id="6">
                <token content="She" id="6-1">
                    <pos type="PRP"/>
                    <lemma type="she"/>
                    <dep head="6-2" type="nsubj"/>
                </token>
                <token content="told" id="6-2">
                    <pos type="VBD"/>
                    <lemma type="tell"/>
                </token>
                <token content="me" id="6-3">
                    <pos type="PRP"/>
                    <lemma type="I"/>
                    <dep head="6-2" type="dobj"/>
                </token>
                <token content="I" id="6-4">
                    <pos type="PRP"/>
                    <lemma type="I"/>
                    <dep head="6-5" type="nsubj"/>
                </token>
                <token content="had" id="6-5">
                    <pos type="VBD"/>
                    <lemma type="have"/>
                    <dep head="6-2" type="dep"/>
                </token>
                <token content="to" id="6-6">
                    <pos type="TO"/>
                    <lemma type="to"/>
                    <dep head="6-7" type="aux"/>
                </token>
                <token content="use" id="6-7">
                    <pos type="VB"/>
                    <lemma type="use"/>
                    <dep head="6-5" type="xcomp"/>
                </token>
                <token content="this" id="6-8">
                    <pos type="DT"/>
                    <lemma type="this"/>
                </token>
                <token content="card" id="6-9">
                    <pos type="NN"/>
                    <lemma type="card"/>
                    <dep head="6-7" type="dobj"/>
                </token>
                <token content="to" id="6-10">
                    <pos type="TO"/>
                    <lemma type="to"/>
                    <dep head="6-11" type="aux"/>
                </token>
                <token content="check" id="6-11">
                    <pos type="VB"/>
                    <lemma type="check"/>
                </token>
                <token content="out" id="6-12">
                    <pos type="RP"/>
                    <lemma type="out"/>
                    <dep head="6-11" type="prt"/>
                </token>
                <token content="books" id="6-13">
                    <pos type="NNS"/>
                    <lemma type="book"/>
                    <dep head="6-11" type="dobj"/>
                </token>
                <token content="whenever" id="6-14">
                    <pos type="WRB"/>
                    <lemma type="whenever"/>
                    <dep head="6-16" type="advmod"/>
                </token>
                <token content="I" id="6-15">
                    <pos type="PRP"/>
                    <lemma type="I"/>
                    <dep head="6-16" type="nsubj"/>
                </token>
                <token content="went" id="6-16">
                    <pos type="VBD"/>
                    <lemma type="go"/>
                    <dep head="6-5" type="advcl"/>
                </token>
                <token content="to" id="6-17"/>
                <token content="the" id="6-18">
                    <pos type="DT"/>
                    <lemma type="the"/>
                </token>
                <token content="library" id="6-19">
                    <pos type="NN"/>
                    <lemma type="library"/>
                    <dep head="6-16" type="prep"/>
                </token>
                <token content="." id="6-20"/>
            </sentence>
            <sentence id="7">
                <token content="There" id="7-1">
                    <pos type="EX"/>
                    <lemma type="there"/>
                    <dep head="7-2" type="expl"/>
                </token>
                <token content="were" id="7-2">
                    <pos type="VBD"/>
                    <lemma type="be"/>
                    <dep head="7-15" type="ccomp"/>
                </token>
                <token content="thousands" id="7-3">
                    <pos type="NNS"/>
                    <lemma type="thousand"/>
                    <dep head="7-2" type="nsubj"/>
                </token>
                <token content="of" id="7-4"/>
                <token content="books" id="7-5">
                    <pos type="NNS"/>
                    <lemma type="book"/>
                </token>
                <token content="on" id="7-6"/>
                <token content="hundreds" id="7-7">
                    <pos type="NNS"/>
                    <lemma type="hundred"/>
                </token>
                <token content="of" id="7-8"/>
                <token content="shelves" id="7-9">
                    <pos type="NNS"/>
                    <lemma type="shelf"/>
                </token>
                <token content="," id="7-10"/>
                <token content="all" id="7-11">
                    <pos type="DT"/>
                    <lemma type="all"/>
                    <dep head="7-15" type="nsubjpass"/>
                </token>
                <token content="of" id="7-12"/>
                <token content="them" id="7-13">
                    <pos type="PRP"/>
                    <lemma type="they"/>
                </token>
                <token content="are" id="7-14">
                    <pos type="VBP"/>
                    <lemma type="be"/>
                    <dep head="7-15" type="auxpass"/>
                </token>
                <token content="filed" id="7-15">
                    <pos type="VBN"/>
                    <lemma type="file"/>
                </token>
                <token content="in" id="7-16"/>
                <token content="some" id="7-17">
                    <pos type="DT"/>
                    <lemma type="some"/>
                </token>
                <token content="sort" id="7-18">
                    <pos type="NN"/>
                    <lemma type="sort"/>
                    <dep head="7-15" type="prep"/>
                </token>
                <token content="of" id="7-19"/>
                <token content="order" id="7-20">
                    <pos type="NN"/>
                    <lemma type="order"/>
                </token>
                <token content="." id="7-21"/>
            </sentence>
            <sentence id="8">
                <token content="Fiction" id="8-1">
                    <pos type="NN"/>
                    <lemma type="fiction"/>
                </token>
                <token content="books" id="8-2">
                    <pos type="NNS"/>
                    <lemma type="book"/>
                    <dep head="8-4" type="nsubjpass"/>
                </token>
                <token content="were" id="8-3">
                    <pos type="VBD"/>
                    <lemma type="be"/>
                    <dep head="8-4" type="auxpass"/>
                </token>
                <token content="filed" id="8-4">
                    <pos type="VBN"/>
                    <lemma type="file"/>
                </token>
                <token content="by" id="8-5"/>
                <token content="author" id="8-6">
                    <pos type="NN"/>
                    <lemma type="author"/>
                </token>
                <token content="surname" id="8-7">
                    <pos type="NN"/>
                    <lemma type="surname"/>
                    <dep head="8-4" type="agent"/>
                </token>
                <token content="," id="8-8"/>
                <token content="and" id="8-9"/>
                <token content="non-fiction" id="8-10">
                    <pos type="JJ"/>
                    <lemma type="non-fiction"/>
                </token>
                <token content="books" id="8-11">
                    <pos type="NNS"/>
                    <lemma type="book"/>
                    <dep head="8-13" type="nsubjpass"/>
                </token>
                <token content="were" id="8-12">
                    <pos type="VBD"/>
                    <lemma type="be"/>
                    <dep head="8-13" type="auxpass"/>
                </token>
                <token content="filed" id="8-13">
                    <pos type="VBN"/>
                    <lemma type="file"/>
                    <dep head="8-4" type="conj"/>
                </token>
                <token content="by" id="8-14"/>
                <token content="a" id="8-15">
                    <pos type="DT"/>
                    <lemma type="a"/>
                </token>
                <token content="system" id="8-16">
                    <pos type="NN"/>
                    <lemma type="system"/>
                    <dep head="8-13" type="agent"/>
                </token>
                <token content="called" id="8-17">
                    <pos type="VBN"/>
                    <lemma type="call"/>
                </token>
                <token content="the" id="8-18">
                    <pos type="DT"/>
                    <lemma type="the"/>
                </token>
                <token content="Dewey" id="8-19">
                    <pos type="NNP"/>
                    <lemma type="Dewey"/>
                </token>
                <token content="decimal" id="8-20">
                    <pos type="NN"/>
                    <lemma type="decimal"/>
                </token>
                <token content="system" id="8-21">
                    <pos type="NN"/>
                    <lemma type="system"/>
                    <dep head="8-17" type="dobj"/>
                </token>
                <token content="which" id="8-22">
                    <pos type="WDT"/>
                    <lemma type="which"/>
                    <dep head="8-23" type="nsubj"/>
                </token>
                <token content="numbers" id="8-23">
                    <pos type="VBZ"/>
                    <lemma type="number"/>
                </token>
                <token content="books" id="8-24">
                    <pos type="NNS"/>
                    <lemma type="book"/>
                    <dep head="8-23" type="dobj"/>
                </token>
                <token content="according" id="8-25"/>
                <token content="to" id="8-26">
                    <pos type="TO"/>
                    <lemma type="to"/>
                    <dep head="8-23" type="prepc"/>
                </token>
                <token content="their" id="8-27">
                    <pos type="PRP$"/>
                    <lemma type="they"/>
                </token>
                <token content="subject" id="8-28">
                    <pos type="NN"/>
                    <lemma type="subject"/>
                </token>
                <token content="classification" id="8-29">
                    <pos type="NN"/>
                    <lemma type="classification"/>
                    <dep head="8-23" type="pobj"/>
                </token>
                <token content="and" id="8-30"/>
                <token content="are" id="8-31">
                    <pos type="VBP"/>
                    <lemma type="be"/>
                    <dep head="8-33" type="auxpass"/>
                </token>
                <token content="then" id="8-32">
                    <pos type="RB"/>
                    <lemma type="then"/>
                    <dep head="8-33" type="advmod"/>
                </token>
                <token content="filed" id="8-33">
                    <pos type="VBN"/>
                    <lemma type="file"/>
                    <dep head="8-23" type="conj"/>
                </token>
                <token content="in" id="8-34"/>
                <token content="that" id="8-35">
                    <pos type="DT"/>
                    <lemma type="that"/>
                </token>
                <token content="number" id="8-36">
                    <pos type="NN"/>
                    <lemma type="number"/>
                </token>
                <token content="order" id="8-37">
                    <pos type="NN"/>
                    <lemma type="order"/>
                    <dep head="8-33" type="prep"/>
                </token>
                <token content="." id="8-38"/>
            </sentence>
            <sentence id="9">
                <token content="The" id="9-1">
                    <pos type="DT"/>
                    <lemma type="the"/>
                </token>
                <token content="books" id="9-2">
                    <pos type="NNS"/>
                    <lemma type="book"/>
                </token>
                <token content="were" id="9-3">
                    <pos type="VBD"/>
                    <lemma type="be"/>
                </token>
                <token content="easy" id="9-4">
                    <pos type="JJ"/>
                    <lemma type="easy"/>
                    <dep head="9-9" type="ccomp"/>
                </token>
                <token content="to" id="9-5">
                    <pos type="TO"/>
                    <lemma type="to"/>
                    <dep head="9-6" type="aux"/>
                </token>
                <token content="find" id="9-6">
                    <pos type="VB"/>
                    <lemma type="find"/>
                </token>
                <token content="," id="9-7"/>
                <token content="there" id="9-8">
                    <pos type="EX"/>
                    <lemma type="there"/>
                    <dep head="9-9" type="expl"/>
                </token>
                <token content="were" id="9-9">
                    <pos type="VBD"/>
                    <lemma type="be"/>
                </token>
                <token content="computers" id="9-10">
                    <pos type="NNS"/>
                    <lemma type="computer"/>
                    <dep head="9-9" type="nsubj"/>
                </token>
                <token content="around" id="9-11"/>
                <token content="the" id="9-12">
                    <pos type="DT"/>
                    <lemma type="the"/>
                </token>
                <token content="library" id="9-13">
                    <pos type="NN"/>
                    <lemma type="library"/>
                </token>
                <token content="where" id="9-14">
                    <pos type="WRB"/>
                    <lemma type="where"/>
                    <dep head="9-17" type="advmod"/>
                </token>
                <token content="you" id="9-15">
                    <pos type="PRP"/>
                    <lemma type="you"/>
                    <dep head="9-17" type="nsubj"/>
                </token>
                <token content="could" id="9-16">
                    <pos type="MD"/>
                    <lemma type="could"/>
                    <dep head="9-17" type="aux"/>
                </token>
                <token content="check" id="9-17">
                    <pos type="VB"/>
                    <lemma type="check"/>
                </token>
                <token content="to" id="9-18">
                    <pos type="TO"/>
                    <lemma type="to"/>
                    <dep head="9-19" type="aux"/>
                </token>
                <token content="see" id="9-19">
                    <pos type="VB"/>
                    <lemma type="see"/>
                    <dep head="9-17" type="xcomp"/>
                </token>
                <token content="what" id="9-20">
                    <pos type="WP"/>
                    <lemma type="what"/>
                </token>
                <token content="books" id="9-21">
                    <pos type="NNS"/>
                    <lemma type="book"/>
                </token>
                <token content="were" id="9-22">
                    <pos type="VBD"/>
                    <lemma type="be"/>
                </token>
                <token content="available" id="9-23">
                    <pos type="JJ"/>
                    <lemma type="available"/>
                    <dep head="9-19" type="ccomp"/>
                </token>
                <token content="." id="9-24"/>
            </sentence>
            <sentence id="10">
                <token content="When" id="10-1">
                    <pos type="WRB"/>
                    <lemma type="when"/>
                    <dep head="10-4" type="advmod"/>
                </token>
                <token content="I" id="10-2">
                    <pos type="PRP"/>
                    <lemma type="I"/>
                    <dep head="10-4" type="nsubj"/>
                </token>
                <token content="had" id="10-3">
                    <pos type="VBD"/>
                    <lemma type="have"/>
                    <dep head="10-4" type="aux"/>
                </token>
                <token content="selected" id="10-4">
                    <pos type="VBN"/>
                    <lemma type="select"/>
                    <dep head="10-8" type="advcl"/>
                </token>
                <token content="the" id="10-5">
                    <pos type="DT"/>
                    <lemma type="the"/>
                </token>
                <token content="books" id="10-6">
                    <pos type="NNS"/>
                    <lemma type="book"/>
                    <dep head="10-4" type="dobj"/>
                </token>
                <token content="I" id="10-7">
                    <pos type="PRP"/>
                    <lemma type="I"/>
                    <dep head="10-8" type="nsubj"/>
                </token>
                <token content="wanted" id="10-8">
                    <pos type="VBD"/>
                    <lemma type="want"/>
                </token>
                <token content="to" id="10-9">
                    <pos type="TO"/>
                    <lemma type="to"/>
                    <dep head="10-10" type="aux"/>
                </token>
                <token content="borrow" id="10-10">
                    <pos type="VB"/>
                    <lemma type="borrow"/>
                    <dep head="10-8" type="xcomp"/>
                </token>
                <token content="I" id="10-11">
                    <pos type="PRP"/>
                    <lemma type="I"/>
                    <dep head="10-12" type="nsubj"/>
                </token>
                <token content="went" id="10-12">
                    <pos type="VBD"/>
                    <lemma type="go"/>
                    <dep head="10-10" type="ccomp"/>
                </token>
                <token content="to" id="10-13"/>
                <token content="one" id="10-14">
                    <pos type="CD"/>
                    <lemma type="one"/>
                    <dep head="10-12" type="prep"/>
                </token>
                <token content="of" id="10-15"/>
                <token content="the" id="10-16">
                    <pos type="DT"/>
                    <lemma type="the"/>
                </token>
                <token content="self" id="10-17">
                    <pos type="NN"/>
                    <lemma type="self"/>
                </token>
                <token content="service" id="10-18">
                    <pos type="NN"/>
                    <lemma type="service"/>
                </token>
                <token content="stations" id="10-19">
                    <pos type="NNS"/>
                    <lemma type="station"/>
                </token>
                <token content="and" id="10-20"/>
                <token content="scanned" id="10-21">
                    <pos type="VBD"/>
                    <lemma type="scan"/>
                    <dep head="10-12" type="conj"/>
                </token>
                <token content="the" id="10-22">
                    <pos type="DT"/>
                    <lemma type="the"/>
                </token>
                <token content="barcode" id="10-23">
                    <pos type="NN"/>
                    <lemma type="barcode"/>
                    <dep head="10-21" type="dobj"/>
                </token>
                <token content="on" id="10-24"/>
                <token content="the" id="10-25">
                    <pos type="DT"/>
                    <lemma type="the"/>
                </token>
                <token content="books" id="10-26">
                    <pos type="NNS"/>
                    <lemma type="book"/>
                    <dep head="10-21" type="prep"/>
                </token>
                <token content="and" id="10-27"/>
                <token content="the" id="10-28">
                    <pos type="DT"/>
                    <lemma type="the"/>
                </token>
                <token content="barcode" id="10-29">
                    <pos type="NN"/>
                    <lemma type="barcode"/>
                </token>
                <token content="on" id="10-30"/>
                <token content="my" id="10-31">
                    <pos type="PRP$"/>
                    <lemma type="my"/>
                </token>
                <token content="new" id="10-32">
                    <pos type="JJ"/>
                    <lemma type="new"/>
                </token>
                <token content="library" id="10-33">
                    <pos type="NN"/>
                    <lemma type="library"/>
                </token>
                <token content="card" id="10-34">
                    <pos type="NN"/>
                    <lemma type="card"/>
                    <dep head="10-21" type="prep"/>
                </token>
                <token content="," id="10-35"/>
                <token content="and" id="10-36"/>
                <token content="the" id="10-37">
                    <pos type="DT"/>
                    <lemma type="the"/>
                </token>
                <token content="books" id="10-38">
                    <pos type="NNS"/>
                    <lemma type="book"/>
                    <dep head="10-40" type="nsubjpass"/>
                </token>
                <token content="were" id="10-39">
                    <pos type="VBD"/>
                    <lemma type="be"/>
                    <dep head="10-40" type="auxpass"/>
                </token>
                <token content="issued" id="10-40">
                    <pos type="VBN"/>
                    <lemma type="issue"/>
                    <dep head="10-8" type="conj"/>
                </token>
                <token content="to" id="10-41"/>
                <token content="me" id="10-42">
                    <pos type="PRP"/>
                    <lemma type="I"/>
                    <dep head="10-40" type="prep"/>
                </token>
                <token content="." id="10-43"/>
            </sentence>
            <sentence id="11">
                <token content="I" id="11-1">
                    <pos type="PRP"/>
                    <lemma type="I"/>
                    <dep head="11-3" type="nsubj"/>
                </token>
                <token content="also" id="11-2">
                    <pos type="RB"/>
                    <lemma type="also"/>
                    <dep head="11-3" type="advmod"/>
                </token>
                <token content="got" id="11-3">
                    <pos type="VBD"/>
                    <lemma type="get"/>
                </token>
                <token content="a" id="11-4">
                    <pos type="DT"/>
                    <lemma type="a"/>
                </token>
                <token content="printed" id="11-5">
                    <pos type="VBN"/>
                    <lemma type="print"/>
                </token>
                <token content="receipt" id="11-6">
                    <pos type="NN"/>
                    <lemma type="receipt"/>
                    <dep head="11-3" type="dobj"/>
                </token>
                <token content="to" id="11-7">
                    <pos type="TO"/>
                    <lemma type="to"/>
                    <dep head="11-8" type="aux"/>
                </token>
                <token content="show" id="11-8">
                    <pos type="VB"/>
                    <lemma type="show"/>
                    <dep head="11-3" type="vmod"/>
                </token>
                <token content="me" id="11-9">
                    <pos type="PRP"/>
                    <lemma type="I"/>
                    <dep head="11-8" type="dobj"/>
                </token>
                <token content="when" id="11-10">
                    <pos type="WRB"/>
                    <lemma type="when"/>
                </token>
                <token content="the" id="11-11">
                    <pos type="DT"/>
                    <lemma type="the"/>
                </token>
                <token content="books" id="11-12">
                    <pos type="NNS"/>
                    <lemma type="book"/>
                </token>
                <token content="were" id="11-13">
                    <pos type="VBD"/>
                    <lemma type="be"/>
                </token>
                <token content="due" id="11-14">
                    <pos type="JJ"/>
                    <lemma type="due"/>
                    <dep head="11-8" type="advcl"/>
                </token>
                <token content="to" id="11-15">
                    <pos type="TO"/>
                    <lemma type="to"/>
                    <dep head="11-17" type="aux"/>
                </token>
                <token content="be" id="11-16">
                    <pos type="VB"/>
                    <lemma type="be"/>
                    <dep head="11-17" type="auxpass"/>
                </token>
                <token content="returned" id="11-17">
                    <pos type="VBN"/>
                    <lemma type="return"/>
                </token>
                <token content="." id="11-18"/>
            </sentence>
            <sentence id="12">
                <token content="It" id="12-1">
                    <pos type="PRP"/>
                    <lemma type="it"/>
                </token>
                <token content="was" id="12-2">
                    <pos type="VBD"/>
                    <lemma type="be"/>
                </token>
                <token content="very" id="12-3">
                    <pos type="RB"/>
                    <lemma type="very"/>
                </token>
                <token content="easy" id="12-4">
                    <pos type="JJ"/>
                    <lemma type="easy"/>
                </token>
                <token content="to" id="12-5">
                    <pos type="TO"/>
                    <lemma type="to"/>
                    <dep head="12-6" type="aux"/>
                </token>
                <token content="do" id="12-6">
                    <pos type="VB"/>
                    <lemma type="do"/>
                </token>
                <token content="." id="12-7"/>
            </sentence>
        </sentences>
    </text>
    <annotations>
        <participants>
            <label from="1-2" id="0" name="ScrPart_customer" text="I" type="participant"/>
            <label from="1-4" id="1" name="ScrPart_book" text="books" type="participant"/>
            <label from="1-8" id="2" name="ScrPart_customer" text="I" type="participant"/>
            <label from="1-13" id="3" name="ScrPart_book" text="one" type="participant"/>
            <label from="1-17" id="4" name="ScrPart_library" text="library" type="participant"/>
            <label from="1-19" id="5" name="ScrPart_customer" text="you" type="participant"/>
            <label from="1-22" id="6" name="ScrPart_book" text="them" type="participant"/>
            <label from="1-25" id="7" name="ScrPart_book" text="them" type="participant"/>
            <label from="1-28" id="8" name="No_label" text="it" type="participant"/>
            <label from="1-32" id="9" name="ScrPart_customer" text="you" type="participant"/>
            <label from="1-33" id="10" name="No_label" text="anything" type="participant"/>
            <label from="2-2" id="11" name="ScrPart_library" text="libraries" type="participant"/>
            <label from="2-6" id="12" name="Head_of_Partitive" text="selection" type="participant"/>
            <label from="2-8" id="13" name="ScrPart_book" text="books" type="participant"/>
            <label from="2-10" id="14" name="ScrPart_customer" text="you" type="participant"/>
            <label from="2-17" id="15" name="ScrPart_book" text="something" type="participant"/>
            <label from="2-18" id="16" name="ScrPart_customer" text="you" type="participant"/>
            <label from="3-2" id="17" name="Head_of_Partitive" text="lot" type="participant"/>
            <label from="3-4" id="18" name="ScrPart_library" text="libraries" type="participant"/>
            <label from="3-6" id="19" name="ScrPart_library" text="their" type="participant"/>
            <label from="3-7" id="20" name="ScrPart_catalog" text="catalog" type="participant"/>
            <label from="3-8" id="21" name="No_label" text="online" type="participant"/>
            <label from="3-10" id="22" name="ScrPart_customer" text="you" type="participant"/>
            <label from="3-16" id="23" name="ScrPart_library" text="they" type="participant"/>
            <label from="3-20" id="24" name="ScrPart_book" text="book" type="participant"/>
            <label from="3-22" id="25" name="ScrPart_customer" text="you" type="participant"/>
            <label from="3-26" id="26" name="ScrPart_library" text="library" type="participant"/>
            <label from="4-1" id="27" name="ScrPart_customer" text="I" type="participant"/>
            <label from="4-8" id="28" name="ScrPart_library" text="library" type="participant"/>
            <label from="4-10" id="29" name="ScrPart_customer" text="I" type="participant"/>
            <label from="4-12" id="30" name="ScrPart_library" text="there" type="participant"/>
            <label from="4-17" id="31" name="ScrPart_staff" text="lady" type="participant"/>
            <label from="4-20" id="32" name="ScrPart_check-out_desk" text="desk" type="participant"/>
            <label from="4-23" id="33" name="ScrPart_customer" text="me" type="participant"/>
            <label from="4-28" id="34" name="NPart" text="form" type="participant"/>
            <label from="4-30" id="35" name="ScrPart_customer" text="my" type="participant"/>
            <label from="4-31" id="36" name="NPart" text="address" type="participant"/>
            <label from="4-33" id="37" name="NPart" text="contact details" to="4-34" type="participant"/>
            <label from="4-34" id="38" name="NPart" text="details" type="participant"/>
            <label from="4-38" id="39" name="NPart" text="proof" type="participant"/>
            <label from="4-40" id="40" name="ScrPart_customer" text="my" type="participant"/>
            <label from="4-41" id="41" name="NPart" text="identity" type="participant"/>
            <label from="5-2" id="42" name="ScrPart_customer" text="I" type="participant"/>
            <label from="5-8" id="43" name="NPart" text="form" type="participant"/>
            <label from="5-10" id="44" name="ScrPart_customer" text="I" type="participant"/>
            <label from="5-12" id="45" name="NPart" text="it" type="participant"/>
            <label from="5-15" id="46" name="ScrPart_staff" text="her" type="participant"/>
            <label from="5-17" id="47" name="ScrPart_staff" text="she" type="participant"/>
            <label from="5-19" id="48" name="ScrPart_customer" text="me" type="participant"/>
            <label from="5-22" id="49" name="ScrPart_library_card" text="plastic library card" to="5-24" type="participant"/>
            <label from="5-24" id="50" name="ScrPart_library_card" text="card" type="participant"/>
            <label from="5-26" id="51" name="ScrPart_customer" text="my" type="participant"/>
            <label from="5-27" id="52" name="NPart" text="account number" to="5-28" type="participant"/>
            <label from="5-30" id="53" name="ScrPart_customer" text="my" type="participant"/>
            <label from="5-31" id="54" name="NPart" text="name" type="participant"/>
            <label from="5-33" id="55" name="ScrPart_library_card" text="it" type="participant"/>
            <label from="5-39" id="56" name="NPart" text="barcode" type="participant"/>
            <label from="6-1" id="57" name="ScrPart_staff" text="She" type="participant"/>
            <label from="6-3" id="58" name="ScrPart_customer" text="me" type="participant"/>
            <label from="6-4" id="59" name="ScrPart_customer" text="I" type="participant"/>
            <label from="6-9" id="60" name="ScrPart_library_card" text="card" type="participant"/>
            <label from="6-13" id="61" name="ScrPart_book" text="books" type="participant"/>
            <label from="6-15" id="62" name="ScrPart_customer" text="I" type="participant"/>
            <label from="6-19" id="63" name="ScrPart_library" text="library" type="participant"/>
            <label from="7-3" id="64" name="Head_of_Partitive" text="thousands" type="participant"/>
            <label from="7-5" id="65" name="ScrPart_book" text="books" type="participant"/>
            <label from="7-7" id="66" name="Head_of_Partitive" text="hundreds" type="participant"/>
            <label from="7-9" id="67" name="ScrPart_shelf" text="shelves" type="participant"/>
            <label from="7-13" id="68" name="ScrPart_book" text="them" type="participant"/>
            <label from="7-18" id="69" name="NPart" text="sort" type="participant"/>
            <label from="7-20" id="70" name="NPart" text="order" type="participant"/>
            <label from="8-2" id="71" name="ScrPart_book" text="books" type="participant"/>
            <label from="8-6" id="72" name="NPart" text="author surname" to="8-7" type="participant"/>
            <label from="8-11" id="73" name="ScrPart_book" text="books" type="participant"/>
            <label from="8-16" id="74" name="NPart" text="system" type="participant"/>
            <label from="8-19" id="75" name="NPart" text="Dewey decimal system" to="8-21" type="participant"/>
            <label from="8-24" id="76" name="ScrPart_book" text="books" type="participant"/>
            <label from="8-27" id="77" name="ScrPart_book" text="their" type="participant"/>
            <label from="8-29" id="78" name="NPart" text="classification" type="participant"/>
            <label from="8-36" id="79" name="NPart" text="number order" to="8-37" type="participant"/>
            <label from="9-2" id="80" name="ScrPart_book" text="books" type="participant"/>
            <label from="9-10" id="81" name="ScrPart_institutional_devices" text="computers" type="participant"/>
            <label from="9-13" id="82" name="ScrPart_library" text="library" type="participant"/>
            <label from="9-15" id="83" name="ScrPart_customer" text="you" type="participant"/>
            <label from="9-21" id="84" name="ScrPart_book" text="books" type="participant"/>
            <label from="10-2" id="85" name="ScrPart_customer" text="I" type="participant"/>
            <label from="10-6" id="86" name="ScrPart_book" text="books" type="participant"/>
            <label from="10-7" id="87" name="ScrPart_customer" text="I" type="participant"/>
            <label from="10-11" id="88" name="ScrPart_customer" text="I" type="participant"/>
            <label from="10-14" id="89" name="ScrPart_institutional_devices" text="one" type="participant"/>
            <label from="10-17" id="90" name="ScrPart_institutional_devices" text="self service stations" to="10-19" type="participant"/>
            <label from="10-19" id="91" name="ScrPart_institutional_devices" text="stations" type="participant"/>
            <label from="10-23" id="92" name="ScrPart_book_id" text="barcode" type="participant"/>
            <label from="10-26" id="93" name="ScrPart_book" text="books" type="participant"/>
            <label from="10-29" id="94" name="NPart" text="barcode" type="participant"/>
            <label from="10-31" id="95" name="ScrPart_customer" text="my" type="participant"/>
            <label from="10-33" id="96" name="ScrPart_library_card" text="library card" to="10-34" type="participant"/>
            <label from="10-34" id="97" name="ScrPart_library_card" text="card" type="participant"/>
            <label from="10-38" id="98" name="ScrPart_book" text="books" type="participant"/>
            <label from="10-42" id="99" name="ScrPart_customer" text="me" type="participant"/>
            <label from="11-1" id="100" name="ScrPart_customer" text="I" type="participant"/>
            <label from="11-6" id="101" name="ScrPart_receipt" text="receipt" type="participant"/>
            <label from="11-9" id="102" name="ScrPart_customer" text="me" type="participant"/>
            <label from="11-12" id="103" name="ScrPart_book" text="books" type="participant"/>
            <label from="12-1" id="104" name="No_label" text="It" type="participant"/>
        </participants>
        <events>
            <label from="1-3" id="105" name="UnrelEv" text="buy" type="event"/>
            <label from="1-10" id="106" name="UnrelEv" text="decide" type="event"/>
            <label from="1-12" id="107" name="Evoking" text="borrow one from the public library" to="1-17" type="event"/>
            <label from="1-21" id="108" name="RelNScrEv" text="read" type="event"/>
            <label from="1-24" id="109" name="RelNScrEv" text="take" type="event"/>
            <label from="1-31" id="110" name="UnrelEv" text="cost" type="event"/>
            <label from="2-3" id="111" name="UnrelEv" text="have" type="event"/>
            <label from="2-13" id="112" name="UnrelEv" text="be" type="event"/>
            <label from="2-16" id="113" name="RelNScrEv" text="find" type="event"/>
            <label from="2-21" id="114" name="RelNScrEv" text="read" type="event"/>
            <label from="3-5" id="115" name="UnrelEv" text="have" type="event"/>
            <label from="3-12" id="116" name="ScrEv_check_catalog" text="check" type="event"/>
            <label from="3-17" id="117" name="UnrelEv" text="have" type="event"/>
            <label from="3-23" id="118" name="ScrEv_get_library" text="go" type="event"/>
            <label from="4-5" id="119" name="RelNScrEv" text="join" type="event"/>
            <label from="4-11" id="120" name="ScrEv_get_library" text="went" type="event"/>
            <label from="4-14" id="121" name="ScrEv_ask_librarian" text="spoke" type="event"/>
            <label from="4-22" id="122" name="UnrelEv" text="asked" type="event"/>
            <label from="4-25" id="123" name="RelNScrEv" text="fill in" to="4-26" type="event"/>
            <label from="4-37" id="124" name="RelNScrEv" text="provide" type="event"/>
            <label from="5-4" id="125" name="UnrelEv" text="finished" type="event"/>
            <label from="5-5" id="126" name="RelNScrEv" text="filling in" to="5-6" type="event"/>
            <label from="5-11" id="127" name="UnrelEv" text="took" type="event"/>
            <label from="5-18" id="128" name="RelNScrEv" text="made" type="event"/>
            <label from="6-2" id="129" name="UnrelEv" text="told" type="event"/>
            <label from="6-7" id="130" name="UnrelEv" text="use" type="event"/>
            <label from="6-11" id="131" name="ScrEv_register" text="check out" to="6-12" type="event"/>
            <label from="6-16" id="132" name="ScrEv_get_library" text="went" type="event"/>
            <label from="7-2" id="133" name="UnrelEv" text="were" type="event"/>
            <label from="7-15" id="134" name="UnrelEv" text="filed" type="event"/>
            <label from="8-4" id="135" name="UnrelEv" text="filed" type="event"/>
            <label from="8-13" id="136" name="UnrelEv" text="filed" type="event"/>
            <label from="8-23" id="137" name="UnrelEv" text="numbers" type="event"/>
            <label from="8-33" id="138" name="UnrelEv" text="filed" type="event"/>
            <label from="9-3" id="139" name="UnrelEv" text="were" type="event"/>
            <label from="9-6" id="140" name="RelNScrEv" text="find" type="event"/>
            <label from="9-9" id="141" name="UnrelEv" text="were" type="event"/>
            <label from="9-17" id="142" name="ScrEv_use_computer" text="check" type="event"/>
            <label from="9-19" id="143" name="ScrEv_look_for_book" text="see" type="event"/>
            <label from="9-22" id="144" name="UnrelEv" text="were" type="event"/>
            <label from="10-4" id="145" name="ScrEv_take_book" text="selected" type="event"/>
            <label from="10-10" id="146" name="Evoking" text="borrow" type="event"/>
            <label from="10-12" id="147" name="ScrEv_go_check_out" text="went" type="event"/>
            <label from="10-21" id="148" name="ScrEv_register" text="scanned" type="event"/>
            <label from="10-40" id="149" name="ScrEv_register" text="issued" type="event"/>
            <label from="11-3" id="150" name="ScrEv_get_receipt" text="got" type="event"/>
            <label from="11-5" id="151" name="UnrelEv" text="printed" type="event"/>
            <label from="11-13" id="152" name="UnrelEv" text="were" type="event"/>
            <label from="11-17" id="153" name="RelNScrEv" text="returned" type="event"/>
            <label from="12-2" id="154" name="UnrelEv" text="was" type="event"/>
            <label from="12-6" id="155" name="UnrelEv" text="do" type="event"/>
        </events>
        <chains>
            <chain elements="0 2 5 9 14 16 22 25 27 29 33 35 40 42 44 48 51 53 58 59 62 83 85 87 88 95 99 100 102"/>
            <chain elements="1 3 6 7 13 15 24 61 65 68 71 73 76 77 80 84 86 93 98 103"/>
            <chain elements="4 11 18 19 23 26 28 30 63 82"/>
            <chain elements="34 43"/>
            <chain elements="31 46 47 57"/>
            <chain elements="50 55 60 97"/>
            <chain elements="91 89" name="group_self_service_stations"/>
        </chains>
    </annotations>
</story>
