<?xml version="1.0" encoding="UTF-8" standalone="no"?>
<!DOCTYPE story SYSTEM "../InScript.dtd">
<story id="090" scenario="library">
    <text>
        <content>Last week I went to the library to get a book . 
One of my friends had recommended that I read a book called The Chocolate Wars . 
I went to the library Saturday afternoon . 
I walked into the main area on the first floor and went to a computer terminal , where I looked up the book by its title . 
The library catalog gave me a call number that identified where the book was stored . 
I wrote the call number down on a little slip of paper , then I took the slip of paper and went to the shelves where the books are . 
At the end of each row of book shelves , there are signs that told me which books were in that row . 
I found the row where the number I was looking for was , then I looked at the numbers on the books on those shelves until I found the number that matched The Chocolate Wars . 
I pulled the book off the shelf and liked the cover , so I decided I would go ahead and read it as my friend suggested . 
I took the book to the circulation desk and gave it to the librarian with my library card . 
The librarian swiped my library card through an electronic reader and told me the book would be due in two weeks . 
I thanked her and left the library . </content>
        <sentences>
            <sentence id="1">
                <token content="Last" id="1-1">
                    <pos type="JJ"/>
                    <lemma type="last"/>
                </token>
                <token content="week" id="1-2">
                    <pos type="NN"/>
                    <lemma type="week"/>
                    <dep head="1-4" type="tmod"/>
                </token>
                <token content="I" id="1-3">
                    <pos type="PRP"/>
                    <lemma type="I"/>
                    <dep head="1-4" type="nsubj"/>
                </token>
                <token content="went" id="1-4">
                    <pos type="VBD"/>
                    <lemma type="go"/>
                </token>
                <token content="to" id="1-5"/>
                <token content="the" id="1-6">
                    <pos type="DT"/>
                    <lemma type="the"/>
                </token>
                <token content="library" id="1-7">
                    <pos type="NN"/>
                    <lemma type="library"/>
                    <dep head="1-4" type="prep"/>
                </token>
                <token content="to" id="1-8">
                    <pos type="TO"/>
                    <lemma type="to"/>
                    <dep head="1-9" type="aux"/>
                </token>
                <token content="get" id="1-9">
                    <pos type="VB"/>
                    <lemma type="get"/>
                    <dep head="1-4" type="xcomp"/>
                </token>
                <token content="a" id="1-10">
                    <pos type="DT"/>
                    <lemma type="a"/>
                </token>
                <token content="book" id="1-11">
                    <pos type="NN"/>
                    <lemma type="book"/>
                    <dep head="1-9" type="dobj"/>
                </token>
                <token content="." id="1-12"/>
            </sentence>
            <sentence id="2">
                <token content="One" id="2-1">
                    <pos type="CD"/>
                    <lemma type="one"/>
                    <dep head="2-6" type="nsubj"/>
                </token>
                <token content="of" id="2-2"/>
                <token content="my" id="2-3">
                    <pos type="PRP$"/>
                    <lemma type="my"/>
                </token>
                <token content="friends" id="2-4">
                    <pos type="NNS"/>
                    <lemma type="friend"/>
                </token>
                <token content="had" id="2-5">
                    <pos type="VBD"/>
                    <lemma type="have"/>
                    <dep head="2-6" type="aux"/>
                </token>
                <token content="recommended" id="2-6">
                    <pos type="VBN"/>
                    <lemma type="recommend"/>
                </token>
                <token content="that" id="2-7">
                    <pos type="IN"/>
                    <lemma type="that"/>
                    <dep head="2-9" type="mark"/>
                </token>
                <token content="I" id="2-8">
                    <pos type="PRP"/>
                    <lemma type="I"/>
                    <dep head="2-9" type="nsubj"/>
                </token>
                <token content="read" id="2-9">
                    <pos type="VBD"/>
                    <lemma type="read"/>
                    <dep head="2-6" type="ccomp"/>
                </token>
                <token content="a" id="2-10">
                    <pos type="DT"/>
                    <lemma type="a"/>
                </token>
                <token content="book" id="2-11">
                    <pos type="NN"/>
                    <lemma type="book"/>
                    <dep head="2-12" type="nsubj"/>
                </token>
                <token content="called" id="2-12">
                    <pos type="VBD"/>
                    <lemma type="call"/>
                    <dep head="2-9" type="ccomp"/>
                </token>
                <token content="The" id="2-13">
                    <pos type="DT"/>
                    <lemma type="the"/>
                </token>
                <token content="Chocolate" id="2-14">
                    <pos type="NNP"/>
                    <lemma type="Chocolate"/>
                </token>
                <token content="Wars" id="2-15">
                    <pos type="NNPS"/>
                    <lemma type="Wars"/>
                    <dep head="2-12" type="dobj"/>
                </token>
                <token content="." id="2-16"/>
            </sentence>
            <sentence id="3">
                <token content="I" id="3-1">
                    <pos type="PRP"/>
                    <lemma type="I"/>
                    <dep head="3-2" type="nsubj"/>
                </token>
                <token content="went" id="3-2">
                    <pos type="VBD"/>
                    <lemma type="go"/>
                </token>
                <token content="to" id="3-3"/>
                <token content="the" id="3-4">
                    <pos type="DT"/>
                    <lemma type="the"/>
                </token>
                <token content="library" id="3-5">
                    <pos type="NN"/>
                    <lemma type="library"/>
                    <dep head="3-2" type="prep"/>
                </token>
                <token content="Saturday" id="3-6">
                    <pos type="NNP"/>
                    <lemma type="Saturday"/>
                </token>
                <token content="afternoon" id="3-7">
                    <pos type="NN"/>
                    <lemma type="afternoon"/>
                    <dep head="3-2" type="dobj"/>
                </token>
                <token content="." id="3-8"/>
            </sentence>
            <sentence id="4">
                <token content="I" id="4-1">
                    <pos type="PRP"/>
                    <lemma type="I"/>
                    <dep head="4-2" type="nsubj"/>
                </token>
                <token content="walked" id="4-2">
                    <pos type="VBD"/>
                    <lemma type="walk"/>
                </token>
                <token content="into" id="4-3"/>
                <token content="the" id="4-4">
                    <pos type="DT"/>
                    <lemma type="the"/>
                </token>
                <token content="main" id="4-5">
                    <pos type="JJ"/>
                    <lemma type="main"/>
                </token>
                <token content="area" id="4-6">
                    <pos type="NN"/>
                    <lemma type="area"/>
                    <dep head="4-2" type="prep"/>
                </token>
                <token content="on" id="4-7"/>
                <token content="the" id="4-8">
                    <pos type="DT"/>
                    <lemma type="the"/>
                </token>
                <token content="first" id="4-9">
                    <pos type="JJ"/>
                    <lemma type="first"/>
                </token>
                <token content="floor" id="4-10">
                    <pos type="NN"/>
                    <lemma type="floor"/>
                    <dep head="4-2" type="prep"/>
                </token>
                <token content="and" id="4-11"/>
                <token content="went" id="4-12">
                    <pos type="VBD"/>
                    <lemma type="go"/>
                    <dep head="4-2" type="conj"/>
                </token>
                <token content="to" id="4-13"/>
                <token content="a" id="4-14">
                    <pos type="DT"/>
                    <lemma type="a"/>
                </token>
                <token content="computer" id="4-15">
                    <pos type="NN"/>
                    <lemma type="computer"/>
                </token>
                <token content="terminal" id="4-16">
                    <pos type="NN"/>
                    <lemma type="terminal"/>
                    <dep head="4-12" type="prep"/>
                </token>
                <token content="," id="4-17"/>
                <token content="where" id="4-18">
                    <pos type="WRB"/>
                    <lemma type="where"/>
                    <dep head="4-20" type="advmod"/>
                </token>
                <token content="I" id="4-19">
                    <pos type="PRP"/>
                    <lemma type="I"/>
                    <dep head="4-20" type="nsubj"/>
                </token>
                <token content="looked" id="4-20">
                    <pos type="VBD"/>
                    <lemma type="look"/>
                </token>
                <token content="up" id="4-21">
                    <pos type="RP"/>
                    <lemma type="up"/>
                    <dep head="4-20" type="prt"/>
                </token>
                <token content="the" id="4-22">
                    <pos type="DT"/>
                    <lemma type="the"/>
                </token>
                <token content="book" id="4-23">
                    <pos type="NN"/>
                    <lemma type="book"/>
                    <dep head="4-20" type="dobj"/>
                </token>
                <token content="by" id="4-24"/>
                <token content="its" id="4-25">
                    <pos type="PRP$"/>
                    <lemma type="its"/>
                </token>
                <token content="title" id="4-26">
                    <pos type="NN"/>
                    <lemma type="title"/>
                    <dep head="4-20" type="prep"/>
                </token>
                <token content="." id="4-27"/>
            </sentence>
            <sentence id="5">
                <token content="The" id="5-1">
                    <pos type="DT"/>
                    <lemma type="the"/>
                </token>
                <token content="library" id="5-2">
                    <pos type="NN"/>
                    <lemma type="library"/>
                </token>
                <token content="catalog" id="5-3">
                    <pos type="NN"/>
                    <lemma type="catalog"/>
                    <dep head="5-4" type="nsubj"/>
                </token>
                <token content="gave" id="5-4">
                    <pos type="VBD"/>
                    <lemma type="give"/>
                </token>
                <token content="me" id="5-5">
                    <pos type="PRP"/>
                    <lemma type="I"/>
                    <dep head="5-4" type="iobj"/>
                </token>
                <token content="a" id="5-6">
                    <pos type="DT"/>
                    <lemma type="a"/>
                </token>
                <token content="call" id="5-7">
                    <pos type="NN"/>
                    <lemma type="call"/>
                </token>
                <token content="number" id="5-8">
                    <pos type="NN"/>
                    <lemma type="number"/>
                    <dep head="5-4" type="dobj"/>
                </token>
                <token content="that" id="5-9">
                    <pos type="WDT"/>
                    <lemma type="that"/>
                    <dep head="5-10" type="nsubj"/>
                </token>
                <token content="identified" id="5-10">
                    <pos type="VBD"/>
                    <lemma type="identify"/>
                </token>
                <token content="where" id="5-11">
                    <pos type="WRB"/>
                    <lemma type="where"/>
                    <dep head="5-15" type="advmod"/>
                </token>
                <token content="the" id="5-12">
                    <pos type="DT"/>
                    <lemma type="the"/>
                </token>
                <token content="book" id="5-13">
                    <pos type="NN"/>
                    <lemma type="book"/>
                    <dep head="5-15" type="nsubjpass"/>
                </token>
                <token content="was" id="5-14">
                    <pos type="VBD"/>
                    <lemma type="be"/>
                    <dep head="5-15" type="auxpass"/>
                </token>
                <token content="stored" id="5-15">
                    <pos type="VBN"/>
                    <lemma type="store"/>
                    <dep head="5-10" type="advcl"/>
                </token>
                <token content="." id="5-16"/>
            </sentence>
            <sentence id="6">
                <token content="I" id="6-1">
                    <pos type="PRP"/>
                    <lemma type="I"/>
                    <dep head="6-2" type="nsubj"/>
                </token>
                <token content="wrote" id="6-2">
                    <pos type="VBD"/>
                    <lemma type="write"/>
                </token>
                <token content="the" id="6-3">
                    <pos type="DT"/>
                    <lemma type="the"/>
                </token>
                <token content="call" id="6-4">
                    <pos type="NN"/>
                    <lemma type="call"/>
                </token>
                <token content="number" id="6-5">
                    <pos type="NN"/>
                    <lemma type="number"/>
                    <dep head="6-2" type="dobj"/>
                </token>
                <token content="down" id="6-6">
                    <pos type="RP"/>
                    <lemma type="down"/>
                    <dep head="6-2" type="prt"/>
                </token>
                <token content="on" id="6-7"/>
                <token content="a" id="6-8">
                    <pos type="DT"/>
                    <lemma type="a"/>
                </token>
                <token content="little" id="6-9">
                    <pos type="JJ"/>
                    <lemma type="little"/>
                </token>
                <token content="slip" id="6-10">
                    <pos type="NN"/>
                    <lemma type="slip"/>
                    <dep head="6-2" type="prep"/>
                </token>
                <token content="of" id="6-11"/>
                <token content="paper" id="6-12">
                    <pos type="NN"/>
                    <lemma type="paper"/>
                </token>
                <token content="," id="6-13"/>
                <token content="then" id="6-14">
                    <pos type="RB"/>
                    <lemma type="then"/>
                    <dep head="6-16" type="advmod"/>
                </token>
                <token content="I" id="6-15">
                    <pos type="PRP"/>
                    <lemma type="I"/>
                    <dep head="6-16" type="nsubj"/>
                </token>
                <token content="took" id="6-16">
                    <pos type="VBD"/>
                    <lemma type="take"/>
                    <dep head="6-2" type="parataxis"/>
                </token>
                <token content="the" id="6-17">
                    <pos type="DT"/>
                    <lemma type="the"/>
                </token>
                <token content="slip" id="6-18">
                    <pos type="NN"/>
                    <lemma type="slip"/>
                    <dep head="6-16" type="dobj"/>
                </token>
                <token content="of" id="6-19"/>
                <token content="paper" id="6-20">
                    <pos type="NN"/>
                    <lemma type="paper"/>
                </token>
                <token content="and" id="6-21"/>
                <token content="went" id="6-22">
                    <pos type="VBD"/>
                    <lemma type="go"/>
                    <dep head="6-16" type="conj"/>
                </token>
                <token content="to" id="6-23"/>
                <token content="the" id="6-24">
                    <pos type="DT"/>
                    <lemma type="the"/>
                </token>
                <token content="shelves" id="6-25">
                    <pos type="NNS"/>
                    <lemma type="shelf"/>
                    <dep head="6-22" type="prep"/>
                </token>
                <token content="where" id="6-26">
                    <pos type="WRB"/>
                    <lemma type="where"/>
                    <dep head="6-29" type="advmod"/>
                </token>
                <token content="the" id="6-27">
                    <pos type="DT"/>
                    <lemma type="the"/>
                </token>
                <token content="books" id="6-28">
                    <pos type="NNS"/>
                    <lemma type="book"/>
                    <dep head="6-29" type="nsubj"/>
                </token>
                <token content="are" id="6-29">
                    <pos type="VBP"/>
                    <lemma type="be"/>
                    <dep head="6-22" type="advcl"/>
                </token>
                <token content="." id="6-30"/>
            </sentence>
            <sentence id="7">
                <token content="At" id="7-1"/>
                <token content="the" id="7-2">
                    <pos type="DT"/>
                    <lemma type="the"/>
                </token>
                <token content="end" id="7-3">
                    <pos type="NN"/>
                    <lemma type="end"/>
                    <dep head="7-12" type="prep"/>
                </token>
                <token content="of" id="7-4"/>
                <token content="each" id="7-5">
                    <pos type="DT"/>
                    <lemma type="each"/>
                </token>
                <token content="row" id="7-6">
                    <pos type="NN"/>
                    <lemma type="row"/>
                </token>
                <token content="of" id="7-7"/>
                <token content="book" id="7-8">
                    <pos type="NN"/>
                    <lemma type="book"/>
                </token>
                <token content="shelves" id="7-9">
                    <pos type="NNS"/>
                    <lemma type="shelf"/>
                </token>
                <token content="," id="7-10"/>
                <token content="there" id="7-11">
                    <pos type="EX"/>
                    <lemma type="there"/>
                    <dep head="7-12" type="expl"/>
                </token>
                <token content="are" id="7-12">
                    <pos type="VBP"/>
                    <lemma type="be"/>
                </token>
                <token content="signs" id="7-13">
                    <pos type="NNS"/>
                    <lemma type="sign"/>
                    <dep head="7-12" type="nsubj"/>
                </token>
                <token content="that" id="7-14">
                    <pos type="WDT"/>
                    <lemma type="that"/>
                    <dep head="7-15" type="nsubj"/>
                </token>
                <token content="told" id="7-15">
                    <pos type="VBD"/>
                    <lemma type="tell"/>
                </token>
                <token content="me" id="7-16">
                    <pos type="PRP"/>
                    <lemma type="I"/>
                    <dep head="7-15" type="dobj"/>
                </token>
                <token content="which" id="7-17">
                    <pos type="WDT"/>
                    <lemma type="which"/>
                    <dep head="7-19" type="dobj"/>
                </token>
                <token content="books" id="7-18">
                    <pos type="NNS"/>
                    <lemma type="book"/>
                    <dep head="7-19" type="nsubj"/>
                </token>
                <token content="were" id="7-19">
                    <pos type="VBD"/>
                    <lemma type="be"/>
                    <dep head="7-15" type="dep"/>
                </token>
                <token content="in" id="7-20"/>
                <token content="that" id="7-21">
                    <pos type="DT"/>
                    <lemma type="that"/>
                </token>
                <token content="row" id="7-22">
                    <pos type="NN"/>
                    <lemma type="row"/>
                    <dep head="7-19" type="prep"/>
                </token>
                <token content="." id="7-23"/>
            </sentence>
            <sentence id="8">
                <token content="I" id="8-1">
                    <pos type="PRP"/>
                    <lemma type="I"/>
                    <dep head="8-2" type="nsubj"/>
                </token>
                <token content="found" id="8-2">
                    <pos type="VBD"/>
                    <lemma type="find"/>
                </token>
                <token content="the" id="8-3">
                    <pos type="DT"/>
                    <lemma type="the"/>
                </token>
                <token content="row" id="8-4">
                    <pos type="NN"/>
                    <lemma type="row"/>
                    <dep head="8-2" type="dobj"/>
                </token>
                <token content="where" id="8-5">
                    <pos type="WRB"/>
                    <lemma type="where"/>
                </token>
                <token content="the" id="8-6">
                    <pos type="DT"/>
                    <lemma type="the"/>
                </token>
                <token content="number" id="8-7">
                    <pos type="NN"/>
                    <lemma type="number"/>
                    <dep head="8-2" type="advcl"/>
                </token>
                <token content="I" id="8-8">
                    <pos type="PRP"/>
                    <lemma type="I"/>
                    <dep head="8-10" type="nsubj"/>
                </token>
                <token content="was" id="8-9">
                    <pos type="VBD"/>
                    <lemma type="be"/>
                    <dep head="8-10" type="aux"/>
                </token>
                <token content="looking" id="8-10">
                    <pos type="VBG"/>
                    <lemma type="look"/>
                </token>
                <token content="for" id="8-11">
                    <pos type="IN"/>
                    <lemma type="for"/>
                    <dep head="8-10" type="prep"/>
                </token>
                <token content="was" id="8-12">
                    <pos type="VBD"/>
                    <lemma type="be"/>
                </token>
                <token content="," id="8-13"/>
                <token content="then" id="8-14">
                    <pos type="RB"/>
                    <lemma type="then"/>
                    <dep head="8-16" type="advmod"/>
                </token>
                <token content="I" id="8-15">
                    <pos type="PRP"/>
                    <lemma type="I"/>
                    <dep head="8-16" type="nsubj"/>
                </token>
                <token content="looked" id="8-16">
                    <pos type="VBD"/>
                    <lemma type="look"/>
                    <dep head="8-2" type="parataxis"/>
                </token>
                <token content="at" id="8-17"/>
                <token content="the" id="8-18">
                    <pos type="DT"/>
                    <lemma type="the"/>
                </token>
                <token content="numbers" id="8-19">
                    <pos type="NNS"/>
                    <lemma type="number"/>
                    <dep head="8-16" type="prep"/>
                </token>
                <token content="on" id="8-20"/>
                <token content="the" id="8-21">
                    <pos type="DT"/>
                    <lemma type="the"/>
                </token>
                <token content="books" id="8-22">
                    <pos type="NNS"/>
                    <lemma type="book"/>
                </token>
                <token content="on" id="8-23"/>
                <token content="those" id="8-24">
                    <pos type="DT"/>
                    <lemma type="those"/>
                </token>
                <token content="shelves" id="8-25">
                    <pos type="NNS"/>
                    <lemma type="shelf"/>
                </token>
                <token content="until" id="8-26">
                    <pos type="IN"/>
                    <lemma type="until"/>
                    <dep head="8-28" type="mark"/>
                </token>
                <token content="I" id="8-27">
                    <pos type="PRP"/>
                    <lemma type="I"/>
                    <dep head="8-28" type="nsubj"/>
                </token>
                <token content="found" id="8-28">
                    <pos type="VBD"/>
                    <lemma type="find"/>
                    <dep head="8-16" type="advcl"/>
                </token>
                <token content="the" id="8-29">
                    <pos type="DT"/>
                    <lemma type="the"/>
                </token>
                <token content="number" id="8-30">
                    <pos type="NN"/>
                    <lemma type="number"/>
                    <dep head="8-28" type="dobj"/>
                </token>
                <token content="that" id="8-31">
                    <pos type="WDT"/>
                    <lemma type="that"/>
                    <dep head="8-32" type="nsubj"/>
                </token>
                <token content="matched" id="8-32">
                    <pos type="VBD"/>
                    <lemma type="match"/>
                </token>
                <token content="The" id="8-33">
                    <pos type="DT"/>
                    <lemma type="the"/>
                </token>
                <token content="Chocolate" id="8-34">
                    <pos type="NNP"/>
                    <lemma type="Chocolate"/>
                </token>
                <token content="Wars" id="8-35">
                    <pos type="NNPS"/>
                    <lemma type="Wars"/>
                    <dep head="8-32" type="dobj"/>
                </token>
                <token content="." id="8-36"/>
            </sentence>
            <sentence id="9">
                <token content="I" id="9-1">
                    <pos type="PRP"/>
                    <lemma type="I"/>
                    <dep head="9-2" type="nsubj"/>
                </token>
                <token content="pulled" id="9-2">
                    <pos type="VBD"/>
                    <lemma type="pull"/>
                </token>
                <token content="the" id="9-3">
                    <pos type="DT"/>
                    <lemma type="the"/>
                </token>
                <token content="book" id="9-4">
                    <pos type="NN"/>
                    <lemma type="book"/>
                    <dep head="9-2" type="dobj"/>
                </token>
                <token content="off" id="9-5"/>
                <token content="the" id="9-6">
                    <pos type="DT"/>
                    <lemma type="the"/>
                </token>
                <token content="shelf" id="9-7">
                    <pos type="NN"/>
                    <lemma type="shelf"/>
                    <dep head="9-2" type="prep"/>
                </token>
                <token content="and" id="9-8"/>
                <token content="liked" id="9-9">
                    <pos type="VBD"/>
                    <lemma type="like"/>
                    <dep head="9-2" type="conj"/>
                </token>
                <token content="the" id="9-10">
                    <pos type="DT"/>
                    <lemma type="the"/>
                </token>
                <token content="cover" id="9-11">
                    <pos type="NN"/>
                    <lemma type="cover"/>
                    <dep head="9-9" type="dobj"/>
                </token>
                <token content="," id="9-12"/>
                <token content="so" id="9-13">
                    <pos type="IN"/>
                    <lemma type="so"/>
                    <dep head="9-2" type="dep"/>
                </token>
                <token content="I" id="9-14">
                    <pos type="PRP"/>
                    <lemma type="I"/>
                    <dep head="9-15" type="nsubj"/>
                </token>
                <token content="decided" id="9-15">
                    <pos type="VBD"/>
                    <lemma type="decide"/>
                    <dep head="9-2" type="parataxis"/>
                </token>
                <token content="I" id="9-16">
                    <pos type="PRP"/>
                    <lemma type="I"/>
                    <dep head="9-18" type="nsubj"/>
                </token>
                <token content="would" id="9-17">
                    <pos type="MD"/>
                    <lemma type="would"/>
                    <dep head="9-18" type="aux"/>
                </token>
                <token content="go" id="9-18">
                    <pos type="VB"/>
                    <lemma type="go"/>
                    <dep head="9-15" type="ccomp"/>
                </token>
                <token content="ahead" id="9-19">
                    <pos type="RB"/>
                    <lemma type="ahead"/>
                    <dep head="9-18" type="advmod"/>
                </token>
                <token content="and" id="9-20"/>
                <token content="read" id="9-21">
                    <pos type="VB"/>
                    <lemma type="read"/>
                    <dep head="9-18" type="conj"/>
                </token>
                <token content="it" id="9-22">
                    <pos type="PRP"/>
                    <lemma type="it"/>
                    <dep head="9-21" type="dobj"/>
                </token>
                <token content="as" id="9-23">
                    <pos type="IN"/>
                    <lemma type="as"/>
                    <dep head="9-26" type="mark"/>
                </token>
                <token content="my" id="9-24">
                    <pos type="PRP$"/>
                    <lemma type="my"/>
                </token>
                <token content="friend" id="9-25">
                    <pos type="NN"/>
                    <lemma type="friend"/>
                    <dep head="9-26" type="nsubj"/>
                </token>
                <token content="suggested" id="9-26">
                    <pos type="VBD"/>
                    <lemma type="suggest"/>
                    <dep head="9-21" type="advcl"/>
                </token>
                <token content="." id="9-27"/>
            </sentence>
            <sentence id="10">
                <token content="I" id="10-1">
                    <pos type="PRP"/>
                    <lemma type="I"/>
                    <dep head="10-2" type="nsubj"/>
                </token>
                <token content="took" id="10-2">
                    <pos type="VBD"/>
                    <lemma type="take"/>
                </token>
                <token content="the" id="10-3">
                    <pos type="DT"/>
                    <lemma type="the"/>
                </token>
                <token content="book" id="10-4">
                    <pos type="NN"/>
                    <lemma type="book"/>
                    <dep head="10-2" type="dobj"/>
                </token>
                <token content="to" id="10-5"/>
                <token content="the" id="10-6">
                    <pos type="DT"/>
                    <lemma type="the"/>
                </token>
                <token content="circulation" id="10-7">
                    <pos type="NN"/>
                    <lemma type="circulation"/>
                </token>
                <token content="desk" id="10-8">
                    <pos type="NN"/>
                    <lemma type="desk"/>
                    <dep head="10-2" type="prep"/>
                </token>
                <token content="and" id="10-9"/>
                <token content="gave" id="10-10">
                    <pos type="VBD"/>
                    <lemma type="give"/>
                    <dep head="10-2" type="conj"/>
                </token>
                <token content="it" id="10-11">
                    <pos type="PRP"/>
                    <lemma type="it"/>
                    <dep head="10-10" type="dobj"/>
                </token>
                <token content="to" id="10-12"/>
                <token content="the" id="10-13">
                    <pos type="DT"/>
                    <lemma type="the"/>
                </token>
                <token content="librarian" id="10-14">
                    <pos type="NN"/>
                    <lemma type="librarian"/>
                    <dep head="10-10" type="prep"/>
                </token>
                <token content="with" id="10-15"/>
                <token content="my" id="10-16">
                    <pos type="PRP$"/>
                    <lemma type="my"/>
                </token>
                <token content="library" id="10-17">
                    <pos type="NN"/>
                    <lemma type="library"/>
                </token>
                <token content="card" id="10-18">
                    <pos type="NN"/>
                    <lemma type="card"/>
                    <dep head="10-10" type="prep"/>
                </token>
                <token content="." id="10-19"/>
            </sentence>
            <sentence id="11">
                <token content="The" id="11-1">
                    <pos type="DT"/>
                    <lemma type="the"/>
                </token>
                <token content="librarian" id="11-2">
                    <pos type="NN"/>
                    <lemma type="librarian"/>
                    <dep head="11-3" type="nsubj"/>
                </token>
                <token content="swiped" id="11-3">
                    <pos type="VBD"/>
                    <lemma type="swipe"/>
                </token>
                <token content="my" id="11-4">
                    <pos type="PRP$"/>
                    <lemma type="my"/>
                </token>
                <token content="library" id="11-5">
                    <pos type="NN"/>
                    <lemma type="library"/>
                </token>
                <token content="card" id="11-6">
                    <pos type="NN"/>
                    <lemma type="card"/>
                    <dep head="11-3" type="dobj"/>
                </token>
                <token content="through" id="11-7"/>
                <token content="an" id="11-8">
                    <pos type="DT"/>
                    <lemma type="a"/>
                </token>
                <token content="electronic" id="11-9">
                    <pos type="JJ"/>
                    <lemma type="electronic"/>
                </token>
                <token content="reader" id="11-10">
                    <pos type="NN"/>
                    <lemma type="reader"/>
                    <dep head="11-3" type="prep"/>
                </token>
                <token content="and" id="11-11"/>
                <token content="told" id="11-12">
                    <pos type="VBD"/>
                    <lemma type="tell"/>
                    <dep head="11-3" type="conj"/>
                </token>
                <token content="me" id="11-13">
                    <pos type="PRP"/>
                    <lemma type="I"/>
                    <dep head="11-12" type="dobj"/>
                </token>
                <token content="the" id="11-14">
                    <pos type="DT"/>
                    <lemma type="the"/>
                </token>
                <token content="book" id="11-15">
                    <pos type="NN"/>
                    <lemma type="book"/>
                </token>
                <token content="would" id="11-16">
                    <pos type="MD"/>
                    <lemma type="would"/>
                </token>
                <token content="be" id="11-17">
                    <pos type="VB"/>
                    <lemma type="be"/>
                </token>
                <token content="due" id="11-18">
                    <pos type="JJ"/>
                    <lemma type="due"/>
                    <dep head="11-12" type="dep"/>
                </token>
                <token content="in" id="11-19"/>
                <token content="two" id="11-20">
                    <pos type="CD"/>
                    <lemma type="two"/>
                </token>
                <token content="weeks" id="11-21">
                    <pos type="NNS"/>
                    <lemma type="week"/>
                </token>
                <token content="." id="11-22"/>
            </sentence>
            <sentence id="12">
                <token content="I" id="12-1">
                    <pos type="PRP"/>
                    <lemma type="I"/>
                    <dep head="12-2" type="nsubj"/>
                </token>
                <token content="thanked" id="12-2">
                    <pos type="VBD"/>
                    <lemma type="thank"/>
                </token>
                <token content="her" id="12-3">
                    <pos type="PRP"/>
                    <lemma type="she"/>
                    <dep head="12-2" type="dobj"/>
                </token>
                <token content="and" id="12-4"/>
                <token content="left" id="12-5">
                    <pos type="VBD"/>
                    <lemma type="leave"/>
                    <dep head="12-2" type="conj"/>
                </token>
                <token content="the" id="12-6">
                    <pos type="DT"/>
                    <lemma type="the"/>
                </token>
                <token content="library" id="12-7">
                    <pos type="NN"/>
                    <lemma type="library"/>
                    <dep head="12-5" type="dobj"/>
                </token>
                <token content="." id="12-8"/>
            </sentence>
        </sentences>
    </text>
    <annotations>
        <participants>
            <label from="1-2" id="0" name="NPart" text="week" type="participant"/>
            <label from="1-3" id="1" name="ScrPart_customer" text="I" type="participant"/>
            <label from="1-7" id="2" name="ScrPart_library" text="library" type="participant"/>
            <label from="1-11" id="3" name="ScrPart_book" text="book" type="participant"/>
            <label from="2-3" id="4" name="ScrPart_customer" text="my" type="participant"/>
            <label from="2-4" id="5" name="NPart" text="friends" type="participant"/>
            <label from="2-8" id="6" name="ScrPart_customer" text="I" type="participant"/>
            <label from="2-11" id="7" name="ScrPart_book" text="book" type="participant"/>
            <label from="2-13" id="8" name="ScrPart_book" text="The Chocolate Wars" to="2-15" type="participant"/>
            <label from="3-1" id="9" name="ScrPart_customer" text="I" type="participant"/>
            <label from="3-5" id="10" name="ScrPart_library" text="library" type="participant"/>
            <label from="3-6" id="11" name="NPart" text="Saturday" type="participant"/>
            <label from="3-7" id="12" name="NPart" text="afternoon" type="participant"/>
            <label from="4-1" id="13" name="ScrPart_customer" text="I" type="participant"/>
            <label from="4-5" id="14" name="ScrPart_location_library" text="main area" to="4-6" type="participant"/>
            <label from="4-6" id="15" name="ScrPart_location_library" text="area" type="participant"/>
            <label from="4-10" id="16" name="ScrPart_location_library" text="floor" type="participant"/>
            <label from="4-15" id="17" name="ScrPart_institutional_devices" text="computer terminal" to="4-16" type="participant"/>
            <label from="4-16" id="18" name="ScrPart_institutional_devices" text="terminal" type="participant"/>
            <label from="4-19" id="19" name="ScrPart_customer" text="I" type="participant"/>
            <label from="4-23" id="20" name="ScrPart_book" text="book" type="participant"/>
            <label from="4-25" id="21" name="ScrPart_book" text="its" type="participant"/>
            <label from="4-26" id="22" name="ScrPart_other" text="title" type="participant"/>
            <label from="5-2" id="23" name="ScrPart_catalog" text="library catalog" to="5-3" type="participant"/>
            <label from="5-3" id="24" name="ScrPart_catalog" text="catalog" type="participant"/>
            <label from="5-5" id="25" name="ScrPart_customer" text="me" type="participant"/>
            <label from="5-7" id="26" name="ScrPart_section_id" text="call number" to="5-8" type="participant"/>
            <label from="5-8" id="27" name="ScrPart_section_id" text="number" type="participant"/>
            <label from="5-13" id="28" name="ScrPart_book" text="book" type="participant"/>
            <label from="6-1" id="29" name="ScrPart_customer" text="I" type="participant"/>
            <label from="6-4" id="30" name="ScrPart_section_id" text="call number" to="6-5" type="participant"/>
            <label from="6-5" id="31" name="ScrPart_section_id" text="number" type="participant"/>
            <label from="6-10" id="32" name="Head_of_Partitive" text="slip" type="participant"/>
            <label from="6-12" id="33" name="NPart" text="paper" type="participant"/>
            <label from="6-15" id="34" name="ScrPart_customer" text="I" type="participant"/>
            <label from="6-18" id="35" name="Head_of_Partitive" text="slip" type="participant"/>
            <label from="6-20" id="36" name="NPart" text="paper" type="participant"/>
            <label from="6-25" id="37" name="ScrPart_shelf" text="shelves" type="participant"/>
            <label from="6-28" id="38" name="ScrPart_book" text="books" type="participant"/>
            <label from="7-3" id="39" name="NPart" text="end" type="participant"/>
            <label from="7-6" id="40" name="Head_of_Partitive" text="row" type="participant"/>
            <label from="7-8" id="41" name="ScrPart_shelf" text="book shelves" to="7-9" type="participant"/>
            <label from="7-9" id="42" name="ScrPart_shelf" text="shelves" type="participant"/>
            <label from="7-13" id="43" name="NPart" text="signs" type="participant"/>
            <label from="7-16" id="44" name="ScrPart_customer" text="me" type="participant"/>
            <label from="7-18" id="45" name="ScrPart_book" text="books" type="participant"/>
            <label from="7-22" id="46" name="ScrPart_shelf" text="row" type="participant"/>
            <label from="8-1" id="47" name="ScrPart_customer" text="I" type="participant"/>
            <label from="8-4" id="48" name="ScrPart_shelf" text="row" type="participant"/>
            <label from="8-7" id="49" name="ScrPart_section_id" text="number" type="participant"/>
            <label from="8-8" id="50" name="ScrPart_customer" text="I" type="participant"/>
            <label from="8-15" id="51" name="ScrPart_customer" text="I" type="participant"/>
            <label from="8-19" id="52" name="ScrPart_book_id" text="numbers" type="participant"/>
            <label from="8-22" id="53" name="ScrPart_book" text="books" type="participant"/>
            <label from="8-25" id="54" name="ScrPart_shelf" text="shelves" type="participant"/>
            <label from="8-27" id="55" name="ScrPart_customer" text="I" type="participant"/>
            <label from="8-30" id="56" name="ScrPart_book_id" text="number" type="participant"/>
            <label from="8-33" id="57" name="ScrPart_book" text="The Chocolate Wars" to="8-35" type="participant"/>
            <label from="9-1" id="58" name="ScrPart_customer" text="I" type="participant"/>
            <label from="9-4" id="59" name="ScrPart_book" text="book" type="participant"/>
            <label from="9-7" id="60" name="ScrPart_shelf" text="shelf" type="participant"/>
            <label from="9-11" id="61" name="ScrPart_other" text="cover" type="participant"/>
            <label from="9-14" id="62" name="ScrPart_customer" text="I" type="participant"/>
            <label from="9-16" id="63" name="ScrPart_customer" text="I" type="participant"/>
            <label from="9-22" id="64" name="ScrPart_book" text="it" type="participant"/>
            <label from="9-24" id="65" name="ScrPart_customer" text="my" type="participant"/>
            <label from="9-25" id="66" name="NPart" text="friend" type="participant"/>
            <label from="10-1" id="67" name="ScrPart_customer" text="I" type="participant"/>
            <label from="10-4" id="68" name="ScrPart_book" text="book" type="participant"/>
            <label from="10-7" id="69" name="ScrPart_check-out_desk" text="circulation desk" to="10-8" type="participant"/>
            <label from="10-8" id="70" name="ScrPart_check-out_desk" text="desk" type="participant"/>
            <label from="10-11" id="71" name="ScrPart_book" text="it" type="participant"/>
            <label from="10-14" id="72" name="ScrPart_staff" text="librarian" type="participant"/>
            <label from="10-16" id="73" name="ScrPart_customer" text="my" type="participant"/>
            <label from="10-17" id="74" name="ScrPart_library_card" text="library card" to="10-18" type="participant"/>
            <label from="10-18" id="75" name="ScrPart_library_card" text="card" type="participant"/>
            <label from="11-2" id="76" name="ScrPart_staff" text="librarian" type="participant"/>
            <label from="11-4" id="77" name="ScrPart_customer" text="my" type="participant"/>
            <label from="11-5" id="78" name="ScrPart_library_card" text="library card" to="11-6" type="participant"/>
            <label from="11-6" id="79" name="ScrPart_library_card" text="card" type="participant"/>
            <label from="11-10" id="80" name="ScrPart_institutional_devices" text="reader" type="participant"/>
            <label from="11-13" id="81" name="ScrPart_customer" text="me" type="participant"/>
            <label from="11-15" id="82" name="ScrPart_book" text="book" type="participant"/>
            <label from="11-21" id="83" name="ScrPart_return_date" text="weeks" type="participant"/>
            <label from="12-1" id="84" name="ScrPart_customer" text="I" type="participant"/>
            <label from="12-3" id="85" name="ScrPart_staff" text="her" type="participant"/>
            <label from="12-7" id="86" name="ScrPart_library" text="library" type="participant"/>
        </participants>
        <events>
            <label from="1-4" id="87" name="Evoking" text="went to the library to get a book" to="1-11" type="event"/>
            <label from="2-6" id="88" name="UnrelEv" text="recommended" type="event"/>
            <label from="2-9" id="89" name="RelNScrEv" text="read" type="event"/>
            <label from="2-12" id="90" name="UnrelEv" text="called" type="event"/>
            <label from="3-2" id="91" name="ScrEv_get_library" text="went" type="event"/>
            <label from="4-2" id="92" name="UnrelEv" text="walked into" to="4-3" type="event"/>
            <label from="4-2" id="93" name="UnrelEv" text="walked" type="event"/>
            <label from="4-12" id="94" name="UnrelEv" text="went" type="event"/>
            <label from="4-20" id="95" name="ScrEv_use_computer" text="looked up" to="4-21" type="event"/>
            <label from="4-20" id="96" name="ScrEv_use_computer" text="looked" type="event"/>
            <label from="5-4" id="97" name="UnrelEv" text="gave" type="event"/>
            <label from="5-10" id="98" name="UnrelEv" text="identified" type="event"/>
            <label from="5-15" id="99" name="RelNScrEv" text="stored" type="event"/>
            <label from="6-2" id="100" name="ScrEv_note_shelf" text="wrote" type="event"/>
            <label from="6-16" id="101" name="UnrelEv" text="took" type="event"/>
            <label from="6-22" id="102" name="ScrEv_other" text="went" type="event"/>
            <label from="6-29" id="103" name="UnrelEv" text="are" type="event"/>
            <label from="7-12" id="104" name="UnrelEv" text="are" type="event"/>
            <label from="7-15" id="105" name="UnrelEv" text="told" type="event"/>
            <label from="7-19" id="106" name="UnrelEv" text="were" type="event"/>
            <label from="8-2" id="107" name="ScrEv_other" text="found" type="event"/>
            <label from="8-10" id="108" name="UnrelEv" text="looking for" to="8-11" type="event"/>
            <label from="8-10" id="109" name="UnrelEv" text="looking" type="event"/>
            <label from="8-12" id="110" name="UnrelEv" text="was" type="event"/>
            <label from="8-16" id="111" name="UnrelEv" text="looked at" to="8-17" type="event"/>
            <label from="8-16" id="112" name="UnrelEv" text="looked" type="event"/>
            <label from="8-28" id="113" name="ScrEv_other" text="found" type="event"/>
            <label from="8-32" id="114" name="UnrelEv" text="matched" type="event"/>
            <label from="9-2" id="115" name="ScrEv_take_book" text="pulled" type="event"/>
            <label from="9-9" id="116" name="UnrelEv" text="liked" type="event"/>
            <label from="9-15" id="117" name="UnrelEv" text="decided" type="event"/>
            <label from="9-18" id="118" name="UnrelEv" text="go ahead" to="9-19" type="event"/>
            <label from="9-18" id="119" name="UnrelEv" text="go" type="event"/>
            <label from="9-21" id="120" name="RelNScrEv" text="read" type="event"/>
            <label from="9-26" id="121" name="UnrelEv" text="suggested" type="event"/>
            <label from="10-2" id="122" name="ScrEv_go_check_out" text="took" type="event"/>
            <label from="10-10" id="123" name="ScrEv_other" text="gave" type="event"/>
            <label from="11-3" id="124" name="ScrEv_other" text="swiped" type="event"/>
            <label from="11-12" id="125" name="RelNScrEv" text="told" type="event"/>
            <label from="11-17" id="126" name="UnrelEv" text="be" type="event"/>
            <label from="12-2" id="127" name="RelNScrEv" text="thanked" type="event"/>
            <label from="12-5" id="128" name="ScrEv_leave" text="left" type="event"/>
        </events>
        <chains>
            <chain elements="1 4 6 9 13 19 25 29 34 44 47 50 51 55 58 62 63 65 67 73 81 84"/>
            <chain elements="3 7 8 20 21 22 28 38 45 53 57 59 64 68 71 82"/>
            <chain elements="2 10 86"/>
            <chain elements="27 31 49"/>
            <chain elements="37 42 46 48 54 60"/>
            <chain elements="52 56"/>
            <chain elements="72 76 85"/>
            <chain elements="75 79"/>
        </chains>
    </annotations>
</story>
