<?xml version="1.0" encoding="UTF-8" standalone="no"?>
<!DOCTYPE story SYSTEM "../InScript.dtd">
<story id="091" scenario="library">
    <text>
        <content>Reading is very important to me , and with the amount that I read , it is economical to use a library to borrow the books I would like to read . 
When borrowing a book , I get my son into the car and we drive to the library . 
Usually we find a few books for him to borrow as well , so we go to the children 's section first and pick out two or three books for him . 
That way , when we go to find a book for me , he has something to entertain him . 
Then we go to the fiction section for adults . 
Usually my son Ryan will sit on the floor looking at his books next to me while I find book to check out . 
I find a book or two and then Ryan and I go to the check out and use my library card to check out the books . 
The librarian usually puts them in a bag and then we leave the library to go home and enjoy our books . </content>
        <sentences>
            <sentence id="1">
                <token content="Reading" id="1-1">
                    <pos type="NNP"/>
                    <lemma type="Reading"/>
                </token>
                <token content="is" id="1-2">
                    <pos type="VBZ"/>
                    <lemma type="be"/>
                </token>
                <token content="very" id="1-3">
                    <pos type="RB"/>
                    <lemma type="very"/>
                </token>
                <token content="important" id="1-4">
                    <pos type="JJ"/>
                    <lemma type="important"/>
                </token>
                <token content="to" id="1-5"/>
                <token content="me" id="1-6">
                    <pos type="PRP"/>
                    <lemma type="I"/>
                </token>
                <token content="," id="1-7"/>
                <token content="and" id="1-8"/>
                <token content="with" id="1-9"/>
                <token content="the" id="1-10">
                    <pos type="DT"/>
                    <lemma type="the"/>
                </token>
                <token content="amount" id="1-11">
                    <pos type="NN"/>
                    <lemma type="amount"/>
                </token>
                <token content="that" id="1-12">
                    <pos type="IN"/>
                    <lemma type="that"/>
                    <dep head="1-14" type="mark"/>
                </token>
                <token content="I" id="1-13">
                    <pos type="PRP"/>
                    <lemma type="I"/>
                    <dep head="1-14" type="nsubj"/>
                </token>
                <token content="read" id="1-14">
                    <pos type="VBD"/>
                    <lemma type="read"/>
                </token>
                <token content="," id="1-15"/>
                <token content="it" id="1-16">
                    <pos type="PRP"/>
                    <lemma type="it"/>
                </token>
                <token content="is" id="1-17">
                    <pos type="VBZ"/>
                    <lemma type="be"/>
                </token>
                <token content="economical" id="1-18">
                    <pos type="JJ"/>
                    <lemma type="economical"/>
                </token>
                <token content="to" id="1-19">
                    <pos type="TO"/>
                    <lemma type="to"/>
                    <dep head="1-20" type="aux"/>
                </token>
                <token content="use" id="1-20">
                    <pos type="VB"/>
                    <lemma type="use"/>
                </token>
                <token content="a" id="1-21">
                    <pos type="DT"/>
                    <lemma type="a"/>
                </token>
                <token content="library" id="1-22">
                    <pos type="NN"/>
                    <lemma type="library"/>
                    <dep head="1-20" type="dobj"/>
                </token>
                <token content="to" id="1-23">
                    <pos type="TO"/>
                    <lemma type="to"/>
                    <dep head="1-24" type="aux"/>
                </token>
                <token content="borrow" id="1-24">
                    <pos type="VB"/>
                    <lemma type="borrow"/>
                </token>
                <token content="the" id="1-25">
                    <pos type="DT"/>
                    <lemma type="the"/>
                </token>
                <token content="books" id="1-26">
                    <pos type="NNS"/>
                    <lemma type="book"/>
                    <dep head="1-24" type="dobj"/>
                </token>
                <token content="I" id="1-27">
                    <pos type="PRP"/>
                    <lemma type="I"/>
                    <dep head="1-29" type="nsubj"/>
                </token>
                <token content="would" id="1-28">
                    <pos type="MD"/>
                    <lemma type="would"/>
                    <dep head="1-29" type="aux"/>
                </token>
                <token content="like" id="1-29">
                    <pos type="VB"/>
                    <lemma type="like"/>
                </token>
                <token content="to" id="1-30">
                    <pos type="TO"/>
                    <lemma type="to"/>
                    <dep head="1-31" type="aux"/>
                </token>
                <token content="read" id="1-31">
                    <pos type="VB"/>
                    <lemma type="read"/>
                    <dep head="1-29" type="xcomp"/>
                </token>
                <token content="." id="1-32"/>
            </sentence>
            <sentence id="2">
                <token content="When" id="2-1">
                    <pos type="WRB"/>
                    <lemma type="when"/>
                    <dep head="2-2" type="advmod"/>
                </token>
                <token content="borrowing" id="2-2">
                    <pos type="VBG"/>
                    <lemma type="borrow"/>
                    <dep head="2-7" type="advcl"/>
                </token>
                <token content="a" id="2-3">
                    <pos type="DT"/>
                    <lemma type="a"/>
                </token>
                <token content="book" id="2-4">
                    <pos type="NN"/>
                    <lemma type="book"/>
                    <dep head="2-2" type="dobj"/>
                </token>
                <token content="," id="2-5"/>
                <token content="I" id="2-6">
                    <pos type="PRP"/>
                    <lemma type="I"/>
                    <dep head="2-7" type="nsubj"/>
                </token>
                <token content="get" id="2-7">
                    <pos type="VBP"/>
                    <lemma type="get"/>
                </token>
                <token content="my" id="2-8">
                    <pos type="PRP$"/>
                    <lemma type="my"/>
                </token>
                <token content="son" id="2-9">
                    <pos type="NN"/>
                    <lemma type="son"/>
                    <dep head="2-7" type="dobj"/>
                </token>
                <token content="into" id="2-10"/>
                <token content="the" id="2-11">
                    <pos type="DT"/>
                    <lemma type="the"/>
                </token>
                <token content="car" id="2-12">
                    <pos type="NN"/>
                    <lemma type="car"/>
                    <dep head="2-7" type="prep"/>
                </token>
                <token content="and" id="2-13"/>
                <token content="we" id="2-14">
                    <pos type="PRP"/>
                    <lemma type="we"/>
                    <dep head="2-15" type="nsubj"/>
                </token>
                <token content="drive" id="2-15">
                    <pos type="VBP"/>
                    <lemma type="drive"/>
                    <dep head="2-7" type="conj"/>
                </token>
                <token content="to" id="2-16"/>
                <token content="the" id="2-17">
                    <pos type="DT"/>
                    <lemma type="the"/>
                </token>
                <token content="library" id="2-18">
                    <pos type="NN"/>
                    <lemma type="library"/>
                    <dep head="2-15" type="prep"/>
                </token>
                <token content="." id="2-19"/>
            </sentence>
            <sentence id="3">
                <token content="Usually" id="3-1">
                    <pos type="RB"/>
                    <lemma type="usually"/>
                    <dep head="3-3" type="advmod"/>
                </token>
                <token content="we" id="3-2">
                    <pos type="PRP"/>
                    <lemma type="we"/>
                    <dep head="3-3" type="nsubj"/>
                </token>
                <token content="find" id="3-3">
                    <pos type="VBP"/>
                    <lemma type="find"/>
                </token>
                <token content="a" id="3-4">
                    <pos type="DT"/>
                    <lemma type="a"/>
                </token>
                <token content="few" id="3-5">
                    <pos type="JJ"/>
                    <lemma type="few"/>
                </token>
                <token content="books" id="3-6">
                    <pos type="NNS"/>
                    <lemma type="book"/>
                    <dep head="3-3" type="dobj"/>
                </token>
                <token content="for" id="3-7"/>
                <token content="him" id="3-8">
                    <pos type="PRP"/>
                    <lemma type="he"/>
                </token>
                <token content="to" id="3-9">
                    <pos type="TO"/>
                    <lemma type="to"/>
                    <dep head="3-10" type="aux"/>
                </token>
                <token content="borrow" id="3-10">
                    <pos type="VB"/>
                    <lemma type="borrow"/>
                    <dep head="3-3" type="xcomp"/>
                </token>
                <token content="as" id="3-11">
                    <pos type="RB"/>
                    <lemma type="as"/>
                </token>
                <token content="well" id="3-12">
                    <pos type="RB"/>
                    <lemma type="well"/>
                    <dep head="3-10" type="advmod"/>
                </token>
                <token content="," id="3-13"/>
                <token content="so" id="3-14">
                    <pos type="IN"/>
                    <lemma type="so"/>
                    <dep head="3-16" type="mark"/>
                </token>
                <token content="we" id="3-15">
                    <pos type="PRP"/>
                    <lemma type="we"/>
                    <dep head="3-16" type="nsubj"/>
                </token>
                <token content="go" id="3-16">
                    <pos type="VB"/>
                    <lemma type="go"/>
                    <dep head="3-3" type="advcl"/>
                </token>
                <token content="to" id="3-17"/>
                <token content="the" id="3-18">
                    <pos type="DT"/>
                    <lemma type="the"/>
                </token>
                <token content="children" id="3-19">
                    <pos type="NNS"/>
                    <lemma type="child"/>
                </token>
                <token content="'s" id="3-20"/>
                <token content="section" id="3-21">
                    <pos type="NN"/>
                    <lemma type="section"/>
                    <dep head="3-16" type="prep"/>
                </token>
                <token content="first" id="3-22">
                    <pos type="RB"/>
                    <lemma type="first"/>
                    <dep head="3-16" type="advmod"/>
                </token>
                <token content="and" id="3-23"/>
                <token content="pick" id="3-24">
                    <pos type="VB"/>
                    <lemma type="pick"/>
                    <dep head="3-16" type="conj"/>
                </token>
                <token content="out" id="3-25">
                    <pos type="RP"/>
                    <lemma type="out"/>
                    <dep head="3-24" type="prt"/>
                </token>
                <token content="two" id="3-26">
                    <pos type="CD"/>
                    <lemma type="two"/>
                </token>
                <token content="or" id="3-27"/>
                <token content="three" id="3-28">
                    <pos type="CD"/>
                    <lemma type="three"/>
                </token>
                <token content="books" id="3-29">
                    <pos type="NNS"/>
                    <lemma type="book"/>
                    <dep head="3-24" type="dobj"/>
                </token>
                <token content="for" id="3-30"/>
                <token content="him" id="3-31">
                    <pos type="PRP"/>
                    <lemma type="he"/>
                </token>
                <token content="." id="3-32"/>
            </sentence>
            <sentence id="4">
                <token content="That" id="4-1">
                    <pos type="DT"/>
                    <lemma type="that"/>
                </token>
                <token content="way" id="4-2">
                    <pos type="NN"/>
                    <lemma type="way"/>
                    <dep head="4-15" type="nsubj"/>
                </token>
                <token content="," id="4-3"/>
                <token content="when" id="4-4">
                    <pos type="WRB"/>
                    <lemma type="when"/>
                    <dep head="4-6" type="advmod"/>
                </token>
                <token content="we" id="4-5">
                    <pos type="PRP"/>
                    <lemma type="we"/>
                    <dep head="4-6" type="nsubj"/>
                </token>
                <token content="go" id="4-6">
                    <pos type="VBP"/>
                    <lemma type="go"/>
                    <dep head="4-15" type="advcl"/>
                </token>
                <token content="to" id="4-7">
                    <pos type="TO"/>
                    <lemma type="to"/>
                    <dep head="4-8" type="aux"/>
                </token>
                <token content="find" id="4-8">
                    <pos type="VB"/>
                    <lemma type="find"/>
                    <dep head="4-6" type="xcomp"/>
                </token>
                <token content="a" id="4-9">
                    <pos type="DT"/>
                    <lemma type="a"/>
                </token>
                <token content="book" id="4-10">
                    <pos type="NN"/>
                    <lemma type="book"/>
                    <dep head="4-8" type="dobj"/>
                </token>
                <token content="for" id="4-11"/>
                <token content="me" id="4-12">
                    <pos type="PRP"/>
                    <lemma type="I"/>
                </token>
                <token content="," id="4-13"/>
                <token content="he" id="4-14">
                    <pos type="PRP"/>
                    <lemma type="he"/>
                    <dep head="4-15" type="nsubj"/>
                </token>
                <token content="has" id="4-15">
                    <pos type="VBZ"/>
                    <lemma type="have"/>
                </token>
                <token content="something" id="4-16">
                    <pos type="NN"/>
                    <lemma type="something"/>
                    <dep head="4-15" type="dobj"/>
                </token>
                <token content="to" id="4-17">
                    <pos type="TO"/>
                    <lemma type="to"/>
                    <dep head="4-18" type="aux"/>
                </token>
                <token content="entertain" id="4-18">
                    <pos type="VB"/>
                    <lemma type="entertain"/>
                </token>
                <token content="him" id="4-19">
                    <pos type="PRP"/>
                    <lemma type="he"/>
                    <dep head="4-18" type="dobj"/>
                </token>
                <token content="." id="4-20"/>
            </sentence>
            <sentence id="5">
                <token content="Then" id="5-1">
                    <pos type="RB"/>
                    <lemma type="then"/>
                    <dep head="5-3" type="advmod"/>
                </token>
                <token content="we" id="5-2">
                    <pos type="PRP"/>
                    <lemma type="we"/>
                    <dep head="5-3" type="nsubj"/>
                </token>
                <token content="go" id="5-3">
                    <pos type="VBP"/>
                    <lemma type="go"/>
                </token>
                <token content="to" id="5-4"/>
                <token content="the" id="5-5">
                    <pos type="DT"/>
                    <lemma type="the"/>
                </token>
                <token content="fiction" id="5-6">
                    <pos type="NN"/>
                    <lemma type="fiction"/>
                </token>
                <token content="section" id="5-7">
                    <pos type="NN"/>
                    <lemma type="section"/>
                    <dep head="5-3" type="prep"/>
                </token>
                <token content="for" id="5-8"/>
                <token content="adults" id="5-9">
                    <pos type="NNS"/>
                    <lemma type="adult"/>
                </token>
                <token content="." id="5-10"/>
            </sentence>
            <sentence id="6">
                <token content="Usually" id="6-1">
                    <pos type="RB"/>
                    <lemma type="usually"/>
                    <dep head="6-6" type="advmod"/>
                </token>
                <token content="my" id="6-2">
                    <pos type="PRP$"/>
                    <lemma type="my"/>
                </token>
                <token content="son" id="6-3">
                    <pos type="NN"/>
                    <lemma type="son"/>
                </token>
                <token content="Ryan" id="6-4">
                    <pos type="NNP"/>
                    <lemma type="Ryan"/>
                    <dep head="6-6" type="nsubj"/>
                </token>
                <token content="will" id="6-5">
                    <pos type="MD"/>
                    <lemma type="will"/>
                    <dep head="6-6" type="aux"/>
                </token>
                <token content="sit" id="6-6">
                    <pos type="VB"/>
                    <lemma type="sit"/>
                </token>
                <token content="on" id="6-7"/>
                <token content="the" id="6-8">
                    <pos type="DT"/>
                    <lemma type="the"/>
                </token>
                <token content="floor" id="6-9">
                    <pos type="NN"/>
                    <lemma type="floor"/>
                    <dep head="6-6" type="prep"/>
                </token>
                <token content="looking" id="6-10">
                    <pos type="VBG"/>
                    <lemma type="look"/>
                </token>
                <token content="at" id="6-11"/>
                <token content="his" id="6-12">
                    <pos type="PRP$"/>
                    <lemma type="he"/>
                </token>
                <token content="books" id="6-13">
                    <pos type="NNS"/>
                    <lemma type="book"/>
                    <dep head="6-10" type="prep"/>
                </token>
                <token content="next" id="6-14"/>
                <token content="to" id="6-15"/>
                <token content="me" id="6-16">
                    <pos type="PRP"/>
                    <lemma type="I"/>
                    <dep head="6-19" type="prep"/>
                </token>
                <token content="while" id="6-17">
                    <pos type="IN"/>
                    <lemma type="while"/>
                    <dep head="6-19" type="mark"/>
                </token>
                <token content="I" id="6-18">
                    <pos type="PRP"/>
                    <lemma type="I"/>
                    <dep head="6-19" type="nsubj"/>
                </token>
                <token content="find" id="6-19">
                    <pos type="VBP"/>
                    <lemma type="find"/>
                    <dep head="6-10" type="advcl"/>
                </token>
                <token content="book" id="6-20">
                    <pos type="NN"/>
                    <lemma type="book"/>
                    <dep head="6-19" type="dobj"/>
                </token>
                <token content="to" id="6-21">
                    <pos type="TO"/>
                    <lemma type="to"/>
                    <dep head="6-22" type="aux"/>
                </token>
                <token content="check" id="6-22">
                    <pos type="VB"/>
                    <lemma type="check"/>
                    <dep head="6-19" type="vmod"/>
                </token>
                <token content="out" id="6-23">
                    <pos type="RP"/>
                    <lemma type="out"/>
                    <dep head="6-22" type="prt"/>
                </token>
                <token content="." id="6-24"/>
            </sentence>
            <sentence id="7">
                <token content="I" id="7-1">
                    <pos type="PRP"/>
                    <lemma type="I"/>
                    <dep head="7-2" type="nsubj"/>
                </token>
                <token content="find" id="7-2">
                    <pos type="VBP"/>
                    <lemma type="find"/>
                </token>
                <token content="a" id="7-3">
                    <pos type="DT"/>
                    <lemma type="a"/>
                </token>
                <token content="book" id="7-4">
                    <pos type="NN"/>
                    <lemma type="book"/>
                    <dep head="7-2" type="dobj"/>
                </token>
                <token content="or" id="7-5"/>
                <token content="two" id="7-6">
                    <pos type="CD"/>
                    <lemma type="two"/>
                </token>
                <token content="and" id="7-7">
                    <pos type="CC"/>
                    <lemma type="and"/>
                </token>
                <token content="then" id="7-8">
                    <pos type="RB"/>
                    <lemma type="then"/>
                    <dep head="7-2" type="dep"/>
                </token>
                <token content="Ryan" id="7-9">
                    <pos type="NNP"/>
                    <lemma type="Ryan"/>
                </token>
                <token content="and" id="7-10"/>
                <token content="I" id="7-11">
                    <pos type="PRP"/>
                    <lemma type="I"/>
                    <dep head="7-12" type="nsubj"/>
                </token>
                <token content="go" id="7-12">
                    <pos type="VBP"/>
                    <lemma type="go"/>
                    <dep head="7-2" type="conj"/>
                </token>
                <token content="to" id="7-13"/>
                <token content="the" id="7-14">
                    <pos type="DT"/>
                    <lemma type="the"/>
                </token>
                <token content="check" id="7-15">
                    <pos type="NN"/>
                    <lemma type="check"/>
                    <dep head="7-12" type="prep"/>
                </token>
                <token content="out" id="7-16">
                    <pos type="RB"/>
                    <lemma type="out"/>
                    <dep head="7-12" type="advmod"/>
                </token>
                <token content="and" id="7-17"/>
                <token content="use" id="7-18">
                    <pos type="VBP"/>
                    <lemma type="use"/>
                    <dep head="7-12" type="conj"/>
                </token>
                <token content="my" id="7-19">
                    <pos type="PRP$"/>
                    <lemma type="my"/>
                </token>
                <token content="library" id="7-20">
                    <pos type="NN"/>
                    <lemma type="library"/>
                </token>
                <token content="card" id="7-21">
                    <pos type="NN"/>
                    <lemma type="card"/>
                    <dep head="7-18" type="dobj"/>
                </token>
                <token content="to" id="7-22">
                    <pos type="TO"/>
                    <lemma type="to"/>
                    <dep head="7-23" type="aux"/>
                </token>
                <token content="check" id="7-23">
                    <pos type="VB"/>
                    <lemma type="check"/>
                    <dep head="7-18" type="vmod"/>
                </token>
                <token content="out" id="7-24">
                    <pos type="RP"/>
                    <lemma type="out"/>
                    <dep head="7-23" type="prt"/>
                </token>
                <token content="the" id="7-25">
                    <pos type="DT"/>
                    <lemma type="the"/>
                </token>
                <token content="books" id="7-26">
                    <pos type="NNS"/>
                    <lemma type="book"/>
                    <dep head="7-23" type="dobj"/>
                </token>
                <token content="." id="7-27"/>
            </sentence>
            <sentence id="8">
                <token content="The" id="8-1">
                    <pos type="DT"/>
                    <lemma type="the"/>
                </token>
                <token content="librarian" id="8-2">
                    <pos type="NN"/>
                    <lemma type="librarian"/>
                    <dep head="8-4" type="nsubj"/>
                </token>
                <token content="usually" id="8-3">
                    <pos type="RB"/>
                    <lemma type="usually"/>
                    <dep head="8-4" type="advmod"/>
                </token>
                <token content="puts" id="8-4">
                    <pos type="VBZ"/>
                    <lemma type="put"/>
                </token>
                <token content="them" id="8-5">
                    <pos type="PRP"/>
                    <lemma type="they"/>
                    <dep head="8-4" type="dobj"/>
                </token>
                <token content="in" id="8-6"/>
                <token content="a" id="8-7">
                    <pos type="DT"/>
                    <lemma type="a"/>
                </token>
                <token content="bag" id="8-8">
                    <pos type="NN"/>
                    <lemma type="bag"/>
                    <dep head="8-4" type="prep"/>
                </token>
                <token content="and" id="8-9"/>
                <token content="then" id="8-10">
                    <pos type="RB"/>
                    <lemma type="then"/>
                    <dep head="8-12" type="advmod"/>
                </token>
                <token content="we" id="8-11">
                    <pos type="PRP"/>
                    <lemma type="we"/>
                    <dep head="8-12" type="nsubj"/>
                </token>
                <token content="leave" id="8-12">
                    <pos type="VBP"/>
                    <lemma type="leave"/>
                    <dep head="8-4" type="conj"/>
                </token>
                <token content="the" id="8-13">
                    <pos type="DT"/>
                    <lemma type="the"/>
                </token>
                <token content="library" id="8-14">
                    <pos type="NN"/>
                    <lemma type="library"/>
                    <dep head="8-12" type="dobj"/>
                </token>
                <token content="to" id="8-15">
                    <pos type="TO"/>
                    <lemma type="to"/>
                    <dep head="8-16" type="aux"/>
                </token>
                <token content="go" id="8-16">
                    <pos type="VB"/>
                    <lemma type="go"/>
                    <dep head="8-12" type="xcomp"/>
                </token>
                <token content="home" id="8-17">
                    <pos type="NN"/>
                    <lemma type="home"/>
                    <dep head="8-16" type="dobj"/>
                </token>
                <token content="and" id="8-18"/>
                <token content="enjoy" id="8-19">
                    <pos type="VB"/>
                    <lemma type="enjoy"/>
                    <dep head="8-16" type="conj"/>
                </token>
                <token content="our" id="8-20">
                    <pos type="PRP$"/>
                    <lemma type="we"/>
                </token>
                <token content="books" id="8-21">
                    <pos type="NNS"/>
                    <lemma type="book"/>
                    <dep head="8-19" type="dobj"/>
                </token>
                <token content="." id="8-22"/>
            </sentence>
        </sentences>
    </text>
    <annotations>
        <participants>
            <label from="1-6" id="0" name="ScrPart_customer" text="me" type="participant"/>
            <label from="1-11" id="1" name="ScrPart_book" text="amount" type="participant"/>
            <label from="1-13" id="2" name="ScrPart_customer" text="I" type="participant"/>
            <label from="1-16" id="3" name="No_label" text="it" type="participant"/>
            <label from="1-22" id="4" name="ScrPart_library" text="library" type="participant"/>
            <label from="1-26" id="5" name="ScrPart_book" text="books" type="participant"/>
            <label from="1-27" id="6" name="ScrPart_customer" text="I" type="participant"/>
            <label from="2-4" id="7" name="ScrPart_book" text="book" type="participant"/>
            <label from="2-6" id="8" name="ScrPart_customer" text="I" type="participant"/>
            <label from="2-8" id="9" name="ScrPart_customer" text="my" type="participant"/>
            <label from="2-9" id="10" name="ScrPart_customer" text="son" type="participant"/>
            <label from="2-12" id="11" name="NPart" text="car" type="participant"/>
            <label from="2-14" id="12" name="ScrPart_customer" text="we" type="participant"/>
            <label from="2-18" id="13" name="ScrPart_library" text="library" type="participant"/>
            <label from="3-2" id="14" name="ScrPart_customer" text="we" type="participant"/>
            <label from="3-6" id="15" name="ScrPart_book" text="books" type="participant"/>
            <label from="3-8" id="16" name="ScrPart_customer" text="him" type="participant"/>
            <label from="3-15" id="17" name="ScrPart_customer" text="we" type="participant"/>
            <label from="3-19" id="18" name="ScrPart_location_library" text="children 's section" to="3-21" type="participant"/>
            <label from="3-21" id="19" name="ScrPart_location_library" text="section" type="participant"/>
            <label from="3-29" id="20" name="ScrPart_book" text="books" type="participant"/>
            <label from="3-31" id="21" name="ScrPart_customer" text="him" type="participant"/>
            <label from="4-2" id="22" name="No_label" text="way" type="participant"/>
            <label from="4-5" id="23" name="ScrPart_customer" text="we" type="participant"/>
            <label from="4-10" id="24" name="ScrPart_book" text="book" type="participant"/>
            <label from="4-12" id="25" name="ScrPart_customer" text="me" type="participant"/>
            <label from="4-14" id="26" name="ScrPart_customer" text="he" type="participant"/>
            <label from="4-16" id="27" name="ScrPart_book" text="something" type="participant"/>
            <label from="4-19" id="28" name="ScrPart_customer" text="him" type="participant"/>
            <label from="5-2" id="29" name="ScrPart_customer" text="we" type="participant"/>
            <label from="5-6" id="30" name="ScrPart_location_library" text="fiction section" to="5-7" type="participant"/>
            <label from="5-7" id="31" name="ScrPart_location_library" text="section" type="participant"/>
            <label from="5-9" id="32" name="NPart" text="adults" type="participant"/>
            <label from="6-2" id="33" name="ScrPart_customer" text="my" type="participant"/>
            <label from="6-3" id="34" name="ScrPart_customer" text="son" type="participant"/>
            <label from="6-4" id="35" name="ScrPart_customer" text="Ryan" type="participant"/>
            <label from="6-9" id="36" name="NPart" text="floor" type="participant"/>
            <label from="6-12" id="37" name="ScrPart_customer" text="his" type="participant"/>
            <label from="6-13" id="38" name="ScrPart_book" text="books" type="participant"/>
            <label from="6-16" id="39" name="ScrPart_customer" text="me" type="participant"/>
            <label from="6-18" id="40" name="ScrPart_customer" text="I" type="participant"/>
            <label from="6-20" id="41" name="ScrPart_book" text="book" type="participant"/>
            <label from="7-1" id="42" name="ScrPart_customer" text="I" type="participant"/>
            <label from="7-4" id="43" name="ScrPart_book" text="book" type="participant"/>
            <label from="7-9" id="44" name="ScrPart_customer" text="Ryan" type="participant"/>
            <label from="7-11" id="45" name="ScrPart_customer" text="I" type="participant"/>
            <label from="7-15" id="46" name="ScrPart_check-out_desk" text="check out" to="7-16" type="participant"/>
            <label from="7-15" id="47" name="ScrPart_check-out_desk" text="check" type="participant"/>
            <label from="7-19" id="48" name="ScrPart_customer" text="my" type="participant"/>
            <label from="7-20" id="49" name="ScrPart_library_card" text="library card" to="7-21" type="participant"/>
            <label from="7-21" id="50" name="ScrPart_library_card" text="card" type="participant"/>
            <label from="7-26" id="51" name="ScrPart_book" text="books" type="participant"/>
            <label from="8-2" id="52" name="ScrPart_staff" text="librarian" type="participant"/>
            <label from="8-5" id="53" name="ScrPart_book" text="them" type="participant"/>
            <label from="8-8" id="54" name="ScrPart_bag" text="bag" type="participant"/>
            <label from="8-11" id="55" name="ScrPart_customer" text="we" type="participant"/>
            <label from="8-14" id="56" name="ScrPart_library" text="library" type="participant"/>
            <label from="8-17" id="57" name="NPart" text="home" type="participant"/>
            <label from="8-20" id="58" name="ScrPart_customer" text="our" type="participant"/>
            <label from="8-21" id="59" name="ScrPart_book" text="books" type="participant"/>
        </participants>
        <events>
            <label from="1-1" id="60" name="RelNScrEv" text="Reading" type="event"/>
            <label from="1-2" id="61" name="UnrelEv" text="is" type="event"/>
            <label from="1-14" id="62" name="RelNScrEv" text="read" type="event"/>
            <label from="1-17" id="63" name="UnrelEv" text="is" type="event"/>
            <label from="1-20" id="64" name="Evoking" text="use a library" to="1-22" type="event"/>
            <label from="1-20" id="65" name="RelNScrEv" text="use" type="event"/>
            <label from="1-24" id="66" name="Evoking" text="borrow" type="event"/>
            <label from="1-31" id="67" name="RelNScrEv" text="read" type="event"/>
            <label from="2-2" id="68" name="Evoking" text="borrowing" type="event"/>
            <label from="2-7" id="69" name="UnrelEv" text="get" type="event"/>
            <label from="2-15" id="70" name="ScrEv_get_library" text="drive" type="event"/>
            <label from="3-3" id="71" name="ScrEv_look_for_book" text="find" type="event"/>
            <label from="3-10" id="72" name="ScrEv_take_book" text="borrow" type="event"/>
            <label from="3-16" id="73" name="ScrEv_get_shelf" text="go" type="event"/>
            <label from="3-24" id="74" name="ScrEv_take_book" text="pick out" to="3-25" type="event"/>
            <label from="3-24" id="75" name="ScrEv_take_book" text="pick" type="event"/>
            <label from="4-6" id="76" name="ScrEv_get_shelf" text="go" type="event"/>
            <label from="4-8" id="77" name="ScrEv_look_for_book" text="find" type="event"/>
            <label from="4-15" id="78" name="UnrelEv" text="has" type="event"/>
            <label from="4-18" id="79" name="UnrelEv" text="entertain" type="event"/>
            <label from="5-3" id="80" name="ScrEv_get_shelf" text="go" type="event"/>
            <label from="6-6" id="81" name="UnrelEv" text="sit" type="event"/>
            <label from="6-10" id="82" name="RelNScrEv" text="looking" type="event"/>
            <label from="6-19" id="83" name="ScrEv_look_for_book" text="find" type="event"/>
            <label from="6-22" id="84" name="ScrEv_register" text="check out" to="6-23" type="event"/>
            <label from="6-22" id="85" name="ScrEv_register" text="check" type="event"/>
            <label from="7-2" id="86" name="ScrEv_look_for_book" text="find" type="event"/>
            <label from="7-12" id="87" name="ScrEv_go_check_out" text="go" type="event"/>
            <label from="7-18" id="88" name="ScrEv_show_card" text="use" type="event"/>
            <label from="7-23" id="89" name="ScrEv_register" text="check out" to="7-24" type="event"/>
            <label from="7-23" id="90" name="ScrEv_register" text="check" type="event"/>
            <label from="8-4" id="91" name="ScrEv_other" text="puts" type="event"/>
            <label from="8-12" id="92" name="ScrEv_leave" text="leave" type="event"/>
            <label from="8-16" id="93" name="UnrelEv" text="go" type="event"/>
            <label from="8-19" id="94" name="UnrelEv" text="enjoy" type="event"/>
        </events>
        <chains>
            <chain elements="0 2 6 8 9 25 33 39 40 42 45 48"/>
            <chain elements="0 12 10" name="group_I_son"/>
            <chain elements="12 14 17 23 29 55 58"/>
            <chain elements="10 16 21 26 28 34 35 37 44"/>
            <chain elements="15 20 27 38"/>
            <chain elements="24 41 43"/>
            <chain elements="38 51 43" name="group_book1_book2"/>
            <chain elements="51 53 59"/>
            <chain elements="13 56"/>
        </chains>
    </annotations>
</story>
