<?xml version="1.0" encoding="UTF-8" standalone="no"?>
<!DOCTYPE story SYSTEM "../InScript.dtd">
<story id="037" scenario="library">
    <text>
        <content>I made sure I had my library card with me before I went to the library . 
Then , I looked on the computers for a book I liked . 
I was n't able to find one that well , so I asked a librarian for advice . 
She also looked in the catalog and asked me about what I wanted so she could suggest more options . 
Finally , I found a book I liked . 
I told the librarian I wanted that one , and she wrote down the title , author , and dewey decimal number . 
We went along the bookshelves until we found the correct number range , then started searching the shelves by the author 's last name . 
I found the book and took it to the counter . 
The librarian scanned the book and my card and said I would have to return it in 3 weeks . 
She gave me a receipt . 
I thanked her and noted the due date down on my calendar . </content>
        <sentences>
            <sentence id="1">
                <token content="I" id="1-1">
                    <pos type="PRP"/>
                    <lemma type="I"/>
                    <dep head="1-2" type="nsubj"/>
                </token>
                <token content="made" id="1-2">
                    <pos type="VBD"/>
                    <lemma type="make"/>
                </token>
                <token content="sure" id="1-3">
                    <pos type="JJ"/>
                    <lemma type="sure"/>
                    <dep head="1-2" type="acomp"/>
                </token>
                <token content="I" id="1-4">
                    <pos type="PRP"/>
                    <lemma type="I"/>
                    <dep head="1-5" type="nsubj"/>
                </token>
                <token content="had" id="1-5">
                    <pos type="VBD"/>
                    <lemma type="have"/>
                </token>
                <token content="my" id="1-6">
                    <pos type="PRP$"/>
                    <lemma type="my"/>
                </token>
                <token content="library" id="1-7">
                    <pos type="NN"/>
                    <lemma type="library"/>
                </token>
                <token content="card" id="1-8">
                    <pos type="NN"/>
                    <lemma type="card"/>
                    <dep head="1-5" type="dobj"/>
                </token>
                <token content="with" id="1-9"/>
                <token content="me" id="1-10">
                    <pos type="PRP"/>
                    <lemma type="I"/>
                    <dep head="1-5" type="prep"/>
                </token>
                <token content="before" id="1-11">
                    <pos type="IN"/>
                    <lemma type="before"/>
                    <dep head="1-13" type="mark"/>
                </token>
                <token content="I" id="1-12">
                    <pos type="PRP"/>
                    <lemma type="I"/>
                    <dep head="1-13" type="nsubj"/>
                </token>
                <token content="went" id="1-13">
                    <pos type="VBD"/>
                    <lemma type="go"/>
                    <dep head="1-2" type="advcl"/>
                </token>
                <token content="to" id="1-14"/>
                <token content="the" id="1-15">
                    <pos type="DT"/>
                    <lemma type="the"/>
                </token>
                <token content="library" id="1-16">
                    <pos type="NN"/>
                    <lemma type="library"/>
                    <dep head="1-13" type="prep"/>
                </token>
                <token content="." id="1-17"/>
            </sentence>
            <sentence id="2">
                <token content="Then" id="2-1">
                    <pos type="RB"/>
                    <lemma type="then"/>
                    <dep head="2-4" type="advmod"/>
                </token>
                <token content="," id="2-2"/>
                <token content="I" id="2-3">
                    <pos type="PRP"/>
                    <lemma type="I"/>
                    <dep head="2-4" type="nsubj"/>
                </token>
                <token content="looked" id="2-4">
                    <pos type="VBD"/>
                    <lemma type="look"/>
                </token>
                <token content="on" id="2-5"/>
                <token content="the" id="2-6">
                    <pos type="DT"/>
                    <lemma type="the"/>
                </token>
                <token content="computers" id="2-7">
                    <pos type="NNS"/>
                    <lemma type="computer"/>
                    <dep head="2-4" type="prep"/>
                </token>
                <token content="for" id="2-8"/>
                <token content="a" id="2-9">
                    <pos type="DT"/>
                    <lemma type="a"/>
                </token>
                <token content="book" id="2-10">
                    <pos type="NN"/>
                    <lemma type="book"/>
                </token>
                <token content="I" id="2-11">
                    <pos type="PRP"/>
                    <lemma type="I"/>
                    <dep head="2-12" type="nsubj"/>
                </token>
                <token content="liked" id="2-12">
                    <pos type="VBD"/>
                    <lemma type="like"/>
                    <dep head="2-4" type="ccomp"/>
                </token>
                <token content="." id="2-13"/>
            </sentence>
            <sentence id="3">
                <token content="I" id="3-1">
                    <pos type="PRP"/>
                    <lemma type="I"/>
                </token>
                <token content="was" id="3-2">
                    <pos type="VBD"/>
                    <lemma type="be"/>
                </token>
                <token content="n't" id="3-3">
                    <pos type="RB"/>
                    <lemma type="not"/>
                </token>
                <token content="able" id="3-4">
                    <pos type="JJ"/>
                    <lemma type="able"/>
                </token>
                <token content="to" id="3-5">
                    <pos type="TO"/>
                    <lemma type="to"/>
                    <dep head="3-6" type="aux"/>
                </token>
                <token content="find" id="3-6">
                    <pos type="VB"/>
                    <lemma type="find"/>
                </token>
                <token content="one" id="3-7">
                    <pos type="CD"/>
                    <lemma type="one"/>
                    <dep head="3-6" type="dobj"/>
                </token>
                <token content="that" id="3-8">
                    <pos type="IN"/>
                    <lemma type="that"/>
                </token>
                <token content="well" id="3-9">
                    <pos type="RB"/>
                    <lemma type="well"/>
                    <dep head="3-6" type="dep"/>
                </token>
                <token content="," id="3-10"/>
                <token content="so" id="3-11">
                    <pos type="IN"/>
                    <lemma type="so"/>
                    <dep head="3-13" type="mark"/>
                </token>
                <token content="I" id="3-12">
                    <pos type="PRP"/>
                    <lemma type="I"/>
                    <dep head="3-13" type="nsubj"/>
                </token>
                <token content="asked" id="3-13">
                    <pos type="VBD"/>
                    <lemma type="ask"/>
                    <dep head="3-6" type="advcl"/>
                </token>
                <token content="a" id="3-14">
                    <pos type="DT"/>
                    <lemma type="a"/>
                </token>
                <token content="librarian" id="3-15">
                    <pos type="NN"/>
                    <lemma type="librarian"/>
                    <dep head="3-13" type="dobj"/>
                </token>
                <token content="for" id="3-16"/>
                <token content="advice" id="3-17">
                    <pos type="NN"/>
                    <lemma type="advice"/>
                    <dep head="3-13" type="prep"/>
                </token>
                <token content="." id="3-18"/>
            </sentence>
            <sentence id="4">
                <token content="She" id="4-1">
                    <pos type="PRP"/>
                    <lemma type="she"/>
                    <dep head="4-3" type="nsubj"/>
                </token>
                <token content="also" id="4-2">
                    <pos type="RB"/>
                    <lemma type="also"/>
                    <dep head="4-3" type="advmod"/>
                </token>
                <token content="looked" id="4-3">
                    <pos type="VBD"/>
                    <lemma type="look"/>
                </token>
                <token content="in" id="4-4"/>
                <token content="the" id="4-5">
                    <pos type="DT"/>
                    <lemma type="the"/>
                </token>
                <token content="catalog" id="4-6">
                    <pos type="NN"/>
                    <lemma type="catalog"/>
                    <dep head="4-3" type="prep"/>
                </token>
                <token content="and" id="4-7"/>
                <token content="asked" id="4-8">
                    <pos type="VBD"/>
                    <lemma type="ask"/>
                    <dep head="4-3" type="conj"/>
                </token>
                <token content="me" id="4-9">
                    <pos type="PRP"/>
                    <lemma type="I"/>
                    <dep head="4-8" type="dobj"/>
                </token>
                <token content="about" id="4-10"/>
                <token content="what" id="4-11">
                    <pos type="WP"/>
                    <lemma type="what"/>
                    <dep head="4-13" type="dobj"/>
                </token>
                <token content="I" id="4-12">
                    <pos type="PRP"/>
                    <lemma type="I"/>
                    <dep head="4-13" type="nsubj"/>
                </token>
                <token content="wanted" id="4-13">
                    <pos type="VBD"/>
                    <lemma type="want"/>
                    <dep head="4-8" type="prepc"/>
                </token>
                <token content="so" id="4-14">
                    <pos type="IN"/>
                    <lemma type="so"/>
                    <dep head="4-17" type="mark"/>
                </token>
                <token content="she" id="4-15">
                    <pos type="PRP"/>
                    <lemma type="she"/>
                    <dep head="4-17" type="nsubj"/>
                </token>
                <token content="could" id="4-16">
                    <pos type="MD"/>
                    <lemma type="could"/>
                    <dep head="4-17" type="aux"/>
                </token>
                <token content="suggest" id="4-17">
                    <pos type="VB"/>
                    <lemma type="suggest"/>
                    <dep head="4-13" type="advcl"/>
                </token>
                <token content="more" id="4-18">
                    <pos type="JJR"/>
                    <lemma type="more"/>
                </token>
                <token content="options" id="4-19">
                    <pos type="NNS"/>
                    <lemma type="option"/>
                    <dep head="4-17" type="dobj"/>
                </token>
                <token content="." id="4-20"/>
            </sentence>
            <sentence id="5">
                <token content="Finally" id="5-1">
                    <pos type="RB"/>
                    <lemma type="finally"/>
                    <dep head="5-4" type="advmod"/>
                </token>
                <token content="," id="5-2"/>
                <token content="I" id="5-3">
                    <pos type="PRP"/>
                    <lemma type="I"/>
                    <dep head="5-4" type="nsubj"/>
                </token>
                <token content="found" id="5-4">
                    <pos type="VBD"/>
                    <lemma type="find"/>
                </token>
                <token content="a" id="5-5">
                    <pos type="DT"/>
                    <lemma type="a"/>
                </token>
                <token content="book" id="5-6">
                    <pos type="NN"/>
                    <lemma type="book"/>
                    <dep head="5-4" type="dobj"/>
                </token>
                <token content="I" id="5-7">
                    <pos type="PRP"/>
                    <lemma type="I"/>
                    <dep head="5-8" type="nsubj"/>
                </token>
                <token content="liked" id="5-8">
                    <pos type="VBD"/>
                    <lemma type="like"/>
                </token>
                <token content="." id="5-9"/>
            </sentence>
            <sentence id="6">
                <token content="I" id="6-1">
                    <pos type="PRP"/>
                    <lemma type="I"/>
                    <dep head="6-2" type="nsubj"/>
                </token>
                <token content="told" id="6-2">
                    <pos type="VBD"/>
                    <lemma type="tell"/>
                </token>
                <token content="the" id="6-3">
                    <pos type="DT"/>
                    <lemma type="the"/>
                </token>
                <token content="librarian" id="6-4">
                    <pos type="NN"/>
                    <lemma type="librarian"/>
                    <dep head="6-2" type="dobj"/>
                </token>
                <token content="I" id="6-5">
                    <pos type="PRP"/>
                    <lemma type="I"/>
                    <dep head="6-6" type="nsubj"/>
                </token>
                <token content="wanted" id="6-6">
                    <pos type="VBD"/>
                    <lemma type="want"/>
                </token>
                <token content="that" id="6-7">
                    <pos type="DT"/>
                    <lemma type="that"/>
                </token>
                <token content="one" id="6-8">
                    <pos type="NN"/>
                    <lemma type="one"/>
                    <dep head="6-6" type="dobj"/>
                </token>
                <token content="," id="6-9"/>
                <token content="and" id="6-10"/>
                <token content="she" id="6-11">
                    <pos type="PRP"/>
                    <lemma type="she"/>
                    <dep head="6-12" type="nsubj"/>
                </token>
                <token content="wrote" id="6-12">
                    <pos type="VBD"/>
                    <lemma type="write"/>
                    <dep head="6-2" type="conj"/>
                </token>
                <token content="down" id="6-13">
                    <pos type="RP"/>
                    <lemma type="down"/>
                    <dep head="6-12" type="prt"/>
                </token>
                <token content="the" id="6-14">
                    <pos type="DT"/>
                    <lemma type="the"/>
                </token>
                <token content="title" id="6-15">
                    <pos type="NN"/>
                    <lemma type="title"/>
                    <dep head="6-12" type="dobj"/>
                </token>
                <token content="," id="6-16"/>
                <token content="author" id="6-17">
                    <pos type="NN"/>
                    <lemma type="author"/>
                </token>
                <token content="," id="6-18"/>
                <token content="and" id="6-19"/>
                <token content="dewey" id="6-20">
                    <pos type="JJ"/>
                    <lemma type="dewey"/>
                </token>
                <token content="decimal" id="6-21">
                    <pos type="JJ"/>
                    <lemma type="decimal"/>
                </token>
                <token content="number" id="6-22">
                    <pos type="NN"/>
                    <lemma type="number"/>
                </token>
                <token content="." id="6-23"/>
            </sentence>
            <sentence id="7">
                <token content="We" id="7-1">
                    <pos type="PRP"/>
                    <lemma type="we"/>
                    <dep head="7-2" type="nsubj"/>
                </token>
                <token content="went" id="7-2">
                    <pos type="VBD"/>
                    <lemma type="go"/>
                </token>
                <token content="along" id="7-3"/>
                <token content="the" id="7-4">
                    <pos type="DT"/>
                    <lemma type="the"/>
                </token>
                <token content="bookshelves" id="7-5">
                    <pos type="NNS"/>
                    <lemma type="bookshelf"/>
                    <dep head="7-2" type="prep"/>
                </token>
                <token content="until" id="7-6">
                    <pos type="IN"/>
                    <lemma type="until"/>
                    <dep head="7-8" type="mark"/>
                </token>
                <token content="we" id="7-7">
                    <pos type="PRP"/>
                    <lemma type="we"/>
                    <dep head="7-8" type="nsubj"/>
                </token>
                <token content="found" id="7-8">
                    <pos type="VBD"/>
                    <lemma type="find"/>
                    <dep head="7-2" type="advcl"/>
                </token>
                <token content="the" id="7-9">
                    <pos type="DT"/>
                    <lemma type="the"/>
                </token>
                <token content="correct" id="7-10">
                    <pos type="JJ"/>
                    <lemma type="correct"/>
                </token>
                <token content="number" id="7-11">
                    <pos type="NN"/>
                    <lemma type="number"/>
                </token>
                <token content="range" id="7-12">
                    <pos type="NN"/>
                    <lemma type="range"/>
                    <dep head="7-8" type="dobj"/>
                </token>
                <token content="," id="7-13"/>
                <token content="then" id="7-14">
                    <pos type="RB"/>
                    <lemma type="then"/>
                    <dep head="7-15" type="advmod"/>
                </token>
                <token content="started" id="7-15">
                    <pos type="VBD"/>
                    <lemma type="start"/>
                    <dep head="7-8" type="dep"/>
                </token>
                <token content="searching" id="7-16">
                    <pos type="VBG"/>
                    <lemma type="search"/>
                    <dep head="7-15" type="xcomp"/>
                </token>
                <token content="the" id="7-17">
                    <pos type="DT"/>
                    <lemma type="the"/>
                </token>
                <token content="shelves" id="7-18">
                    <pos type="NNS"/>
                    <lemma type="shelf"/>
                    <dep head="7-16" type="dobj"/>
                </token>
                <token content="by" id="7-19"/>
                <token content="the" id="7-20">
                    <pos type="DT"/>
                    <lemma type="the"/>
                </token>
                <token content="author" id="7-21">
                    <pos type="NN"/>
                    <lemma type="author"/>
                </token>
                <token content="'s" id="7-22"/>
                <token content="last" id="7-23">
                    <pos type="JJ"/>
                    <lemma type="last"/>
                </token>
                <token content="name" id="7-24">
                    <pos type="NN"/>
                    <lemma type="name"/>
                    <dep head="7-16" type="prep"/>
                </token>
                <token content="." id="7-25"/>
            </sentence>
            <sentence id="8">
                <token content="I" id="8-1">
                    <pos type="PRP"/>
                    <lemma type="I"/>
                    <dep head="8-2" type="nsubj"/>
                </token>
                <token content="found" id="8-2">
                    <pos type="VBD"/>
                    <lemma type="find"/>
                </token>
                <token content="the" id="8-3">
                    <pos type="DT"/>
                    <lemma type="the"/>
                </token>
                <token content="book" id="8-4">
                    <pos type="NN"/>
                    <lemma type="book"/>
                    <dep head="8-2" type="dobj"/>
                </token>
                <token content="and" id="8-5"/>
                <token content="took" id="8-6">
                    <pos type="VBD"/>
                    <lemma type="take"/>
                    <dep head="8-2" type="conj"/>
                </token>
                <token content="it" id="8-7">
                    <pos type="PRP"/>
                    <lemma type="it"/>
                    <dep head="8-6" type="dobj"/>
                </token>
                <token content="to" id="8-8"/>
                <token content="the" id="8-9">
                    <pos type="DT"/>
                    <lemma type="the"/>
                </token>
                <token content="counter" id="8-10">
                    <pos type="NN"/>
                    <lemma type="counter"/>
                    <dep head="8-6" type="prep"/>
                </token>
                <token content="." id="8-11"/>
            </sentence>
            <sentence id="9">
                <token content="The" id="9-1">
                    <pos type="DT"/>
                    <lemma type="the"/>
                </token>
                <token content="librarian" id="9-2">
                    <pos type="NN"/>
                    <lemma type="librarian"/>
                    <dep head="9-3" type="nsubj"/>
                </token>
                <token content="scanned" id="9-3">
                    <pos type="VBD"/>
                    <lemma type="scan"/>
                </token>
                <token content="the" id="9-4">
                    <pos type="DT"/>
                    <lemma type="the"/>
                </token>
                <token content="book" id="9-5">
                    <pos type="NN"/>
                    <lemma type="book"/>
                    <dep head="9-3" type="dobj"/>
                </token>
                <token content="and" id="9-6"/>
                <token content="my" id="9-7">
                    <pos type="PRP$"/>
                    <lemma type="my"/>
                </token>
                <token content="card" id="9-8">
                    <pos type="NN"/>
                    <lemma type="card"/>
                </token>
                <token content="and" id="9-9"/>
                <token content="said" id="9-10">
                    <pos type="VBD"/>
                    <lemma type="say"/>
                    <dep head="9-3" type="conj"/>
                </token>
                <token content="I" id="9-11">
                    <pos type="PRP"/>
                    <lemma type="I"/>
                    <dep head="9-13" type="nsubj"/>
                </token>
                <token content="would" id="9-12">
                    <pos type="MD"/>
                    <lemma type="would"/>
                    <dep head="9-13" type="aux"/>
                </token>
                <token content="have" id="9-13">
                    <pos type="VB"/>
                    <lemma type="have"/>
                    <dep head="9-10" type="ccomp"/>
                </token>
                <token content="to" id="9-14">
                    <pos type="TO"/>
                    <lemma type="to"/>
                    <dep head="9-15" type="aux"/>
                </token>
                <token content="return" id="9-15">
                    <pos type="VB"/>
                    <lemma type="return"/>
                    <dep head="9-13" type="xcomp"/>
                </token>
                <token content="it" id="9-16">
                    <pos type="PRP"/>
                    <lemma type="it"/>
                    <dep head="9-15" type="dobj"/>
                </token>
                <token content="in" id="9-17"/>
                <token content="3" id="9-18">
                    <pos type="CD"/>
                    <lemma type="3"/>
                </token>
                <token content="weeks" id="9-19">
                    <pos type="NNS"/>
                    <lemma type="week"/>
                    <dep head="9-15" type="prep"/>
                </token>
                <token content="." id="9-20"/>
            </sentence>
            <sentence id="10">
                <token content="She" id="10-1">
                    <pos type="PRP"/>
                    <lemma type="she"/>
                    <dep head="10-2" type="nsubj"/>
                </token>
                <token content="gave" id="10-2">
                    <pos type="VBD"/>
                    <lemma type="give"/>
                </token>
                <token content="me" id="10-3">
                    <pos type="PRP"/>
                    <lemma type="I"/>
                    <dep head="10-2" type="iobj"/>
                </token>
                <token content="a" id="10-4">
                    <pos type="DT"/>
                    <lemma type="a"/>
                </token>
                <token content="receipt" id="10-5">
                    <pos type="NN"/>
                    <lemma type="receipt"/>
                    <dep head="10-2" type="dobj"/>
                </token>
                <token content="." id="10-6"/>
            </sentence>
            <sentence id="11">
                <token content="I" id="11-1">
                    <pos type="PRP"/>
                    <lemma type="I"/>
                    <dep head="11-2" type="nsubj"/>
                </token>
                <token content="thanked" id="11-2">
                    <pos type="VBD"/>
                    <lemma type="thank"/>
                </token>
                <token content="her" id="11-3">
                    <pos type="PRP"/>
                    <lemma type="she"/>
                    <dep head="11-2" type="dobj"/>
                </token>
                <token content="and" id="11-4"/>
                <token content="noted" id="11-5">
                    <pos type="VBD"/>
                    <lemma type="note"/>
                    <dep head="11-2" type="conj"/>
                </token>
                <token content="the" id="11-6">
                    <pos type="DT"/>
                    <lemma type="the"/>
                </token>
                <token content="due" id="11-7">
                    <pos type="JJ"/>
                    <lemma type="due"/>
                </token>
                <token content="date" id="11-8">
                    <pos type="NN"/>
                    <lemma type="date"/>
                    <dep head="11-5" type="dobj"/>
                </token>
                <token content="down" id="11-9">
                    <pos type="RP"/>
                    <lemma type="down"/>
                    <dep head="11-5" type="prt"/>
                </token>
                <token content="on" id="11-10"/>
                <token content="my" id="11-11">
                    <pos type="PRP$"/>
                    <lemma type="my"/>
                </token>
                <token content="calendar" id="11-12">
                    <pos type="NN"/>
                    <lemma type="calendar"/>
                    <dep head="11-5" type="prep"/>
                </token>
                <token content="." id="11-13"/>
            </sentence>
        </sentences>
    </text>
    <annotations>
        <participants>
            <label from="1-1" id="0" name="ScrPart_customer" text="I" type="participant"/>
            <label from="1-4" id="1" name="ScrPart_customer" text="I" type="participant"/>
            <label from="1-6" id="2" name="ScrPart_customer" text="my" type="participant"/>
            <label from="1-7" id="3" name="ScrPart_library_card" text="library card" to="1-8" type="participant"/>
            <label from="1-8" id="4" name="ScrPart_library_card" text="card" type="participant"/>
            <label from="1-10" id="5" name="ScrPart_customer" text="me" type="participant"/>
            <label from="1-12" id="6" name="ScrPart_customer" text="I" type="participant"/>
            <label from="1-16" id="7" name="ScrPart_library" text="library" type="participant"/>
            <label from="2-3" id="8" name="ScrPart_customer" text="I" type="participant"/>
            <label from="2-7" id="9" name="ScrPart_institutional_devices" text="computers" type="participant"/>
            <label from="2-10" id="10" name="ScrPart_book" text="book" type="participant"/>
            <label from="2-11" id="11" name="ScrPart_customer" text="I" type="participant"/>
            <label from="3-1" id="12" name="ScrPart_customer" text="I" type="participant"/>
            <label from="3-7" id="13" name="ScrPart_book" text="one" type="participant"/>
            <label from="3-12" id="14" name="ScrPart_customer" text="I" type="participant"/>
            <label from="3-15" id="15" name="ScrPart_staff" text="librarian" type="participant"/>
            <label from="3-17" id="16" name="NPart" text="advice" type="participant"/>
            <label from="4-1" id="17" name="ScrPart_staff" text="She" type="participant"/>
            <label from="4-6" id="18" name="ScrPart_catalog" text="catalog" type="participant"/>
            <label from="4-9" id="19" name="ScrPart_customer" text="me" type="participant"/>
            <label from="4-11" id="20" name="NPart" text="what" type="participant"/>
            <label from="4-12" id="21" name="ScrPart_customer" text="I" type="participant"/>
            <label from="4-15" id="22" name="ScrPart_staff" text="she" type="participant"/>
            <label from="4-19" id="23" name="NPart" text="options" type="participant"/>
            <label from="5-3" id="24" name="ScrPart_customer" text="I" type="participant"/>
            <label from="5-6" id="25" name="ScrPart_book" text="book" type="participant"/>
            <label from="5-7" id="26" name="ScrPart_customer" text="I" type="participant"/>
            <label from="6-1" id="27" name="ScrPart_customer" text="I" type="participant"/>
            <label from="6-4" id="28" name="ScrPart_staff" text="librarian" type="participant"/>
            <label from="6-5" id="29" name="ScrPart_customer" text="I" type="participant"/>
            <label from="6-8" id="30" name="ScrPart_book" text="one" type="participant"/>
            <label from="6-11" id="31" name="ScrPart_staff" text="she" type="participant"/>
            <label from="6-15" id="32" name="ScrPart_other" text="title" type="participant"/>
            <label from="6-17" id="33" name="ScrPart_other" text="author" type="participant"/>
            <label from="6-20" id="34" name="ScrPart_book_id" text="dewey decimal number" to="6-22" type="participant"/>
            <label from="6-22" id="35" name="ScrPart_book_id" text="number" type="participant"/>
            <label from="7-1" id="36" name="ScrPart_other" text="We" type="participant"/>
            <label from="7-5" id="37" name="ScrPart_shelf" text="bookshelves" type="participant"/>
            <label from="7-7" id="38" name="ScrPart_other" text="we" type="participant"/>
            <label from="7-11" id="39" name="ScrPart_section_id" text="number range" to="7-12" type="participant"/>
            <label from="7-12" id="40" name="ScrPart_section_id" text="range" type="participant"/>
            <label from="7-18" id="41" name="ScrPart_shelf" text="shelves" type="participant"/>
            <label from="7-21" id="42" name="ScrPart_other" text="author" type="participant"/>
            <label from="7-24" id="43" name="NPart" text="name" type="participant"/>
            <label from="8-1" id="44" name="ScrPart_customer" text="I" type="participant"/>
            <label from="8-4" id="45" name="ScrPart_book" text="book" type="participant"/>
            <label from="8-7" id="46" name="ScrPart_book" text="it" type="participant"/>
            <label from="8-10" id="47" name="ScrPart_check-out_desk" text="counter" type="participant"/>
            <label from="9-2" id="48" name="ScrPart_staff" text="librarian" type="participant"/>
            <label from="9-5" id="49" name="ScrPart_book" text="book" type="participant"/>
            <label from="9-7" id="50" name="ScrPart_customer" text="my" type="participant"/>
            <label from="9-8" id="51" name="ScrPart_library_card" text="card" type="participant"/>
            <label from="9-11" id="52" name="ScrPart_customer" text="I" type="participant"/>
            <label from="9-16" id="53" name="ScrPart_book" text="it" type="participant"/>
            <label from="9-19" id="54" name="ScrPart_return_date" text="weeks" type="participant"/>
            <label from="10-1" id="55" name="ScrPart_staff" text="She" type="participant"/>
            <label from="10-3" id="56" name="ScrPart_customer" text="me" type="participant"/>
            <label from="10-5" id="57" name="ScrPart_receipt" text="receipt" type="participant"/>
            <label from="11-1" id="58" name="ScrPart_customer" text="I" type="participant"/>
            <label from="11-3" id="59" name="ScrPart_staff" text="her" type="participant"/>
            <label from="11-7" id="60" name="ScrPart_return_date" text="due date" to="11-8" type="participant"/>
            <label from="11-8" id="61" name="ScrPart_return_date" text="date" type="participant"/>
            <label from="11-11" id="62" name="ScrPart_customer" text="my" type="participant"/>
            <label from="11-12" id="63" name="NPart" text="calendar" type="participant"/>
        </participants>
        <events>
            <label from="1-2" id="64" name="UnrelEv" text="made sure" to="1-3" type="event"/>
            <label from="1-5" id="65" name="UnrelEv" text="had" type="event"/>
            <label from="1-13" id="66" name="Evoking" text="went to the library" to="1-16" type="event"/>
            <label from="2-4" id="67" name="ScrEv_use_computer" text="looked" type="event"/>
            <label from="2-12" id="68" name="RelNScrEv" text="liked" type="event"/>
            <label from="3-2" id="69" name="UnrelEv" text="was" type="event"/>
            <label from="3-6" id="70" name="ScrEv_use_computer" text="find" type="event"/>
            <label from="3-13" id="71" name="ScrEv_ask_librarian" text="asked" type="event"/>
            <label from="4-3" id="72" name="ScrEv_check_catalog" text="looked" type="event"/>
            <label from="4-8" id="73" name="ScrEv_ask_librarian" text="asked" type="event"/>
            <label from="4-13" id="74" name="RelNScrEv" text="wanted" type="event"/>
            <label from="4-17" id="75" name="ScrEv_ask_librarian" text="suggest" type="event"/>
            <label from="5-4" id="76" name="ScrEv_check_catalog" text="found" type="event"/>
            <label from="5-8" id="77" name="RelNScrEv" text="liked" type="event"/>
            <label from="6-2" id="78" name="ScrEv_ask_librarian" text="told" type="event"/>
            <label from="6-6" id="79" name="RelNScrEv" text="wanted" type="event"/>
            <label from="6-12" id="80" name="ScrEv_note_shelf" text="wrote down" to="6-13" type="event"/>
            <label from="7-2" id="81" name="ScrEv_get_shelf" text="went along" to="7-3" type="event"/>
            <label from="7-8" id="82" name="ScrEv_get_shelf" text="found" type="event"/>
            <label from="7-15" id="83" name="UnrelEv" text="started" type="event"/>
            <label from="7-16" id="84" name="ScrEv_look_for_book" text="searching" type="event"/>
            <label from="8-2" id="85" name="ScrEv_take_book" text="found" type="event"/>
            <label from="8-6" id="86" name="ScrEv_go_check_out" text="took" type="event"/>
            <label from="9-3" id="87" name="ScrEv_register" text="scanned" type="event"/>
            <label from="9-10" id="88" name="UnrelEv" text="said" type="event"/>
            <label from="9-15" id="89" name="ScrEv_return_book" text="return" type="event"/>
            <label from="10-2" id="90" name="ScrEv_get_receipt" text="gave" type="event"/>
            <label from="11-2" id="91" name="RelNScrEv" text="thanked" type="event"/>
            <label from="11-5" id="92" name="RelNScrEv" text="noted" type="event"/>
        </events>
        <chains>
            <chain elements="0 1 2 5 6 8 11 12 14 19 21 24 26 27 29 44 50 52 56 58 62"/>
            <chain elements="10 13 25 30 45 46 49 53"/>
            <chain elements="15 17 22 28 31 48 55 59"/>
            <chain elements="29 36 31" name="coref_group_I_librarian"/>
            <chain elements="36 38"/>
            <chain elements="37 41"/>
            <chain elements="4 51"/>
            <chain elements="54 61"/>
            <chain elements="29 36 31" name="coref_group_staff_I"/>
            <chain elements="33 42"/>
        </chains>
    </annotations>
</story>
