<?xml version="1.0" encoding="UTF-8" standalone="no"?>
<!DOCTYPE story SYSTEM "../InScript.dtd">
<story id="031" scenario="library">
    <text>
        <content>I went to the library and walked in the door . 
I was interested in borrowing a book about the American Revolutionary War . 
The book was written by a man named John Canton . 
Inside the library there is a bank of computers . 
I went to one of the computers and typed in the author 's last name . 
There were a number of books by people with the last name Canton , but I quickly found the one I was looking for . 
The computer told me the book 's call number . 
I wrote it down on an index card I had with me . 
The library has three floors . 
I looked at a sign on the wall that told me that books that started with the same letters my call number started with were on the second floor . 
I walked up to the second floor and went to the book stacks , the lines of shelving where they keep the books . 
I walked along the shelving , looking at the labels on the side of the shelves that said what call numbers were in the aisles I was passing . 
Finally I found the right shelf , and soon , again by looking at the call numbers on the books on those shelves , I found the book I was interested in . 
I brought the book to the circulation desk and gave the woman working there my library card . 
She scanned the book and my card and handed both back to me . 
She told me my book is due in two weeks . </content>
        <sentences>
            <sentence id="1">
                <token content="I" id="1-1">
                    <pos type="PRP"/>
                    <lemma type="I"/>
                    <dep head="1-2" type="nsubj"/>
                </token>
                <token content="went" id="1-2">
                    <pos type="VBD"/>
                    <lemma type="go"/>
                </token>
                <token content="to" id="1-3"/>
                <token content="the" id="1-4">
                    <pos type="DT"/>
                    <lemma type="the"/>
                </token>
                <token content="library" id="1-5">
                    <pos type="NN"/>
                    <lemma type="library"/>
                    <dep head="1-2" type="prep"/>
                </token>
                <token content="and" id="1-6"/>
                <token content="walked" id="1-7">
                    <pos type="VBD"/>
                    <lemma type="walk"/>
                    <dep head="1-2" type="conj"/>
                </token>
                <token content="in" id="1-8"/>
                <token content="the" id="1-9">
                    <pos type="DT"/>
                    <lemma type="the"/>
                </token>
                <token content="door" id="1-10">
                    <pos type="NN"/>
                    <lemma type="door"/>
                    <dep head="1-7" type="prep"/>
                </token>
                <token content="." id="1-11"/>
            </sentence>
            <sentence id="2">
                <token content="I" id="2-1">
                    <pos type="PRP"/>
                    <lemma type="I"/>
                </token>
                <token content="was" id="2-2">
                    <pos type="VBD"/>
                    <lemma type="be"/>
                </token>
                <token content="interested" id="2-3">
                    <pos type="JJ"/>
                    <lemma type="interested"/>
                </token>
                <token content="in" id="2-4"/>
                <token content="borrowing" id="2-5">
                    <pos type="VBG"/>
                    <lemma type="borrow"/>
                </token>
                <token content="a" id="2-6">
                    <pos type="DT"/>
                    <lemma type="a"/>
                </token>
                <token content="book" id="2-7">
                    <pos type="NN"/>
                    <lemma type="book"/>
                    <dep head="2-5" type="dobj"/>
                </token>
                <token content="about" id="2-8"/>
                <token content="the" id="2-9">
                    <pos type="DT"/>
                    <lemma type="the"/>
                </token>
                <token content="American" id="2-10">
                    <pos type="NNP"/>
                    <lemma type="American"/>
                </token>
                <token content="Revolutionary" id="2-11">
                    <pos type="NNP"/>
                    <lemma type="Revolutionary"/>
                </token>
                <token content="War" id="2-12">
                    <pos type="NNP"/>
                    <lemma type="War"/>
                    <dep head="2-5" type="prep"/>
                </token>
                <token content="." id="2-13"/>
            </sentence>
            <sentence id="3">
                <token content="The" id="3-1">
                    <pos type="DT"/>
                    <lemma type="the"/>
                </token>
                <token content="book" id="3-2">
                    <pos type="NN"/>
                    <lemma type="book"/>
                    <dep head="3-4" type="nsubjpass"/>
                </token>
                <token content="was" id="3-3">
                    <pos type="VBD"/>
                    <lemma type="be"/>
                    <dep head="3-4" type="auxpass"/>
                </token>
                <token content="written" id="3-4">
                    <pos type="VBN"/>
                    <lemma type="write"/>
                </token>
                <token content="by" id="3-5"/>
                <token content="a" id="3-6">
                    <pos type="DT"/>
                    <lemma type="a"/>
                </token>
                <token content="man" id="3-7">
                    <pos type="NN"/>
                    <lemma type="man"/>
                    <dep head="3-4" type="agent"/>
                </token>
                <token content="named" id="3-8">
                    <pos type="VBN"/>
                    <lemma type="name"/>
                </token>
                <token content="John" id="3-9">
                    <pos type="NNP"/>
                    <lemma type="John"/>
                </token>
                <token content="Canton" id="3-10">
                    <pos type="NNP"/>
                    <lemma type="Canton"/>
                    <dep head="3-8" type="dobj"/>
                </token>
                <token content="." id="3-11"/>
            </sentence>
            <sentence id="4">
                <token content="Inside" id="4-1"/>
                <token content="the" id="4-2">
                    <pos type="DT"/>
                    <lemma type="the"/>
                </token>
                <token content="library" id="4-3">
                    <pos type="NN"/>
                    <lemma type="library"/>
                    <dep head="4-5" type="prep"/>
                </token>
                <token content="there" id="4-4">
                    <pos type="EX"/>
                    <lemma type="there"/>
                    <dep head="4-5" type="expl"/>
                </token>
                <token content="is" id="4-5">
                    <pos type="VBZ"/>
                    <lemma type="be"/>
                </token>
                <token content="a" id="4-6">
                    <pos type="DT"/>
                    <lemma type="a"/>
                </token>
                <token content="bank" id="4-7">
                    <pos type="NN"/>
                    <lemma type="bank"/>
                    <dep head="4-5" type="nsubj"/>
                </token>
                <token content="of" id="4-8"/>
                <token content="computers" id="4-9">
                    <pos type="NNS"/>
                    <lemma type="computer"/>
                </token>
                <token content="." id="4-10"/>
            </sentence>
            <sentence id="5">
                <token content="I" id="5-1">
                    <pos type="PRP"/>
                    <lemma type="I"/>
                    <dep head="5-2" type="nsubj"/>
                </token>
                <token content="went" id="5-2">
                    <pos type="VBD"/>
                    <lemma type="go"/>
                </token>
                <token content="to" id="5-3"/>
                <token content="one" id="5-4">
                    <pos type="CD"/>
                    <lemma type="one"/>
                    <dep head="5-2" type="prep"/>
                </token>
                <token content="of" id="5-5"/>
                <token content="the" id="5-6">
                    <pos type="DT"/>
                    <lemma type="the"/>
                </token>
                <token content="computers" id="5-7">
                    <pos type="NNS"/>
                    <lemma type="computer"/>
                </token>
                <token content="and" id="5-8"/>
                <token content="typed" id="5-9">
                    <pos type="VBN"/>
                    <lemma type="type"/>
                    <dep head="5-2" type="conj"/>
                </token>
                <token content="in" id="5-10"/>
                <token content="the" id="5-11">
                    <pos type="DT"/>
                    <lemma type="the"/>
                </token>
                <token content="author" id="5-12">
                    <pos type="NN"/>
                    <lemma type="author"/>
                </token>
                <token content="'s" id="5-13"/>
                <token content="last" id="5-14">
                    <pos type="JJ"/>
                    <lemma type="last"/>
                </token>
                <token content="name" id="5-15">
                    <pos type="NN"/>
                    <lemma type="name"/>
                    <dep head="5-9" type="prep"/>
                </token>
                <token content="." id="5-16"/>
            </sentence>
            <sentence id="6">
                <token content="There" id="6-1">
                    <pos type="EX"/>
                    <lemma type="there"/>
                    <dep head="6-2" type="expl"/>
                </token>
                <token content="were" id="6-2">
                    <pos type="VBD"/>
                    <lemma type="be"/>
                </token>
                <token content="a" id="6-3">
                    <pos type="DT"/>
                    <lemma type="a"/>
                </token>
                <token content="number" id="6-4">
                    <pos type="NN"/>
                    <lemma type="number"/>
                    <dep head="6-2" type="nsubj"/>
                </token>
                <token content="of" id="6-5"/>
                <token content="books" id="6-6">
                    <pos type="NNS"/>
                    <lemma type="book"/>
                </token>
                <token content="by" id="6-7"/>
                <token content="people" id="6-8">
                    <pos type="NNS"/>
                    <lemma type="people"/>
                    <dep head="6-2" type="prep"/>
                </token>
                <token content="with" id="6-9"/>
                <token content="the" id="6-10">
                    <pos type="DT"/>
                    <lemma type="the"/>
                </token>
                <token content="last" id="6-11">
                    <pos type="JJ"/>
                    <lemma type="last"/>
                </token>
                <token content="name" id="6-12">
                    <pos type="NN"/>
                    <lemma type="name"/>
                </token>
                <token content="Canton" id="6-13">
                    <pos type="NNP"/>
                    <lemma type="Canton"/>
                </token>
                <token content="," id="6-14"/>
                <token content="but" id="6-15"/>
                <token content="I" id="6-16">
                    <pos type="PRP"/>
                    <lemma type="I"/>
                    <dep head="6-18" type="nsubj"/>
                </token>
                <token content="quickly" id="6-17">
                    <pos type="RB"/>
                    <lemma type="quickly"/>
                    <dep head="6-18" type="advmod"/>
                </token>
                <token content="found" id="6-18">
                    <pos type="VBD"/>
                    <lemma type="find"/>
                    <dep head="6-2" type="conj"/>
                </token>
                <token content="the" id="6-19">
                    <pos type="DT"/>
                    <lemma type="the"/>
                </token>
                <token content="one" id="6-20">
                    <pos type="NN"/>
                    <lemma type="one"/>
                    <dep head="6-18" type="dobj"/>
                </token>
                <token content="I" id="6-21">
                    <pos type="PRP"/>
                    <lemma type="I"/>
                    <dep head="6-23" type="nsubj"/>
                </token>
                <token content="was" id="6-22">
                    <pos type="VBD"/>
                    <lemma type="be"/>
                    <dep head="6-23" type="aux"/>
                </token>
                <token content="looking" id="6-23">
                    <pos type="VBG"/>
                    <lemma type="look"/>
                </token>
                <token content="for" id="6-24">
                    <pos type="IN"/>
                    <lemma type="for"/>
                    <dep head="6-23" type="prep"/>
                </token>
                <token content="." id="6-25"/>
            </sentence>
            <sentence id="7">
                <token content="The" id="7-1">
                    <pos type="DT"/>
                    <lemma type="the"/>
                </token>
                <token content="computer" id="7-2">
                    <pos type="NN"/>
                    <lemma type="computer"/>
                    <dep head="7-3" type="nsubj"/>
                </token>
                <token content="told" id="7-3">
                    <pos type="VBD"/>
                    <lemma type="tell"/>
                </token>
                <token content="me" id="7-4">
                    <pos type="PRP"/>
                    <lemma type="I"/>
                </token>
                <token content="the" id="7-5">
                    <pos type="DT"/>
                    <lemma type="the"/>
                </token>
                <token content="book" id="7-6">
                    <pos type="NN"/>
                    <lemma type="book"/>
                </token>
                <token content="'s" id="7-7"/>
                <token content="call" id="7-8">
                    <pos type="NN"/>
                    <lemma type="call"/>
                </token>
                <token content="number" id="7-9">
                    <pos type="NN"/>
                    <lemma type="number"/>
                    <dep head="7-3" type="xcomp"/>
                </token>
                <token content="." id="7-10"/>
            </sentence>
            <sentence id="8">
                <token content="I" id="8-1">
                    <pos type="PRP"/>
                    <lemma type="I"/>
                    <dep head="8-2" type="nsubj"/>
                </token>
                <token content="wrote" id="8-2">
                    <pos type="VBD"/>
                    <lemma type="write"/>
                    <dep head="8-10" type="dep"/>
                </token>
                <token content="it" id="8-3">
                    <pos type="PRP"/>
                    <lemma type="it"/>
                    <dep head="8-2" type="dobj"/>
                </token>
                <token content="down" id="8-4">
                    <pos type="RP"/>
                    <lemma type="down"/>
                    <dep head="8-2" type="prt"/>
                </token>
                <token content="on" id="8-5"/>
                <token content="an" id="8-6">
                    <pos type="DT"/>
                    <lemma type="a"/>
                </token>
                <token content="index" id="8-7">
                    <pos type="NN"/>
                    <lemma type="index"/>
                </token>
                <token content="card" id="8-8">
                    <pos type="NN"/>
                    <lemma type="card"/>
                    <dep head="8-2" type="prep"/>
                </token>
                <token content="I" id="8-9">
                    <pos type="PRP"/>
                    <lemma type="I"/>
                    <dep head="8-10" type="nsubj"/>
                </token>
                <token content="had" id="8-10">
                    <pos type="VBD"/>
                    <lemma type="have"/>
                </token>
                <token content="with" id="8-11"/>
                <token content="me" id="8-12">
                    <pos type="PRP"/>
                    <lemma type="I"/>
                    <dep head="8-10" type="prep"/>
                </token>
                <token content="." id="8-13"/>
            </sentence>
            <sentence id="9">
                <token content="The" id="9-1">
                    <pos type="DT"/>
                    <lemma type="the"/>
                </token>
                <token content="library" id="9-2">
                    <pos type="NN"/>
                    <lemma type="library"/>
                    <dep head="9-3" type="nsubj"/>
                </token>
                <token content="has" id="9-3">
                    <pos type="VBZ"/>
                    <lemma type="have"/>
                </token>
                <token content="three" id="9-4">
                    <pos type="CD"/>
                    <lemma type="three"/>
                </token>
                <token content="floors" id="9-5">
                    <pos type="NNS"/>
                    <lemma type="floor"/>
                    <dep head="9-3" type="dobj"/>
                </token>
                <token content="." id="9-6"/>
            </sentence>
            <sentence id="10">
                <token content="I" id="10-1">
                    <pos type="PRP"/>
                    <lemma type="I"/>
                    <dep head="10-2" type="nsubj"/>
                </token>
                <token content="looked" id="10-2">
                    <pos type="VBD"/>
                    <lemma type="look"/>
                </token>
                <token content="at" id="10-3"/>
                <token content="a" id="10-4">
                    <pos type="DT"/>
                    <lemma type="a"/>
                </token>
                <token content="sign" id="10-5">
                    <pos type="NN"/>
                    <lemma type="sign"/>
                    <dep head="10-2" type="prep"/>
                </token>
                <token content="on" id="10-6"/>
                <token content="the" id="10-7">
                    <pos type="DT"/>
                    <lemma type="the"/>
                </token>
                <token content="wall" id="10-8">
                    <pos type="NN"/>
                    <lemma type="wall"/>
                    <dep head="10-2" type="prep"/>
                </token>
                <token content="that" id="10-9">
                    <pos type="WDT"/>
                    <lemma type="that"/>
                    <dep head="10-10" type="nsubj"/>
                </token>
                <token content="told" id="10-10">
                    <pos type="VBD"/>
                    <lemma type="tell"/>
                </token>
                <token content="me" id="10-11">
                    <pos type="PRP"/>
                    <lemma type="I"/>
                    <dep head="10-10" type="dobj"/>
                </token>
                <token content="that" id="10-12">
                    <pos type="IN"/>
                    <lemma type="that"/>
                    <dep head="10-25" type="mark"/>
                </token>
                <token content="books" id="10-13">
                    <pos type="NNS"/>
                    <lemma type="book"/>
                    <dep head="10-25" type="nsubj"/>
                </token>
                <token content="that" id="10-14">
                    <pos type="WDT"/>
                    <lemma type="that"/>
                    <dep head="10-15" type="nsubj"/>
                </token>
                <token content="started" id="10-15">
                    <pos type="VBD"/>
                    <lemma type="start"/>
                </token>
                <token content="with" id="10-16"/>
                <token content="the" id="10-17">
                    <pos type="DT"/>
                    <lemma type="the"/>
                </token>
                <token content="same" id="10-18">
                    <pos type="JJ"/>
                    <lemma type="same"/>
                </token>
                <token content="letters" id="10-19">
                    <pos type="NNS"/>
                    <lemma type="letter"/>
                    <dep head="10-15" type="prep"/>
                </token>
                <token content="my" id="10-20">
                    <pos type="PRP$"/>
                    <lemma type="my"/>
                </token>
                <token content="call" id="10-21">
                    <pos type="NN"/>
                    <lemma type="call"/>
                </token>
                <token content="number" id="10-22">
                    <pos type="NN"/>
                    <lemma type="number"/>
                    <dep head="10-15" type="dobj"/>
                </token>
                <token content="started" id="10-23">
                    <pos type="VBN"/>
                    <lemma type="start"/>
                </token>
                <token content="with" id="10-24">
                    <pos type="IN"/>
                    <lemma type="with"/>
                    <dep head="10-23" type="prep"/>
                </token>
                <token content="were" id="10-25">
                    <pos type="VBD"/>
                    <lemma type="be"/>
                    <dep head="10-10" type="ccomp"/>
                </token>
                <token content="on" id="10-26"/>
                <token content="the" id="10-27">
                    <pos type="DT"/>
                    <lemma type="the"/>
                </token>
                <token content="second" id="10-28">
                    <pos type="JJ"/>
                    <lemma type="second"/>
                </token>
                <token content="floor" id="10-29">
                    <pos type="NN"/>
                    <lemma type="floor"/>
                    <dep head="10-25" type="prep"/>
                </token>
                <token content="." id="10-30"/>
            </sentence>
            <sentence id="11">
                <token content="I" id="11-1">
                    <pos type="PRP"/>
                    <lemma type="I"/>
                    <dep head="11-2" type="nsubj"/>
                </token>
                <token content="walked" id="11-2">
                    <pos type="VBD"/>
                    <lemma type="walk"/>
                </token>
                <token content="up" id="11-3">
                    <pos type="RP"/>
                    <lemma type="up"/>
                    <dep head="11-2" type="prt"/>
                </token>
                <token content="to" id="11-4"/>
                <token content="the" id="11-5">
                    <pos type="DT"/>
                    <lemma type="the"/>
                </token>
                <token content="second" id="11-6">
                    <pos type="JJ"/>
                    <lemma type="second"/>
                </token>
                <token content="floor" id="11-7">
                    <pos type="NN"/>
                    <lemma type="floor"/>
                    <dep head="11-2" type="prep"/>
                </token>
                <token content="and" id="11-8"/>
                <token content="went" id="11-9">
                    <pos type="VBD"/>
                    <lemma type="go"/>
                    <dep head="11-2" type="conj"/>
                </token>
                <token content="to" id="11-10"/>
                <token content="the" id="11-11">
                    <pos type="DT"/>
                    <lemma type="the"/>
                </token>
                <token content="book" id="11-12">
                    <pos type="NN"/>
                    <lemma type="book"/>
                </token>
                <token content="stacks" id="11-13">
                    <pos type="NNS"/>
                    <lemma type="stack"/>
                    <dep head="11-9" type="prep"/>
                </token>
                <token content="," id="11-14"/>
                <token content="the" id="11-15">
                    <pos type="DT"/>
                    <lemma type="the"/>
                </token>
                <token content="lines" id="11-16">
                    <pos type="NNS"/>
                    <lemma type="line"/>
                </token>
                <token content="of" id="11-17"/>
                <token content="shelving" id="11-18">
                    <pos type="VBG"/>
                    <lemma type="shelve"/>
                </token>
                <token content="where" id="11-19">
                    <pos type="WRB"/>
                    <lemma type="where"/>
                    <dep head="11-21" type="advmod"/>
                </token>
                <token content="they" id="11-20">
                    <pos type="PRP"/>
                    <lemma type="they"/>
                    <dep head="11-21" type="nsubj"/>
                </token>
                <token content="keep" id="11-21">
                    <pos type="VBP"/>
                    <lemma type="keep"/>
                    <dep head="11-18" type="advcl"/>
                </token>
                <token content="the" id="11-22">
                    <pos type="DT"/>
                    <lemma type="the"/>
                </token>
                <token content="books" id="11-23">
                    <pos type="NNS"/>
                    <lemma type="book"/>
                    <dep head="11-21" type="dobj"/>
                </token>
                <token content="." id="11-24"/>
            </sentence>
            <sentence id="12">
                <token content="I" id="12-1">
                    <pos type="PRP"/>
                    <lemma type="I"/>
                    <dep head="12-2" type="nsubj"/>
                </token>
                <token content="walked" id="12-2">
                    <pos type="VBD"/>
                    <lemma type="walk"/>
                </token>
                <token content="along" id="12-3"/>
                <token content="the" id="12-4">
                    <pos type="DT"/>
                    <lemma type="the"/>
                </token>
                <token content="shelving" id="12-5">
                    <pos type="NN"/>
                    <lemma type="shelving"/>
                    <dep head="12-2" type="prep"/>
                </token>
                <token content="," id="12-6"/>
                <token content="looking" id="12-7">
                    <pos type="VBG"/>
                    <lemma type="look"/>
                    <dep head="12-2" type="xcomp"/>
                </token>
                <token content="at" id="12-8"/>
                <token content="the" id="12-9">
                    <pos type="DT"/>
                    <lemma type="the"/>
                </token>
                <token content="labels" id="12-10">
                    <pos type="NNS"/>
                    <lemma type="label"/>
                    <dep head="12-7" type="prep"/>
                </token>
                <token content="on" id="12-11"/>
                <token content="the" id="12-12">
                    <pos type="DT"/>
                    <lemma type="the"/>
                </token>
                <token content="side" id="12-13">
                    <pos type="NN"/>
                    <lemma type="side"/>
                    <dep head="12-7" type="prep"/>
                </token>
                <token content="of" id="12-14"/>
                <token content="the" id="12-15">
                    <pos type="DT"/>
                    <lemma type="the"/>
                </token>
                <token content="shelves" id="12-16">
                    <pos type="NNS"/>
                    <lemma type="shelf"/>
                </token>
                <token content="that" id="12-17">
                    <pos type="WDT"/>
                    <lemma type="that"/>
                    <dep head="12-18" type="nsubj"/>
                </token>
                <token content="said" id="12-18">
                    <pos type="VBD"/>
                    <lemma type="say"/>
                </token>
                <token content="what" id="12-19">
                    <pos type="WP"/>
                    <lemma type="what"/>
                    <dep head="12-22" type="dobj"/>
                </token>
                <token content="call" id="12-20">
                    <pos type="NN"/>
                    <lemma type="call"/>
                </token>
                <token content="numbers" id="12-21">
                    <pos type="NNS"/>
                    <lemma type="number"/>
                    <dep head="12-22" type="nsubj"/>
                </token>
                <token content="were" id="12-22">
                    <pos type="VBD"/>
                    <lemma type="be"/>
                    <dep head="12-18" type="ccomp"/>
                </token>
                <token content="in" id="12-23"/>
                <token content="the" id="12-24">
                    <pos type="DT"/>
                    <lemma type="the"/>
                </token>
                <token content="aisles" id="12-25">
                    <pos type="NNS"/>
                    <lemma type="aisle"/>
                    <dep head="12-22" type="prep"/>
                </token>
                <token content="I" id="12-26">
                    <pos type="PRP"/>
                    <lemma type="I"/>
                    <dep head="12-28" type="nsubj"/>
                </token>
                <token content="was" id="12-27">
                    <pos type="VBD"/>
                    <lemma type="be"/>
                    <dep head="12-28" type="aux"/>
                </token>
                <token content="passing" id="12-28">
                    <pos type="VBG"/>
                    <lemma type="pass"/>
                </token>
                <token content="." id="12-29"/>
            </sentence>
            <sentence id="13">
                <token content="Finally" id="13-1">
                    <pos type="RB"/>
                    <lemma type="finally"/>
                    <dep head="13-3" type="advmod"/>
                </token>
                <token content="I" id="13-2">
                    <pos type="PRP"/>
                    <lemma type="I"/>
                    <dep head="13-3" type="nsubj"/>
                </token>
                <token content="found" id="13-3">
                    <pos type="VBD"/>
                    <lemma type="find"/>
                </token>
                <token content="the" id="13-4">
                    <pos type="DT"/>
                    <lemma type="the"/>
                </token>
                <token content="right" id="13-5">
                    <pos type="JJ"/>
                    <lemma type="right"/>
                </token>
                <token content="shelf" id="13-6">
                    <pos type="NN"/>
                    <lemma type="shelf"/>
                    <dep head="13-3" type="dobj"/>
                </token>
                <token content="," id="13-7"/>
                <token content="and" id="13-8"/>
                <token content="soon" id="13-9">
                    <pos type="RB"/>
                    <lemma type="soon"/>
                    <dep head="13-26" type="advmod"/>
                </token>
                <token content="," id="13-10"/>
                <token content="again" id="13-11">
                    <pos type="RB"/>
                    <lemma type="again"/>
                    <dep head="13-26" type="advmod"/>
                </token>
                <token content="by" id="13-12"/>
                <token content="looking" id="13-13">
                    <pos type="VBG"/>
                    <lemma type="look"/>
                    <dep head="13-26" type="prepc"/>
                </token>
                <token content="at" id="13-14"/>
                <token content="the" id="13-15">
                    <pos type="DT"/>
                    <lemma type="the"/>
                </token>
                <token content="call" id="13-16">
                    <pos type="NN"/>
                    <lemma type="call"/>
                </token>
                <token content="numbers" id="13-17">
                    <pos type="NNS"/>
                    <lemma type="number"/>
                    <dep head="13-13" type="prep"/>
                </token>
                <token content="on" id="13-18"/>
                <token content="the" id="13-19">
                    <pos type="DT"/>
                    <lemma type="the"/>
                </token>
                <token content="books" id="13-20">
                    <pos type="NNS"/>
                    <lemma type="book"/>
                    <dep head="13-13" type="prep"/>
                </token>
                <token content="on" id="13-21"/>
                <token content="those" id="13-22">
                    <pos type="DT"/>
                    <lemma type="those"/>
                </token>
                <token content="shelves" id="13-23">
                    <pos type="NNS"/>
                    <lemma type="shelf"/>
                </token>
                <token content="," id="13-24"/>
                <token content="I" id="13-25">
                    <pos type="PRP"/>
                    <lemma type="I"/>
                    <dep head="13-26" type="nsubj"/>
                </token>
                <token content="found" id="13-26">
                    <pos type="VBD"/>
                    <lemma type="find"/>
                    <dep head="13-3" type="conj"/>
                </token>
                <token content="the" id="13-27">
                    <pos type="DT"/>
                    <lemma type="the"/>
                </token>
                <token content="book" id="13-28">
                    <pos type="NN"/>
                    <lemma type="book"/>
                    <dep head="13-26" type="dobj"/>
                </token>
                <token content="I" id="13-29">
                    <pos type="PRP"/>
                    <lemma type="I"/>
                </token>
                <token content="was" id="13-30">
                    <pos type="VBD"/>
                    <lemma type="be"/>
                </token>
                <token content="interested" id="13-31">
                    <pos type="JJ"/>
                    <lemma type="interested"/>
                </token>
                <token content="in" id="13-32">
                    <pos type="IN"/>
                    <lemma type="in"/>
                </token>
                <token content="." id="13-33"/>
            </sentence>
            <sentence id="14">
                <token content="I" id="14-1">
                    <pos type="PRP"/>
                    <lemma type="I"/>
                    <dep head="14-2" type="nsubj"/>
                </token>
                <token content="brought" id="14-2">
                    <pos type="VBD"/>
                    <lemma type="bring"/>
                </token>
                <token content="the" id="14-3">
                    <pos type="DT"/>
                    <lemma type="the"/>
                </token>
                <token content="book" id="14-4">
                    <pos type="NN"/>
                    <lemma type="book"/>
                    <dep head="14-2" type="dobj"/>
                </token>
                <token content="to" id="14-5"/>
                <token content="the" id="14-6">
                    <pos type="DT"/>
                    <lemma type="the"/>
                </token>
                <token content="circulation" id="14-7">
                    <pos type="NN"/>
                    <lemma type="circulation"/>
                </token>
                <token content="desk" id="14-8">
                    <pos type="NN"/>
                    <lemma type="desk"/>
                    <dep head="14-2" type="prep"/>
                </token>
                <token content="and" id="14-9"/>
                <token content="gave" id="14-10">
                    <pos type="VBD"/>
                    <lemma type="give"/>
                    <dep head="14-2" type="conj"/>
                </token>
                <token content="the" id="14-11">
                    <pos type="DT"/>
                    <lemma type="the"/>
                </token>
                <token content="woman" id="14-12">
                    <pos type="NN"/>
                    <lemma type="woman"/>
                    <dep head="14-10" type="dobj"/>
                </token>
                <token content="working" id="14-13">
                    <pos type="VBG"/>
                    <lemma type="work"/>
                    <dep head="14-10" type="xcomp"/>
                </token>
                <token content="there" id="14-14">
                    <pos type="RB"/>
                    <lemma type="there"/>
                    <dep head="14-13" type="advmod"/>
                </token>
                <token content="my" id="14-15">
                    <pos type="PRP$"/>
                    <lemma type="my"/>
                </token>
                <token content="library" id="14-16">
                    <pos type="NN"/>
                    <lemma type="library"/>
                </token>
                <token content="card" id="14-17">
                    <pos type="NN"/>
                    <lemma type="card"/>
                    <dep head="14-13" type="dobj"/>
                </token>
                <token content="." id="14-18"/>
            </sentence>
            <sentence id="15">
                <token content="She" id="15-1">
                    <pos type="PRP"/>
                    <lemma type="she"/>
                    <dep head="15-2" type="nsubj"/>
                </token>
                <token content="scanned" id="15-2">
                    <pos type="VBD"/>
                    <lemma type="scan"/>
                </token>
                <token content="the" id="15-3">
                    <pos type="DT"/>
                    <lemma type="the"/>
                </token>
                <token content="book" id="15-4">
                    <pos type="NN"/>
                    <lemma type="book"/>
                    <dep head="15-2" type="dobj"/>
                </token>
                <token content="and" id="15-5"/>
                <token content="my" id="15-6">
                    <pos type="PRP$"/>
                    <lemma type="my"/>
                </token>
                <token content="card" id="15-7">
                    <pos type="NN"/>
                    <lemma type="card"/>
                </token>
                <token content="and" id="15-8"/>
                <token content="handed" id="15-9">
                    <pos type="VBD"/>
                    <lemma type="hand"/>
                    <dep head="15-2" type="conj"/>
                </token>
                <token content="both" id="15-10">
                    <pos type="DT"/>
                    <lemma type="both"/>
                </token>
                <token content="back" id="15-11">
                    <pos type="RB"/>
                    <lemma type="back"/>
                    <dep head="15-9" type="advmod"/>
                </token>
                <token content="to" id="15-12"/>
                <token content="me" id="15-13">
                    <pos type="PRP"/>
                    <lemma type="I"/>
                    <dep head="15-9" type="prep"/>
                </token>
                <token content="." id="15-14"/>
            </sentence>
            <sentence id="16">
                <token content="She" id="16-1">
                    <pos type="PRP"/>
                    <lemma type="she"/>
                    <dep head="16-2" type="nsubj"/>
                </token>
                <token content="told" id="16-2">
                    <pos type="VBD"/>
                    <lemma type="tell"/>
                </token>
                <token content="me" id="16-3">
                    <pos type="PRP"/>
                    <lemma type="I"/>
                    <dep head="16-2" type="dobj"/>
                </token>
                <token content="my" id="16-4">
                    <pos type="PRP$"/>
                    <lemma type="my"/>
                </token>
                <token content="book" id="16-5">
                    <pos type="NN"/>
                    <lemma type="book"/>
                </token>
                <token content="is" id="16-6">
                    <pos type="VBZ"/>
                    <lemma type="be"/>
                </token>
                <token content="due" id="16-7">
                    <pos type="JJ"/>
                    <lemma type="due"/>
                    <dep head="16-2" type="dep"/>
                </token>
                <token content="in" id="16-8"/>
                <token content="two" id="16-9">
                    <pos type="CD"/>
                    <lemma type="two"/>
                </token>
                <token content="weeks" id="16-10">
                    <pos type="NNS"/>
                    <lemma type="week"/>
                </token>
                <token content="." id="16-11"/>
            </sentence>
        </sentences>
    </text>
    <annotations>
        <participants>
            <label from="1-1" id="0" name="ScrPart_customer" text="I" type="participant"/>
            <label from="1-5" id="1" name="ScrPart_library" text="library" type="participant"/>
            <label from="1-10" id="2" name="NPart" text="door" type="participant"/>
            <label from="2-1" id="3" name="ScrPart_customer" text="I" type="participant"/>
            <label from="2-7" id="4" name="ScrPart_book" text="book" type="participant"/>
            <label from="2-11" id="5" name="NPart" text="Revolutionary War" to="2-12" type="participant"/>
            <label from="2-12" id="6" name="NPart" text="War" type="participant"/>
            <label from="3-2" id="7" name="ScrPart_book" text="book" type="participant"/>
            <label from="3-7" id="8" name="NPart" text="man" type="participant"/>
            <label from="3-9" id="9" name="NPart" text="John Canton" to="3-10" type="participant"/>
            <label from="4-3" id="10" name="ScrPart_library" text="library" type="participant"/>
            <label from="4-7" id="11" name="Head_of_Partitive" text="bank" type="participant"/>
            <label from="4-9" id="12" name="ScrPart_institutional_devices" text="computers" type="participant"/>
            <label from="5-1" id="13" name="ScrPart_customer" text="I" type="participant"/>
            <label from="5-7" id="14" name="ScrPart_institutional_devices" text="computers" type="participant"/>
            <label from="5-12" id="15" name="ScrPart_other" text="author" type="participant"/>
            <label from="5-14" id="16" name="NPart" text="last name" to="5-15" type="participant"/>
            <label from="5-15" id="17" name="NPart" text="name" type="participant"/>
            <label from="6-4" id="18" name="Head_of_Partitive" text="number" type="participant"/>
            <label from="6-6" id="19" name="ScrPart_book" text="books" type="participant"/>
            <label from="6-8" id="20" name="ScrPart_other" text="people" type="participant"/>
            <label from="6-11" id="21" name="NPart" text="last name" to="6-12" type="participant"/>
            <label from="6-13" id="22" name="NPart" text="Canton" type="participant"/>
            <label from="6-16" id="23" name="ScrPart_customer" text="I" type="participant"/>
            <label from="6-20" id="24" name="ScrPart_book" text="one" type="participant"/>
            <label from="6-21" id="25" name="ScrPart_customer" text="I" type="participant"/>
            <label from="7-2" id="26" name="ScrPart_institutional_devices" text="computer" type="participant"/>
            <label from="7-4" id="27" name="ScrPart_customer" text="me" type="participant"/>
            <label from="7-6" id="28" name="ScrPart_book" text="book" type="participant"/>
            <label from="7-8" id="29" name="ScrPart_section_id" text="call number" to="7-9" type="participant"/>
            <label from="7-9" id="30" name="ScrPart_section_id" text="number" type="participant"/>
            <label from="8-1" id="31" name="ScrPart_customer" text="I" type="participant"/>
            <label from="8-3" id="32" name="ScrPart_section_id" text="it" type="participant"/>
            <label from="8-7" id="33" name="NPart" text="index card" to="8-8" type="participant"/>
            <label from="8-8" id="34" name="NPart" text="card" type="participant"/>
            <label from="8-9" id="35" name="ScrPart_customer" text="I" type="participant"/>
            <label from="8-12" id="36" name="ScrPart_customer" text="me" type="participant"/>
            <label from="9-2" id="37" name="ScrPart_library" text="library" type="participant"/>
            <label from="9-5" id="38" name="ScrPart_location_library" text="floors" type="participant"/>
            <label from="10-1" id="39" name="ScrPart_customer" text="I" type="participant"/>
            <label from="10-5" id="40" name="NPart" text="sign" type="participant"/>
            <label from="10-8" id="41" name="NPart" text="wall" type="participant"/>
            <label from="10-9" id="42" name="NPart" text="that" type="participant"/>
            <label from="10-11" id="43" name="ScrPart_customer" text="me" type="participant"/>
            <label from="10-13" id="44" name="ScrPart_book" text="books" type="participant"/>
            <label from="10-14" id="45" name="ScrPart_book" text="that" type="participant"/>
            <label from="10-19" id="46" name="NPart" text="letters" type="participant"/>
            <label from="10-20" id="47" name="ScrPart_customer" text="my" type="participant"/>
            <label from="10-21" id="48" name="ScrPart_section_id" text="call number" to="10-22" type="participant"/>
            <label from="10-22" id="49" name="ScrPart_section_id" text="number" type="participant"/>
            <label from="10-29" id="50" name="ScrPart_location_library" text="floor" type="participant"/>
            <label from="11-1" id="51" name="ScrPart_customer" text="I" type="participant"/>
            <label from="11-7" id="52" name="ScrPart_location_library" text="floor" type="participant"/>
            <label from="11-12" id="53" name="ScrPart_shelf" text="book stacks" to="11-13" type="participant"/>
            <label from="11-13" id="54" name="ScrPart_shelf" text="stacks" type="participant"/>
            <label from="11-16" id="55" name="Head_of_Partitive" text="lines" type="participant"/>
            <label from="11-18" id="56" name="ScrPart_shelf" text="shelving" type="participant"/>
            <label from="11-20" id="57" name="ScrPart_staff" text="they" type="participant"/>
            <label from="11-23" id="58" name="ScrPart_book" text="books" type="participant"/>
            <label from="12-1" id="59" name="ScrPart_customer" text="I" type="participant"/>
            <label from="12-5" id="60" name="ScrPart_shelf" text="shelving" type="participant"/>
            <label from="12-10" id="61" name="NPart" text="labels" type="participant"/>
            <label from="12-13" id="62" name="Head_of_Partitive" text="side" type="participant"/>
            <label from="12-16" id="63" name="ScrPart_shelf" text="shelves" type="participant"/>
            <label from="12-20" id="64" name="ScrPart_section_id" text="call numbers" to="12-21" type="participant"/>
            <label from="12-21" id="65" name="ScrPart_section_id" text="numbers" type="participant"/>
            <label from="12-25" id="66" name="ScrPart_location_library" text="aisles" type="participant"/>
            <label from="12-26" id="67" name="ScrPart_customer" text="I" type="participant"/>
            <label from="13-2" id="68" name="ScrPart_customer" text="I" type="participant"/>
            <label from="13-6" id="69" name="ScrPart_shelf" text="shelf" type="participant"/>
            <label from="13-16" id="70" name="ScrPart_section_id" text="call numbers" to="13-17" type="participant"/>
            <label from="13-17" id="71" name="ScrPart_section_id" text="numbers" type="participant"/>
            <label from="13-20" id="72" name="ScrPart_book" text="books" type="participant"/>
            <label from="13-23" id="73" name="ScrPart_shelf" text="shelves" type="participant"/>
            <label from="13-25" id="74" name="ScrPart_customer" text="I" type="participant"/>
            <label from="13-28" id="75" name="ScrPart_book" text="book" type="participant"/>
            <label from="13-29" id="76" name="ScrPart_customer" text="I" type="participant"/>
            <label from="14-1" id="77" name="ScrPart_customer" text="I" type="participant"/>
            <label from="14-4" id="78" name="ScrPart_book" text="book" type="participant"/>
            <label from="14-7" id="79" name="ScrPart_check-out_desk" text="circulation desk" to="14-8" type="participant"/>
            <label from="14-8" id="80" name="ScrPart_check-out_desk" text="desk" type="participant"/>
            <label from="14-12" id="81" name="ScrPart_staff" text="woman" type="participant"/>
            <label from="14-15" id="82" name="ScrPart_customer" text="my" type="participant"/>
            <label from="14-16" id="83" name="ScrPart_library_card" text="library card" to="14-17" type="participant"/>
            <label from="14-17" id="84" name="ScrPart_library_card" text="card" type="participant"/>
            <label from="15-1" id="85" name="ScrPart_staff" text="She" type="participant"/>
            <label from="15-4" id="86" name="ScrPart_book" text="book" type="participant"/>
            <label from="15-6" id="87" name="ScrPart_customer" text="my" type="participant"/>
            <label from="15-7" id="88" name="ScrPart_library_card" text="card" type="participant"/>
            <label from="15-10" id="89" name="Unclear" text="both" type="participant"/>
            <label from="15-13" id="90" name="ScrPart_customer" text="me" type="participant"/>
            <label from="16-1" id="91" name="ScrPart_staff" text="She" type="participant"/>
            <label from="16-3" id="92" name="ScrPart_customer" text="me" type="participant"/>
            <label from="16-4" id="93" name="ScrPart_customer" text="my" type="participant"/>
            <label from="16-5" id="94" name="ScrPart_book" text="book" type="participant"/>
            <label from="16-10" id="95" name="ScrPart_return_date" text="weeks" type="participant"/>
        </participants>
        <events>
            <label from="1-2" id="96" name="Evoking" text="went to the library" to="1-5" type="event"/>
            <label from="1-7" id="97" name="ScrEv_get_library" text="walked in" to="1-8" type="event"/>
            <label from="2-3" id="98" name="UnrelEv" text="interested" type="event"/>
            <label from="2-5" id="99" name="Evoking" text="borrowing a book" to="2-7" type="event"/>
            <label from="3-4" id="100" name="RelNScrEv" text="written" type="event"/>
            <label from="3-8" id="101" name="UnrelEv" text="named" type="event"/>
            <label from="4-5" id="102" name="UnrelEv" text="is" type="event"/>
            <label from="5-2" id="103" name="RelNScrEv" text="went" type="event"/>
            <label from="5-9" id="104" name="ScrEv_use_computer" text="typed in" to="5-10" type="event"/>
            <label from="6-2" id="105" name="UnrelEv" text="were" type="event"/>
            <label from="6-18" id="106" name="ScrEv_use_computer" text="found" type="event"/>
            <label from="6-23" id="107" name="ScrEv_look_for_book" text="looking for" to="6-24" type="event"/>
            <label from="7-3" id="108" name="ScrEv_use_computer" text="told" type="event"/>
            <label from="8-2" id="109" name="ScrEv_note_shelf" text="wrote" type="event"/>
            <label from="8-10" id="110" name="UnrelEv" text="had" type="event"/>
            <label from="9-3" id="111" name="UnrelEv" text="has" type="event"/>
            <label from="10-2" id="112" name="RelNScrEv" text="looked" type="event"/>
            <label from="10-10" id="113" name="RelNScrEv" text="told" type="event"/>
            <label from="10-15" id="114" name="UnrelEv" text="started" type="event"/>
            <label from="10-23" id="115" name="UnrelEv" text="started with" to="10-24" type="event"/>
            <label from="11-2" id="116" name="ScrEv_get_shelf" text="walked up" to="11-3" type="event"/>
            <label from="11-9" id="117" name="ScrEv_get_shelf" text="went" type="event"/>
            <label from="11-21" id="118" name="RelNScrEv" text="keep" type="event"/>
            <label from="12-2" id="119" name="ScrEv_get_shelf" text="walked" type="event"/>
            <label from="12-7" id="120" name="RelNScrEv" text="looking" type="event"/>
            <label from="12-18" id="121" name="UnrelEv" text="said" type="event"/>
            <label from="12-22" id="122" name="UnrelEv" text="were" type="event"/>
            <label from="12-28" id="123" name="RelNScrEv" text="passing" type="event"/>
            <label from="13-3" id="124" name="ScrEv_get_shelf" text="found" type="event"/>
            <label from="13-13" id="125" name="ScrEv_look_for_book" text="looking" type="event"/>
            <label from="13-26" id="126" name="ScrEv_take_book" text="found" type="event"/>
            <label from="13-31" id="127" name="RelNScrEv" text="interested" type="event"/>
            <label from="14-2" id="128" name="ScrEv_go_check_out" text="brought" type="event"/>
            <label from="14-10" id="129" name="ScrEv_show_card" text="gave" type="event"/>
            <label from="14-13" id="130" name="RelNScrEv" text="working" type="event"/>
            <label from="15-2" id="131" name="ScrEv_register" text="scanned" type="event"/>
            <label from="15-9" id="132" name="RelNScrEv" text="handed" type="event"/>
            <label from="16-2" id="133" name="RelNScrEv" text="told" type="event"/>
            <label from="16-6" id="134" name="ScrEv_return_book" text="is due" to="16-7" type="event"/>
        </events>
        <chains>
            <chain elements="0 3 13 23 25 27 31 35 36 39 43 47 51 59 67 68 74 76 77 82 87 90 92 93"/>
            <chain elements="4 7 19 24 28 44 45 58 72 75 78 86 94"/>
            <chain elements="1 10 37"/>
            <chain elements="12 14 26"/>
            <chain elements="30 32 48 49 65 71"/>
            <chain elements="38 50 52"/>
            <chain elements="54 60 63 69 73 56"/>
            <chain elements="57 81 85 91"/>
            <chain elements="84 88"/>
            <chain elements="86 89 88" name="coref_group_card_book"/>
            <chain elements="15 20"/>
        </chains>
    </annotations>
</story>
