<?xml version="1.0" encoding="UTF-8" standalone="no"?>
<!DOCTYPE story SYSTEM "../InScript.dtd">
<story id="034" scenario="library">
    <text>
        <content>My five year old son loves to read books , so today we both decided to head towards the library to pick one out . 
Before leaving the house I made sure he had his library card with him because without it he would n't be able to borrow a book . 
When we entered the library we went straight towards the kid section . 
There were thousands of books to choose from and he had a little trouble making up his mind . 
Finally we found a book about the different type of sea animals in the ocean . 
He was very excited as he flipped through the pages of the book . 
When he decided this was the book he wanted to take home , we make our way towards the librarian . 
She greeted us with a friendly hello and asked my son for his library card . 
She scanned the card and book then handed them both back to my son . 
She informed us when the book was due back and we both thanked her and wished her a pleasant day . </content>
        <sentences>
            <sentence id="1">
                <token content="My" id="1-1">
                    <pos type="PRP$"/>
                    <lemma type="my"/>
                </token>
                <token content="five" id="1-2">
                    <pos type="CD"/>
                    <lemma type="five"/>
                </token>
                <token content="year" id="1-3">
                    <pos type="NN"/>
                    <lemma type="year"/>
                </token>
                <token content="old" id="1-4">
                    <pos type="JJ"/>
                    <lemma type="old"/>
                </token>
                <token content="son" id="1-5">
                    <pos type="NN"/>
                    <lemma type="son"/>
                    <dep head="1-6" type="nsubj"/>
                </token>
                <token content="loves" id="1-6">
                    <pos type="VBZ"/>
                    <lemma type="love"/>
                </token>
                <token content="to" id="1-7">
                    <pos type="TO"/>
                    <lemma type="to"/>
                    <dep head="1-8" type="aux"/>
                </token>
                <token content="read" id="1-8">
                    <pos type="VB"/>
                    <lemma type="read"/>
                    <dep head="1-6" type="xcomp"/>
                </token>
                <token content="books" id="1-9">
                    <pos type="NNS"/>
                    <lemma type="book"/>
                    <dep head="1-8" type="dobj"/>
                </token>
                <token content="," id="1-10"/>
                <token content="so" id="1-11">
                    <pos type="IN"/>
                    <lemma type="so"/>
                    <dep head="1-6" type="dep"/>
                </token>
                <token content="today" id="1-12">
                    <pos type="NN"/>
                    <lemma type="today"/>
                    <dep head="1-15" type="tmod"/>
                </token>
                <token content="we" id="1-13">
                    <pos type="PRP"/>
                    <lemma type="we"/>
                    <dep head="1-15" type="nsubj"/>
                </token>
                <token content="both" id="1-14">
                    <pos type="DT"/>
                    <lemma type="both"/>
                </token>
                <token content="decided" id="1-15">
                    <pos type="VBD"/>
                    <lemma type="decide"/>
                    <dep head="1-6" type="parataxis"/>
                </token>
                <token content="to" id="1-16">
                    <pos type="TO"/>
                    <lemma type="to"/>
                    <dep head="1-17" type="aux"/>
                </token>
                <token content="head" id="1-17">
                    <pos type="VB"/>
                    <lemma type="head"/>
                    <dep head="1-15" type="xcomp"/>
                </token>
                <token content="towards" id="1-18"/>
                <token content="the" id="1-19">
                    <pos type="DT"/>
                    <lemma type="the"/>
                </token>
                <token content="library" id="1-20">
                    <pos type="NN"/>
                    <lemma type="library"/>
                    <dep head="1-17" type="prep"/>
                </token>
                <token content="to" id="1-21">
                    <pos type="TO"/>
                    <lemma type="to"/>
                    <dep head="1-22" type="aux"/>
                </token>
                <token content="pick" id="1-22">
                    <pos type="VB"/>
                    <lemma type="pick"/>
                </token>
                <token content="one" id="1-23">
                    <pos type="CD"/>
                    <lemma type="one"/>
                    <dep head="1-22" type="dobj"/>
                </token>
                <token content="out" id="1-24">
                    <pos type="RP"/>
                    <lemma type="out"/>
                    <dep head="1-22" type="prt"/>
                </token>
                <token content="." id="1-25"/>
            </sentence>
            <sentence id="2">
                <token content="Before" id="2-1"/>
                <token content="leaving" id="2-2">
                    <pos type="VBG"/>
                    <lemma type="leave"/>
                    <dep head="2-6" type="prepc"/>
                </token>
                <token content="the" id="2-3">
                    <pos type="DT"/>
                    <lemma type="the"/>
                </token>
                <token content="house" id="2-4">
                    <pos type="NN"/>
                    <lemma type="house"/>
                    <dep head="2-2" type="dobj"/>
                </token>
                <token content="I" id="2-5">
                    <pos type="PRP"/>
                    <lemma type="I"/>
                    <dep head="2-6" type="nsubj"/>
                </token>
                <token content="made" id="2-6">
                    <pos type="VBD"/>
                    <lemma type="make"/>
                </token>
                <token content="sure" id="2-7">
                    <pos type="JJ"/>
                    <lemma type="sure"/>
                    <dep head="2-6" type="acomp"/>
                </token>
                <token content="he" id="2-8">
                    <pos type="PRP"/>
                    <lemma type="he"/>
                    <dep head="2-9" type="nsubj"/>
                </token>
                <token content="had" id="2-9">
                    <pos type="VBD"/>
                    <lemma type="have"/>
                </token>
                <token content="his" id="2-10">
                    <pos type="PRP$"/>
                    <lemma type="he"/>
                </token>
                <token content="library" id="2-11">
                    <pos type="NN"/>
                    <lemma type="library"/>
                </token>
                <token content="card" id="2-12">
                    <pos type="NN"/>
                    <lemma type="card"/>
                    <dep head="2-9" type="dobj"/>
                </token>
                <token content="with" id="2-13"/>
                <token content="him" id="2-14">
                    <pos type="PRP"/>
                    <lemma type="he"/>
                    <dep head="2-9" type="prep"/>
                </token>
                <token content="because" id="2-15">
                    <pos type="IN"/>
                    <lemma type="because"/>
                </token>
                <token content="without" id="2-16"/>
                <token content="it" id="2-17">
                    <pos type="PRP"/>
                    <lemma type="it"/>
                </token>
                <token content="he" id="2-18">
                    <pos type="PRP"/>
                    <lemma type="he"/>
                </token>
                <token content="would" id="2-19">
                    <pos type="MD"/>
                    <lemma type="would"/>
                </token>
                <token content="n't" id="2-20">
                    <pos type="RB"/>
                    <lemma type="not"/>
                </token>
                <token content="be" id="2-21">
                    <pos type="VB"/>
                    <lemma type="be"/>
                </token>
                <token content="able" id="2-22">
                    <pos type="JJ"/>
                    <lemma type="able"/>
                    <dep head="2-6" type="advcl"/>
                </token>
                <token content="to" id="2-23">
                    <pos type="TO"/>
                    <lemma type="to"/>
                    <dep head="2-24" type="aux"/>
                </token>
                <token content="borrow" id="2-24">
                    <pos type="VB"/>
                    <lemma type="borrow"/>
                </token>
                <token content="a" id="2-25">
                    <pos type="DT"/>
                    <lemma type="a"/>
                </token>
                <token content="book" id="2-26">
                    <pos type="NN"/>
                    <lemma type="book"/>
                    <dep head="2-24" type="dobj"/>
                </token>
                <token content="." id="2-27"/>
            </sentence>
            <sentence id="3">
                <token content="When" id="3-1">
                    <pos type="WRB"/>
                    <lemma type="when"/>
                    <dep head="3-3" type="advmod"/>
                </token>
                <token content="we" id="3-2">
                    <pos type="PRP"/>
                    <lemma type="we"/>
                    <dep head="3-3" type="nsubj"/>
                </token>
                <token content="entered" id="3-3">
                    <pos type="VBD"/>
                    <lemma type="enter"/>
                    <dep head="3-7" type="advcl"/>
                </token>
                <token content="the" id="3-4">
                    <pos type="DT"/>
                    <lemma type="the"/>
                </token>
                <token content="library" id="3-5">
                    <pos type="NN"/>
                    <lemma type="library"/>
                    <dep head="3-3" type="dobj"/>
                </token>
                <token content="we" id="3-6">
                    <pos type="PRP"/>
                    <lemma type="we"/>
                    <dep head="3-7" type="nsubj"/>
                </token>
                <token content="went" id="3-7">
                    <pos type="VBD"/>
                    <lemma type="go"/>
                </token>
                <token content="straight" id="3-8">
                    <pos type="RB"/>
                    <lemma type="straight"/>
                    <dep head="3-7" type="advmod"/>
                </token>
                <token content="towards" id="3-9"/>
                <token content="the" id="3-10">
                    <pos type="DT"/>
                    <lemma type="the"/>
                </token>
                <token content="kid" id="3-11">
                    <pos type="NN"/>
                    <lemma type="kid"/>
                </token>
                <token content="section" id="3-12">
                    <pos type="NN"/>
                    <lemma type="section"/>
                    <dep head="3-7" type="prep"/>
                </token>
                <token content="." id="3-13"/>
            </sentence>
            <sentence id="4">
                <token content="There" id="4-1">
                    <pos type="EX"/>
                    <lemma type="there"/>
                    <dep head="4-2" type="expl"/>
                </token>
                <token content="were" id="4-2">
                    <pos type="VBD"/>
                    <lemma type="be"/>
                </token>
                <token content="thousands" id="4-3">
                    <pos type="NNS"/>
                    <lemma type="thousand"/>
                    <dep head="4-2" type="nsubj"/>
                </token>
                <token content="of" id="4-4"/>
                <token content="books" id="4-5">
                    <pos type="NNS"/>
                    <lemma type="book"/>
                </token>
                <token content="to" id="4-6">
                    <pos type="TO"/>
                    <lemma type="to"/>
                    <dep head="4-7" type="aux"/>
                </token>
                <token content="choose" id="4-7">
                    <pos type="VB"/>
                    <lemma type="choose"/>
                </token>
                <token content="from" id="4-8">
                    <pos type="IN"/>
                    <lemma type="from"/>
                    <dep head="4-7" type="prep"/>
                </token>
                <token content="and" id="4-9"/>
                <token content="he" id="4-10">
                    <pos type="PRP"/>
                    <lemma type="he"/>
                    <dep head="4-11" type="nsubj"/>
                </token>
                <token content="had" id="4-11">
                    <pos type="VBD"/>
                    <lemma type="have"/>
                    <dep head="4-2" type="conj"/>
                </token>
                <token content="a" id="4-12">
                    <pos type="DT"/>
                    <lemma type="a"/>
                </token>
                <token content="little" id="4-13">
                    <pos type="JJ"/>
                    <lemma type="little"/>
                </token>
                <token content="trouble" id="4-14">
                    <pos type="NN"/>
                    <lemma type="trouble"/>
                    <dep head="4-11" type="dobj"/>
                </token>
                <token content="making" id="4-15">
                    <pos type="VBG"/>
                    <lemma type="make"/>
                </token>
                <token content="up" id="4-16">
                    <pos type="RP"/>
                    <lemma type="up"/>
                    <dep head="4-15" type="prt"/>
                </token>
                <token content="his" id="4-17">
                    <pos type="PRP$"/>
                    <lemma type="he"/>
                </token>
                <token content="mind" id="4-18">
                    <pos type="NN"/>
                    <lemma type="mind"/>
                    <dep head="4-15" type="dobj"/>
                </token>
                <token content="." id="4-19"/>
            </sentence>
            <sentence id="5">
                <token content="Finally" id="5-1">
                    <pos type="RB"/>
                    <lemma type="finally"/>
                    <dep head="5-3" type="advmod"/>
                </token>
                <token content="we" id="5-2">
                    <pos type="PRP"/>
                    <lemma type="we"/>
                    <dep head="5-3" type="nsubj"/>
                </token>
                <token content="found" id="5-3">
                    <pos type="VBD"/>
                    <lemma type="find"/>
                </token>
                <token content="a" id="5-4">
                    <pos type="DT"/>
                    <lemma type="a"/>
                </token>
                <token content="book" id="5-5">
                    <pos type="NN"/>
                    <lemma type="book"/>
                    <dep head="5-3" type="dobj"/>
                </token>
                <token content="about" id="5-6"/>
                <token content="the" id="5-7">
                    <pos type="DT"/>
                    <lemma type="the"/>
                </token>
                <token content="different" id="5-8">
                    <pos type="JJ"/>
                    <lemma type="different"/>
                </token>
                <token content="type" id="5-9">
                    <pos type="NN"/>
                    <lemma type="type"/>
                    <dep head="5-3" type="prep"/>
                </token>
                <token content="of" id="5-10"/>
                <token content="sea" id="5-11">
                    <pos type="NN"/>
                    <lemma type="sea"/>
                </token>
                <token content="animals" id="5-12">
                    <pos type="NNS"/>
                    <lemma type="animal"/>
                </token>
                <token content="in" id="5-13"/>
                <token content="the" id="5-14">
                    <pos type="DT"/>
                    <lemma type="the"/>
                </token>
                <token content="ocean" id="5-15">
                    <pos type="NN"/>
                    <lemma type="ocean"/>
                    <dep head="5-3" type="prep"/>
                </token>
                <token content="." id="5-16"/>
            </sentence>
            <sentence id="6">
                <token content="He" id="6-1">
                    <pos type="PRP"/>
                    <lemma type="he"/>
                </token>
                <token content="was" id="6-2">
                    <pos type="VBD"/>
                    <lemma type="be"/>
                </token>
                <token content="very" id="6-3">
                    <pos type="RB"/>
                    <lemma type="very"/>
                </token>
                <token content="excited" id="6-4">
                    <pos type="JJ"/>
                    <lemma type="excited"/>
                </token>
                <token content="as" id="6-5">
                    <pos type="IN"/>
                    <lemma type="as"/>
                    <dep head="6-7" type="mark"/>
                </token>
                <token content="he" id="6-6">
                    <pos type="PRP"/>
                    <lemma type="he"/>
                    <dep head="6-7" type="nsubj"/>
                </token>
                <token content="flipped" id="6-7">
                    <pos type="VBD"/>
                    <lemma type="flip"/>
                </token>
                <token content="through" id="6-8"/>
                <token content="the" id="6-9">
                    <pos type="DT"/>
                    <lemma type="the"/>
                </token>
                <token content="pages" id="6-10">
                    <pos type="NNS"/>
                    <lemma type="page"/>
                    <dep head="6-7" type="prep"/>
                </token>
                <token content="of" id="6-11"/>
                <token content="the" id="6-12">
                    <pos type="DT"/>
                    <lemma type="the"/>
                </token>
                <token content="book" id="6-13">
                    <pos type="NN"/>
                    <lemma type="book"/>
                </token>
                <token content="." id="6-14"/>
            </sentence>
            <sentence id="7">
                <token content="When" id="7-1">
                    <pos type="WRB"/>
                    <lemma type="when"/>
                    <dep head="7-3" type="advmod"/>
                </token>
                <token content="he" id="7-2">
                    <pos type="PRP"/>
                    <lemma type="he"/>
                    <dep head="7-3" type="nsubj"/>
                </token>
                <token content="decided" id="7-3">
                    <pos type="VBD"/>
                    <lemma type="decide"/>
                    <dep head="7-15" type="advcl"/>
                </token>
                <token content="this" id="7-4">
                    <pos type="DT"/>
                    <lemma type="this"/>
                </token>
                <token content="was" id="7-5">
                    <pos type="VBD"/>
                    <lemma type="be"/>
                </token>
                <token content="the" id="7-6">
                    <pos type="DT"/>
                    <lemma type="the"/>
                </token>
                <token content="book" id="7-7">
                    <pos type="NN"/>
                    <lemma type="book"/>
                    <dep head="7-3" type="ccomp"/>
                </token>
                <token content="he" id="7-8">
                    <pos type="PRP"/>
                    <lemma type="he"/>
                    <dep head="7-9" type="nsubj"/>
                </token>
                <token content="wanted" id="7-9">
                    <pos type="VBD"/>
                    <lemma type="want"/>
                </token>
                <token content="to" id="7-10">
                    <pos type="TO"/>
                    <lemma type="to"/>
                    <dep head="7-11" type="aux"/>
                </token>
                <token content="take" id="7-11">
                    <pos type="VB"/>
                    <lemma type="take"/>
                    <dep head="7-9" type="xcomp"/>
                </token>
                <token content="home" id="7-12">
                    <pos type="NN"/>
                    <lemma type="home"/>
                    <dep head="7-11" type="dobj"/>
                </token>
                <token content="," id="7-13"/>
                <token content="we" id="7-14">
                    <pos type="PRP"/>
                    <lemma type="we"/>
                    <dep head="7-15" type="nsubj"/>
                </token>
                <token content="make" id="7-15">
                    <pos type="VBP"/>
                    <lemma type="make"/>
                </token>
                <token content="our" id="7-16">
                    <pos type="PRP$"/>
                    <lemma type="we"/>
                </token>
                <token content="way" id="7-17">
                    <pos type="NN"/>
                    <lemma type="way"/>
                    <dep head="7-15" type="dobj"/>
                </token>
                <token content="towards" id="7-18"/>
                <token content="the" id="7-19">
                    <pos type="DT"/>
                    <lemma type="the"/>
                </token>
                <token content="librarian" id="7-20">
                    <pos type="NN"/>
                    <lemma type="librarian"/>
                    <dep head="7-15" type="prep"/>
                </token>
                <token content="." id="7-21"/>
            </sentence>
            <sentence id="8">
                <token content="She" id="8-1">
                    <pos type="PRP"/>
                    <lemma type="she"/>
                    <dep head="8-2" type="nsubj"/>
                </token>
                <token content="greeted" id="8-2">
                    <pos type="VBD"/>
                    <lemma type="greet"/>
                </token>
                <token content="us" id="8-3">
                    <pos type="PRP"/>
                    <lemma type="we"/>
                    <dep head="8-2" type="dobj"/>
                </token>
                <token content="with" id="8-4"/>
                <token content="a" id="8-5">
                    <pos type="DT"/>
                    <lemma type="a"/>
                </token>
                <token content="friendly" id="8-6">
                    <pos type="JJ"/>
                    <lemma type="friendly"/>
                </token>
                <token content="hello" id="8-7">
                    <pos type="NN"/>
                    <lemma type="hello"/>
                    <dep head="8-2" type="prep"/>
                </token>
                <token content="and" id="8-8"/>
                <token content="asked" id="8-9">
                    <pos type="VBD"/>
                    <lemma type="ask"/>
                    <dep head="8-2" type="conj"/>
                </token>
                <token content="my" id="8-10">
                    <pos type="PRP$"/>
                    <lemma type="my"/>
                </token>
                <token content="son" id="8-11">
                    <pos type="NN"/>
                    <lemma type="son"/>
                    <dep head="8-9" type="dobj"/>
                </token>
                <token content="for" id="8-12"/>
                <token content="his" id="8-13">
                    <pos type="PRP$"/>
                    <lemma type="he"/>
                </token>
                <token content="library" id="8-14">
                    <pos type="NN"/>
                    <lemma type="library"/>
                </token>
                <token content="card" id="8-15">
                    <pos type="NN"/>
                    <lemma type="card"/>
                    <dep head="8-9" type="prep"/>
                </token>
                <token content="." id="8-16"/>
            </sentence>
            <sentence id="9">
                <token content="She" id="9-1">
                    <pos type="PRP"/>
                    <lemma type="she"/>
                    <dep head="9-2" type="nsubj"/>
                </token>
                <token content="scanned" id="9-2">
                    <pos type="VBD"/>
                    <lemma type="scan"/>
                </token>
                <token content="the" id="9-3">
                    <pos type="DT"/>
                    <lemma type="the"/>
                </token>
                <token content="card" id="9-4">
                    <pos type="NN"/>
                    <lemma type="card"/>
                    <dep head="9-8" type="nsubj"/>
                </token>
                <token content="and" id="9-5"/>
                <token content="book" id="9-6">
                    <pos type="NN"/>
                    <lemma type="book"/>
                </token>
                <token content="then" id="9-7">
                    <pos type="RB"/>
                    <lemma type="then"/>
                    <dep head="9-8" type="advmod"/>
                </token>
                <token content="handed" id="9-8">
                    <pos type="VBD"/>
                    <lemma type="hand"/>
                    <dep head="9-2" type="ccomp"/>
                </token>
                <token content="them" id="9-9">
                    <pos type="PRP"/>
                    <lemma type="they"/>
                    <dep head="9-11" type="nsubj"/>
                </token>
                <token content="both" id="9-10">
                    <pos type="DT"/>
                    <lemma type="both"/>
                    <dep head="9-11" type="dep"/>
                </token>
                <token content="back" id="9-11">
                    <pos type="VB"/>
                    <lemma type="back"/>
                    <dep head="9-8" type="ccomp"/>
                </token>
                <token content="to" id="9-12"/>
                <token content="my" id="9-13">
                    <pos type="PRP$"/>
                    <lemma type="my"/>
                </token>
                <token content="son" id="9-14">
                    <pos type="NN"/>
                    <lemma type="son"/>
                    <dep head="9-11" type="prep"/>
                </token>
                <token content="." id="9-15"/>
            </sentence>
            <sentence id="10">
                <token content="She" id="10-1">
                    <pos type="PRP"/>
                    <lemma type="she"/>
                    <dep head="10-2" type="nsubj"/>
                </token>
                <token content="informed" id="10-2">
                    <pos type="VBD"/>
                    <lemma type="inform"/>
                </token>
                <token content="us" id="10-3">
                    <pos type="PRP"/>
                    <lemma type="we"/>
                    <dep head="10-2" type="dobj"/>
                </token>
                <token content="when" id="10-4">
                    <pos type="WRB"/>
                    <lemma type="when"/>
                </token>
                <token content="the" id="10-5">
                    <pos type="DT"/>
                    <lemma type="the"/>
                </token>
                <token content="book" id="10-6">
                    <pos type="NN"/>
                    <lemma type="book"/>
                </token>
                <token content="was" id="10-7">
                    <pos type="VBD"/>
                    <lemma type="be"/>
                </token>
                <token content="due" id="10-8">
                    <pos type="JJ"/>
                    <lemma type="due"/>
                    <dep head="10-2" type="advcl"/>
                </token>
                <token content="back" id="10-9">
                    <pos type="RB"/>
                    <lemma type="back"/>
                </token>
                <token content="and" id="10-10"/>
                <token content="we" id="10-11">
                    <pos type="PRP"/>
                    <lemma type="we"/>
                    <dep head="10-13" type="nsubj"/>
                </token>
                <token content="both" id="10-12">
                    <pos type="DT"/>
                    <lemma type="both"/>
                    <dep head="10-13" type="advmod"/>
                </token>
                <token content="thanked" id="10-13">
                    <pos type="VBD"/>
                    <lemma type="thank"/>
                    <dep head="10-2" type="conj"/>
                </token>
                <token content="her" id="10-14">
                    <pos type="PRP"/>
                    <lemma type="she"/>
                    <dep head="10-13" type="dobj"/>
                </token>
                <token content="and" id="10-15"/>
                <token content="wished" id="10-16">
                    <pos type="VBD"/>
                    <lemma type="wish"/>
                    <dep head="10-13" type="conj"/>
                </token>
                <token content="her" id="10-17">
                    <pos type="PRP"/>
                    <lemma type="she"/>
                    <dep head="10-16" type="dobj"/>
                </token>
                <token content="a" id="10-18">
                    <pos type="DT"/>
                    <lemma type="a"/>
                </token>
                <token content="pleasant" id="10-19">
                    <pos type="JJ"/>
                    <lemma type="pleasant"/>
                </token>
                <token content="day" id="10-20">
                    <pos type="NN"/>
                    <lemma type="day"/>
                    <dep head="10-16" type="tmod"/>
                </token>
                <token content="." id="10-21"/>
            </sentence>
        </sentences>
    </text>
    <annotations>
        <participants>
            <label from="1-1" id="0" name="ScrPart_customer" text="My" type="participant"/>
            <label from="1-3" id="1" name="NPart" text="year" type="participant"/>
            <label from="1-5" id="2" name="ScrPart_customer" text="son" type="participant"/>
            <label from="1-9" id="3" name="ScrPart_book" text="books" type="participant"/>
            <label from="1-13" id="4" name="ScrPart_customer" text="we" type="participant"/>
            <label from="1-20" id="5" name="ScrPart_library" text="library" type="participant"/>
            <label from="1-23" id="6" name="ScrPart_book" text="one" type="participant"/>
            <label from="2-4" id="7" name="NPart" text="house" type="participant"/>
            <label from="2-5" id="8" name="ScrPart_customer" text="I" type="participant"/>
            <label from="2-8" id="9" name="ScrPart_customer" text="he" type="participant"/>
            <label from="2-10" id="10" name="ScrPart_customer" text="his" type="participant"/>
            <label from="2-11" id="11" name="ScrPart_library_card" text="library card" to="2-12" type="participant"/>
            <label from="2-12" id="12" name="ScrPart_library_card" text="card" type="participant"/>
            <label from="2-14" id="13" name="ScrPart_customer" text="him" type="participant"/>
            <label from="2-17" id="14" name="ScrPart_library_card" text="it" type="participant"/>
            <label from="2-18" id="15" name="ScrPart_customer" text="he" type="participant"/>
            <label from="2-26" id="16" name="ScrPart_book" text="book" type="participant"/>
            <label from="3-2" id="17" name="ScrPart_customer" text="we" type="participant"/>
            <label from="3-5" id="18" name="ScrPart_library" text="library" type="participant"/>
            <label from="3-6" id="19" name="ScrPart_customer" text="we" type="participant"/>
            <label from="3-11" id="20" name="ScrPart_location_library" text="kid section" to="3-12" type="participant"/>
            <label from="3-12" id="21" name="ScrPart_location_library" text="section" type="participant"/>
            <label from="4-3" id="22" name="Head_of_Partitive" text="thousands" type="participant"/>
            <label from="4-5" id="23" name="ScrPart_book" text="books" type="participant"/>
            <label from="4-10" id="24" name="ScrPart_customer" text="he" type="participant"/>
            <label from="4-14" id="25" name="No_label" text="trouble" type="participant"/>
            <label from="4-17" id="26" name="ScrPart_customer" text="his" type="participant"/>
            <label from="4-18" id="27" name="SuppVComp" text="mind" type="participant"/>
            <label from="5-2" id="28" name="ScrPart_customer" text="we" type="participant"/>
            <label from="5-5" id="29" name="ScrPart_book" text="book" type="participant"/>
            <label from="5-9" id="30" name="Head_of_Partitive" text="type" type="participant"/>
            <label from="5-11" id="31" name="NPart" text="sea animals" to="5-12" type="participant"/>
            <label from="5-12" id="32" name="NPart" text="animals" type="participant"/>
            <label from="5-15" id="33" name="NPart" text="ocean" type="participant"/>
            <label from="6-1" id="34" name="ScrPart_customer" text="He" type="participant"/>
            <label from="6-6" id="35" name="ScrPart_customer" text="he" type="participant"/>
            <label from="6-10" id="36" name="NPart" text="pages" type="participant"/>
            <label from="6-13" id="37" name="ScrPart_book" text="book" type="participant"/>
            <label from="7-2" id="38" name="ScrPart_customer" text="he" type="participant"/>
            <label from="7-4" id="39" name="ScrPart_book" text="this" type="participant"/>
            <label from="7-7" id="40" name="ScrPart_book" text="book" type="participant"/>
            <label from="7-8" id="41" name="ScrPart_customer" text="he" type="participant"/>
            <label from="7-12" id="42" name="NPart" text="home" type="participant"/>
            <label from="7-14" id="43" name="ScrPart_customer" text="we" type="participant"/>
            <label from="7-16" id="44" name="ScrPart_customer" text="our" type="participant"/>
            <label from="7-17" id="45" name="No_label" text="way" type="participant"/>
            <label from="7-20" id="46" name="ScrPart_staff" text="librarian" type="participant"/>
            <label from="8-1" id="47" name="ScrPart_staff" text="She" type="participant"/>
            <label from="8-3" id="48" name="ScrPart_customer" text="us" type="participant"/>
            <label from="8-10" id="49" name="ScrPart_customer" text="my" type="participant"/>
            <label from="8-11" id="50" name="ScrPart_customer" text="son" type="participant"/>
            <label from="8-13" id="51" name="ScrPart_customer" text="his" type="participant"/>
            <label from="8-14" id="52" name="ScrPart_library_card" text="library card" to="8-15" type="participant"/>
            <label from="8-15" id="53" name="ScrPart_library_card" text="card" type="participant"/>
            <label from="9-1" id="54" name="ScrPart_staff" text="She" type="participant"/>
            <label from="9-4" id="55" name="ScrPart_library_card" text="card" type="participant"/>
            <label from="9-6" id="56" name="ScrPart_book" text="book" type="participant"/>
            <label from="9-9" id="57" name="Unclear" text="them" type="participant"/>
            <label from="9-13" id="58" name="ScrPart_customer" text="my" type="participant"/>
            <label from="9-14" id="59" name="ScrPart_customer" text="son" type="participant"/>
            <label from="10-1" id="60" name="ScrPart_staff" text="She" type="participant"/>
            <label from="10-3" id="61" name="ScrPart_customer" text="us" type="participant"/>
            <label from="10-6" id="62" name="ScrPart_book" text="book" type="participant"/>
            <label from="10-11" id="63" name="ScrPart_customer" text="we" type="participant"/>
            <label from="10-14" id="64" name="ScrPart_staff" text="her" type="participant"/>
            <label from="10-17" id="65" name="ScrPart_staff" text="her" type="participant"/>
            <label from="10-20" id="66" name="NPart" text="day" type="participant"/>
        </participants>
        <events>
            <label from="1-6" id="67" name="UnrelEv" text="loves" type="event"/>
            <label from="1-8" id="68" name="RelNScrEv" text="read" type="event"/>
            <label from="1-15" id="69" name="UnrelEv" text="decided" type="event"/>
            <label from="1-17" id="70" name="ScrEv_get_library" text="head" type="event"/>
            <label from="1-22" id="71" name="Evoking" text="pick one out" to="1-24" type="event"/>
            <label from="2-2" id="72" name="UnrelEv" text="leaving" type="event"/>
            <label from="2-6" id="73" name="UnrelEv" text="made sure" to="2-7" type="event"/>
            <label from="2-9" id="74" name="UnrelEv" text="had" type="event"/>
            <label from="2-21" id="75" name="UnrelEv" text="be" type="event"/>
            <label from="2-24" id="76" name="Evoking" text="borrow a book" to="2-26" type="event"/>
            <label from="3-3" id="77" name="ScrEv_get_library" text="entered" type="event"/>
            <label from="3-7" id="78" name="ScrEv_get_shelf" text="went" type="event"/>
            <label from="4-2" id="79" name="UnrelEv" text="were" type="event"/>
            <label from="4-7" id="80" name="ScrEv_look_for_book" text="choose" type="event"/>
            <label from="4-11" id="81" name="UnrelEv" text="had" type="event"/>
            <label from="4-15" id="82" name="RelNScrEv" text="making up" to="4-16" type="event"/>
            <label from="5-3" id="83" name="ScrEv_take_book" text="found" type="event"/>
            <label from="6-2" id="84" name="UnrelEv" text="was" type="event"/>
            <label from="6-7" id="85" name="RelNScrEv" text="flipped" type="event"/>
            <label from="7-3" id="86" name="UnrelEv" text="decided" type="event"/>
            <label from="7-5" id="87" name="UnrelEv" text="was" type="event"/>
            <label from="7-9" id="88" name="UnrelEv" text="wanted" type="event"/>
            <label from="7-11" id="89" name="ScrEv_take_book" text="take" type="event"/>
            <label from="7-15" id="90" name="ScrEv_go_check_out" text="make" type="event"/>
            <label from="8-2" id="91" name="RelNScrEv" text="greeted" type="event"/>
            <label from="8-9" id="92" name="ScrEv_show_card" text="asked" type="event"/>
            <label from="9-2" id="93" name="ScrEv_register" text="scanned" type="event"/>
            <label from="9-8" id="94" name="RelNScrEv" text="handed" type="event"/>
            <label from="10-2" id="95" name="RelNScrEv" text="informed" type="event"/>
            <label from="10-7" id="96" name="ScrEv_return_book" text="was due" to="10-8" type="event"/>
            <label from="10-13" id="97" name="RelNScrEv" text="thanked" type="event"/>
            <label from="10-16" id="98" name="RelNScrEv" text="wished" type="event"/>
        </events>
        <chains>
            <chain elements="0 4 2" name="coref_group_I_son"/>
            <chain elements="3 6 16 23 29 37 39 40 56 62"/>
            <chain elements="0 8 49 58"/>
            <chain elements="2 9 10 13 15 24 26 34 35 38 41 50 51 59"/>
            <chain elements="12 14 53 55"/>
            <chain elements="4 17 19 28 43 44 48 61 63"/>
            <chain elements="5 18"/>
            <chain elements="46 47 54 60 64 65"/>
            <chain elements="55 57 56" name="coref_group_book_card"/>
        </chains>
    </annotations>
</story>
