<?xml version="1.0" encoding="UTF-8" standalone="no"?>
<!DOCTYPE story SYSTEM "../InScript.dtd">
<story id="047" scenario="library">
    <text>
        <content>Books are invaluable tools that bring you on wonderful adventures . 
Everyone should read as many as they possibly can ! 
The best way to do so is to borrow a book from the library . 
When I borrow a book from the library , I first obtained a library card . 
I did this by going to my local library , and speaking with a librarian , there I created an account with my name . 
Following this , and following the successful attainment of my physical card , I began my search for a book . 
In the old days I would need to use a card catalog , these days I can search through books on a library computer . 
I search through many genres and types of books before making my decision . 
I then write down the number of the book and begin my search . 
I find the matching bookshelves and then find the matching book number . 
Book in hand , I gleefully skip to the checkout , and check my book out with the librarian , making sure to note the time which I need to return the book . </content>
        <sentences>
            <sentence id="1">
                <token content="Books" id="1-1">
                    <pos type="NNS"/>
                    <lemma type="book"/>
                </token>
                <token content="are" id="1-2">
                    <pos type="VBP"/>
                    <lemma type="be"/>
                </token>
                <token content="invaluable" id="1-3">
                    <pos type="JJ"/>
                    <lemma type="invaluable"/>
                </token>
                <token content="tools" id="1-4">
                    <pos type="NNS"/>
                    <lemma type="tool"/>
                </token>
                <token content="that" id="1-5">
                    <pos type="WDT"/>
                    <lemma type="that"/>
                    <dep head="1-6" type="nsubj"/>
                </token>
                <token content="bring" id="1-6">
                    <pos type="VBP"/>
                    <lemma type="bring"/>
                </token>
                <token content="you" id="1-7">
                    <pos type="PRP"/>
                    <lemma type="you"/>
                    <dep head="1-6" type="dobj"/>
                </token>
                <token content="on" id="1-8"/>
                <token content="wonderful" id="1-9">
                    <pos type="JJ"/>
                    <lemma type="wonderful"/>
                </token>
                <token content="adventures" id="1-10">
                    <pos type="NNS"/>
                    <lemma type="adventure"/>
                    <dep head="1-6" type="prep"/>
                </token>
                <token content="." id="1-11"/>
            </sentence>
            <sentence id="2">
                <token content="Everyone" id="2-1">
                    <pos type="NN"/>
                    <lemma type="everyone"/>
                    <dep head="2-3" type="nsubj"/>
                </token>
                <token content="should" id="2-2">
                    <pos type="MD"/>
                    <lemma type="should"/>
                    <dep head="2-3" type="aux"/>
                </token>
                <token content="read" id="2-3">
                    <pos type="VB"/>
                    <lemma type="read"/>
                </token>
                <token content="as" id="2-4">
                    <pos type="RB"/>
                    <lemma type="as"/>
                </token>
                <token content="many" id="2-5">
                    <pos type="JJ"/>
                    <lemma type="many"/>
                    <dep head="2-3" type="acomp"/>
                </token>
                <token content="as" id="2-6">
                    <pos type="IN"/>
                    <lemma type="as"/>
                </token>
                <token content="they" id="2-7">
                    <pos type="PRP"/>
                    <lemma type="they"/>
                </token>
                <token content="possibly" id="2-8">
                    <pos type="RB"/>
                    <lemma type="possibly"/>
                </token>
                <token content="can" id="2-9">
                    <pos type="MD"/>
                    <lemma type="can"/>
                    <dep head="2-3" type="advcl"/>
                </token>
                <token content="!" id="2-10"/>
            </sentence>
            <sentence id="3">
                <token content="The" id="3-1">
                    <pos type="DT"/>
                    <lemma type="the"/>
                </token>
                <token content="best" id="3-2">
                    <pos type="JJS"/>
                    <lemma type="best"/>
                </token>
                <token content="way" id="3-3">
                    <pos type="NN"/>
                    <lemma type="way"/>
                    <dep head="3-7" type="nsubj"/>
                </token>
                <token content="to" id="3-4">
                    <pos type="TO"/>
                    <lemma type="to"/>
                    <dep head="3-5" type="aux"/>
                </token>
                <token content="do" id="3-5">
                    <pos type="VB"/>
                    <lemma type="do"/>
                </token>
                <token content="so" id="3-6">
                    <pos type="RB"/>
                    <lemma type="so"/>
                    <dep head="3-5" type="advmod"/>
                </token>
                <token content="is" id="3-7">
                    <pos type="VBZ"/>
                    <lemma type="be"/>
                </token>
                <token content="to" id="3-8">
                    <pos type="TO"/>
                    <lemma type="to"/>
                    <dep head="3-9" type="aux"/>
                </token>
                <token content="borrow" id="3-9">
                    <pos type="VB"/>
                    <lemma type="borrow"/>
                    <dep head="3-7" type="xcomp"/>
                </token>
                <token content="a" id="3-10">
                    <pos type="DT"/>
                    <lemma type="a"/>
                </token>
                <token content="book" id="3-11">
                    <pos type="NN"/>
                    <lemma type="book"/>
                    <dep head="3-9" type="dobj"/>
                </token>
                <token content="from" id="3-12"/>
                <token content="the" id="3-13">
                    <pos type="DT"/>
                    <lemma type="the"/>
                </token>
                <token content="library" id="3-14">
                    <pos type="NN"/>
                    <lemma type="library"/>
                    <dep head="3-9" type="prep"/>
                </token>
                <token content="." id="3-15"/>
            </sentence>
            <sentence id="4">
                <token content="When" id="4-1">
                    <pos type="WRB"/>
                    <lemma type="when"/>
                    <dep head="4-3" type="advmod"/>
                </token>
                <token content="I" id="4-2">
                    <pos type="PRP"/>
                    <lemma type="I"/>
                    <dep head="4-3" type="nsubj"/>
                </token>
                <token content="borrow" id="4-3">
                    <pos type="VBP"/>
                    <lemma type="borrow"/>
                    <dep head="4-12" type="advcl"/>
                </token>
                <token content="a" id="4-4">
                    <pos type="DT"/>
                    <lemma type="a"/>
                </token>
                <token content="book" id="4-5">
                    <pos type="NN"/>
                    <lemma type="book"/>
                    <dep head="4-3" type="dobj"/>
                </token>
                <token content="from" id="4-6"/>
                <token content="the" id="4-7">
                    <pos type="DT"/>
                    <lemma type="the"/>
                </token>
                <token content="library" id="4-8">
                    <pos type="NN"/>
                    <lemma type="library"/>
                    <dep head="4-3" type="prep"/>
                </token>
                <token content="," id="4-9"/>
                <token content="I" id="4-10">
                    <pos type="PRP"/>
                    <lemma type="I"/>
                    <dep head="4-12" type="nsubj"/>
                </token>
                <token content="first" id="4-11">
                    <pos type="RB"/>
                    <lemma type="first"/>
                    <dep head="4-12" type="advmod"/>
                </token>
                <token content="obtained" id="4-12">
                    <pos type="VBD"/>
                    <lemma type="obtain"/>
                </token>
                <token content="a" id="4-13">
                    <pos type="DT"/>
                    <lemma type="a"/>
                </token>
                <token content="library" id="4-14">
                    <pos type="NN"/>
                    <lemma type="library"/>
                </token>
                <token content="card" id="4-15">
                    <pos type="NN"/>
                    <lemma type="card"/>
                    <dep head="4-12" type="dobj"/>
                </token>
                <token content="." id="4-16"/>
            </sentence>
            <sentence id="5">
                <token content="I" id="5-1">
                    <pos type="PRP"/>
                    <lemma type="I"/>
                    <dep head="5-2" type="nsubj"/>
                </token>
                <token content="did" id="5-2">
                    <pos type="VBD"/>
                    <lemma type="do"/>
                </token>
                <token content="this" id="5-3">
                    <pos type="DT"/>
                    <lemma type="this"/>
                    <dep head="5-2" type="dobj"/>
                </token>
                <token content="by" id="5-4"/>
                <token content="going" id="5-5">
                    <pos type="VBG"/>
                    <lemma type="go"/>
                    <dep head="5-2" type="prepc"/>
                </token>
                <token content="to" id="5-6"/>
                <token content="my" id="5-7">
                    <pos type="PRP$"/>
                    <lemma type="my"/>
                </token>
                <token content="local" id="5-8">
                    <pos type="JJ"/>
                    <lemma type="local"/>
                </token>
                <token content="library" id="5-9">
                    <pos type="NN"/>
                    <lemma type="library"/>
                    <dep head="5-5" type="prep"/>
                </token>
                <token content="," id="5-10"/>
                <token content="and" id="5-11"/>
                <token content="speaking" id="5-12">
                    <pos type="VBG"/>
                    <lemma type="speak"/>
                    <dep head="5-5" type="conj"/>
                </token>
                <token content="with" id="5-13"/>
                <token content="a" id="5-14">
                    <pos type="DT"/>
                    <lemma type="a"/>
                </token>
                <token content="librarian" id="5-15">
                    <pos type="NN"/>
                    <lemma type="librarian"/>
                    <dep head="5-12" type="prep"/>
                </token>
                <token content="," id="5-16"/>
                <token content="there" id="5-17">
                    <pos type="RB"/>
                    <lemma type="there"/>
                    <dep head="5-19" type="advmod"/>
                </token>
                <token content="I" id="5-18">
                    <pos type="PRP"/>
                    <lemma type="I"/>
                    <dep head="5-19" type="nsubj"/>
                </token>
                <token content="created" id="5-19">
                    <pos type="VBD"/>
                    <lemma type="create"/>
                    <dep head="5-2" type="parataxis"/>
                </token>
                <token content="an" id="5-20">
                    <pos type="DT"/>
                    <lemma type="a"/>
                </token>
                <token content="account" id="5-21">
                    <pos type="NN"/>
                    <lemma type="account"/>
                    <dep head="5-19" type="dobj"/>
                </token>
                <token content="with" id="5-22"/>
                <token content="my" id="5-23">
                    <pos type="PRP$"/>
                    <lemma type="my"/>
                </token>
                <token content="name" id="5-24">
                    <pos type="NN"/>
                    <lemma type="name"/>
                    <dep head="5-19" type="prep"/>
                </token>
                <token content="." id="5-25"/>
            </sentence>
            <sentence id="6">
                <token content="Following" id="6-1">
                    <pos type="VBG"/>
                    <lemma type="follow"/>
                    <dep head="6-15" type="vmod"/>
                </token>
                <token content="this" id="6-2">
                    <pos type="DT"/>
                    <lemma type="this"/>
                    <dep head="6-1" type="dobj"/>
                </token>
                <token content="," id="6-3"/>
                <token content="and" id="6-4"/>
                <token content="following" id="6-5">
                    <pos type="VBG"/>
                    <lemma type="follow"/>
                    <dep head="6-1" type="conj"/>
                </token>
                <token content="the" id="6-6">
                    <pos type="DT"/>
                    <lemma type="the"/>
                </token>
                <token content="successful" id="6-7">
                    <pos type="JJ"/>
                    <lemma type="successful"/>
                </token>
                <token content="attainment" id="6-8">
                    <pos type="NN"/>
                    <lemma type="attainment"/>
                    <dep head="6-5" type="dobj"/>
                </token>
                <token content="of" id="6-9"/>
                <token content="my" id="6-10">
                    <pos type="PRP$"/>
                    <lemma type="my"/>
                </token>
                <token content="physical" id="6-11">
                    <pos type="JJ"/>
                    <lemma type="physical"/>
                </token>
                <token content="card" id="6-12">
                    <pos type="NN"/>
                    <lemma type="card"/>
                </token>
                <token content="," id="6-13"/>
                <token content="I" id="6-14">
                    <pos type="PRP"/>
                    <lemma type="I"/>
                    <dep head="6-15" type="nsubj"/>
                </token>
                <token content="began" id="6-15">
                    <pos type="VBD"/>
                    <lemma type="begin"/>
                </token>
                <token content="my" id="6-16">
                    <pos type="PRP$"/>
                    <lemma type="my"/>
                </token>
                <token content="search" id="6-17">
                    <pos type="NN"/>
                    <lemma type="search"/>
                    <dep head="6-15" type="dobj"/>
                </token>
                <token content="for" id="6-18"/>
                <token content="a" id="6-19">
                    <pos type="DT"/>
                    <lemma type="a"/>
                </token>
                <token content="book" id="6-20">
                    <pos type="NN"/>
                    <lemma type="book"/>
                    <dep head="6-15" type="prep"/>
                </token>
                <token content="." id="6-21"/>
            </sentence>
            <sentence id="7">
                <token content="In" id="7-1"/>
                <token content="the" id="7-2">
                    <pos type="DT"/>
                    <lemma type="the"/>
                </token>
                <token content="old" id="7-3">
                    <pos type="JJ"/>
                    <lemma type="old"/>
                </token>
                <token content="days" id="7-4">
                    <pos type="NNS"/>
                    <lemma type="day"/>
                    <dep head="7-7" type="prep"/>
                </token>
                <token content="I" id="7-5">
                    <pos type="PRP"/>
                    <lemma type="I"/>
                    <dep head="7-7" type="nsubj"/>
                </token>
                <token content="would" id="7-6">
                    <pos type="MD"/>
                    <lemma type="would"/>
                    <dep head="7-7" type="aux"/>
                </token>
                <token content="need" id="7-7">
                    <pos type="VB"/>
                    <lemma type="need"/>
                </token>
                <token content="to" id="7-8">
                    <pos type="TO"/>
                    <lemma type="to"/>
                    <dep head="7-9" type="aux"/>
                </token>
                <token content="use" id="7-9">
                    <pos type="VB"/>
                    <lemma type="use"/>
                    <dep head="7-7" type="xcomp"/>
                </token>
                <token content="a" id="7-10">
                    <pos type="DT"/>
                    <lemma type="a"/>
                </token>
                <token content="card" id="7-11">
                    <pos type="NN"/>
                    <lemma type="card"/>
                </token>
                <token content="catalog" id="7-12">
                    <pos type="NN"/>
                    <lemma type="catalog"/>
                    <dep head="7-9" type="dobj"/>
                </token>
                <token content="," id="7-13"/>
                <token content="these" id="7-14">
                    <pos type="DT"/>
                    <lemma type="these"/>
                </token>
                <token content="days" id="7-15">
                    <pos type="NNS"/>
                    <lemma type="day"/>
                    <dep head="7-18" type="tmod"/>
                </token>
                <token content="I" id="7-16">
                    <pos type="PRP"/>
                    <lemma type="I"/>
                    <dep head="7-18" type="nsubj"/>
                </token>
                <token content="can" id="7-17">
                    <pos type="MD"/>
                    <lemma type="can"/>
                    <dep head="7-18" type="aux"/>
                </token>
                <token content="search" id="7-18">
                    <pos type="VB"/>
                    <lemma type="search"/>
                    <dep head="7-7" type="parataxis"/>
                </token>
                <token content="through" id="7-19"/>
                <token content="books" id="7-20">
                    <pos type="NNS"/>
                    <lemma type="book"/>
                    <dep head="7-18" type="prep"/>
                </token>
                <token content="on" id="7-21"/>
                <token content="a" id="7-22">
                    <pos type="DT"/>
                    <lemma type="a"/>
                </token>
                <token content="library" id="7-23">
                    <pos type="NN"/>
                    <lemma type="library"/>
                </token>
                <token content="computer" id="7-24">
                    <pos type="NN"/>
                    <lemma type="computer"/>
                </token>
                <token content="." id="7-25"/>
            </sentence>
            <sentence id="8">
                <token content="I" id="8-1">
                    <pos type="PRP"/>
                    <lemma type="I"/>
                    <dep head="8-2" type="nsubj"/>
                </token>
                <token content="search" id="8-2">
                    <pos type="VBD"/>
                    <lemma type="search"/>
                </token>
                <token content="through" id="8-3"/>
                <token content="many" id="8-4">
                    <pos type="JJ"/>
                    <lemma type="many"/>
                </token>
                <token content="genres" id="8-5">
                    <pos type="NNS"/>
                    <lemma type="genre"/>
                    <dep head="8-2" type="prep"/>
                </token>
                <token content="and" id="8-6"/>
                <token content="types" id="8-7">
                    <pos type="NNS"/>
                    <lemma type="type"/>
                </token>
                <token content="of" id="8-8"/>
                <token content="books" id="8-9">
                    <pos type="NNS"/>
                    <lemma type="book"/>
                </token>
                <token content="before" id="8-10"/>
                <token content="making" id="8-11">
                    <pos type="VBG"/>
                    <lemma type="make"/>
                    <dep head="8-2" type="prepc"/>
                </token>
                <token content="my" id="8-12">
                    <pos type="PRP$"/>
                    <lemma type="my"/>
                </token>
                <token content="decision" id="8-13">
                    <pos type="NN"/>
                    <lemma type="decision"/>
                    <dep head="8-11" type="dobj"/>
                </token>
                <token content="." id="8-14"/>
            </sentence>
            <sentence id="9">
                <token content="I" id="9-1">
                    <pos type="PRP"/>
                    <lemma type="I"/>
                    <dep head="9-3" type="nsubj"/>
                </token>
                <token content="then" id="9-2">
                    <pos type="RB"/>
                    <lemma type="then"/>
                    <dep head="9-3" type="advmod"/>
                </token>
                <token content="write" id="9-3">
                    <pos type="VB"/>
                    <lemma type="write"/>
                </token>
                <token content="down" id="9-4">
                    <pos type="RP"/>
                    <lemma type="down"/>
                    <dep head="9-3" type="prt"/>
                </token>
                <token content="the" id="9-5">
                    <pos type="DT"/>
                    <lemma type="the"/>
                </token>
                <token content="number" id="9-6">
                    <pos type="NN"/>
                    <lemma type="number"/>
                    <dep head="9-3" type="dobj"/>
                </token>
                <token content="of" id="9-7"/>
                <token content="the" id="9-8">
                    <pos type="DT"/>
                    <lemma type="the"/>
                </token>
                <token content="book" id="9-9">
                    <pos type="NN"/>
                    <lemma type="book"/>
                </token>
                <token content="and" id="9-10"/>
                <token content="begin" id="9-11">
                    <pos type="VB"/>
                    <lemma type="begin"/>
                    <dep head="9-3" type="conj"/>
                </token>
                <token content="my" id="9-12">
                    <pos type="PRP$"/>
                    <lemma type="my"/>
                </token>
                <token content="search" id="9-13">
                    <pos type="NN"/>
                    <lemma type="search"/>
                    <dep head="9-11" type="dobj"/>
                </token>
                <token content="." id="9-14"/>
            </sentence>
            <sentence id="10">
                <token content="I" id="10-1">
                    <pos type="PRP"/>
                    <lemma type="I"/>
                    <dep head="10-2" type="nsubj"/>
                </token>
                <token content="find" id="10-2">
                    <pos type="VBP"/>
                    <lemma type="find"/>
                </token>
                <token content="the" id="10-3">
                    <pos type="DT"/>
                    <lemma type="the"/>
                </token>
                <token content="matching" id="10-4">
                    <pos type="NN"/>
                    <lemma type="matching"/>
                    <dep head="10-5" type="nsubj"/>
                </token>
                <token content="bookshelves" id="10-5">
                    <pos type="VBZ"/>
                    <lemma type="bookshelve"/>
                    <dep head="10-2" type="ccomp"/>
                </token>
                <token content="and" id="10-6"/>
                <token content="then" id="10-7">
                    <pos type="RB"/>
                    <lemma type="then"/>
                    <dep head="10-8" type="advmod"/>
                </token>
                <token content="find" id="10-8">
                    <pos type="VBP"/>
                    <lemma type="find"/>
                    <dep head="10-5" type="conj"/>
                </token>
                <token content="the" id="10-9">
                    <pos type="DT"/>
                    <lemma type="the"/>
                </token>
                <token content="matching" id="10-10">
                    <pos type="JJ"/>
                    <lemma type="matching"/>
                </token>
                <token content="book" id="10-11">
                    <pos type="NN"/>
                    <lemma type="book"/>
                </token>
                <token content="number" id="10-12">
                    <pos type="NN"/>
                    <lemma type="number"/>
                    <dep head="10-8" type="dobj"/>
                </token>
                <token content="." id="10-13"/>
            </sentence>
            <sentence id="11">
                <token content="Book" id="11-1">
                    <pos type="VB"/>
                    <lemma type="book"/>
                    <dep head="11-7" type="ccomp"/>
                </token>
                <token content="in" id="11-2"/>
                <token content="hand" id="11-3">
                    <pos type="NN"/>
                    <lemma type="hand"/>
                    <dep head="11-1" type="prep"/>
                </token>
                <token content="," id="11-4"/>
                <token content="I" id="11-5">
                    <pos type="PRP"/>
                    <lemma type="I"/>
                    <dep head="11-7" type="nsubj"/>
                </token>
                <token content="gleefully" id="11-6">
                    <pos type="RB"/>
                    <lemma type="gleefully"/>
                    <dep head="11-7" type="advmod"/>
                </token>
                <token content="skip" id="11-7">
                    <pos type="VBD"/>
                    <lemma type="skip"/>
                </token>
                <token content="to" id="11-8"/>
                <token content="the" id="11-9">
                    <pos type="DT"/>
                    <lemma type="the"/>
                </token>
                <token content="checkout" id="11-10">
                    <pos type="NN"/>
                    <lemma type="checkout"/>
                    <dep head="11-7" type="prep"/>
                </token>
                <token content="," id="11-11"/>
                <token content="and" id="11-12"/>
                <token content="check" id="11-13">
                    <pos type="VBP"/>
                    <lemma type="check"/>
                    <dep head="11-7" type="conj"/>
                </token>
                <token content="my" id="11-14">
                    <pos type="PRP$"/>
                    <lemma type="my"/>
                </token>
                <token content="book" id="11-15">
                    <pos type="NN"/>
                    <lemma type="book"/>
                    <dep head="11-13" type="dobj"/>
                </token>
                <token content="out" id="11-16">
                    <pos type="RP"/>
                    <lemma type="out"/>
                    <dep head="11-13" type="prt"/>
                </token>
                <token content="with" id="11-17"/>
                <token content="the" id="11-18">
                    <pos type="DT"/>
                    <lemma type="the"/>
                </token>
                <token content="librarian" id="11-19">
                    <pos type="NN"/>
                    <lemma type="librarian"/>
                    <dep head="11-13" type="prep"/>
                </token>
                <token content="," id="11-20"/>
                <token content="making" id="11-21">
                    <pos type="VBG"/>
                    <lemma type="make"/>
                    <dep head="11-13" type="vmod"/>
                </token>
                <token content="sure" id="11-22">
                    <pos type="JJ"/>
                    <lemma type="sure"/>
                    <dep head="11-21" type="acomp"/>
                </token>
                <token content="to" id="11-23">
                    <pos type="TO"/>
                    <lemma type="to"/>
                    <dep head="11-24" type="aux"/>
                </token>
                <token content="note" id="11-24">
                    <pos type="VB"/>
                    <lemma type="note"/>
                </token>
                <token content="the" id="11-25">
                    <pos type="DT"/>
                    <lemma type="the"/>
                </token>
                <token content="time" id="11-26">
                    <pos type="NN"/>
                    <lemma type="time"/>
                    <dep head="11-24" type="dobj"/>
                </token>
                <token content="which" id="11-27">
                    <pos type="WDT"/>
                    <lemma type="which"/>
                    <dep head="11-29" type="dobj"/>
                </token>
                <token content="I" id="11-28">
                    <pos type="PRP"/>
                    <lemma type="I"/>
                    <dep head="11-29" type="nsubj"/>
                </token>
                <token content="need" id="11-29">
                    <pos type="VBP"/>
                    <lemma type="need"/>
                </token>
                <token content="to" id="11-30">
                    <pos type="TO"/>
                    <lemma type="to"/>
                    <dep head="11-31" type="aux"/>
                </token>
                <token content="return" id="11-31">
                    <pos type="VB"/>
                    <lemma type="return"/>
                    <dep head="11-29" type="xcomp"/>
                </token>
                <token content="the" id="11-32">
                    <pos type="DT"/>
                    <lemma type="the"/>
                </token>
                <token content="book" id="11-33">
                    <pos type="NN"/>
                    <lemma type="book"/>
                    <dep head="11-31" type="dobj"/>
                </token>
                <token content="." id="11-34"/>
            </sentence>
        </sentences>
    </text>
    <annotations>
        <participants>
            <label from="1-1" id="0" name="ScrPart_book" text="Books" type="participant"/>
            <label from="1-4" id="1" name="NPart" text="tools" type="participant"/>
            <label from="1-7" id="2" name="ScrPart_customer" text="you" type="participant"/>
            <label from="1-10" id="3" name="NPart" text="adventures" type="participant"/>
            <label from="2-1" id="4" name="ScrPart_customer" text="Everyone" type="participant"/>
            <label from="2-5" id="5" name="ScrPart_book" text="many" type="participant"/>
            <label from="2-7" id="6" name="ScrPart_customer" text="they" type="participant"/>
            <label from="3-3" id="7" name="No_label" text="way" type="participant"/>
            <label from="3-11" id="8" name="ScrPart_book" text="book" type="participant"/>
            <label from="3-14" id="9" name="ScrPart_library" text="library" type="participant"/>
            <label from="4-2" id="10" name="ScrPart_customer" text="I" type="participant"/>
            <label from="4-5" id="11" name="ScrPart_book" text="book" type="participant"/>
            <label from="4-8" id="12" name="ScrPart_library" text="library" type="participant"/>
            <label from="4-10" id="13" name="ScrPart_customer" text="I" type="participant"/>
            <label from="4-14" id="14" name="ScrPart_library_card" text="library card" to="4-15" type="participant"/>
            <label from="4-15" id="15" name="ScrPart_library_card" text="card" type="participant"/>
            <label from="5-1" id="16" name="ScrPart_customer" text="I" type="participant"/>
            <label from="5-7" id="17" name="ScrPart_customer" text="my" type="participant"/>
            <label from="5-9" id="18" name="ScrPart_library" text="library" type="participant"/>
            <label from="5-15" id="19" name="ScrPart_staff" text="librarian" type="participant"/>
            <label from="5-18" id="20" name="ScrPart_customer" text="I" type="participant"/>
            <label from="5-21" id="21" name="ScrPart_library_card" text="account" type="participant"/>
            <label from="5-23" id="22" name="ScrPart_customer" text="my" type="participant"/>
            <label from="5-24" id="23" name="NPart" text="name" type="participant"/>
            <label from="6-8" id="24" name="NPart" text="attainment" type="participant"/>
            <label from="6-10" id="25" name="ScrPart_customer" text="my" type="participant"/>
            <label from="6-12" id="26" name="ScrPart_library_card" text="card" type="participant"/>
            <label from="6-14" id="27" name="ScrPart_customer" text="I" type="participant"/>
            <label from="6-16" id="28" name="ScrPart_customer" text="my" type="participant"/>
            <label from="6-17" id="29" name="NPart" text="search" type="participant"/>
            <label from="6-20" id="30" name="ScrPart_book" text="book" type="participant"/>
            <label from="7-4" id="31" name="No_label" text="days" type="participant"/>
            <label from="7-5" id="32" name="ScrPart_customer" text="I" type="participant"/>
            <label from="7-11" id="33" name="ScrPart_catalog" text="card catalog" to="7-12" type="participant"/>
            <label from="7-12" id="34" name="ScrPart_catalog" text="catalog" type="participant"/>
            <label from="7-15" id="35" name="No_label" text="days" type="participant"/>
            <label from="7-16" id="36" name="ScrPart_customer" text="I" type="participant"/>
            <label from="7-20" id="37" name="ScrPart_book" text="books" type="participant"/>
            <label from="7-23" id="38" name="ScrPart_institutional_devices" text="library computer" to="7-24" type="participant"/>
            <label from="7-24" id="39" name="ScrPart_institutional_devices" text="computer" type="participant"/>
            <label from="8-1" id="40" name="ScrPart_customer" text="I" type="participant"/>
            <label from="8-5" id="41" name="Head_of_Partitive" text="genres" type="participant"/>
            <label from="8-7" id="42" name="Head_of_Partitive" text="types" type="participant"/>
            <label from="8-9" id="43" name="ScrPart_book" text="books" type="participant"/>
            <label from="8-12" id="44" name="ScrPart_customer" text="my" type="participant"/>
            <label from="8-13" id="45" name="SuppVComp" text="decision" type="participant"/>
            <label from="9-1" id="46" name="ScrPart_customer" text="I" type="participant"/>
            <label from="9-6" id="47" name="ScrPart_book_id" text="number" type="participant"/>
            <label from="9-9" id="48" name="ScrPart_book" text="book" type="participant"/>
            <label from="9-12" id="49" name="ScrPart_customer" text="my" type="participant"/>
            <label from="9-13" id="50" name="NPart" text="search" type="participant"/>
            <label from="10-1" id="51" name="ScrPart_customer" text="I" type="participant"/>
            <label from="10-5" id="52" name="ScrPart_shelf" text="bookshelves" type="participant"/>
            <label from="10-11" id="53" name="ScrPart_book_id" text="book number" to="10-12" type="participant"/>
            <label from="10-12" id="54" name="ScrPart_book_id" text="number" type="participant"/>
            <label from="11-1" id="55" name="ScrPart_book" text="Book" type="participant"/>
            <label from="11-3" id="56" name="No_label" text="hand" type="participant"/>
            <label from="11-5" id="57" name="ScrPart_customer" text="I" type="participant"/>
            <label from="11-10" id="58" name="ScrPart_check-out_desk" text="checkout" type="participant"/>
            <label from="11-14" id="59" name="ScrPart_customer" text="my" type="participant"/>
            <label from="11-15" id="60" name="ScrPart_book" text="book" type="participant"/>
            <label from="11-19" id="61" name="ScrPart_staff" text="librarian" type="participant"/>
            <label from="11-26" id="62" name="ScrPart_return_date" text="time" type="participant"/>
            <label from="11-27" id="63" name="ScrPart_return_date" text="which" type="participant"/>
            <label from="11-28" id="64" name="ScrPart_customer" text="I" type="participant"/>
            <label from="11-33" id="65" name="ScrPart_book" text="book" type="participant"/>
        </participants>
        <events>
            <label from="1-2" id="66" name="UnrelEv" text="are" type="event"/>
            <label from="1-6" id="67" name="UnrelEv" text="bring" type="event"/>
            <label from="2-3" id="68" name="RelNScrEv" text="read" type="event"/>
            <label from="2-9" id="69" name="UnrelEv" text="can" type="event"/>
            <label from="3-5" id="70" name="UnrelEv" text="do" type="event"/>
            <label from="3-7" id="71" name="UnrelEv" text="is" type="event"/>
            <label from="3-9" id="72" name="Evoking" text="borrow a book from the library" to="3-14" type="event"/>
            <label from="4-3" id="73" name="Evoking" text="borrow a book from the library" to="4-8" type="event"/>
            <label from="4-12" id="74" name="ScrEv_obtain_card" text="obtained" type="event"/>
            <label from="5-2" id="75" name="UnrelEv" text="did" type="event"/>
            <label from="5-5" id="76" name="ScrEv_get_library" text="going" type="event"/>
            <label from="5-12" id="77" name="ScrEv_ask_librarian" text="speaking" type="event"/>
            <label from="5-19" id="78" name="RelNScrEv" text="created" type="event"/>
            <label from="6-1" id="79" name="UnrelEv" text="Following" type="event"/>
            <label from="6-5" id="80" name="UnrelEv" text="following" type="event"/>
            <label from="6-15" id="81" name="ScrEv_look_for_book" text="began" type="event"/>
            <label from="7-9" id="82" name="ScrEv_check_catalog" text="use" type="event"/>
            <label from="7-18" id="83" name="ScrEv_use_computer" text="search" type="event"/>
            <label from="8-2" id="84" name="ScrEv_use_computer" text="search" type="event"/>
            <label from="8-11" id="85" name="RelNScrEv" text="making" type="event"/>
            <label from="9-3" id="86" name="ScrEv_note_shelf" text="write down" to="9-4" type="event"/>
            <label from="9-11" id="87" name="ScrEv_look_for_book" text="begin" type="event"/>
            <label from="10-2" id="88" name="ScrEv_get_shelf" text="find" type="event"/>
            <label from="10-4" id="89" name="RelNScrEv" text="matching" type="event"/>
            <label from="10-8" id="90" name="ScrEv_look_for_book" text="find" type="event"/>
            <label from="10-10" id="91" name="RelNScrEv" text="matching" type="event"/>
            <label from="11-7" id="92" name="ScrEv_go_check_out" text="skip" type="event"/>
            <label from="11-13" id="93" name="ScrEv_register" text="check" type="event"/>
            <label from="11-21" id="94" name="UnrelEv" text="making sure" to="11-22" type="event"/>
            <label from="11-24" id="95" name="RelNScrEv" text="note" type="event"/>
            <label from="11-31" id="96" name="ScrEv_return_book" text="return" type="event"/>
        </events>
        <chains>
            <chain elements="2 4 6 10 13 16 17 20 22 25 27 28 32 36 40 44 46 49 51 57 59 64"/>
            <chain elements="0 5 8 11 30 37 43 48 55 60 65"/>
            <chain elements="9 12 18"/>
            <chain elements="15 21 26"/>
            <chain elements="47 54"/>
            <chain elements="19 61"/>
            <chain elements="62 63"/>
        </chains>
    </annotations>
</story>
