<?xml version="1.0" encoding="UTF-8" standalone="no"?>
<!DOCTYPE story SYSTEM "../InScript.dtd">
<story id="064" scenario="train">
    <text>
        <content>Last year I had to go to my native place in India . 
While I was there , I thought of meeting one of my friends in Chennai . 
Chennai is 800 kms far away from my place and it takes about 15 hours if I drive . 
I decided to take train . 
I went online and booked tickets . 
The economy tickets were sold out so I had to book the expensive one . 
On the day of the travel , I arrived at the train station almost an hour before the actual departure time . 
Since it was a first class ticket , I could take more than enough luggage with me . 
After 15 minutes in to the journey , the ticket collector came by and checked my tickets . 
It was early in the morning and I was in a window seat . 
So I could watch all the scenery . 
Another good thing about the train is that once in a while I could get up and walk a stretch . 
Also , when I 'm hungry , I could get down at the station and buy any food as the train stops at the station for 10-15 minutes . 
Overall it was a wonderful experience . </content>
        <sentences>
            <sentence id="1">
                <token content="Last" id="1-1">
                    <pos type="JJ"/>
                    <lemma type="last"/>
                </token>
                <token content="year" id="1-2">
                    <pos type="NN"/>
                    <lemma type="year"/>
                    <dep head="1-4" type="tmod"/>
                </token>
                <token content="I" id="1-3">
                    <pos type="PRP"/>
                    <lemma type="I"/>
                    <dep head="1-4" type="nsubj"/>
                </token>
                <token content="had" id="1-4">
                    <pos type="VBD"/>
                    <lemma type="have"/>
                </token>
                <token content="to" id="1-5">
                    <pos type="TO"/>
                    <lemma type="to"/>
                    <dep head="1-6" type="aux"/>
                </token>
                <token content="go" id="1-6">
                    <pos type="VB"/>
                    <lemma type="go"/>
                    <dep head="1-4" type="xcomp"/>
                </token>
                <token content="to" id="1-7"/>
                <token content="my" id="1-8">
                    <pos type="PRP$"/>
                    <lemma type="my"/>
                </token>
                <token content="native" id="1-9">
                    <pos type="JJ"/>
                    <lemma type="native"/>
                </token>
                <token content="place" id="1-10">
                    <pos type="NN"/>
                    <lemma type="place"/>
                    <dep head="1-6" type="prep"/>
                </token>
                <token content="in" id="1-11"/>
                <token content="India" id="1-12">
                    <pos type="NNP"/>
                    <lemma type="India"/>
                </token>
                <token content="." id="1-13"/>
            </sentence>
            <sentence id="2">
                <token content="While" id="2-1">
                    <pos type="IN"/>
                    <lemma type="while"/>
                    <dep head="2-3" type="mark"/>
                </token>
                <token content="I" id="2-2">
                    <pos type="PRP"/>
                    <lemma type="I"/>
                    <dep head="2-3" type="nsubj"/>
                </token>
                <token content="was" id="2-3">
                    <pos type="VBD"/>
                    <lemma type="be"/>
                    <dep head="2-7" type="advcl"/>
                </token>
                <token content="there" id="2-4">
                    <pos type="RB"/>
                    <lemma type="there"/>
                    <dep head="2-3" type="advmod"/>
                </token>
                <token content="," id="2-5"/>
                <token content="I" id="2-6">
                    <pos type="PRP"/>
                    <lemma type="I"/>
                    <dep head="2-7" type="nsubj"/>
                </token>
                <token content="thought" id="2-7">
                    <pos type="VBD"/>
                    <lemma type="think"/>
                </token>
                <token content="of" id="2-8"/>
                <token content="meeting" id="2-9">
                    <pos type="NN"/>
                    <lemma type="meeting"/>
                    <dep head="2-7" type="prep"/>
                </token>
                <token content="one" id="2-10">
                    <pos type="CD"/>
                    <lemma type="one"/>
                </token>
                <token content="of" id="2-11"/>
                <token content="my" id="2-12">
                    <pos type="PRP$"/>
                    <lemma type="my"/>
                </token>
                <token content="friends" id="2-13">
                    <pos type="NNS"/>
                    <lemma type="friend"/>
                </token>
                <token content="in" id="2-14"/>
                <token content="Chennai" id="2-15">
                    <pos type="NNP"/>
                    <lemma type="Chennai"/>
                    <dep head="2-7" type="prep"/>
                </token>
                <token content="." id="2-16"/>
            </sentence>
            <sentence id="3">
                <token content="Chennai" id="3-1">
                    <pos type="NNP"/>
                    <lemma type="Chennai"/>
                    <dep head="3-2" type="nsubj"/>
                </token>
                <token content="is" id="3-2">
                    <pos type="VBZ"/>
                    <lemma type="be"/>
                </token>
                <token content="800" id="3-3">
                    <pos type="CD"/>
                    <lemma type="800"/>
                </token>
                <token content="kms" id="3-4">
                    <pos type="CD"/>
                    <lemma type="kms"/>
                    <dep head="3-2" type="dep"/>
                </token>
                <token content="far" id="3-5">
                    <pos type="RB"/>
                    <lemma type="far"/>
                    <dep head="3-2" type="advmod"/>
                </token>
                <token content="away" id="3-6"/>
                <token content="from" id="3-7"/>
                <token content="my" id="3-8">
                    <pos type="PRP$"/>
                    <lemma type="my"/>
                </token>
                <token content="place" id="3-9">
                    <pos type="NN"/>
                    <lemma type="place"/>
                    <dep head="3-2" type="prep"/>
                </token>
                <token content="and" id="3-10"/>
                <token content="it" id="3-11">
                    <pos type="PRP"/>
                    <lemma type="it"/>
                    <dep head="3-12" type="nsubj"/>
                </token>
                <token content="takes" id="3-12">
                    <pos type="VBZ"/>
                    <lemma type="take"/>
                    <dep head="3-2" type="conj"/>
                </token>
                <token content="about" id="3-13">
                    <pos type="RB"/>
                    <lemma type="about"/>
                </token>
                <token content="15" id="3-14">
                    <pos type="CD"/>
                    <lemma type="15"/>
                </token>
                <token content="hours" id="3-15">
                    <pos type="NNS"/>
                    <lemma type="hour"/>
                    <dep head="3-18" type="dep"/>
                </token>
                <token content="if" id="3-16">
                    <pos type="IN"/>
                    <lemma type="if"/>
                    <dep head="3-18" type="mark"/>
                </token>
                <token content="I" id="3-17">
                    <pos type="PRP"/>
                    <lemma type="I"/>
                    <dep head="3-18" type="nsubj"/>
                </token>
                <token content="drive" id="3-18">
                    <pos type="VBP"/>
                    <lemma type="drive"/>
                    <dep head="3-12" type="advcl"/>
                </token>
                <token content="." id="3-19"/>
            </sentence>
            <sentence id="4">
                <token content="I" id="4-1">
                    <pos type="PRP"/>
                    <lemma type="I"/>
                    <dep head="4-2" type="nsubj"/>
                </token>
                <token content="decided" id="4-2">
                    <pos type="VBD"/>
                    <lemma type="decide"/>
                </token>
                <token content="to" id="4-3">
                    <pos type="TO"/>
                    <lemma type="to"/>
                    <dep head="4-4" type="aux"/>
                </token>
                <token content="take" id="4-4">
                    <pos type="VB"/>
                    <lemma type="take"/>
                    <dep head="4-2" type="xcomp"/>
                </token>
                <token content="train" id="4-5">
                    <pos type="NN"/>
                    <lemma type="train"/>
                    <dep head="4-4" type="dobj"/>
                </token>
                <token content="." id="4-6"/>
            </sentence>
            <sentence id="5">
                <token content="I" id="5-1">
                    <pos type="PRP"/>
                    <lemma type="I"/>
                    <dep head="5-2" type="nsubj"/>
                </token>
                <token content="went" id="5-2">
                    <pos type="VBD"/>
                    <lemma type="go"/>
                </token>
                <token content="online" id="5-3">
                    <pos type="JJ"/>
                    <lemma type="online"/>
                </token>
                <token content="and" id="5-4"/>
                <token content="booked" id="5-5">
                    <pos type="JJ"/>
                    <lemma type="booked"/>
                </token>
                <token content="tickets" id="5-6">
                    <pos type="NNS"/>
                    <lemma type="ticket"/>
                    <dep head="5-2" type="dobj"/>
                </token>
                <token content="." id="5-7"/>
            </sentence>
            <sentence id="6">
                <token content="The" id="6-1">
                    <pos type="DT"/>
                    <lemma type="the"/>
                </token>
                <token content="economy" id="6-2">
                    <pos type="NN"/>
                    <lemma type="economy"/>
                </token>
                <token content="tickets" id="6-3">
                    <pos type="NNS"/>
                    <lemma type="ticket"/>
                    <dep head="6-5" type="nsubjpass"/>
                </token>
                <token content="were" id="6-4">
                    <pos type="VBD"/>
                    <lemma type="be"/>
                    <dep head="6-5" type="auxpass"/>
                </token>
                <token content="sold" id="6-5">
                    <pos type="VBN"/>
                    <lemma type="sell"/>
                </token>
                <token content="out" id="6-6">
                    <pos type="RP"/>
                    <lemma type="out"/>
                    <dep head="6-5" type="prt"/>
                </token>
                <token content="so" id="6-7">
                    <pos type="IN"/>
                    <lemma type="so"/>
                    <dep head="6-9" type="mark"/>
                </token>
                <token content="I" id="6-8">
                    <pos type="PRP"/>
                    <lemma type="I"/>
                    <dep head="6-9" type="nsubj"/>
                </token>
                <token content="had" id="6-9">
                    <pos type="VBD"/>
                    <lemma type="have"/>
                    <dep head="6-5" type="advcl"/>
                </token>
                <token content="to" id="6-10">
                    <pos type="TO"/>
                    <lemma type="to"/>
                    <dep head="6-11" type="aux"/>
                </token>
                <token content="book" id="6-11">
                    <pos type="VB"/>
                    <lemma type="book"/>
                    <dep head="6-9" type="xcomp"/>
                </token>
                <token content="the" id="6-12">
                    <pos type="DT"/>
                    <lemma type="the"/>
                </token>
                <token content="expensive" id="6-13">
                    <pos type="JJ"/>
                    <lemma type="expensive"/>
                </token>
                <token content="one" id="6-14">
                    <pos type="NN"/>
                    <lemma type="one"/>
                    <dep head="6-11" type="dobj"/>
                </token>
                <token content="." id="6-15"/>
            </sentence>
            <sentence id="7">
                <token content="On" id="7-1"/>
                <token content="the" id="7-2">
                    <pos type="DT"/>
                    <lemma type="the"/>
                </token>
                <token content="day" id="7-3">
                    <pos type="NN"/>
                    <lemma type="day"/>
                    <dep head="7-9" type="prep"/>
                </token>
                <token content="of" id="7-4"/>
                <token content="the" id="7-5">
                    <pos type="DT"/>
                    <lemma type="the"/>
                </token>
                <token content="travel" id="7-6">
                    <pos type="NN"/>
                    <lemma type="travel"/>
                </token>
                <token content="," id="7-7"/>
                <token content="I" id="7-8">
                    <pos type="PRP"/>
                    <lemma type="I"/>
                    <dep head="7-9" type="nsubj"/>
                </token>
                <token content="arrived" id="7-9">
                    <pos type="VBD"/>
                    <lemma type="arrive"/>
                </token>
                <token content="at" id="7-10"/>
                <token content="the" id="7-11">
                    <pos type="DT"/>
                    <lemma type="the"/>
                </token>
                <token content="train" id="7-12">
                    <pos type="NN"/>
                    <lemma type="train"/>
                </token>
                <token content="station" id="7-13">
                    <pos type="NN"/>
                    <lemma type="station"/>
                    <dep head="7-9" type="prep"/>
                </token>
                <token content="almost" id="7-14">
                    <pos type="RB"/>
                    <lemma type="almost"/>
                </token>
                <token content="an" id="7-15">
                    <pos type="DT"/>
                    <lemma type="a"/>
                </token>
                <token content="hour" id="7-16">
                    <pos type="NN"/>
                    <lemma type="hour"/>
                    <dep head="7-9" type="dobj"/>
                </token>
                <token content="before" id="7-17"/>
                <token content="the" id="7-18">
                    <pos type="DT"/>
                    <lemma type="the"/>
                </token>
                <token content="actual" id="7-19">
                    <pos type="JJ"/>
                    <lemma type="actual"/>
                </token>
                <token content="departure" id="7-20">
                    <pos type="NN"/>
                    <lemma type="departure"/>
                </token>
                <token content="time" id="7-21">
                    <pos type="NN"/>
                    <lemma type="time"/>
                    <dep head="7-9" type="prep"/>
                </token>
                <token content="." id="7-22"/>
            </sentence>
            <sentence id="8">
                <token content="Since" id="8-1">
                    <pos type="IN"/>
                    <lemma type="since"/>
                </token>
                <token content="it" id="8-2">
                    <pos type="PRP"/>
                    <lemma type="it"/>
                </token>
                <token content="was" id="8-3">
                    <pos type="VBD"/>
                    <lemma type="be"/>
                </token>
                <token content="a" id="8-4">
                    <pos type="DT"/>
                    <lemma type="a"/>
                </token>
                <token content="first" id="8-5">
                    <pos type="JJ"/>
                    <lemma type="first"/>
                </token>
                <token content="class" id="8-6">
                    <pos type="NN"/>
                    <lemma type="class"/>
                </token>
                <token content="ticket" id="8-7">
                    <pos type="NN"/>
                    <lemma type="ticket"/>
                    <dep head="8-11" type="advcl"/>
                </token>
                <token content="," id="8-8"/>
                <token content="I" id="8-9">
                    <pos type="PRP"/>
                    <lemma type="I"/>
                    <dep head="8-11" type="nsubj"/>
                </token>
                <token content="could" id="8-10">
                    <pos type="MD"/>
                    <lemma type="could"/>
                    <dep head="8-11" type="aux"/>
                </token>
                <token content="take" id="8-11">
                    <pos type="VB"/>
                    <lemma type="take"/>
                </token>
                <token content="more" id="8-12">
                    <pos type="RBR"/>
                    <lemma type="more"/>
                </token>
                <token content="than" id="8-13">
                    <pos type="IN"/>
                    <lemma type="than"/>
                </token>
                <token content="enough" id="8-14">
                    <pos type="RB"/>
                    <lemma type="enough"/>
                </token>
                <token content="luggage" id="8-15">
                    <pos type="JJ"/>
                    <lemma type="luggage"/>
                    <dep head="8-11" type="acomp"/>
                </token>
                <token content="with" id="8-16"/>
                <token content="me" id="8-17">
                    <pos type="PRP"/>
                    <lemma type="I"/>
                    <dep head="8-11" type="prep"/>
                </token>
                <token content="." id="8-18"/>
            </sentence>
            <sentence id="9">
                <token content="After" id="9-1"/>
                <token content="15" id="9-2">
                    <pos type="CD"/>
                    <lemma type="15"/>
                </token>
                <token content="minutes" id="9-3">
                    <pos type="NNS"/>
                    <lemma type="minute"/>
                    <dep head="9-12" type="prep"/>
                </token>
                <token content="in" id="9-4">
                    <pos type="IN"/>
                    <lemma type="in"/>
                </token>
                <token content="to" id="9-5">
                    <pos type="TO"/>
                    <lemma type="to"/>
                </token>
                <token content="the" id="9-6">
                    <pos type="DT"/>
                    <lemma type="the"/>
                </token>
                <token content="journey" id="9-7">
                    <pos type="NN"/>
                    <lemma type="journey"/>
                </token>
                <token content="," id="9-8"/>
                <token content="the" id="9-9">
                    <pos type="DT"/>
                    <lemma type="the"/>
                </token>
                <token content="ticket" id="9-10">
                    <pos type="NN"/>
                    <lemma type="ticket"/>
                </token>
                <token content="collector" id="9-11">
                    <pos type="NN"/>
                    <lemma type="collector"/>
                    <dep head="9-12" type="nsubj"/>
                </token>
                <token content="came" id="9-12">
                    <pos type="VBD"/>
                    <lemma type="come"/>
                </token>
                <token content="by" id="9-13">
                    <pos type="IN"/>
                    <lemma type="by"/>
                    <dep head="9-12" type="prep"/>
                </token>
                <token content="and" id="9-14"/>
                <token content="checked" id="9-15">
                    <pos type="VBD"/>
                    <lemma type="check"/>
                    <dep head="9-12" type="conj"/>
                </token>
                <token content="my" id="9-16">
                    <pos type="PRP$"/>
                    <lemma type="my"/>
                </token>
                <token content="tickets" id="9-17">
                    <pos type="NNS"/>
                    <lemma type="ticket"/>
                    <dep head="9-15" type="dobj"/>
                </token>
                <token content="." id="9-18"/>
            </sentence>
            <sentence id="10">
                <token content="It" id="10-1">
                    <pos type="PRP"/>
                    <lemma type="it"/>
                    <dep head="10-2" type="nsubj"/>
                </token>
                <token content="was" id="10-2">
                    <pos type="VBD"/>
                    <lemma type="be"/>
                </token>
                <token content="early" id="10-3">
                    <pos type="RB"/>
                    <lemma type="early"/>
                    <dep head="10-2" type="advmod"/>
                </token>
                <token content="in" id="10-4"/>
                <token content="the" id="10-5">
                    <pos type="DT"/>
                    <lemma type="the"/>
                </token>
                <token content="morning" id="10-6">
                    <pos type="NN"/>
                    <lemma type="morning"/>
                    <dep head="10-2" type="prep"/>
                </token>
                <token content="and" id="10-7"/>
                <token content="I" id="10-8">
                    <pos type="PRP"/>
                    <lemma type="I"/>
                    <dep head="10-9" type="nsubj"/>
                </token>
                <token content="was" id="10-9">
                    <pos type="VBD"/>
                    <lemma type="be"/>
                    <dep head="10-2" type="conj"/>
                </token>
                <token content="in" id="10-10"/>
                <token content="a" id="10-11">
                    <pos type="DT"/>
                    <lemma type="a"/>
                </token>
                <token content="window" id="10-12">
                    <pos type="NN"/>
                    <lemma type="window"/>
                </token>
                <token content="seat" id="10-13">
                    <pos type="NN"/>
                    <lemma type="seat"/>
                    <dep head="10-9" type="prep"/>
                </token>
                <token content="." id="10-14"/>
            </sentence>
            <sentence id="11">
                <token content="So" id="11-1">
                    <pos type="IN"/>
                    <lemma type="so"/>
                    <dep head="11-4" type="dep"/>
                </token>
                <token content="I" id="11-2">
                    <pos type="PRP"/>
                    <lemma type="I"/>
                    <dep head="11-4" type="nsubj"/>
                </token>
                <token content="could" id="11-3">
                    <pos type="MD"/>
                    <lemma type="could"/>
                    <dep head="11-4" type="aux"/>
                </token>
                <token content="watch" id="11-4">
                    <pos type="VB"/>
                    <lemma type="watch"/>
                </token>
                <token content="all" id="11-5">
                    <pos type="PDT"/>
                    <lemma type="all"/>
                </token>
                <token content="the" id="11-6">
                    <pos type="DT"/>
                    <lemma type="the"/>
                </token>
                <token content="scenery" id="11-7">
                    <pos type="NN"/>
                    <lemma type="scenery"/>
                    <dep head="11-4" type="dobj"/>
                </token>
                <token content="." id="11-8"/>
            </sentence>
            <sentence id="12">
                <token content="Another" id="12-1">
                    <pos type="DT"/>
                    <lemma type="another"/>
                </token>
                <token content="good" id="12-2">
                    <pos type="JJ"/>
                    <lemma type="good"/>
                </token>
                <token content="thing" id="12-3">
                    <pos type="NN"/>
                    <lemma type="thing"/>
                    <dep head="12-7" type="nsubj"/>
                </token>
                <token content="about" id="12-4"/>
                <token content="the" id="12-5">
                    <pos type="DT"/>
                    <lemma type="the"/>
                </token>
                <token content="train" id="12-6">
                    <pos type="NN"/>
                    <lemma type="train"/>
                </token>
                <token content="is" id="12-7">
                    <pos type="VBZ"/>
                    <lemma type="be"/>
                </token>
                <token content="that" id="12-8">
                    <pos type="IN"/>
                    <lemma type="that"/>
                    <dep head="12-15" type="mark"/>
                </token>
                <token content="once" id="12-9">
                    <pos type="RB"/>
                    <lemma type="once"/>
                    <dep head="12-15" type="advmod"/>
                </token>
                <token content="in" id="12-10"/>
                <token content="a" id="12-11">
                    <pos type="DT"/>
                    <lemma type="a"/>
                </token>
                <token content="while" id="12-12">
                    <pos type="NN"/>
                    <lemma type="while"/>
                    <dep head="12-15" type="prep"/>
                </token>
                <token content="I" id="12-13">
                    <pos type="PRP"/>
                    <lemma type="I"/>
                    <dep head="12-15" type="nsubj"/>
                </token>
                <token content="could" id="12-14">
                    <pos type="MD"/>
                    <lemma type="could"/>
                    <dep head="12-15" type="aux"/>
                </token>
                <token content="get" id="12-15">
                    <pos type="VB"/>
                    <lemma type="get"/>
                    <dep head="12-7" type="ccomp"/>
                </token>
                <token content="up" id="12-16">
                    <pos type="RP"/>
                    <lemma type="up"/>
                    <dep head="12-15" type="prt"/>
                </token>
                <token content="and" id="12-17"/>
                <token content="walk" id="12-18">
                    <pos type="VB"/>
                    <lemma type="walk"/>
                    <dep head="12-15" type="conj"/>
                </token>
                <token content="a" id="12-19">
                    <pos type="DT"/>
                    <lemma type="a"/>
                </token>
                <token content="stretch" id="12-20">
                    <pos type="NN"/>
                    <lemma type="stretch"/>
                    <dep head="12-18" type="dobj"/>
                </token>
                <token content="." id="12-21"/>
            </sentence>
            <sentence id="13">
                <token content="Also" id="13-1">
                    <pos type="RB"/>
                    <lemma type="also"/>
                    <dep head="13-10" type="advmod"/>
                </token>
                <token content="," id="13-2"/>
                <token content="when" id="13-3">
                    <pos type="WRB"/>
                    <lemma type="when"/>
                </token>
                <token content="I" id="13-4">
                    <pos type="PRP"/>
                    <lemma type="I"/>
                </token>
                <token content="'m" id="13-5">
                    <pos type="VBP"/>
                    <lemma type="be"/>
                </token>
                <token content="hungry" id="13-6">
                    <pos type="JJ"/>
                    <lemma type="hungry"/>
                    <dep head="13-10" type="advcl"/>
                </token>
                <token content="," id="13-7"/>
                <token content="I" id="13-8">
                    <pos type="PRP"/>
                    <lemma type="I"/>
                    <dep head="13-10" type="nsubj"/>
                </token>
                <token content="could" id="13-9">
                    <pos type="MD"/>
                    <lemma type="could"/>
                    <dep head="13-10" type="aux"/>
                </token>
                <token content="get" id="13-10">
                    <pos type="VB"/>
                    <lemma type="get"/>
                </token>
                <token content="down" id="13-11">
                    <pos type="RP"/>
                    <lemma type="down"/>
                    <dep head="13-10" type="prt"/>
                </token>
                <token content="at" id="13-12"/>
                <token content="the" id="13-13">
                    <pos type="DT"/>
                    <lemma type="the"/>
                </token>
                <token content="station" id="13-14">
                    <pos type="NN"/>
                    <lemma type="station"/>
                    <dep head="13-10" type="prep"/>
                </token>
                <token content="and" id="13-15"/>
                <token content="buy" id="13-16">
                    <pos type="VB"/>
                    <lemma type="buy"/>
                    <dep head="13-10" type="conj"/>
                </token>
                <token content="any" id="13-17">
                    <pos type="DT"/>
                    <lemma type="any"/>
                </token>
                <token content="food" id="13-18">
                    <pos type="NN"/>
                    <lemma type="food"/>
                    <dep head="13-16" type="dobj"/>
                </token>
                <token content="as" id="13-19">
                    <pos type="IN"/>
                    <lemma type="as"/>
                    <dep head="13-22" type="mark"/>
                </token>
                <token content="the" id="13-20">
                    <pos type="DT"/>
                    <lemma type="the"/>
                </token>
                <token content="train" id="13-21">
                    <pos type="NN"/>
                    <lemma type="train"/>
                    <dep head="13-22" type="nsubj"/>
                </token>
                <token content="stops" id="13-22">
                    <pos type="VBZ"/>
                    <lemma type="stop"/>
                    <dep head="13-16" type="advcl"/>
                </token>
                <token content="at" id="13-23"/>
                <token content="the" id="13-24">
                    <pos type="DT"/>
                    <lemma type="the"/>
                </token>
                <token content="station" id="13-25">
                    <pos type="NN"/>
                    <lemma type="station"/>
                    <dep head="13-22" type="prep"/>
                </token>
                <token content="for" id="13-26"/>
                <token content="10-15" id="13-27">
                    <pos type="CD"/>
                    <lemma type="10-15"/>
                </token>
                <token content="minutes" id="13-28">
                    <pos type="NNS"/>
                    <lemma type="minute"/>
                </token>
                <token content="." id="13-29"/>
            </sentence>
            <sentence id="14">
                <token content="Overall" id="14-1">
                    <pos type="RB"/>
                    <lemma type="overall"/>
                </token>
                <token content="it" id="14-2">
                    <pos type="PRP"/>
                    <lemma type="it"/>
                </token>
                <token content="was" id="14-3">
                    <pos type="VBD"/>
                    <lemma type="be"/>
                </token>
                <token content="a" id="14-4">
                    <pos type="DT"/>
                    <lemma type="a"/>
                </token>
                <token content="wonderful" id="14-5">
                    <pos type="JJ"/>
                    <lemma type="wonderful"/>
                </token>
                <token content="experience" id="14-6">
                    <pos type="NN"/>
                    <lemma type="experience"/>
                </token>
                <token content="." id="14-7"/>
            </sentence>
        </sentences>
    </text>
    <annotations>
        <participants>
            <label from="1-2" id="0" name="NPart" text="year" type="participant"/>
            <label from="1-3" id="1" name="ScrPart_passenger" text="I" type="participant"/>
            <label from="1-8" id="2" name="ScrPart_passenger" text="my" type="participant"/>
            <label from="1-10" id="3" name="NPart" text="place" type="participant"/>
            <label from="1-12" id="4" name="NPart" text="India" type="participant"/>
            <label from="2-2" id="5" name="ScrPart_passenger" text="I" type="participant"/>
            <label from="2-6" id="6" name="ScrPart_passenger" text="I" type="participant"/>
            <label from="2-12" id="7" name="ScrPart_passenger" text="my" type="participant"/>
            <label from="2-13" id="8" name="NPart" text="friends" type="participant"/>
            <label from="2-15" id="9" name="ScrPart_destination" text="Chennai" type="participant"/>
            <label from="3-1" id="10" name="ScrPart_destination" text="Chennai" type="participant"/>
            <label from="3-4" id="11" name="NPart" text="kms" type="participant"/>
            <label from="3-8" id="12" name="ScrPart_passenger" text="my" type="participant"/>
            <label from="3-9" id="13" name="NPart" text="place" type="participant"/>
            <label from="3-11" id="14" name="No_label" text="it" type="participant"/>
            <label from="3-15" id="15" name="ScrPart_time_date" text="hours" type="participant"/>
            <label from="3-17" id="16" name="ScrPart_passenger" text="I" type="participant"/>
            <label from="4-1" id="17" name="ScrPart_passenger" text="I" type="participant"/>
            <label from="4-5" id="18" name="ScrPart_train" text="train" type="participant"/>
            <label from="5-1" id="19" name="ScrPart_passenger" text="I" type="participant"/>
            <label from="5-3" id="20" name="No_label" text="online" type="participant"/>
            <label from="5-6" id="21" name="ScrPart_card/ticket" text="tickets" type="participant"/>
            <label from="6-2" id="22" name="NPart" text="economy" type="participant"/>
            <label from="6-3" id="23" name="ScrPart_card/ticket" text="tickets" type="participant"/>
            <label from="6-8" id="24" name="ScrPart_passenger" text="I" type="participant"/>
            <label from="6-14" id="25" name="ScrPart_card/ticket" text="one" type="participant"/>
            <label from="7-3" id="26" name="ScrPart_time_date" text="day" type="participant"/>
            <label from="7-6" id="27" name="ScrPart_trip" text="travel" type="participant"/>
            <label from="7-8" id="28" name="ScrPart_passenger" text="I" type="participant"/>
            <label from="7-12" id="29" name="ScrPart_train_station" text="train station" to="7-13" type="participant"/>
            <label from="7-13" id="30" name="ScrPart_train_station" text="station" type="participant"/>
            <label from="7-16" id="31" name="ScrPart_time_date" text="hour" type="participant"/>
            <label from="7-20" id="32" name="ScrPart_time_date" text="departure time" to="7-21" type="participant"/>
            <label from="7-21" id="33" name="ScrPart_time_date" text="time" type="participant"/>
            <label from="8-2" id="34" name="ScrPart_card/ticket" text="it" type="participant"/>
            <label from="8-6" id="35" name="NPart" text="class" type="participant"/>
            <label from="8-7" id="36" name="ScrPart_card/ticket" text="ticket" type="participant"/>
            <label from="8-9" id="37" name="ScrPart_passenger" text="I" type="participant"/>
            <label from="8-15" id="38" name="ScrPart_luggage" text="luggage" type="participant"/>
            <label from="8-17" id="39" name="ScrPart_passenger" text="me" type="participant"/>
            <label from="9-3" id="40" name="ScrPart_time_date" text="minutes" type="participant"/>
            <label from="9-7" id="41" name="ScrPart_trip" text="journey" type="participant"/>
            <label from="9-10" id="42" name="ScrPart_train_staff" text="ticket collector" to="9-11" type="participant"/>
            <label from="9-11" id="43" name="ScrPart_train_staff" text="collector" type="participant"/>
            <label from="9-16" id="44" name="ScrPart_passenger" text="my" type="participant"/>
            <label from="9-17" id="45" name="ScrPart_card/ticket" text="tickets" type="participant"/>
            <label from="10-1" id="46" name="No_label" text="It" type="participant"/>
            <label from="10-6" id="47" name="ScrPart_time_date" text="morning" type="participant"/>
            <label from="10-8" id="48" name="ScrPart_passenger" text="I" type="participant"/>
            <label from="10-12" id="49" name="ScrPart_seat" text="window seat" to="10-13" type="participant"/>
            <label from="10-13" id="50" name="ScrPart_seat" text="seat" type="participant"/>
            <label from="11-2" id="51" name="ScrPart_passenger" text="I" type="participant"/>
            <label from="11-7" id="52" name="NPart" text="scenery" type="participant"/>
            <label from="12-3" id="53" name="NPart" text="thing" type="participant"/>
            <label from="12-6" id="54" name="ScrPart_train" text="train" type="participant"/>
            <label from="12-12" id="55" name="No_label" text="while" type="participant"/>
            <label from="12-13" id="56" name="ScrPart_passenger" text="I" type="participant"/>
            <label from="12-20" id="57" name="SuppVComp" text="stretch" type="participant"/>
            <label from="13-4" id="58" name="ScrPart_passenger" text="I" type="participant"/>
            <label from="13-8" id="59" name="ScrPart_passenger" text="I" type="participant"/>
            <label from="13-14" id="60" name="ScrPart_train_station" text="station" type="participant"/>
            <label from="13-18" id="61" name="NPart" text="food" type="participant"/>
            <label from="13-21" id="62" name="ScrPart_train" text="train" type="participant"/>
            <label from="13-25" id="63" name="ScrPart_train_station" text="station" type="participant"/>
            <label from="13-28" id="64" name="ScrPart_time_date" text="minutes" type="participant"/>
            <label from="14-2" id="65" name="No_label" text="it" type="participant"/>
            <label from="14-6" id="66" name="NPart" text="experience" type="participant"/>
        </participants>
        <events>
            <label from="1-6" id="67" name="UnrelEv" text="go" type="event"/>
            <label from="2-3" id="68" name="UnrelEv" text="was" type="event"/>
            <label from="2-7" id="69" name="UnrelEv" text="thought" type="event"/>
            <label from="2-9" id="70" name="UnrelEv" text="meeting" type="event"/>
            <label from="3-2" id="71" name="UnrelEv" text="is" type="event"/>
            <label from="3-12" id="72" name="UnrelEv" text="takes" type="event"/>
            <label from="3-18" id="73" name="UnrelEv" text="drive" type="event"/>
            <label from="4-2" id="74" name="UnrelEv" text="decided" type="event"/>
            <label from="4-4" id="75" name="Evoking" text="take train" to="4-5" type="event"/>
            <label from="5-2" id="76" name="UnrelEv" text="went" type="event"/>
            <label from="5-5" id="77" name="ScrEv_get_tickets" text="booked" type="event"/>
            <label from="6-5" id="78" name="RelNScrEv" text="sold out" to="6-6" type="event"/>
            <label from="6-5" id="79" name="RelNScrEv" text="sold" type="event"/>
            <label from="6-11" id="80" name="ScrEv_get_tickets" text="book" type="event"/>
            <label from="7-9" id="81" name="ScrEv_get_train_station" text="arrived" type="event"/>
            <label from="8-3" id="82" name="UnrelEv" text="was" type="event"/>
            <label from="8-11" id="83" name="RelNScrEv" text="take" type="event"/>
            <label from="9-12" id="84" name="UnrelEv" text="came by" to="9-13" type="event"/>
            <label from="9-12" id="85" name="UnrelEv" text="came" type="event"/>
            <label from="9-15" id="86" name="ScrEv_conductor_checks" text="checked" type="event"/>
            <label from="10-2" id="87" name="UnrelEv" text="was" type="event"/>
            <label from="10-9" id="88" name="UnrelEv" text="was" type="event"/>
            <label from="11-4" id="89" name="ScrEv_spend_time_train" text="watch" type="event"/>
            <label from="12-7" id="90" name="UnrelEv" text="is" type="event"/>
            <label from="12-15" id="91" name="ScrEv_spend_time_train" text="get up" to="12-16" type="event"/>
            <label from="12-15" id="92" name="ScrEv_spend_time_train" text="get" type="event"/>
            <label from="12-18" id="93" name="ScrEv_spend_time_train" text="walk" type="event"/>
            <label from="13-5" id="94" name="UnrelEv" text="'m" type="event"/>
            <label from="13-10" id="95" name="RelNScrEv" text="get down" to="13-11" type="event"/>
            <label from="13-10" id="96" name="RelNScrEv" text="get" type="event"/>
            <label from="13-16" id="97" name="UnrelEv" text="buy" type="event"/>
            <label from="13-22" id="98" name="RelNScrEv" text="stops" type="event"/>
            <label from="14-3" id="99" name="UnrelEv" text="was" type="event"/>
        </events>
        <chains>
            <chain elements="1 2 5 6 7 12 16 17 19 24 28 37 39 44 48 51 56 58 59"/>
            <chain elements="9 10"/>
            <chain elements="21 23 25 34 36 45"/>
            <chain elements="18 54 62"/>
            <chain elements="30 60 63"/>
        </chains>
    </annotations>
</story>
