<?xml version="1.0" encoding="UTF-8" standalone="no"?>
<!DOCTYPE story SYSTEM "../InScript.dtd">
<story id="017" scenario="train">
    <text>
        <content>Recently I was invited to a function at a church with a downtown location . 
I live in a large city that has trains that travel within the city and also go to nearby towns . 
There are several routes that the trains travel called lines and they are named by colors : red , green and orange . 
This is so passengers know what train to take to get where they want to go . 
The last time I went to that church I had a lot of trouble finding a parking spot , so I decided to take the train there . 
I knew that the train station was only a few blocks away from the church so it would be easy to get to the church . 
I drove to the train station closest to my house , and parked the car in the parking lot . 
I walked to the station , where there were many benches for passengers to sit while they waited for their trains . 
There was a machine on the platform that let you choose what type of ticket you needed . 
You could buy a ticket for only going one way or a round trip . 
I chose the round trip ticket since I wanted to take the train to the church and back again . 
The machine had a display that told me how much money I needed to deposit in the little slot . 
I put the money in the machine and my ticket popped out . 
I waited for my train to arrive . 
When it did , the doors opened and lots of people got off the train . 
I got on and everyone who was waiting for the train got on , too . 
I looked for a seat . 
I picked a seat that was facing forward , but there were seats that faced the center of the train and even ones that faced backward . 
The train 's doors shut and the train started to move along the rail . 
It went very fast . 
The train had windows on both sides and I looked out at the sights as we sped along . 
In a few minutes it stopped at another station , and some people got off and others got on . 
Pretty soon the conductor walked up and down the aisle asking to see everyone 's ticket . 
I showed her my ticket and she nodded and smiled . 
At the next station , the train stopped . 
This was the station that was closest to the church , so I got off . 
When it was time to go home , I waited at the station for the train that would take me home again . 
Taking the train is a lot of fun , and sometimes a lot easier than driving . </content>
        <sentences>
            <sentence id="1">
                <token content="Recently" id="1-1">
                    <pos type="RB"/>
                    <lemma type="recently"/>
                    <dep head="1-4" type="advmod"/>
                </token>
                <token content="I" id="1-2">
                    <pos type="PRP"/>
                    <lemma type="I"/>
                    <dep head="1-4" type="nsubjpass"/>
                </token>
                <token content="was" id="1-3">
                    <pos type="VBD"/>
                    <lemma type="be"/>
                    <dep head="1-4" type="auxpass"/>
                </token>
                <token content="invited" id="1-4">
                    <pos type="VBN"/>
                    <lemma type="invite"/>
                </token>
                <token content="to" id="1-5"/>
                <token content="a" id="1-6">
                    <pos type="DT"/>
                    <lemma type="a"/>
                </token>
                <token content="function" id="1-7">
                    <pos type="NN"/>
                    <lemma type="function"/>
                    <dep head="1-4" type="prep"/>
                </token>
                <token content="at" id="1-8"/>
                <token content="a" id="1-9">
                    <pos type="DT"/>
                    <lemma type="a"/>
                </token>
                <token content="church" id="1-10">
                    <pos type="NN"/>
                    <lemma type="church"/>
                    <dep head="1-4" type="prep"/>
                </token>
                <token content="with" id="1-11"/>
                <token content="a" id="1-12">
                    <pos type="DT"/>
                    <lemma type="a"/>
                </token>
                <token content="downtown" id="1-13">
                    <pos type="NN"/>
                    <lemma type="downtown"/>
                </token>
                <token content="location" id="1-14">
                    <pos type="NN"/>
                    <lemma type="location"/>
                </token>
                <token content="." id="1-15"/>
            </sentence>
            <sentence id="2">
                <token content="I" id="2-1">
                    <pos type="PRP"/>
                    <lemma type="I"/>
                    <dep head="2-2" type="nsubj"/>
                </token>
                <token content="live" id="2-2">
                    <pos type="VBP"/>
                    <lemma type="live"/>
                </token>
                <token content="in" id="2-3"/>
                <token content="a" id="2-4">
                    <pos type="DT"/>
                    <lemma type="a"/>
                </token>
                <token content="large" id="2-5">
                    <pos type="JJ"/>
                    <lemma type="large"/>
                </token>
                <token content="city" id="2-6">
                    <pos type="NN"/>
                    <lemma type="city"/>
                    <dep head="2-2" type="prep"/>
                </token>
                <token content="that" id="2-7">
                    <pos type="WDT"/>
                    <lemma type="that"/>
                    <dep head="2-8" type="nsubj"/>
                </token>
                <token content="has" id="2-8">
                    <pos type="VBZ"/>
                    <lemma type="have"/>
                </token>
                <token content="trains" id="2-9">
                    <pos type="NNS"/>
                    <lemma type="train"/>
                    <dep head="2-8" type="dobj"/>
                </token>
                <token content="that" id="2-10">
                    <pos type="WDT"/>
                    <lemma type="that"/>
                    <dep head="2-11" type="nsubj"/>
                </token>
                <token content="travel" id="2-11">
                    <pos type="VBP"/>
                    <lemma type="travel"/>
                </token>
                <token content="within" id="2-12"/>
                <token content="the" id="2-13">
                    <pos type="DT"/>
                    <lemma type="the"/>
                </token>
                <token content="city" id="2-14">
                    <pos type="NN"/>
                    <lemma type="city"/>
                    <dep head="2-11" type="prep"/>
                </token>
                <token content="and" id="2-15"/>
                <token content="also" id="2-16">
                    <pos type="RB"/>
                    <lemma type="also"/>
                    <dep head="2-17" type="advmod"/>
                </token>
                <token content="go" id="2-17">
                    <pos type="VBP"/>
                    <lemma type="go"/>
                    <dep head="2-11" type="conj"/>
                </token>
                <token content="to" id="2-18"/>
                <token content="nearby" id="2-19">
                    <pos type="JJ"/>
                    <lemma type="nearby"/>
                </token>
                <token content="towns" id="2-20">
                    <pos type="NNS"/>
                    <lemma type="town"/>
                    <dep head="2-17" type="prep"/>
                </token>
                <token content="." id="2-21"/>
            </sentence>
            <sentence id="3">
                <token content="There" id="3-1">
                    <pos type="EX"/>
                    <lemma type="there"/>
                    <dep head="3-2" type="expl"/>
                </token>
                <token content="are" id="3-2">
                    <pos type="VBP"/>
                    <lemma type="be"/>
                </token>
                <token content="several" id="3-3">
                    <pos type="JJ"/>
                    <lemma type="several"/>
                </token>
                <token content="routes" id="3-4">
                    <pos type="NNS"/>
                    <lemma type="route"/>
                    <dep head="3-2" type="nsubj"/>
                </token>
                <token content="that" id="3-5">
                    <pos type="IN"/>
                    <lemma type="that"/>
                    <dep head="3-9" type="mark"/>
                </token>
                <token content="the" id="3-6">
                    <pos type="DT"/>
                    <lemma type="the"/>
                </token>
                <token content="trains" id="3-7">
                    <pos type="NNS"/>
                    <lemma type="train"/>
                </token>
                <token content="travel" id="3-8">
                    <pos type="NN"/>
                    <lemma type="travel"/>
                    <dep head="3-9" type="nsubj"/>
                </token>
                <token content="called" id="3-9">
                    <pos type="VBD"/>
                    <lemma type="call"/>
                    <dep head="3-2" type="ccomp"/>
                </token>
                <token content="lines" id="3-10">
                    <pos type="NNS"/>
                    <lemma type="line"/>
                    <dep head="3-9" type="dobj"/>
                </token>
                <token content="and" id="3-11"/>
                <token content="they" id="3-12">
                    <pos type="PRP"/>
                    <lemma type="they"/>
                    <dep head="3-14" type="nsubjpass"/>
                </token>
                <token content="are" id="3-13">
                    <pos type="VBP"/>
                    <lemma type="be"/>
                    <dep head="3-14" type="auxpass"/>
                </token>
                <token content="named" id="3-14">
                    <pos type="VBN"/>
                    <lemma type="name"/>
                    <dep head="3-2" type="conj"/>
                </token>
                <token content="by" id="3-15"/>
                <token content="colors" id="3-16">
                    <pos type="NNS"/>
                    <lemma type="color"/>
                    <dep head="3-14" type="agent"/>
                </token>
                <token content=":" id="3-17"/>
                <token content="red" id="3-18">
                    <pos type="JJ"/>
                    <lemma type="red"/>
                </token>
                <token content="," id="3-19"/>
                <token content="green" id="3-20">
                    <pos type="JJ"/>
                    <lemma type="green"/>
                </token>
                <token content="and" id="3-21"/>
                <token content="orange" id="3-22">
                    <pos type="JJ"/>
                    <lemma type="orange"/>
                </token>
                <token content="." id="3-23"/>
            </sentence>
            <sentence id="4">
                <token content="This" id="4-1">
                    <pos type="DT"/>
                    <lemma type="this"/>
                    <dep head="4-2" type="nsubj"/>
                </token>
                <token content="is" id="4-2">
                    <pos type="VBZ"/>
                    <lemma type="be"/>
                </token>
                <token content="so" id="4-3">
                    <pos type="IN"/>
                    <lemma type="so"/>
                    <dep head="4-5" type="mark"/>
                </token>
                <token content="passengers" id="4-4">
                    <pos type="NNS"/>
                    <lemma type="passenger"/>
                    <dep head="4-5" type="nsubj"/>
                </token>
                <token content="know" id="4-5">
                    <pos type="VBP"/>
                    <lemma type="know"/>
                    <dep head="4-2" type="advcl"/>
                </token>
                <token content="what" id="4-6">
                    <pos type="WP"/>
                    <lemma type="what"/>
                    <dep head="4-7" type="nsubj"/>
                </token>
                <token content="train" id="4-7">
                    <pos type="VBP"/>
                    <lemma type="train"/>
                    <dep head="4-5" type="ccomp"/>
                </token>
                <token content="to" id="4-8">
                    <pos type="TO"/>
                    <lemma type="to"/>
                    <dep head="4-9" type="aux"/>
                </token>
                <token content="take" id="4-9">
                    <pos type="VB"/>
                    <lemma type="take"/>
                    <dep head="4-7" type="xcomp"/>
                </token>
                <token content="to" id="4-10">
                    <pos type="TO"/>
                    <lemma type="to"/>
                    <dep head="4-11" type="aux"/>
                </token>
                <token content="get" id="4-11">
                    <pos type="VB"/>
                    <lemma type="get"/>
                    <dep head="4-9" type="xcomp"/>
                </token>
                <token content="where" id="4-12">
                    <pos type="WRB"/>
                    <lemma type="where"/>
                    <dep head="4-14" type="advmod"/>
                </token>
                <token content="they" id="4-13">
                    <pos type="PRP"/>
                    <lemma type="they"/>
                    <dep head="4-14" type="nsubj"/>
                </token>
                <token content="want" id="4-14">
                    <pos type="VBP"/>
                    <lemma type="want"/>
                    <dep head="4-11" type="advcl"/>
                </token>
                <token content="to" id="4-15">
                    <pos type="TO"/>
                    <lemma type="to"/>
                    <dep head="4-16" type="aux"/>
                </token>
                <token content="go" id="4-16">
                    <pos type="VB"/>
                    <lemma type="go"/>
                    <dep head="4-14" type="xcomp"/>
                </token>
                <token content="." id="4-17"/>
            </sentence>
            <sentence id="5">
                <token content="The" id="5-1">
                    <pos type="DT"/>
                    <lemma type="the"/>
                </token>
                <token content="last" id="5-2">
                    <pos type="JJ"/>
                    <lemma type="last"/>
                </token>
                <token content="time" id="5-3">
                    <pos type="NN"/>
                    <lemma type="time"/>
                    <dep head="5-5" type="nsubj"/>
                </token>
                <token content="I" id="5-4">
                    <pos type="PRP"/>
                    <lemma type="I"/>
                    <dep head="5-5" type="nsubj"/>
                </token>
                <token content="went" id="5-5">
                    <pos type="VBD"/>
                    <lemma type="go"/>
                </token>
                <token content="to" id="5-6"/>
                <token content="that" id="5-7">
                    <pos type="DT"/>
                    <lemma type="that"/>
                </token>
                <token content="church" id="5-8">
                    <pos type="NN"/>
                    <lemma type="church"/>
                    <dep head="5-5" type="prep"/>
                </token>
                <token content="I" id="5-9">
                    <pos type="PRP"/>
                    <lemma type="I"/>
                    <dep head="5-10" type="nsubj"/>
                </token>
                <token content="had" id="5-10">
                    <pos type="VBD"/>
                    <lemma type="have"/>
                    <dep head="5-5" type="ccomp"/>
                </token>
                <token content="a" id="5-11">
                    <pos type="DT"/>
                    <lemma type="a"/>
                </token>
                <token content="lot" id="5-12">
                    <pos type="NN"/>
                    <lemma type="lot"/>
                    <dep head="5-10" type="dobj"/>
                </token>
                <token content="of" id="5-13"/>
                <token content="trouble" id="5-14">
                    <pos type="NN"/>
                    <lemma type="trouble"/>
                </token>
                <token content="finding" id="5-15">
                    <pos type="VBG"/>
                    <lemma type="find"/>
                </token>
                <token content="a" id="5-16">
                    <pos type="DT"/>
                    <lemma type="a"/>
                </token>
                <token content="parking" id="5-17">
                    <pos type="NN"/>
                    <lemma type="parking"/>
                </token>
                <token content="spot" id="5-18">
                    <pos type="NN"/>
                    <lemma type="spot"/>
                    <dep head="5-15" type="dobj"/>
                </token>
                <token content="," id="5-19"/>
                <token content="so" id="5-20">
                    <pos type="IN"/>
                    <lemma type="so"/>
                    <dep head="5-5" type="dep"/>
                </token>
                <token content="I" id="5-21">
                    <pos type="PRP"/>
                    <lemma type="I"/>
                    <dep head="5-22" type="nsubj"/>
                </token>
                <token content="decided" id="5-22">
                    <pos type="VBD"/>
                    <lemma type="decide"/>
                    <dep head="5-5" type="parataxis"/>
                </token>
                <token content="to" id="5-23">
                    <pos type="TO"/>
                    <lemma type="to"/>
                    <dep head="5-24" type="aux"/>
                </token>
                <token content="take" id="5-24">
                    <pos type="VB"/>
                    <lemma type="take"/>
                    <dep head="5-22" type="xcomp"/>
                </token>
                <token content="the" id="5-25">
                    <pos type="DT"/>
                    <lemma type="the"/>
                </token>
                <token content="train" id="5-26">
                    <pos type="NN"/>
                    <lemma type="train"/>
                    <dep head="5-24" type="dobj"/>
                </token>
                <token content="there" id="5-27">
                    <pos type="RB"/>
                    <lemma type="there"/>
                    <dep head="5-24" type="advmod"/>
                </token>
                <token content="." id="5-28"/>
            </sentence>
            <sentence id="6">
                <token content="I" id="6-1">
                    <pos type="PRP"/>
                    <lemma type="I"/>
                    <dep head="6-2" type="nsubj"/>
                </token>
                <token content="knew" id="6-2">
                    <pos type="VBD"/>
                    <lemma type="know"/>
                </token>
                <token content="that" id="6-3">
                    <pos type="IN"/>
                    <lemma type="that"/>
                    <dep head="6-7" type="mark"/>
                </token>
                <token content="the" id="6-4">
                    <pos type="DT"/>
                    <lemma type="the"/>
                </token>
                <token content="train" id="6-5">
                    <pos type="NN"/>
                    <lemma type="train"/>
                </token>
                <token content="station" id="6-6">
                    <pos type="NN"/>
                    <lemma type="station"/>
                    <dep head="6-7" type="nsubj"/>
                </token>
                <token content="was" id="6-7">
                    <pos type="VBD"/>
                    <lemma type="be"/>
                    <dep head="6-2" type="ccomp"/>
                </token>
                <token content="only" id="6-8">
                    <pos type="RB"/>
                    <lemma type="only"/>
                </token>
                <token content="a" id="6-9">
                    <pos type="DT"/>
                    <lemma type="a"/>
                </token>
                <token content="few" id="6-10">
                    <pos type="JJ"/>
                    <lemma type="few"/>
                </token>
                <token content="blocks" id="6-11">
                    <pos type="NNS"/>
                    <lemma type="block"/>
                    <dep head="6-7" type="npadvmod"/>
                </token>
                <token content="away" id="6-12"/>
                <token content="from" id="6-13"/>
                <token content="the" id="6-14">
                    <pos type="DT"/>
                    <lemma type="the"/>
                </token>
                <token content="church" id="6-15">
                    <pos type="NN"/>
                    <lemma type="church"/>
                    <dep head="6-7" type="prep"/>
                </token>
                <token content="so" id="6-16">
                    <pos type="IN"/>
                    <lemma type="so"/>
                </token>
                <token content="it" id="6-17">
                    <pos type="PRP"/>
                    <lemma type="it"/>
                </token>
                <token content="would" id="6-18">
                    <pos type="MD"/>
                    <lemma type="would"/>
                </token>
                <token content="be" id="6-19">
                    <pos type="VB"/>
                    <lemma type="be"/>
                </token>
                <token content="easy" id="6-20">
                    <pos type="JJ"/>
                    <lemma type="easy"/>
                    <dep head="6-7" type="advcl"/>
                </token>
                <token content="to" id="6-21">
                    <pos type="TO"/>
                    <lemma type="to"/>
                    <dep head="6-22" type="aux"/>
                </token>
                <token content="get" id="6-22">
                    <pos type="VB"/>
                    <lemma type="get"/>
                </token>
                <token content="to" id="6-23"/>
                <token content="the" id="6-24">
                    <pos type="DT"/>
                    <lemma type="the"/>
                </token>
                <token content="church" id="6-25">
                    <pos type="NN"/>
                    <lemma type="church"/>
                    <dep head="6-22" type="prep"/>
                </token>
                <token content="." id="6-26"/>
            </sentence>
            <sentence id="7">
                <token content="I" id="7-1">
                    <pos type="PRP"/>
                    <lemma type="I"/>
                    <dep head="7-2" type="nsubj"/>
                </token>
                <token content="drove" id="7-2">
                    <pos type="VBD"/>
                    <lemma type="drive"/>
                </token>
                <token content="to" id="7-3"/>
                <token content="the" id="7-4">
                    <pos type="DT"/>
                    <lemma type="the"/>
                </token>
                <token content="train" id="7-5">
                    <pos type="NN"/>
                    <lemma type="train"/>
                </token>
                <token content="station" id="7-6">
                    <pos type="NN"/>
                    <lemma type="station"/>
                    <dep head="7-2" type="prep"/>
                </token>
                <token content="closest" id="7-7">
                    <pos type="JJS"/>
                    <lemma type="closest"/>
                </token>
                <token content="to" id="7-8"/>
                <token content="my" id="7-9">
                    <pos type="PRP$"/>
                    <lemma type="my"/>
                </token>
                <token content="house" id="7-10">
                    <pos type="NN"/>
                    <lemma type="house"/>
                </token>
                <token content="," id="7-11"/>
                <token content="and" id="7-12"/>
                <token content="parked" id="7-13">
                    <pos type="VBD"/>
                    <lemma type="park"/>
                    <dep head="7-2" type="conj"/>
                </token>
                <token content="the" id="7-14">
                    <pos type="DT"/>
                    <lemma type="the"/>
                </token>
                <token content="car" id="7-15">
                    <pos type="NN"/>
                    <lemma type="car"/>
                    <dep head="7-13" type="dobj"/>
                </token>
                <token content="in" id="7-16"/>
                <token content="the" id="7-17">
                    <pos type="DT"/>
                    <lemma type="the"/>
                </token>
                <token content="parking" id="7-18">
                    <pos type="NN"/>
                    <lemma type="parking"/>
                </token>
                <token content="lot" id="7-19">
                    <pos type="NN"/>
                    <lemma type="lot"/>
                    <dep head="7-13" type="prep"/>
                </token>
                <token content="." id="7-20"/>
            </sentence>
            <sentence id="8">
                <token content="I" id="8-1">
                    <pos type="PRP"/>
                    <lemma type="I"/>
                    <dep head="8-2" type="nsubj"/>
                </token>
                <token content="walked" id="8-2">
                    <pos type="VBD"/>
                    <lemma type="walk"/>
                </token>
                <token content="to" id="8-3"/>
                <token content="the" id="8-4">
                    <pos type="DT"/>
                    <lemma type="the"/>
                </token>
                <token content="station" id="8-5">
                    <pos type="NN"/>
                    <lemma type="station"/>
                    <dep head="8-2" type="prep"/>
                </token>
                <token content="," id="8-6"/>
                <token content="where" id="8-7">
                    <pos type="WRB"/>
                    <lemma type="where"/>
                    <dep head="8-9" type="advmod"/>
                </token>
                <token content="there" id="8-8">
                    <pos type="EX"/>
                    <lemma type="there"/>
                    <dep head="8-9" type="expl"/>
                </token>
                <token content="were" id="8-9">
                    <pos type="VBD"/>
                    <lemma type="be"/>
                </token>
                <token content="many" id="8-10">
                    <pos type="JJ"/>
                    <lemma type="many"/>
                </token>
                <token content="benches" id="8-11">
                    <pos type="NNS"/>
                    <lemma type="bench"/>
                    <dep head="8-9" type="nsubj"/>
                </token>
                <token content="for" id="8-12"/>
                <token content="passengers" id="8-13">
                    <pos type="NNS"/>
                    <lemma type="passenger"/>
                </token>
                <token content="to" id="8-14">
                    <pos type="TO"/>
                    <lemma type="to"/>
                    <dep head="8-15" type="aux"/>
                </token>
                <token content="sit" id="8-15">
                    <pos type="VB"/>
                    <lemma type="sit"/>
                </token>
                <token content="while" id="8-16">
                    <pos type="IN"/>
                    <lemma type="while"/>
                    <dep head="8-18" type="mark"/>
                </token>
                <token content="they" id="8-17">
                    <pos type="PRP"/>
                    <lemma type="they"/>
                    <dep head="8-18" type="nsubj"/>
                </token>
                <token content="waited" id="8-18">
                    <pos type="VBD"/>
                    <lemma type="wait"/>
                    <dep head="8-15" type="advcl"/>
                </token>
                <token content="for" id="8-19"/>
                <token content="their" id="8-20">
                    <pos type="PRP$"/>
                    <lemma type="they"/>
                </token>
                <token content="trains" id="8-21">
                    <pos type="NNS"/>
                    <lemma type="train"/>
                    <dep head="8-18" type="prep"/>
                </token>
                <token content="." id="8-22"/>
            </sentence>
            <sentence id="9">
                <token content="There" id="9-1">
                    <pos type="EX"/>
                    <lemma type="there"/>
                    <dep head="9-2" type="expl"/>
                </token>
                <token content="was" id="9-2">
                    <pos type="VBD"/>
                    <lemma type="be"/>
                </token>
                <token content="a" id="9-3">
                    <pos type="DT"/>
                    <lemma type="a"/>
                </token>
                <token content="machine" id="9-4">
                    <pos type="NN"/>
                    <lemma type="machine"/>
                    <dep head="9-2" type="nsubj"/>
                </token>
                <token content="on" id="9-5"/>
                <token content="the" id="9-6">
                    <pos type="DT"/>
                    <lemma type="the"/>
                </token>
                <token content="platform" id="9-7">
                    <pos type="NN"/>
                    <lemma type="platform"/>
                </token>
                <token content="that" id="9-8">
                    <pos type="WDT"/>
                    <lemma type="that"/>
                    <dep head="9-9" type="nsubj"/>
                </token>
                <token content="let" id="9-9">
                    <pos type="VBD"/>
                    <lemma type="let"/>
                </token>
                <token content="you" id="9-10">
                    <pos type="PRP"/>
                    <lemma type="you"/>
                    <dep head="9-11" type="nsubj"/>
                </token>
                <token content="choose" id="9-11">
                    <pos type="VBP"/>
                    <lemma type="choose"/>
                    <dep head="9-9" type="ccomp"/>
                </token>
                <token content="what" id="9-12">
                    <pos type="WP"/>
                    <lemma type="what"/>
                </token>
                <token content="type" id="9-13">
                    <pos type="NN"/>
                    <lemma type="type"/>
                    <dep head="9-17" type="dobj"/>
                </token>
                <token content="of" id="9-14"/>
                <token content="ticket" id="9-15">
                    <pos type="NN"/>
                    <lemma type="ticket"/>
                </token>
                <token content="you" id="9-16">
                    <pos type="PRP"/>
                    <lemma type="you"/>
                    <dep head="9-17" type="nsubj"/>
                </token>
                <token content="needed" id="9-17">
                    <pos type="VBD"/>
                    <lemma type="need"/>
                    <dep head="9-11" type="ccomp"/>
                </token>
                <token content="." id="9-18"/>
            </sentence>
            <sentence id="10">
                <token content="You" id="10-1">
                    <pos type="PRP"/>
                    <lemma type="you"/>
                    <dep head="10-3" type="nsubj"/>
                </token>
                <token content="could" id="10-2">
                    <pos type="MD"/>
                    <lemma type="could"/>
                    <dep head="10-3" type="aux"/>
                </token>
                <token content="buy" id="10-3">
                    <pos type="VB"/>
                    <lemma type="buy"/>
                </token>
                <token content="a" id="10-4">
                    <pos type="DT"/>
                    <lemma type="a"/>
                </token>
                <token content="ticket" id="10-5">
                    <pos type="NN"/>
                    <lemma type="ticket"/>
                    <dep head="10-3" type="dobj"/>
                </token>
                <token content="for" id="10-6"/>
                <token content="only" id="10-7">
                    <pos type="RB"/>
                    <lemma type="only"/>
                    <dep head="10-8" type="advmod"/>
                </token>
                <token content="going" id="10-8">
                    <pos type="VBG"/>
                    <lemma type="go"/>
                    <dep head="10-3" type="prepc"/>
                </token>
                <token content="one" id="10-9">
                    <pos type="CD"/>
                    <lemma type="one"/>
                </token>
                <token content="way" id="10-10">
                    <pos type="NN"/>
                    <lemma type="way"/>
                    <dep head="10-8" type="dobj"/>
                </token>
                <token content="or" id="10-11"/>
                <token content="a" id="10-12">
                    <pos type="DT"/>
                    <lemma type="a"/>
                </token>
                <token content="round" id="10-13">
                    <pos type="NN"/>
                    <lemma type="round"/>
                </token>
                <token content="trip" id="10-14">
                    <pos type="NN"/>
                    <lemma type="trip"/>
                </token>
                <token content="." id="10-15"/>
            </sentence>
            <sentence id="11">
                <token content="I" id="11-1">
                    <pos type="PRP"/>
                    <lemma type="I"/>
                    <dep head="11-2" type="nsubj"/>
                </token>
                <token content="chose" id="11-2">
                    <pos type="VBD"/>
                    <lemma type="choose"/>
                </token>
                <token content="the" id="11-3">
                    <pos type="DT"/>
                    <lemma type="the"/>
                </token>
                <token content="round" id="11-4">
                    <pos type="NN"/>
                    <lemma type="round"/>
                </token>
                <token content="trip" id="11-5">
                    <pos type="NN"/>
                    <lemma type="trip"/>
                </token>
                <token content="ticket" id="11-6">
                    <pos type="NN"/>
                    <lemma type="ticket"/>
                    <dep head="11-2" type="dobj"/>
                </token>
                <token content="since" id="11-7">
                    <pos type="IN"/>
                    <lemma type="since"/>
                    <dep head="11-9" type="mark"/>
                </token>
                <token content="I" id="11-8">
                    <pos type="PRP"/>
                    <lemma type="I"/>
                    <dep head="11-9" type="nsubj"/>
                </token>
                <token content="wanted" id="11-9">
                    <pos type="VBD"/>
                    <lemma type="want"/>
                    <dep head="11-2" type="advcl"/>
                </token>
                <token content="to" id="11-10">
                    <pos type="TO"/>
                    <lemma type="to"/>
                    <dep head="11-11" type="aux"/>
                </token>
                <token content="take" id="11-11">
                    <pos type="VB"/>
                    <lemma type="take"/>
                    <dep head="11-9" type="xcomp"/>
                </token>
                <token content="the" id="11-12">
                    <pos type="DT"/>
                    <lemma type="the"/>
                </token>
                <token content="train" id="11-13">
                    <pos type="NN"/>
                    <lemma type="train"/>
                    <dep head="11-11" type="dobj"/>
                </token>
                <token content="to" id="11-14"/>
                <token content="the" id="11-15">
                    <pos type="DT"/>
                    <lemma type="the"/>
                </token>
                <token content="church" id="11-16">
                    <pos type="NN"/>
                    <lemma type="church"/>
                    <dep head="11-11" type="prep"/>
                </token>
                <token content="and" id="11-17"/>
                <token content="back" id="11-18">
                    <pos type="VB"/>
                    <lemma type="back"/>
                    <dep head="11-11" type="conj"/>
                </token>
                <token content="again" id="11-19">
                    <pos type="RB"/>
                    <lemma type="again"/>
                    <dep head="11-18" type="advmod"/>
                </token>
                <token content="." id="11-20"/>
            </sentence>
            <sentence id="12">
                <token content="The" id="12-1">
                    <pos type="DT"/>
                    <lemma type="the"/>
                </token>
                <token content="machine" id="12-2">
                    <pos type="NN"/>
                    <lemma type="machine"/>
                    <dep head="12-3" type="nsubj"/>
                </token>
                <token content="had" id="12-3">
                    <pos type="VBD"/>
                    <lemma type="have"/>
                </token>
                <token content="a" id="12-4">
                    <pos type="DT"/>
                    <lemma type="a"/>
                </token>
                <token content="display" id="12-5">
                    <pos type="NN"/>
                    <lemma type="display"/>
                    <dep head="12-3" type="dobj"/>
                </token>
                <token content="that" id="12-6">
                    <pos type="WDT"/>
                    <lemma type="that"/>
                    <dep head="12-7" type="nsubj"/>
                </token>
                <token content="told" id="12-7">
                    <pos type="VBD"/>
                    <lemma type="tell"/>
                </token>
                <token content="me" id="12-8">
                    <pos type="PRP"/>
                    <lemma type="I"/>
                    <dep head="12-7" type="dobj"/>
                </token>
                <token content="how" id="12-9">
                    <pos type="WRB"/>
                    <lemma type="how"/>
                </token>
                <token content="much" id="12-10">
                    <pos type="JJ"/>
                    <lemma type="much"/>
                </token>
                <token content="money" id="12-11">
                    <pos type="NN"/>
                    <lemma type="money"/>
                    <dep head="12-13" type="dobj"/>
                </token>
                <token content="I" id="12-12">
                    <pos type="PRP"/>
                    <lemma type="I"/>
                    <dep head="12-13" type="nsubj"/>
                </token>
                <token content="needed" id="12-13">
                    <pos type="VBD"/>
                    <lemma type="need"/>
                    <dep head="12-7" type="dep"/>
                </token>
                <token content="to" id="12-14">
                    <pos type="TO"/>
                    <lemma type="to"/>
                    <dep head="12-15" type="aux"/>
                </token>
                <token content="deposit" id="12-15">
                    <pos type="VB"/>
                    <lemma type="deposit"/>
                    <dep head="12-13" type="xcomp"/>
                </token>
                <token content="in" id="12-16"/>
                <token content="the" id="12-17">
                    <pos type="DT"/>
                    <lemma type="the"/>
                </token>
                <token content="little" id="12-18">
                    <pos type="JJ"/>
                    <lemma type="little"/>
                </token>
                <token content="slot" id="12-19">
                    <pos type="NN"/>
                    <lemma type="slot"/>
                    <dep head="12-15" type="prep"/>
                </token>
                <token content="." id="12-20"/>
            </sentence>
            <sentence id="13">
                <token content="I" id="13-1">
                    <pos type="PRP"/>
                    <lemma type="I"/>
                    <dep head="13-2" type="nsubj"/>
                </token>
                <token content="put" id="13-2">
                    <pos type="VBD"/>
                    <lemma type="put"/>
                </token>
                <token content="the" id="13-3">
                    <pos type="DT"/>
                    <lemma type="the"/>
                </token>
                <token content="money" id="13-4">
                    <pos type="NN"/>
                    <lemma type="money"/>
                    <dep head="13-11" type="nsubj"/>
                </token>
                <token content="in" id="13-5"/>
                <token content="the" id="13-6">
                    <pos type="DT"/>
                    <lemma type="the"/>
                </token>
                <token content="machine" id="13-7">
                    <pos type="NN"/>
                    <lemma type="machine"/>
                </token>
                <token content="and" id="13-8"/>
                <token content="my" id="13-9">
                    <pos type="PRP$"/>
                    <lemma type="my"/>
                </token>
                <token content="ticket" id="13-10">
                    <pos type="NN"/>
                    <lemma type="ticket"/>
                </token>
                <token content="popped" id="13-11">
                    <pos type="VBD"/>
                    <lemma type="pop"/>
                    <dep head="13-2" type="ccomp"/>
                </token>
                <token content="out" id="13-12">
                    <pos type="RP"/>
                    <lemma type="out"/>
                    <dep head="13-11" type="prt"/>
                </token>
                <token content="." id="13-13"/>
            </sentence>
            <sentence id="14">
                <token content="I" id="14-1">
                    <pos type="PRP"/>
                    <lemma type="I"/>
                    <dep head="14-2" type="nsubj"/>
                </token>
                <token content="waited" id="14-2">
                    <pos type="VBD"/>
                    <lemma type="wait"/>
                </token>
                <token content="for" id="14-3"/>
                <token content="my" id="14-4">
                    <pos type="PRP$"/>
                    <lemma type="my"/>
                </token>
                <token content="train" id="14-5">
                    <pos type="NN"/>
                    <lemma type="train"/>
                    <dep head="14-2" type="prep"/>
                </token>
                <token content="to" id="14-6">
                    <pos type="TO"/>
                    <lemma type="to"/>
                    <dep head="14-7" type="aux"/>
                </token>
                <token content="arrive" id="14-7">
                    <pos type="VB"/>
                    <lemma type="arrive"/>
                </token>
                <token content="." id="14-8"/>
            </sentence>
            <sentence id="15">
                <token content="When" id="15-1">
                    <pos type="WRB"/>
                    <lemma type="when"/>
                    <dep head="15-3" type="advmod"/>
                </token>
                <token content="it" id="15-2">
                    <pos type="PRP"/>
                    <lemma type="it"/>
                    <dep head="15-3" type="nsubj"/>
                </token>
                <token content="did" id="15-3">
                    <pos type="VBD"/>
                    <lemma type="do"/>
                    <dep head="15-7" type="advcl"/>
                </token>
                <token content="," id="15-4"/>
                <token content="the" id="15-5">
                    <pos type="DT"/>
                    <lemma type="the"/>
                </token>
                <token content="doors" id="15-6">
                    <pos type="NNS"/>
                    <lemma type="door"/>
                    <dep head="15-7" type="nsubj"/>
                </token>
                <token content="opened" id="15-7">
                    <pos type="VBD"/>
                    <lemma type="open"/>
                </token>
                <token content="and" id="15-8"/>
                <token content="lots" id="15-9">
                    <pos type="NNS"/>
                    <lemma type="lot"/>
                    <dep head="15-12" type="nsubj"/>
                </token>
                <token content="of" id="15-10"/>
                <token content="people" id="15-11">
                    <pos type="NNS"/>
                    <lemma type="people"/>
                </token>
                <token content="got" id="15-12">
                    <pos type="VBD"/>
                    <lemma type="get"/>
                    <dep head="15-7" type="conj"/>
                </token>
                <token content="off" id="15-13">
                    <pos type="RP"/>
                    <lemma type="off"/>
                    <dep head="15-12" type="prt"/>
                </token>
                <token content="the" id="15-14">
                    <pos type="DT"/>
                    <lemma type="the"/>
                </token>
                <token content="train" id="15-15">
                    <pos type="NN"/>
                    <lemma type="train"/>
                    <dep head="15-12" type="dobj"/>
                </token>
                <token content="." id="15-16"/>
            </sentence>
            <sentence id="16">
                <token content="I" id="16-1">
                    <pos type="PRP"/>
                    <lemma type="I"/>
                    <dep head="16-2" type="nsubj"/>
                </token>
                <token content="got" id="16-2">
                    <pos type="VBD"/>
                    <lemma type="get"/>
                </token>
                <token content="on" id="16-3">
                    <pos type="RP"/>
                    <lemma type="on"/>
                    <dep head="16-2" type="prt"/>
                </token>
                <token content="and" id="16-4"/>
                <token content="everyone" id="16-5">
                    <pos type="NN"/>
                    <lemma type="everyone"/>
                    <dep head="16-12" type="nsubj"/>
                </token>
                <token content="who" id="16-6">
                    <pos type="WP"/>
                    <lemma type="who"/>
                    <dep head="16-8" type="nsubj"/>
                </token>
                <token content="was" id="16-7">
                    <pos type="VBD"/>
                    <lemma type="be"/>
                    <dep head="16-8" type="aux"/>
                </token>
                <token content="waiting" id="16-8">
                    <pos type="VBG"/>
                    <lemma type="wait"/>
                </token>
                <token content="for" id="16-9"/>
                <token content="the" id="16-10">
                    <pos type="DT"/>
                    <lemma type="the"/>
                </token>
                <token content="train" id="16-11">
                    <pos type="NN"/>
                    <lemma type="train"/>
                    <dep head="16-8" type="prep"/>
                </token>
                <token content="got" id="16-12">
                    <pos type="VBD"/>
                    <lemma type="get"/>
                    <dep head="16-2" type="conj"/>
                </token>
                <token content="on" id="16-13">
                    <pos type="IN"/>
                    <lemma type="on"/>
                    <dep head="16-12" type="prep"/>
                </token>
                <token content="," id="16-14"/>
                <token content="too" id="16-15">
                    <pos type="RB"/>
                    <lemma type="too"/>
                    <dep head="16-12" type="advmod"/>
                </token>
                <token content="." id="16-16"/>
            </sentence>
            <sentence id="17">
                <token content="I" id="17-1">
                    <pos type="PRP"/>
                    <lemma type="I"/>
                    <dep head="17-2" type="nsubj"/>
                </token>
                <token content="looked" id="17-2">
                    <pos type="VBD"/>
                    <lemma type="look"/>
                </token>
                <token content="for" id="17-3"/>
                <token content="a" id="17-4">
                    <pos type="DT"/>
                    <lemma type="a"/>
                </token>
                <token content="seat" id="17-5">
                    <pos type="NN"/>
                    <lemma type="seat"/>
                    <dep head="17-2" type="prep"/>
                </token>
                <token content="." id="17-6"/>
            </sentence>
            <sentence id="18">
                <token content="I" id="18-1">
                    <pos type="PRP"/>
                    <lemma type="I"/>
                    <dep head="18-2" type="nsubj"/>
                </token>
                <token content="picked" id="18-2">
                    <pos type="VBD"/>
                    <lemma type="pick"/>
                </token>
                <token content="a" id="18-3">
                    <pos type="DT"/>
                    <lemma type="a"/>
                </token>
                <token content="seat" id="18-4">
                    <pos type="NN"/>
                    <lemma type="seat"/>
                    <dep head="18-2" type="dobj"/>
                </token>
                <token content="that" id="18-5">
                    <pos type="WDT"/>
                    <lemma type="that"/>
                    <dep head="18-7" type="nsubj"/>
                </token>
                <token content="was" id="18-6">
                    <pos type="VBD"/>
                    <lemma type="be"/>
                    <dep head="18-7" type="aux"/>
                </token>
                <token content="facing" id="18-7">
                    <pos type="VBG"/>
                    <lemma type="face"/>
                </token>
                <token content="forward" id="18-8">
                    <pos type="RB"/>
                    <lemma type="forward"/>
                    <dep head="18-7" type="advmod"/>
                </token>
                <token content="," id="18-9"/>
                <token content="but" id="18-10"/>
                <token content="there" id="18-11">
                    <pos type="EX"/>
                    <lemma type="there"/>
                    <dep head="18-12" type="expl"/>
                </token>
                <token content="were" id="18-12">
                    <pos type="VBD"/>
                    <lemma type="be"/>
                    <dep head="18-2" type="conj"/>
                </token>
                <token content="seats" id="18-13">
                    <pos type="NNS"/>
                    <lemma type="seat"/>
                    <dep head="18-12" type="nsubj"/>
                </token>
                <token content="that" id="18-14">
                    <pos type="WDT"/>
                    <lemma type="that"/>
                    <dep head="18-15" type="nsubj"/>
                </token>
                <token content="faced" id="18-15">
                    <pos type="VBD"/>
                    <lemma type="face"/>
                </token>
                <token content="the" id="18-16">
                    <pos type="DT"/>
                    <lemma type="the"/>
                </token>
                <token content="center" id="18-17">
                    <pos type="NN"/>
                    <lemma type="center"/>
                    <dep head="18-15" type="dobj"/>
                </token>
                <token content="of" id="18-18"/>
                <token content="the" id="18-19">
                    <pos type="DT"/>
                    <lemma type="the"/>
                </token>
                <token content="train" id="18-20">
                    <pos type="NN"/>
                    <lemma type="train"/>
                </token>
                <token content="and" id="18-21"/>
                <token content="even" id="18-22">
                    <pos type="RB"/>
                    <lemma type="even"/>
                </token>
                <token content="ones" id="18-23">
                    <pos type="NNS"/>
                    <lemma type="one"/>
                </token>
                <token content="that" id="18-24">
                    <pos type="WDT"/>
                    <lemma type="that"/>
                    <dep head="18-25" type="nsubj"/>
                </token>
                <token content="faced" id="18-25">
                    <pos type="VBD"/>
                    <lemma type="face"/>
                </token>
                <token content="backward" id="18-26">
                    <pos type="RB"/>
                    <lemma type="backward"/>
                    <dep head="18-25" type="advmod"/>
                </token>
                <token content="." id="18-27"/>
            </sentence>
            <sentence id="19">
                <token content="The" id="19-1">
                    <pos type="DT"/>
                    <lemma type="the"/>
                </token>
                <token content="train" id="19-2">
                    <pos type="NN"/>
                    <lemma type="train"/>
                </token>
                <token content="'s" id="19-3"/>
                <token content="doors" id="19-4">
                    <pos type="NNS"/>
                    <lemma type="door"/>
                    <dep head="19-5" type="nsubj"/>
                </token>
                <token content="shut" id="19-5">
                    <pos type="VBD"/>
                    <lemma type="shut"/>
                </token>
                <token content="and" id="19-6"/>
                <token content="the" id="19-7">
                    <pos type="DT"/>
                    <lemma type="the"/>
                </token>
                <token content="train" id="19-8">
                    <pos type="NN"/>
                    <lemma type="train"/>
                    <dep head="19-9" type="nsubj"/>
                </token>
                <token content="started" id="19-9">
                    <pos type="VBD"/>
                    <lemma type="start"/>
                    <dep head="19-5" type="conj"/>
                </token>
                <token content="to" id="19-10">
                    <pos type="TO"/>
                    <lemma type="to"/>
                    <dep head="19-11" type="aux"/>
                </token>
                <token content="move" id="19-11">
                    <pos type="VB"/>
                    <lemma type="move"/>
                    <dep head="19-9" type="xcomp"/>
                </token>
                <token content="along" id="19-12">
                    <pos type="RP"/>
                    <lemma type="along"/>
                    <dep head="19-11" type="prt"/>
                </token>
                <token content="the" id="19-13">
                    <pos type="DT"/>
                    <lemma type="the"/>
                </token>
                <token content="rail" id="19-14">
                    <pos type="NN"/>
                    <lemma type="rail"/>
                    <dep head="19-11" type="dobj"/>
                </token>
                <token content="." id="19-15"/>
            </sentence>
            <sentence id="20">
                <token content="It" id="20-1">
                    <pos type="PRP"/>
                    <lemma type="it"/>
                    <dep head="20-2" type="nsubj"/>
                </token>
                <token content="went" id="20-2">
                    <pos type="VBD"/>
                    <lemma type="go"/>
                </token>
                <token content="very" id="20-3">
                    <pos type="RB"/>
                    <lemma type="very"/>
                </token>
                <token content="fast" id="20-4">
                    <pos type="JJ"/>
                    <lemma type="fast"/>
                    <dep head="20-2" type="acomp"/>
                </token>
                <token content="." id="20-5"/>
            </sentence>
            <sentence id="21">
                <token content="The" id="21-1">
                    <pos type="DT"/>
                    <lemma type="the"/>
                </token>
                <token content="train" id="21-2">
                    <pos type="NN"/>
                    <lemma type="train"/>
                    <dep head="21-3" type="nsubj"/>
                </token>
                <token content="had" id="21-3">
                    <pos type="VBD"/>
                    <lemma type="have"/>
                </token>
                <token content="windows" id="21-4">
                    <pos type="NNS"/>
                    <lemma type="window"/>
                    <dep head="21-3" type="dobj"/>
                </token>
                <token content="on" id="21-5"/>
                <token content="both" id="21-6">
                    <pos type="DT"/>
                    <lemma type="both"/>
                </token>
                <token content="sides" id="21-7">
                    <pos type="NNS"/>
                    <lemma type="side"/>
                </token>
                <token content="and" id="21-8"/>
                <token content="I" id="21-9">
                    <pos type="PRP"/>
                    <lemma type="I"/>
                    <dep head="21-10" type="nsubj"/>
                </token>
                <token content="looked" id="21-10">
                    <pos type="VBD"/>
                    <lemma type="look"/>
                    <dep head="21-3" type="conj"/>
                </token>
                <token content="out" id="21-11">
                    <pos type="RP"/>
                    <lemma type="out"/>
                    <dep head="21-10" type="prt"/>
                </token>
                <token content="at" id="21-12"/>
                <token content="the" id="21-13">
                    <pos type="DT"/>
                    <lemma type="the"/>
                </token>
                <token content="sights" id="21-14">
                    <pos type="NNS"/>
                    <lemma type="sight"/>
                    <dep head="21-10" type="prep"/>
                </token>
                <token content="as" id="21-15">
                    <pos type="IN"/>
                    <lemma type="as"/>
                    <dep head="21-17" type="mark"/>
                </token>
                <token content="we" id="21-16">
                    <pos type="PRP"/>
                    <lemma type="we"/>
                    <dep head="21-17" type="nsubj"/>
                </token>
                <token content="sped" id="21-17">
                    <pos type="VBD"/>
                    <lemma type="speed"/>
                    <dep head="21-10" type="advcl"/>
                </token>
                <token content="along" id="21-18">
                    <pos type="RP"/>
                    <lemma type="along"/>
                    <dep head="21-17" type="prt"/>
                </token>
                <token content="." id="21-19"/>
            </sentence>
            <sentence id="22">
                <token content="In" id="22-1"/>
                <token content="a" id="22-2">
                    <pos type="DT"/>
                    <lemma type="a"/>
                </token>
                <token content="few" id="22-3">
                    <pos type="JJ"/>
                    <lemma type="few"/>
                </token>
                <token content="minutes" id="22-4">
                    <pos type="NNS"/>
                    <lemma type="minute"/>
                    <dep head="22-6" type="prep"/>
                </token>
                <token content="it" id="22-5">
                    <pos type="PRP"/>
                    <lemma type="it"/>
                    <dep head="22-6" type="nsubj"/>
                </token>
                <token content="stopped" id="22-6">
                    <pos type="VBD"/>
                    <lemma type="stop"/>
                </token>
                <token content="at" id="22-7"/>
                <token content="another" id="22-8">
                    <pos type="DT"/>
                    <lemma type="another"/>
                </token>
                <token content="station" id="22-9">
                    <pos type="NN"/>
                    <lemma type="station"/>
                    <dep head="22-6" type="prep"/>
                </token>
                <token content="," id="22-10"/>
                <token content="and" id="22-11"/>
                <token content="some" id="22-12">
                    <pos type="DT"/>
                    <lemma type="some"/>
                </token>
                <token content="people" id="22-13">
                    <pos type="NNS"/>
                    <lemma type="people"/>
                    <dep head="22-14" type="nsubj"/>
                </token>
                <token content="got" id="22-14">
                    <pos type="VBD"/>
                    <lemma type="get"/>
                    <dep head="22-6" type="conj"/>
                </token>
                <token content="off" id="22-15">
                    <pos type="RP"/>
                    <lemma type="off"/>
                    <dep head="22-14" type="prt"/>
                </token>
                <token content="and" id="22-16"/>
                <token content="others" id="22-17">
                    <pos type="NNS"/>
                    <lemma type="other"/>
                    <dep head="22-18" type="nsubj"/>
                </token>
                <token content="got" id="22-18">
                    <pos type="VBD"/>
                    <lemma type="get"/>
                    <dep head="22-14" type="conj"/>
                </token>
                <token content="on" id="22-19">
                    <pos type="RP"/>
                    <lemma type="on"/>
                    <dep head="22-18" type="prt"/>
                </token>
                <token content="." id="22-20"/>
            </sentence>
            <sentence id="23">
                <token content="Pretty" id="23-1">
                    <pos type="NNP"/>
                    <lemma type="Pretty"/>
                    <dep head="23-5" type="nsubj"/>
                </token>
                <token content="soon" id="23-2">
                    <pos type="RB"/>
                    <lemma type="soon"/>
                    <dep head="23-5" type="advmod"/>
                </token>
                <token content="the" id="23-3">
                    <pos type="DT"/>
                    <lemma type="the"/>
                </token>
                <token content="conductor" id="23-4">
                    <pos type="NN"/>
                    <lemma type="conductor"/>
                </token>
                <token content="walked" id="23-5">
                    <pos type="VBD"/>
                    <lemma type="walk"/>
                </token>
                <token content="up" id="23-6">
                    <pos type="RP"/>
                    <lemma type="up"/>
                    <dep head="23-5" type="prt"/>
                </token>
                <token content="and" id="23-7">
                    <pos type="CC"/>
                    <lemma type="and"/>
                </token>
                <token content="down" id="23-8">
                    <pos type="RP"/>
                    <lemma type="down"/>
                </token>
                <token content="the" id="23-9">
                    <pos type="DT"/>
                    <lemma type="the"/>
                </token>
                <token content="aisle" id="23-10">
                    <pos type="NN"/>
                    <lemma type="aisle"/>
                    <dep head="23-5" type="dobj"/>
                </token>
                <token content="asking" id="23-11">
                    <pos type="VBG"/>
                    <lemma type="ask"/>
                </token>
                <token content="to" id="23-12">
                    <pos type="TO"/>
                    <lemma type="to"/>
                    <dep head="23-13" type="aux"/>
                </token>
                <token content="see" id="23-13">
                    <pos type="VB"/>
                    <lemma type="see"/>
                    <dep head="23-11" type="xcomp"/>
                </token>
                <token content="everyone" id="23-14">
                    <pos type="NN"/>
                    <lemma type="everyone"/>
                </token>
                <token content="'s" id="23-15"/>
                <token content="ticket" id="23-16">
                    <pos type="NN"/>
                    <lemma type="ticket"/>
                    <dep head="23-13" type="dobj"/>
                </token>
                <token content="." id="23-17"/>
            </sentence>
            <sentence id="24">
                <token content="I" id="24-1">
                    <pos type="PRP"/>
                    <lemma type="I"/>
                    <dep head="24-2" type="nsubj"/>
                </token>
                <token content="showed" id="24-2">
                    <pos type="VBD"/>
                    <lemma type="show"/>
                </token>
                <token content="her" id="24-3">
                    <pos type="PRP$"/>
                    <lemma type="she"/>
                </token>
                <token content="my" id="24-4">
                    <pos type="JJ"/>
                    <lemma type="my"/>
                </token>
                <token content="ticket" id="24-5">
                    <pos type="NN"/>
                    <lemma type="ticket"/>
                    <dep head="24-2" type="dobj"/>
                </token>
                <token content="and" id="24-6"/>
                <token content="she" id="24-7">
                    <pos type="PRP"/>
                    <lemma type="she"/>
                    <dep head="24-8" type="nsubj"/>
                </token>
                <token content="nodded" id="24-8">
                    <pos type="VBD"/>
                    <lemma type="nod"/>
                    <dep head="24-2" type="conj"/>
                </token>
                <token content="and" id="24-9"/>
                <token content="smiled" id="24-10">
                    <pos type="VBD"/>
                    <lemma type="smile"/>
                    <dep head="24-8" type="conj"/>
                </token>
                <token content="." id="24-11"/>
            </sentence>
            <sentence id="25">
                <token content="At" id="25-1"/>
                <token content="the" id="25-2">
                    <pos type="DT"/>
                    <lemma type="the"/>
                </token>
                <token content="next" id="25-3">
                    <pos type="JJ"/>
                    <lemma type="next"/>
                </token>
                <token content="station" id="25-4">
                    <pos type="NN"/>
                    <lemma type="station"/>
                    <dep head="25-8" type="prep"/>
                </token>
                <token content="," id="25-5"/>
                <token content="the" id="25-6">
                    <pos type="DT"/>
                    <lemma type="the"/>
                </token>
                <token content="train" id="25-7">
                    <pos type="NN"/>
                    <lemma type="train"/>
                    <dep head="25-8" type="nsubj"/>
                </token>
                <token content="stopped" id="25-8">
                    <pos type="VBD"/>
                    <lemma type="stop"/>
                </token>
                <token content="." id="25-9"/>
            </sentence>
            <sentence id="26">
                <token content="This" id="26-1">
                    <pos type="DT"/>
                    <lemma type="this"/>
                </token>
                <token content="was" id="26-2">
                    <pos type="VBD"/>
                    <lemma type="be"/>
                </token>
                <token content="the" id="26-3">
                    <pos type="DT"/>
                    <lemma type="the"/>
                </token>
                <token content="station" id="26-4">
                    <pos type="NN"/>
                    <lemma type="station"/>
                </token>
                <token content="that" id="26-5">
                    <pos type="WDT"/>
                    <lemma type="that"/>
                </token>
                <token content="was" id="26-6">
                    <pos type="VBD"/>
                    <lemma type="be"/>
                </token>
                <token content="closest" id="26-7">
                    <pos type="JJS"/>
                    <lemma type="closest"/>
                </token>
                <token content="to" id="26-8"/>
                <token content="the" id="26-9">
                    <pos type="DT"/>
                    <lemma type="the"/>
                </token>
                <token content="church" id="26-10">
                    <pos type="NN"/>
                    <lemma type="church"/>
                </token>
                <token content="," id="26-11"/>
                <token content="so" id="26-12">
                    <pos type="IN"/>
                    <lemma type="so"/>
                </token>
                <token content="I" id="26-13">
                    <pos type="PRP"/>
                    <lemma type="I"/>
                    <dep head="26-14" type="nsubj"/>
                </token>
                <token content="got" id="26-14">
                    <pos type="VBD"/>
                    <lemma type="get"/>
                </token>
                <token content="off" id="26-15">
                    <pos type="RP"/>
                    <lemma type="off"/>
                    <dep head="26-14" type="prt"/>
                </token>
                <token content="." id="26-16"/>
            </sentence>
            <sentence id="27">
                <token content="When" id="27-1">
                    <pos type="WRB"/>
                    <lemma type="when"/>
                </token>
                <token content="it" id="27-2">
                    <pos type="PRP"/>
                    <lemma type="it"/>
                </token>
                <token content="was" id="27-3">
                    <pos type="VBD"/>
                    <lemma type="be"/>
                </token>
                <token content="time" id="27-4">
                    <pos type="NN"/>
                    <lemma type="time"/>
                    <dep head="27-10" type="advcl"/>
                </token>
                <token content="to" id="27-5">
                    <pos type="TO"/>
                    <lemma type="to"/>
                    <dep head="27-6" type="aux"/>
                </token>
                <token content="go" id="27-6">
                    <pos type="VB"/>
                    <lemma type="go"/>
                </token>
                <token content="home" id="27-7">
                    <pos type="NN"/>
                    <lemma type="home"/>
                    <dep head="27-6" type="dobj"/>
                </token>
                <token content="," id="27-8"/>
                <token content="I" id="27-9">
                    <pos type="PRP"/>
                    <lemma type="I"/>
                    <dep head="27-10" type="nsubj"/>
                </token>
                <token content="waited" id="27-10">
                    <pos type="VBD"/>
                    <lemma type="wait"/>
                </token>
                <token content="at" id="27-11"/>
                <token content="the" id="27-12">
                    <pos type="DT"/>
                    <lemma type="the"/>
                </token>
                <token content="station" id="27-13">
                    <pos type="NN"/>
                    <lemma type="station"/>
                    <dep head="27-10" type="prep"/>
                </token>
                <token content="for" id="27-14"/>
                <token content="the" id="27-15">
                    <pos type="DT"/>
                    <lemma type="the"/>
                </token>
                <token content="train" id="27-16">
                    <pos type="NN"/>
                    <lemma type="train"/>
                </token>
                <token content="that" id="27-17">
                    <pos type="WDT"/>
                    <lemma type="that"/>
                    <dep head="27-19" type="nsubj"/>
                </token>
                <token content="would" id="27-18">
                    <pos type="MD"/>
                    <lemma type="would"/>
                    <dep head="27-19" type="aux"/>
                </token>
                <token content="take" id="27-19">
                    <pos type="VB"/>
                    <lemma type="take"/>
                </token>
                <token content="me" id="27-20">
                    <pos type="PRP"/>
                    <lemma type="I"/>
                    <dep head="27-19" type="dobj"/>
                </token>
                <token content="home" id="27-21">
                    <pos type="RB"/>
                    <lemma type="home"/>
                    <dep head="27-19" type="advmod"/>
                </token>
                <token content="again" id="27-22">
                    <pos type="RB"/>
                    <lemma type="again"/>
                    <dep head="27-19" type="advmod"/>
                </token>
                <token content="." id="27-23"/>
            </sentence>
            <sentence id="28">
                <token content="Taking" id="28-1">
                    <pos type="VBG"/>
                    <lemma type="take"/>
                </token>
                <token content="the" id="28-2">
                    <pos type="DT"/>
                    <lemma type="the"/>
                </token>
                <token content="train" id="28-3">
                    <pos type="NN"/>
                    <lemma type="train"/>
                </token>
                <token content="is" id="28-4">
                    <pos type="VBZ"/>
                    <lemma type="be"/>
                </token>
                <token content="a" id="28-5">
                    <pos type="DT"/>
                    <lemma type="a"/>
                </token>
                <token content="lot" id="28-6">
                    <pos type="NN"/>
                    <lemma type="lot"/>
                    <dep head="28-1" type="ccomp"/>
                </token>
                <token content="of" id="28-7"/>
                <token content="fun" id="28-8">
                    <pos type="NN"/>
                    <lemma type="fun"/>
                </token>
                <token content="," id="28-9"/>
                <token content="and" id="28-10"/>
                <token content="sometimes" id="28-11">
                    <pos type="RB"/>
                    <lemma type="sometimes"/>
                </token>
                <token content="a" id="28-12">
                    <pos type="DT"/>
                    <lemma type="a"/>
                </token>
                <token content="lot" id="28-13">
                    <pos type="RB"/>
                    <lemma type="lot"/>
                </token>
                <token content="easier" id="28-14">
                    <pos type="JJR"/>
                    <lemma type="easier"/>
                    <dep head="28-1" type="conj"/>
                </token>
                <token content="than" id="28-15"/>
                <token content="driving" id="28-16">
                    <pos type="VBG"/>
                    <lemma type="drive"/>
                </token>
                <token content="." id="28-17"/>
            </sentence>
        </sentences>
    </text>
    <annotations>
        <participants>
            <label from="1-2" id="0" name="ScrPart_passenger" text="I" type="participant"/>
            <label from="1-7" id="1" name="NPart" text="function" type="participant"/>
            <label from="1-10" id="2" name="ScrPart_destination" text="church" type="participant"/>
            <label from="1-13" id="3" name="Unclear" text="downtown location" to="1-14" type="participant"/>
            <label from="1-14" id="4" name="Unclear" text="location" type="participant"/>
            <label from="2-1" id="5" name="ScrPart_passenger" text="I" type="participant"/>
            <label from="2-6" id="6" name="NPart" text="city" type="participant"/>
            <label from="2-9" id="7" name="ScrPart_train" text="trains" type="participant"/>
            <label from="2-14" id="8" name="NPart" text="city" type="participant"/>
            <label from="2-20" id="9" name="NPart" text="towns" type="participant"/>
            <label from="3-4" id="10" name="ScrPart_other" text="routes" type="participant"/>
            <label from="3-7" id="11" name="ScrPart_train" text="trains" type="participant"/>
            <label from="3-10" id="12" name="ScrPart_other" text="lines" type="participant"/>
            <label from="3-12" id="13" name="ScrPart_other" text="they" type="participant"/>
            <label from="3-16" id="14" name="NPart" text="colors" type="participant"/>
            <label from="4-4" id="15" name="ScrPart_passenger" text="passengers" type="participant"/>
            <label from="4-7" id="16" name="ScrPart_train" text="train" type="participant"/>
            <label from="4-13" id="17" name="ScrPart_passenger" text="they" type="participant"/>
            <label from="5-3" id="18" name="ScrPart_time_date" text="time" type="participant"/>
            <label from="5-4" id="19" name="ScrPart_passenger" text="I" type="participant"/>
            <label from="5-8" id="20" name="ScrPart_destination" text="church" type="participant"/>
            <label from="5-9" id="21" name="ScrPart_passenger" text="I" type="participant"/>
            <label from="5-12" id="22" name="Head_of_Partitive" text="lot" type="participant"/>
            <label from="5-14" id="23" name="No_label" text="trouble" type="participant"/>
            <label from="5-17" id="24" name="NPart" text="parking spot" to="5-18" type="participant"/>
            <label from="5-18" id="25" name="NPart" text="spot" type="participant"/>
            <label from="5-21" id="26" name="ScrPart_passenger" text="I" type="participant"/>
            <label from="5-26" id="27" name="ScrPart_train" text="train" type="participant"/>
            <label from="5-27" id="28" name="ScrPart_destination" text="there" type="participant"/>
            <label from="6-1" id="29" name="ScrPart_passenger" text="I" type="participant"/>
            <label from="6-5" id="30" name="ScrPart_train_station" text="train station" to="6-6" type="participant"/>
            <label from="6-6" id="31" name="ScrPart_train_station" text="station" type="participant"/>
            <label from="6-11" id="32" name="NPart" text="blocks" type="participant"/>
            <label from="6-15" id="33" name="ScrPart_destination" text="church" type="participant"/>
            <label from="6-17" id="34" name="No_label" text="it" type="participant"/>
            <label from="6-25" id="35" name="ScrPart_destination" text="church" type="participant"/>
            <label from="7-1" id="36" name="ScrPart_passenger" text="I" type="participant"/>
            <label from="7-5" id="37" name="ScrPart_train_station" text="train station" to="7-6" type="participant"/>
            <label from="7-6" id="38" name="ScrPart_train_station" text="station" type="participant"/>
            <label from="7-9" id="39" name="ScrPart_passenger" text="my" type="participant"/>
            <label from="7-10" id="40" name="NPart" text="house" type="participant"/>
            <label from="7-15" id="41" name="NPart" text="car" type="participant"/>
            <label from="7-18" id="42" name="NPart" text="parking lot" to="7-19" type="participant"/>
            <label from="7-19" id="43" name="NPart" text="lot" type="participant"/>
            <label from="8-1" id="44" name="ScrPart_passenger" text="I" type="participant"/>
            <label from="8-5" id="45" name="ScrPart_train_station" text="station" type="participant"/>
            <label from="8-11" id="46" name="ScrPart_other" text="benches" type="participant"/>
            <label from="8-13" id="47" name="ScrPart_passenger" text="passengers" type="participant"/>
            <label from="8-17" id="48" name="ScrPart_passenger" text="they" type="participant"/>
            <label from="8-20" id="49" name="ScrPart_passenger" text="their" type="participant"/>
            <label from="8-21" id="50" name="ScrPart_train" text="trains" type="participant"/>
            <label from="9-4" id="51" name="ScrPart_ticket_office/website" text="machine" type="participant"/>
            <label from="9-7" id="52" name="ScrPart_platform" text="platform" type="participant"/>
            <label from="9-10" id="53" name="ScrPart_passenger" text="you" type="participant"/>
            <label from="9-13" id="54" name="Head_of_Partitive" text="type" type="participant"/>
            <label from="9-15" id="55" name="ScrPart_card/ticket" text="ticket" type="participant"/>
            <label from="9-16" id="56" name="ScrPart_passenger" text="you" type="participant"/>
            <label from="10-1" id="57" name="ScrPart_passenger" text="You" type="participant"/>
            <label from="10-5" id="58" name="ScrPart_card/ticket" text="ticket" type="participant"/>
            <label from="10-10" id="59" name="NPart" text="way" type="participant"/>
            <label from="10-14" id="60" name="ScrPart_trip" text="trip" type="participant"/>
            <label from="11-1" id="61" name="ScrPart_passenger" text="I" type="participant"/>
            <label from="11-4" id="62" name="ScrPart_card/ticket" text="round trip ticket" to="11-6" type="participant"/>
            <label from="11-6" id="63" name="ScrPart_card/ticket" text="ticket" type="participant"/>
            <label from="11-8" id="64" name="ScrPart_passenger" text="I" type="participant"/>
            <label from="11-13" id="65" name="ScrPart_train" text="train" type="participant"/>
            <label from="11-16" id="66" name="ScrPart_destination" text="church" type="participant"/>
            <label from="12-2" id="67" name="ScrPart_ticket_office/website" text="machine" type="participant"/>
            <label from="12-5" id="68" name="NPart" text="display" type="participant"/>
            <label from="12-8" id="69" name="ScrPart_passenger" text="me" type="participant"/>
            <label from="12-11" id="70" name="ScrPart_payment_means" text="money" type="participant"/>
            <label from="12-12" id="71" name="ScrPart_passenger" text="I" type="participant"/>
            <label from="12-19" id="72" name="NPart" text="slot" type="participant"/>
            <label from="13-1" id="73" name="ScrPart_passenger" text="I" type="participant"/>
            <label from="13-4" id="74" name="ScrPart_payment_means" text="money" type="participant"/>
            <label from="13-7" id="75" name="ScrPart_ticket_office/website" text="machine" type="participant"/>
            <label from="13-9" id="76" name="ScrPart_passenger" text="my" type="participant"/>
            <label from="13-10" id="77" name="ScrPart_card/ticket" text="ticket" type="participant"/>
            <label from="14-1" id="78" name="ScrPart_passenger" text="I" type="participant"/>
            <label from="14-4" id="79" name="ScrPart_passenger" text="my" type="participant"/>
            <label from="14-5" id="80" name="ScrPart_train" text="train" type="participant"/>
            <label from="15-2" id="81" name="ScrPart_train" text="it" type="participant"/>
            <label from="15-6" id="82" name="ScrPart_door" text="doors" type="participant"/>
            <label from="15-9" id="83" name="Head_of_Partitive" text="lots" type="participant"/>
            <label from="15-11" id="84" name="ScrPart_passenger" text="people" type="participant"/>
            <label from="15-15" id="85" name="ScrPart_train" text="train" type="participant"/>
            <label from="16-1" id="86" name="ScrPart_passenger" text="I" type="participant"/>
            <label from="16-5" id="87" name="ScrPart_passenger" text="everyone" type="participant"/>
            <label from="16-11" id="88" name="ScrPart_train" text="train" type="participant"/>
            <label from="17-1" id="89" name="ScrPart_passenger" text="I" type="participant"/>
            <label from="17-5" id="90" name="ScrPart_seat" text="seat" type="participant"/>
            <label from="18-1" id="91" name="ScrPart_passenger" text="I" type="participant"/>
            <label from="18-4" id="92" name="ScrPart_seat" text="seat" type="participant"/>
            <label from="18-13" id="93" name="ScrPart_seat" text="seats" type="participant"/>
            <label from="18-17" id="94" name="ScrPart_location_train" text="center" type="participant"/>
            <label from="18-20" id="95" name="ScrPart_train" text="train" type="participant"/>
            <label from="18-23" id="96" name="ScrPart_seat" text="ones" type="participant"/>
            <label from="19-2" id="97" name="ScrPart_train" text="train" type="participant"/>
            <label from="19-4" id="98" name="ScrPart_door" text="doors" type="participant"/>
            <label from="19-8" id="99" name="ScrPart_train" text="train" type="participant"/>
            <label from="19-14" id="100" name="NPart" text="rail" type="participant"/>
            <label from="20-1" id="101" name="ScrPart_train" text="It" type="participant"/>
            <label from="21-2" id="102" name="ScrPart_train" text="train" type="participant"/>
            <label from="21-4" id="103" name="ScrPart_in-train_entertainment" text="windows" type="participant"/>
            <label from="21-7" id="104" name="ScrPart_location_train" text="sides" type="participant"/>
            <label from="21-9" id="105" name="ScrPart_passenger" text="I" type="participant"/>
            <label from="21-14" id="106" name="ScrPart_in-train_entertainment" text="sights" type="participant"/>
            <label from="21-16" id="107" name="ScrPart_passenger" text="we" type="participant"/>
            <label from="22-4" id="108" name="ScrPart_time_date" text="minutes" type="participant"/>
            <label from="22-5" id="109" name="ScrPart_train" text="it" type="participant"/>
            <label from="22-9" id="110" name="ScrPart_train_station" text="station" type="participant"/>
            <label from="22-13" id="111" name="ScrPart_passenger" text="people" type="participant"/>
            <label from="22-17" id="112" name="ScrPart_passenger" text="others" type="participant"/>
            <label from="23-4" id="113" name="ScrPart_train_staff" text="conductor" type="participant"/>
            <label from="23-10" id="114" name="ScrPart_location_train" text="aisle" type="participant"/>
            <label from="23-14" id="115" name="ScrPart_passenger" text="everyone" type="participant"/>
            <label from="23-16" id="116" name="ScrPart_card/ticket" text="ticket" type="participant"/>
            <label from="24-1" id="117" name="ScrPart_passenger" text="I" type="participant"/>
            <label from="24-3" id="118" name="ScrPart_train_staff" text="her" type="participant"/>
            <label from="24-4" id="119" name="ScrPart_passenger" text="my" type="participant"/>
            <label from="24-5" id="120" name="ScrPart_card/ticket" text="ticket" type="participant"/>
            <label from="24-7" id="121" name="ScrPart_train_staff" text="she" type="participant"/>
            <label from="25-4" id="122" name="ScrPart_train_station" text="station" type="participant"/>
            <label from="25-7" id="123" name="ScrPart_train" text="train" type="participant"/>
            <label from="26-4" id="124" name="ScrPart_train_station" text="station" type="participant"/>
            <label from="26-10" id="125" name="ScrPart_destination" text="church" type="participant"/>
            <label from="26-13" id="126" name="ScrPart_passenger" text="I" type="participant"/>
            <label from="27-2" id="127" name="No_label" text="it" type="participant"/>
            <label from="27-4" id="128" name="ScrPart_time_date" text="time" type="participant"/>
            <label from="27-7" id="129" name="ScrPart_destination" text="home" type="participant"/>
            <label from="27-9" id="130" name="ScrPart_passenger" text="I" type="participant"/>
            <label from="27-13" id="131" name="ScrPart_train_station" text="station" type="participant"/>
            <label from="27-16" id="132" name="ScrPart_train" text="train" type="participant"/>
            <label from="27-20" id="133" name="ScrPart_passenger" text="me" type="participant"/>
            <label from="27-21" id="134" name="ScrPart_destination" text="home" type="participant"/>
            <label from="28-3" id="135" name="ScrPart_train" text="train" type="participant"/>
            <label from="28-6" id="136" name="Head_of_Partitive" text="lot" type="participant"/>
            <label from="28-8" id="137" name="No_label" text="fun" type="participant"/>
            <label from="28-13" id="138" name="Head_of_Partitive" text="lot" type="participant"/>
        </participants>
        <events>
            <label from="1-4" id="139" name="UnrelEv" text="invited" type="event"/>
            <label from="2-2" id="140" name="UnrelEv" text="live" type="event"/>
            <label from="2-8" id="141" name="UnrelEv" text="has" type="event"/>
            <label from="2-11" id="142" name="RelNScrEv" text="travel" type="event"/>
            <label from="2-17" id="143" name="RelNScrEv" text="go" type="event"/>
            <label from="3-2" id="144" name="UnrelEv" text="are" type="event"/>
            <label from="3-8" id="145" name="RelNScrEv" text="travel" type="event"/>
            <label from="3-14" id="146" name="UnrelEv" text="named" type="event"/>
            <label from="4-2" id="147" name="UnrelEv" text="is" type="event"/>
            <label from="4-5" id="148" name="UnrelEv" text="know" type="event"/>
            <label from="4-9" id="149" name="Evoking" text="take" type="event"/>
            <label from="4-11" id="150" name="RelNScrEv" text="get" type="event"/>
            <label from="4-16" id="151" name="RelNScrEv" text="go" type="event"/>
            <label from="5-5" id="152" name="UnrelEv" text="went" type="event"/>
            <label from="5-10" id="153" name="UnrelEv" text="had" type="event"/>
            <label from="5-15" id="154" name="UnrelEv" text="finding" type="event"/>
            <label from="5-22" id="155" name="UnrelEv" text="decided" type="event"/>
            <label from="5-24" id="156" name="Evoking" text="take the train" to="5-26" type="event"/>
            <label from="6-2" id="157" name="UnrelEv" text="knew" type="event"/>
            <label from="6-7" id="158" name="UnrelEv" text="was" type="event"/>
            <label from="6-19" id="159" name="UnrelEv" text="be" type="event"/>
            <label from="6-22" id="160" name="RelNScrEv" text="get" type="event"/>
            <label from="7-2" id="161" name="ScrEv_get_train_station" text="drove" type="event"/>
            <label from="7-13" id="162" name="UnrelEv" text="parked" type="event"/>
            <label from="8-2" id="163" name="ScrEv_get_train_station" text="walked" type="event"/>
            <label from="8-9" id="164" name="UnrelEv" text="were" type="event"/>
            <label from="8-15" id="165" name="RelNScrEv" text="sit" type="event"/>
            <label from="8-18" id="166" name="ScrEv_wait" text="waited" type="event"/>
            <label from="9-2" id="167" name="UnrelEv" text="was" type="event"/>
            <label from="9-9" id="168" name="UnrelEv" text="let" type="event"/>
            <label from="9-11" id="169" name="UnrelEv" text="choose" type="event"/>
            <label from="9-17" id="170" name="UnrelEv" text="needed" type="event"/>
            <label from="10-3" id="171" name="ScrEv_get_tickets" text="buy" type="event"/>
            <label from="10-8" id="172" name="RelNScrEv" text="going" type="event"/>
            <label from="11-2" id="173" name="ScrEv_get_tickets" text="chose" type="event"/>
            <label from="11-11" id="174" name="Evoking" text="take the train" to="11-13" type="event"/>
            <label from="12-3" id="175" name="UnrelEv" text="had" type="event"/>
            <label from="12-7" id="176" name="UnrelEv" text="told" type="event"/>
            <label from="12-15" id="177" name="ScrEv_get_tickets" text="deposit" type="event"/>
            <label from="13-2" id="178" name="ScrEv_get_tickets" text="put" type="event"/>
            <label from="13-11" id="179" name="UnrelEv" text="popped out" to="13-12" type="event"/>
            <label from="14-2" id="180" name="ScrEv_wait" text="waited" type="event"/>
            <label from="14-7" id="181" name="ScrEv_train_arrives" text="arrive" type="event"/>
            <label from="15-3" id="182" name="UnrelEv" text="did" type="event"/>
            <label from="15-7" id="183" name="ScrEv_door_opens" text="opened" type="event"/>
            <label from="15-12" id="184" name="ScrEv_get_off" text="got off" to="15-13" type="event"/>
            <label from="16-2" id="185" name="ScrEv_get_on" text="got on" to="16-3" type="event"/>
            <label from="16-8" id="186" name="ScrEv_wait" text="waiting" type="event"/>
            <label from="16-12" id="187" name="ScrEv_get_on" text="got on" to="16-13" type="event"/>
            <label from="17-2" id="188" name="RelNScrEv" text="looked for" to="17-3" type="event"/>
            <label from="18-2" id="189" name="ScrEv_find_place" text="picked" type="event"/>
            <label from="18-7" id="190" name="UnrelEv" text="facing" type="event"/>
            <label from="18-12" id="191" name="UnrelEv" text="were" type="event"/>
            <label from="18-15" id="192" name="UnrelEv" text="faced" type="event"/>
            <label from="18-25" id="193" name="UnrelEv" text="faced" type="event"/>
            <label from="19-5" id="194" name="RelNScrEv" text="shut" type="event"/>
            <label from="19-9" id="195" name="UnrelEv" text="started" type="event"/>
            <label from="19-11" id="196" name="ScrEv_train_departs" text="move" type="event"/>
            <label from="20-2" id="197" name="RelNScrEv" text="went" type="event"/>
            <label from="21-3" id="198" name="UnrelEv" text="had" type="event"/>
            <label from="21-10" id="199" name="ScrEv_spend_time_train" text="looked out" to="21-11" type="event"/>
            <label from="21-17" id="200" name="RelNScrEv" text="sped along" to="21-18" type="event"/>
            <label from="22-6" id="201" name="RelNScrEv" text="stopped" type="event"/>
            <label from="22-14" id="202" name="ScrEv_get_off" text="got off" to="22-15" type="event"/>
            <label from="22-18" id="203" name="ScrEv_get_on" text="got on" to="22-19" type="event"/>
            <label from="23-5" id="204" name="ScrEv_conductor_checks" text="walked" type="event"/>
            <label from="23-11" id="205" name="RelNScrEv" text="asking" type="event"/>
            <label from="23-13" id="206" name="ScrEv_conductor_checks" text="see" type="event"/>
            <label from="24-2" id="207" name="ScrEv_conductor_checks" text="showed" type="event"/>
            <label from="24-8" id="208" name="UnrelEv" text="nodded" type="event"/>
            <label from="24-10" id="209" name="UnrelEv" text="smiled" type="event"/>
            <label from="25-8" id="210" name="RelNScrEv" text="stopped" type="event"/>
            <label from="26-2" id="211" name="UnrelEv" text="was" type="event"/>
            <label from="26-6" id="212" name="UnrelEv" text="was" type="event"/>
            <label from="26-14" id="213" name="ScrEv_get_off" text="got off" to="26-15" type="event"/>
            <label from="27-3" id="214" name="UnrelEv" text="was" type="event"/>
            <label from="27-6" id="215" name="RelNScrEv" text="go" type="event"/>
            <label from="27-10" id="216" name="ScrEv_wait" text="waited" type="event"/>
            <label from="27-19" id="217" name="RelNScrEv" text="take" type="event"/>
            <label from="28-1" id="218" name="Evoking" text="Taking the train" to="28-3" type="event"/>
            <label from="28-4" id="219" name="UnrelEv" text="is" type="event"/>
            <label from="28-16" id="220" name="UnrelEv" text="driving" type="event"/>
        </events>
        <chains>
            <chain elements="19 21 26 29 36 39 44 53 56 57 61 64 69 71 73 76 78 79 86 89 91 105 117 119 126 130 133"/>
            <chain elements="50 27" name="group_trains"/>
            <chain elements="20 28 33 35 66 125 2"/>
            <chain elements="31 38 45"/>
            <chain elements="47 44" name="group_passengers"/>
            <chain elements="47 48 49 84 87 107 111 112 115"/>
            <chain elements="55 58 63 77 116 120"/>
            <chain elements="27 65 80 81 85 88 95 97 99 101 102 109 123"/>
            <chain elements="51 67 75"/>
            <chain elements="70 74"/>
            <chain elements="90 92"/>
            <chain elements="93 92" name="group_seats"/>
            <chain elements="93 96"/>
            <chain elements="82 98"/>
            <chain elements="113 118 121"/>
            <chain elements="122 124 131"/>
            <chain elements="6 8"/>
            <chain elements="10 12 13"/>
            <chain elements="15 17"/>
            <chain elements="129 134"/>
        </chains>
    </annotations>
</story>
