<?xml version="1.0" encoding="UTF-8" standalone="no"?>
<!DOCTYPE story SYSTEM "../InScript.dtd">
<story id="011" scenario="train">
    <text>
        <content>Last night , I booked my ticket to Boston . 
I got on the computer and found the next available train and purchased my ticket . 
I packed my bag and printed my purchase confirmation . 
This morning , I headed to the train station . 
I handed my receipt to the clerk and he handed me my ticket . 
My train was scheduled to depart at 8:00 AM . 
I checked my watch and saw it was 7:35 AM . 
I quickly headed to the gate where my train was . 
I approached the gate and handed my ticket over . 
I was easily able to board the train . 
I found my seat towards the back of the train . 
I was happy to have a window seat so I could view the scenery during the trip . 
I set my luggage aside and settled into my seat . 
The steward came over and asked if I wanted a beverage . 
I said I would like a water . 
She quickly returned with my drink . 
Shortly after , the train departed . 
I was impressed with the scenery during the trip . 
I also chatted with a few other passengers and enjoyed a quick nap during the trip . 
After about two hours , the train arrived at its destination . 
I gathered my luggage and got off the train . 
I had arrived in Boston . </content>
        <sentences>
            <sentence id="1">
                <token content="Last" id="1-1">
                    <pos type="JJ"/>
                    <lemma type="last"/>
                </token>
                <token content="night" id="1-2">
                    <pos type="NN"/>
                    <lemma type="night"/>
                    <dep head="1-5" type="tmod"/>
                </token>
                <token content="," id="1-3"/>
                <token content="I" id="1-4">
                    <pos type="PRP"/>
                    <lemma type="I"/>
                    <dep head="1-5" type="nsubj"/>
                </token>
                <token content="booked" id="1-5">
                    <pos type="VBD"/>
                    <lemma type="book"/>
                </token>
                <token content="my" id="1-6">
                    <pos type="PRP$"/>
                    <lemma type="my"/>
                </token>
                <token content="ticket" id="1-7">
                    <pos type="NN"/>
                    <lemma type="ticket"/>
                    <dep head="1-5" type="dobj"/>
                </token>
                <token content="to" id="1-8"/>
                <token content="Boston" id="1-9">
                    <pos type="NNP"/>
                    <lemma type="Boston"/>
                    <dep head="1-5" type="prep"/>
                </token>
                <token content="." id="1-10"/>
            </sentence>
            <sentence id="2">
                <token content="I" id="2-1">
                    <pos type="PRP"/>
                    <lemma type="I"/>
                    <dep head="2-2" type="nsubj"/>
                </token>
                <token content="got" id="2-2">
                    <pos type="VBD"/>
                    <lemma type="get"/>
                </token>
                <token content="on" id="2-3"/>
                <token content="the" id="2-4">
                    <pos type="DT"/>
                    <lemma type="the"/>
                </token>
                <token content="computer" id="2-5">
                    <pos type="NN"/>
                    <lemma type="computer"/>
                    <dep head="2-2" type="prep"/>
                </token>
                <token content="and" id="2-6"/>
                <token content="found" id="2-7">
                    <pos type="VBD"/>
                    <lemma type="find"/>
                    <dep head="2-2" type="conj"/>
                </token>
                <token content="the" id="2-8">
                    <pos type="DT"/>
                    <lemma type="the"/>
                </token>
                <token content="next" id="2-9">
                    <pos type="JJ"/>
                    <lemma type="next"/>
                </token>
                <token content="available" id="2-10">
                    <pos type="JJ"/>
                    <lemma type="available"/>
                </token>
                <token content="train" id="2-11">
                    <pos type="NN"/>
                    <lemma type="train"/>
                    <dep head="2-7" type="dobj"/>
                </token>
                <token content="and" id="2-12"/>
                <token content="purchased" id="2-13">
                    <pos type="VBD"/>
                    <lemma type="purchase"/>
                    <dep head="2-7" type="conj"/>
                </token>
                <token content="my" id="2-14">
                    <pos type="PRP$"/>
                    <lemma type="my"/>
                </token>
                <token content="ticket" id="2-15">
                    <pos type="NN"/>
                    <lemma type="ticket"/>
                    <dep head="2-13" type="dobj"/>
                </token>
                <token content="." id="2-16"/>
            </sentence>
            <sentence id="3">
                <token content="I" id="3-1">
                    <pos type="PRP"/>
                    <lemma type="I"/>
                    <dep head="3-2" type="nsubj"/>
                </token>
                <token content="packed" id="3-2">
                    <pos type="VBD"/>
                    <lemma type="pack"/>
                </token>
                <token content="my" id="3-3">
                    <pos type="PRP$"/>
                    <lemma type="my"/>
                </token>
                <token content="bag" id="3-4">
                    <pos type="NN"/>
                    <lemma type="bag"/>
                    <dep head="3-2" type="dobj"/>
                </token>
                <token content="and" id="3-5"/>
                <token content="printed" id="3-6">
                    <pos type="VBD"/>
                    <lemma type="print"/>
                    <dep head="3-2" type="conj"/>
                </token>
                <token content="my" id="3-7">
                    <pos type="PRP$"/>
                    <lemma type="my"/>
                </token>
                <token content="purchase" id="3-8">
                    <pos type="NN"/>
                    <lemma type="purchase"/>
                </token>
                <token content="confirmation" id="3-9">
                    <pos type="NN"/>
                    <lemma type="confirmation"/>
                    <dep head="3-6" type="dobj"/>
                </token>
                <token content="." id="3-10"/>
            </sentence>
            <sentence id="4">
                <token content="This" id="4-1">
                    <pos type="DT"/>
                    <lemma type="this"/>
                </token>
                <token content="morning" id="4-2">
                    <pos type="NN"/>
                    <lemma type="morning"/>
                    <dep head="4-5" type="tmod"/>
                </token>
                <token content="," id="4-3"/>
                <token content="I" id="4-4">
                    <pos type="PRP"/>
                    <lemma type="I"/>
                    <dep head="4-5" type="nsubj"/>
                </token>
                <token content="headed" id="4-5">
                    <pos type="VBD"/>
                    <lemma type="head"/>
                </token>
                <token content="to" id="4-6"/>
                <token content="the" id="4-7">
                    <pos type="DT"/>
                    <lemma type="the"/>
                </token>
                <token content="train" id="4-8">
                    <pos type="NN"/>
                    <lemma type="train"/>
                </token>
                <token content="station" id="4-9">
                    <pos type="NN"/>
                    <lemma type="station"/>
                    <dep head="4-5" type="prep"/>
                </token>
                <token content="." id="4-10"/>
            </sentence>
            <sentence id="5">
                <token content="I" id="5-1">
                    <pos type="PRP"/>
                    <lemma type="I"/>
                    <dep head="5-2" type="nsubj"/>
                </token>
                <token content="handed" id="5-2">
                    <pos type="VBD"/>
                    <lemma type="hand"/>
                </token>
                <token content="my" id="5-3">
                    <pos type="PRP$"/>
                    <lemma type="my"/>
                </token>
                <token content="receipt" id="5-4">
                    <pos type="NN"/>
                    <lemma type="receipt"/>
                    <dep head="5-2" type="dobj"/>
                </token>
                <token content="to" id="5-5"/>
                <token content="the" id="5-6">
                    <pos type="DT"/>
                    <lemma type="the"/>
                </token>
                <token content="clerk" id="5-7">
                    <pos type="NN"/>
                    <lemma type="clerk"/>
                    <dep head="5-2" type="prep"/>
                </token>
                <token content="and" id="5-8"/>
                <token content="he" id="5-9">
                    <pos type="PRP"/>
                    <lemma type="he"/>
                    <dep head="5-10" type="nsubj"/>
                </token>
                <token content="handed" id="5-10">
                    <pos type="VBD"/>
                    <lemma type="hand"/>
                    <dep head="5-2" type="conj"/>
                </token>
                <token content="me" id="5-11">
                    <pos type="PRP"/>
                    <lemma type="I"/>
                    <dep head="5-10" type="iobj"/>
                </token>
                <token content="my" id="5-12">
                    <pos type="PRP$"/>
                    <lemma type="my"/>
                </token>
                <token content="ticket" id="5-13">
                    <pos type="NN"/>
                    <lemma type="ticket"/>
                    <dep head="5-10" type="dobj"/>
                </token>
                <token content="." id="5-14"/>
            </sentence>
            <sentence id="6">
                <token content="My" id="6-1">
                    <pos type="PRP$"/>
                    <lemma type="my"/>
                </token>
                <token content="train" id="6-2">
                    <pos type="NN"/>
                    <lemma type="train"/>
                    <dep head="6-4" type="nsubjpass"/>
                </token>
                <token content="was" id="6-3">
                    <pos type="VBD"/>
                    <lemma type="be"/>
                    <dep head="6-4" type="auxpass"/>
                </token>
                <token content="scheduled" id="6-4">
                    <pos type="VBN"/>
                    <lemma type="schedule"/>
                </token>
                <token content="to" id="6-5">
                    <pos type="TO"/>
                    <lemma type="to"/>
                    <dep head="6-6" type="aux"/>
                </token>
                <token content="depart" id="6-6">
                    <pos type="VB"/>
                    <lemma type="depart"/>
                    <dep head="6-4" type="xcomp"/>
                </token>
                <token content="at" id="6-7"/>
                <token content="8:00" id="6-8">
                    <pos type="CD"/>
                    <lemma type="8:00"/>
                </token>
                <token content="AM" id="6-9">
                    <pos type="NNS"/>
                    <lemma type="am"/>
                    <dep head="6-6" type="prep"/>
                </token>
                <token content="." id="6-10"/>
            </sentence>
            <sentence id="7">
                <token content="I" id="7-1">
                    <pos type="PRP"/>
                    <lemma type="I"/>
                    <dep head="7-2" type="nsubj"/>
                </token>
                <token content="checked" id="7-2">
                    <pos type="VBD"/>
                    <lemma type="check"/>
                </token>
                <token content="my" id="7-3">
                    <pos type="PRP$"/>
                    <lemma type="my"/>
                </token>
                <token content="watch" id="7-4">
                    <pos type="NN"/>
                    <lemma type="watch"/>
                    <dep head="7-2" type="dobj"/>
                </token>
                <token content="and" id="7-5"/>
                <token content="saw" id="7-6">
                    <pos type="VBD"/>
                    <lemma type="see"/>
                    <dep head="7-2" type="conj"/>
                </token>
                <token content="it" id="7-7">
                    <pos type="PRP"/>
                    <lemma type="it"/>
                </token>
                <token content="was" id="7-8">
                    <pos type="VBD"/>
                    <lemma type="be"/>
                </token>
                <token content="7:35" id="7-9">
                    <pos type="NNP"/>
                    <lemma type="7:35"/>
                    <dep head="7-6" type="ccomp"/>
                </token>
                <token content="AM" id="7-10">
                    <pos type="VBP"/>
                    <lemma type="be"/>
                </token>
                <token content="." id="7-11"/>
            </sentence>
            <sentence id="8">
                <token content="I" id="8-1">
                    <pos type="PRP"/>
                    <lemma type="I"/>
                    <dep head="8-3" type="nsubj"/>
                </token>
                <token content="quickly" id="8-2">
                    <pos type="RB"/>
                    <lemma type="quickly"/>
                    <dep head="8-3" type="advmod"/>
                </token>
                <token content="headed" id="8-3">
                    <pos type="VBD"/>
                    <lemma type="head"/>
                </token>
                <token content="to" id="8-4"/>
                <token content="the" id="8-5">
                    <pos type="DT"/>
                    <lemma type="the"/>
                </token>
                <token content="gate" id="8-6">
                    <pos type="NN"/>
                    <lemma type="gate"/>
                    <dep head="8-3" type="prep"/>
                </token>
                <token content="where" id="8-7">
                    <pos type="WRB"/>
                    <lemma type="where"/>
                    <dep head="8-10" type="advmod"/>
                </token>
                <token content="my" id="8-8">
                    <pos type="PRP$"/>
                    <lemma type="my"/>
                </token>
                <token content="train" id="8-9">
                    <pos type="NN"/>
                    <lemma type="train"/>
                    <dep head="8-10" type="nsubj"/>
                </token>
                <token content="was" id="8-10">
                    <pos type="VBD"/>
                    <lemma type="be"/>
                    <dep head="8-3" type="advcl"/>
                </token>
                <token content="." id="8-11"/>
            </sentence>
            <sentence id="9">
                <token content="I" id="9-1">
                    <pos type="PRP"/>
                    <lemma type="I"/>
                    <dep head="9-2" type="nsubj"/>
                </token>
                <token content="approached" id="9-2">
                    <pos type="VBD"/>
                    <lemma type="approach"/>
                </token>
                <token content="the" id="9-3">
                    <pos type="DT"/>
                    <lemma type="the"/>
                </token>
                <token content="gate" id="9-4">
                    <pos type="NN"/>
                    <lemma type="gate"/>
                    <dep head="9-2" type="dobj"/>
                </token>
                <token content="and" id="9-5"/>
                <token content="handed" id="9-6">
                    <pos type="VBD"/>
                    <lemma type="hand"/>
                    <dep head="9-2" type="conj"/>
                </token>
                <token content="my" id="9-7">
                    <pos type="PRP$"/>
                    <lemma type="my"/>
                </token>
                <token content="ticket" id="9-8">
                    <pos type="NN"/>
                    <lemma type="ticket"/>
                    <dep head="9-6" type="dobj"/>
                </token>
                <token content="over" id="9-9">
                    <pos type="RP"/>
                    <lemma type="over"/>
                    <dep head="9-6" type="prt"/>
                </token>
                <token content="." id="9-10"/>
            </sentence>
            <sentence id="10">
                <token content="I" id="10-1">
                    <pos type="PRP"/>
                    <lemma type="I"/>
                </token>
                <token content="was" id="10-2">
                    <pos type="VBD"/>
                    <lemma type="be"/>
                </token>
                <token content="easily" id="10-3">
                    <pos type="RB"/>
                    <lemma type="easily"/>
                </token>
                <token content="able" id="10-4">
                    <pos type="JJ"/>
                    <lemma type="able"/>
                </token>
                <token content="to" id="10-5">
                    <pos type="TO"/>
                    <lemma type="to"/>
                    <dep head="10-6" type="aux"/>
                </token>
                <token content="board" id="10-6">
                    <pos type="VB"/>
                    <lemma type="board"/>
                </token>
                <token content="the" id="10-7">
                    <pos type="DT"/>
                    <lemma type="the"/>
                </token>
                <token content="train" id="10-8">
                    <pos type="NN"/>
                    <lemma type="train"/>
                    <dep head="10-6" type="dobj"/>
                </token>
                <token content="." id="10-9"/>
            </sentence>
            <sentence id="11">
                <token content="I" id="11-1">
                    <pos type="PRP"/>
                    <lemma type="I"/>
                    <dep head="11-2" type="nsubj"/>
                </token>
                <token content="found" id="11-2">
                    <pos type="VBD"/>
                    <lemma type="find"/>
                </token>
                <token content="my" id="11-3">
                    <pos type="PRP$"/>
                    <lemma type="my"/>
                </token>
                <token content="seat" id="11-4">
                    <pos type="NN"/>
                    <lemma type="seat"/>
                    <dep head="11-2" type="dobj"/>
                </token>
                <token content="towards" id="11-5"/>
                <token content="the" id="11-6">
                    <pos type="DT"/>
                    <lemma type="the"/>
                </token>
                <token content="back" id="11-7">
                    <pos type="NN"/>
                    <lemma type="back"/>
                    <dep head="11-2" type="prep"/>
                </token>
                <token content="of" id="11-8"/>
                <token content="the" id="11-9">
                    <pos type="DT"/>
                    <lemma type="the"/>
                </token>
                <token content="train" id="11-10">
                    <pos type="NN"/>
                    <lemma type="train"/>
                </token>
                <token content="." id="11-11"/>
            </sentence>
            <sentence id="12">
                <token content="I" id="12-1">
                    <pos type="PRP"/>
                    <lemma type="I"/>
                </token>
                <token content="was" id="12-2">
                    <pos type="VBD"/>
                    <lemma type="be"/>
                </token>
                <token content="happy" id="12-3">
                    <pos type="JJ"/>
                    <lemma type="happy"/>
                </token>
                <token content="to" id="12-4">
                    <pos type="TO"/>
                    <lemma type="to"/>
                    <dep head="12-5" type="aux"/>
                </token>
                <token content="have" id="12-5">
                    <pos type="VB"/>
                    <lemma type="have"/>
                </token>
                <token content="a" id="12-6">
                    <pos type="DT"/>
                    <lemma type="a"/>
                </token>
                <token content="window" id="12-7">
                    <pos type="NN"/>
                    <lemma type="window"/>
                </token>
                <token content="seat" id="12-8">
                    <pos type="NN"/>
                    <lemma type="seat"/>
                    <dep head="12-5" type="dobj"/>
                </token>
                <token content="so" id="12-9">
                    <pos type="IN"/>
                    <lemma type="so"/>
                    <dep head="12-12" type="mark"/>
                </token>
                <token content="I" id="12-10">
                    <pos type="PRP"/>
                    <lemma type="I"/>
                    <dep head="12-12" type="nsubj"/>
                </token>
                <token content="could" id="12-11">
                    <pos type="MD"/>
                    <lemma type="could"/>
                    <dep head="12-12" type="aux"/>
                </token>
                <token content="view" id="12-12">
                    <pos type="VB"/>
                    <lemma type="view"/>
                    <dep head="12-5" type="advcl"/>
                </token>
                <token content="the" id="12-13">
                    <pos type="DT"/>
                    <lemma type="the"/>
                </token>
                <token content="scenery" id="12-14">
                    <pos type="NN"/>
                    <lemma type="scenery"/>
                    <dep head="12-12" type="dobj"/>
                </token>
                <token content="during" id="12-15"/>
                <token content="the" id="12-16">
                    <pos type="DT"/>
                    <lemma type="the"/>
                </token>
                <token content="trip" id="12-17">
                    <pos type="NN"/>
                    <lemma type="trip"/>
                    <dep head="12-12" type="prep"/>
                </token>
                <token content="." id="12-18"/>
            </sentence>
            <sentence id="13">
                <token content="I" id="13-1">
                    <pos type="PRP"/>
                    <lemma type="I"/>
                    <dep head="13-2" type="nsubj"/>
                </token>
                <token content="set" id="13-2">
                    <pos type="VBD"/>
                    <lemma type="set"/>
                </token>
                <token content="my" id="13-3">
                    <pos type="PRP$"/>
                    <lemma type="my"/>
                </token>
                <token content="luggage" id="13-4">
                    <pos type="NN"/>
                    <lemma type="luggage"/>
                    <dep head="13-2" type="dobj"/>
                </token>
                <token content="aside" id="13-5">
                    <pos type="RB"/>
                    <lemma type="aside"/>
                    <dep head="13-2" type="advmod"/>
                </token>
                <token content="and" id="13-6"/>
                <token content="settled" id="13-7">
                    <pos type="VBD"/>
                    <lemma type="settle"/>
                    <dep head="13-2" type="conj"/>
                </token>
                <token content="into" id="13-8"/>
                <token content="my" id="13-9">
                    <pos type="PRP$"/>
                    <lemma type="my"/>
                </token>
                <token content="seat" id="13-10">
                    <pos type="NN"/>
                    <lemma type="seat"/>
                    <dep head="13-7" type="prep"/>
                </token>
                <token content="." id="13-11"/>
            </sentence>
            <sentence id="14">
                <token content="The" id="14-1">
                    <pos type="DT"/>
                    <lemma type="the"/>
                </token>
                <token content="steward" id="14-2">
                    <pos type="NN"/>
                    <lemma type="steward"/>
                    <dep head="14-3" type="nsubj"/>
                </token>
                <token content="came" id="14-3">
                    <pos type="VBD"/>
                    <lemma type="come"/>
                </token>
                <token content="over" id="14-4">
                    <pos type="RP"/>
                    <lemma type="over"/>
                    <dep head="14-3" type="prt"/>
                </token>
                <token content="and" id="14-5"/>
                <token content="asked" id="14-6">
                    <pos type="VBD"/>
                    <lemma type="ask"/>
                    <dep head="14-3" type="conj"/>
                </token>
                <token content="if" id="14-7">
                    <pos type="IN"/>
                    <lemma type="if"/>
                    <dep head="14-9" type="mark"/>
                </token>
                <token content="I" id="14-8">
                    <pos type="PRP"/>
                    <lemma type="I"/>
                    <dep head="14-9" type="nsubj"/>
                </token>
                <token content="wanted" id="14-9">
                    <pos type="VBD"/>
                    <lemma type="want"/>
                    <dep head="14-6" type="advcl"/>
                </token>
                <token content="a" id="14-10">
                    <pos type="DT"/>
                    <lemma type="a"/>
                </token>
                <token content="beverage" id="14-11">
                    <pos type="NN"/>
                    <lemma type="beverage"/>
                    <dep head="14-9" type="dobj"/>
                </token>
                <token content="." id="14-12"/>
            </sentence>
            <sentence id="15">
                <token content="I" id="15-1">
                    <pos type="PRP"/>
                    <lemma type="I"/>
                    <dep head="15-2" type="nsubj"/>
                </token>
                <token content="said" id="15-2">
                    <pos type="VBD"/>
                    <lemma type="say"/>
                </token>
                <token content="I" id="15-3">
                    <pos type="PRP"/>
                    <lemma type="I"/>
                    <dep head="15-5" type="nsubj"/>
                </token>
                <token content="would" id="15-4">
                    <pos type="MD"/>
                    <lemma type="would"/>
                    <dep head="15-5" type="aux"/>
                </token>
                <token content="like" id="15-5">
                    <pos type="VB"/>
                    <lemma type="like"/>
                    <dep head="15-2" type="ccomp"/>
                </token>
                <token content="a" id="15-6">
                    <pos type="DT"/>
                    <lemma type="a"/>
                </token>
                <token content="water" id="15-7">
                    <pos type="NN"/>
                    <lemma type="water"/>
                    <dep head="15-5" type="dobj"/>
                </token>
                <token content="." id="15-8"/>
            </sentence>
            <sentence id="16">
                <token content="She" id="16-1">
                    <pos type="PRP"/>
                    <lemma type="she"/>
                    <dep head="16-3" type="nsubj"/>
                </token>
                <token content="quickly" id="16-2">
                    <pos type="RB"/>
                    <lemma type="quickly"/>
                    <dep head="16-3" type="advmod"/>
                </token>
                <token content="returned" id="16-3">
                    <pos type="VBD"/>
                    <lemma type="return"/>
                </token>
                <token content="with" id="16-4"/>
                <token content="my" id="16-5">
                    <pos type="PRP$"/>
                    <lemma type="my"/>
                </token>
                <token content="drink" id="16-6">
                    <pos type="NN"/>
                    <lemma type="drink"/>
                    <dep head="16-3" type="prep"/>
                </token>
                <token content="." id="16-7"/>
            </sentence>
            <sentence id="17">
                <token content="Shortly" id="17-1">
                    <pos type="RB"/>
                    <lemma type="shortly"/>
                </token>
                <token content="after" id="17-2">
                    <pos type="IN"/>
                    <lemma type="after"/>
                    <dep head="17-6" type="prep"/>
                </token>
                <token content="," id="17-3"/>
                <token content="the" id="17-4">
                    <pos type="DT"/>
                    <lemma type="the"/>
                </token>
                <token content="train" id="17-5">
                    <pos type="NN"/>
                    <lemma type="train"/>
                    <dep head="17-6" type="nsubj"/>
                </token>
                <token content="departed" id="17-6">
                    <pos type="VBD"/>
                    <lemma type="depart"/>
                </token>
                <token content="." id="17-7"/>
            </sentence>
            <sentence id="18">
                <token content="I" id="18-1">
                    <pos type="PRP"/>
                    <lemma type="I"/>
                    <dep head="18-3" type="nsubjpass"/>
                </token>
                <token content="was" id="18-2">
                    <pos type="VBD"/>
                    <lemma type="be"/>
                    <dep head="18-3" type="auxpass"/>
                </token>
                <token content="impressed" id="18-3">
                    <pos type="VBN"/>
                    <lemma type="impress"/>
                </token>
                <token content="with" id="18-4"/>
                <token content="the" id="18-5">
                    <pos type="DT"/>
                    <lemma type="the"/>
                </token>
                <token content="scenery" id="18-6">
                    <pos type="NN"/>
                    <lemma type="scenery"/>
                    <dep head="18-3" type="prep"/>
                </token>
                <token content="during" id="18-7"/>
                <token content="the" id="18-8">
                    <pos type="DT"/>
                    <lemma type="the"/>
                </token>
                <token content="trip" id="18-9">
                    <pos type="NN"/>
                    <lemma type="trip"/>
                    <dep head="18-3" type="prep"/>
                </token>
                <token content="." id="18-10"/>
            </sentence>
            <sentence id="19">
                <token content="I" id="19-1">
                    <pos type="PRP"/>
                    <lemma type="I"/>
                    <dep head="19-3" type="nsubj"/>
                </token>
                <token content="also" id="19-2">
                    <pos type="RB"/>
                    <lemma type="also"/>
                    <dep head="19-3" type="advmod"/>
                </token>
                <token content="chatted" id="19-3">
                    <pos type="VBD"/>
                    <lemma type="chat"/>
                </token>
                <token content="with" id="19-4"/>
                <token content="a" id="19-5">
                    <pos type="DT"/>
                    <lemma type="a"/>
                </token>
                <token content="few" id="19-6">
                    <pos type="JJ"/>
                    <lemma type="few"/>
                </token>
                <token content="other" id="19-7">
                    <pos type="JJ"/>
                    <lemma type="other"/>
                </token>
                <token content="passengers" id="19-8">
                    <pos type="NNS"/>
                    <lemma type="passenger"/>
                    <dep head="19-3" type="prep"/>
                </token>
                <token content="and" id="19-9"/>
                <token content="enjoyed" id="19-10">
                    <pos type="VBD"/>
                    <lemma type="enjoy"/>
                    <dep head="19-3" type="conj"/>
                </token>
                <token content="a" id="19-11">
                    <pos type="DT"/>
                    <lemma type="a"/>
                </token>
                <token content="quick" id="19-12">
                    <pos type="JJ"/>
                    <lemma type="quick"/>
                </token>
                <token content="nap" id="19-13">
                    <pos type="NN"/>
                    <lemma type="nap"/>
                    <dep head="19-10" type="dobj"/>
                </token>
                <token content="during" id="19-14"/>
                <token content="the" id="19-15">
                    <pos type="DT"/>
                    <lemma type="the"/>
                </token>
                <token content="trip" id="19-16">
                    <pos type="NN"/>
                    <lemma type="trip"/>
                    <dep head="19-10" type="prep"/>
                </token>
                <token content="." id="19-17"/>
            </sentence>
            <sentence id="20">
                <token content="After" id="20-1"/>
                <token content="about" id="20-2">
                    <pos type="RB"/>
                    <lemma type="about"/>
                </token>
                <token content="two" id="20-3">
                    <pos type="CD"/>
                    <lemma type="two"/>
                </token>
                <token content="hours" id="20-4">
                    <pos type="NNS"/>
                    <lemma type="hour"/>
                    <dep head="20-8" type="prep"/>
                </token>
                <token content="," id="20-5"/>
                <token content="the" id="20-6">
                    <pos type="DT"/>
                    <lemma type="the"/>
                </token>
                <token content="train" id="20-7">
                    <pos type="NN"/>
                    <lemma type="train"/>
                    <dep head="20-8" type="nsubj"/>
                </token>
                <token content="arrived" id="20-8">
                    <pos type="VBD"/>
                    <lemma type="arrive"/>
                </token>
                <token content="at" id="20-9"/>
                <token content="its" id="20-10">
                    <pos type="PRP$"/>
                    <lemma type="its"/>
                </token>
                <token content="destination" id="20-11">
                    <pos type="NN"/>
                    <lemma type="destination"/>
                    <dep head="20-8" type="prep"/>
                </token>
                <token content="." id="20-12"/>
            </sentence>
            <sentence id="21">
                <token content="I" id="21-1">
                    <pos type="PRP"/>
                    <lemma type="I"/>
                    <dep head="21-2" type="nsubj"/>
                </token>
                <token content="gathered" id="21-2">
                    <pos type="VBD"/>
                    <lemma type="gather"/>
                </token>
                <token content="my" id="21-3">
                    <pos type="PRP$"/>
                    <lemma type="my"/>
                </token>
                <token content="luggage" id="21-4">
                    <pos type="NN"/>
                    <lemma type="luggage"/>
                    <dep head="21-2" type="dobj"/>
                </token>
                <token content="and" id="21-5"/>
                <token content="got" id="21-6">
                    <pos type="VBD"/>
                    <lemma type="get"/>
                    <dep head="21-2" type="conj"/>
                </token>
                <token content="off" id="21-7">
                    <pos type="RP"/>
                    <lemma type="off"/>
                    <dep head="21-6" type="prt"/>
                </token>
                <token content="the" id="21-8">
                    <pos type="DT"/>
                    <lemma type="the"/>
                </token>
                <token content="train" id="21-9">
                    <pos type="NN"/>
                    <lemma type="train"/>
                    <dep head="21-6" type="dobj"/>
                </token>
                <token content="." id="21-10"/>
            </sentence>
            <sentence id="22">
                <token content="I" id="22-1">
                    <pos type="PRP"/>
                    <lemma type="I"/>
                    <dep head="22-3" type="nsubj"/>
                </token>
                <token content="had" id="22-2">
                    <pos type="VBD"/>
                    <lemma type="have"/>
                    <dep head="22-3" type="aux"/>
                </token>
                <token content="arrived" id="22-3">
                    <pos type="VBN"/>
                    <lemma type="arrive"/>
                </token>
                <token content="in" id="22-4"/>
                <token content="Boston" id="22-5">
                    <pos type="NNP"/>
                    <lemma type="Boston"/>
                    <dep head="22-3" type="prep"/>
                </token>
                <token content="." id="22-6"/>
            </sentence>
        </sentences>
    </text>
    <annotations>
        <participants>
            <label from="1-2" id="0" name="ScrPart_time_date" text="night" type="participant"/>
            <label from="1-4" id="1" name="ScrPart_passenger" text="I" type="participant"/>
            <label from="1-6" id="2" name="ScrPart_passenger" text="my" type="participant"/>
            <label from="1-7" id="3" name="ScrPart_card/ticket" text="ticket" type="participant"/>
            <label from="1-9" id="4" name="ScrPart_destination" text="Boston" type="participant"/>
            <label from="2-1" id="5" name="ScrPart_passenger" text="I" type="participant"/>
            <label from="2-5" id="6" name="ScrPart_ticket_office/website" text="computer" type="participant"/>
            <label from="2-11" id="7" name="ScrPart_train" text="train" type="participant"/>
            <label from="2-14" id="8" name="ScrPart_passenger" text="my" type="participant"/>
            <label from="2-15" id="9" name="ScrPart_card/ticket" text="ticket" type="participant"/>
            <label from="3-1" id="10" name="ScrPart_passenger" text="I" type="participant"/>
            <label from="3-3" id="11" name="ScrPart_passenger" text="my" type="participant"/>
            <label from="3-4" id="12" name="ScrPart_luggage" text="bag" type="participant"/>
            <label from="3-7" id="13" name="ScrPart_passenger" text="my" type="participant"/>
            <label from="3-8" id="14" name="NPart" text="purchase confirmation" to="3-9" type="participant"/>
            <label from="3-9" id="15" name="NPart" text="confirmation" type="participant"/>
            <label from="4-2" id="16" name="ScrPart_time_date" text="morning" type="participant"/>
            <label from="4-4" id="17" name="ScrPart_passenger" text="I" type="participant"/>
            <label from="4-8" id="18" name="ScrPart_train_station" text="train station" to="4-9" type="participant"/>
            <label from="4-9" id="19" name="ScrPart_train_station" text="station" type="participant"/>
            <label from="5-1" id="20" name="ScrPart_passenger" text="I" type="participant"/>
            <label from="5-3" id="21" name="ScrPart_passenger" text="my" type="participant"/>
            <label from="5-4" id="22" name="NPart" text="receipt" type="participant"/>
            <label from="5-7" id="23" name="NPart" text="clerk" type="participant"/>
            <label from="5-9" id="24" name="NPart" text="he" type="participant"/>
            <label from="5-11" id="25" name="ScrPart_passenger" text="me" type="participant"/>
            <label from="5-12" id="26" name="ScrPart_passenger" text="my" type="participant"/>
            <label from="5-13" id="27" name="ScrPart_card/ticket" text="ticket" type="participant"/>
            <label from="6-1" id="28" name="ScrPart_passenger" text="My" type="participant"/>
            <label from="6-2" id="29" name="ScrPart_train" text="train" type="participant"/>
            <label from="6-8" id="30" name="ScrPart_time_date" text="8:00 AM" to="6-9" type="participant"/>
            <label from="7-1" id="31" name="ScrPart_passenger" text="I" type="participant"/>
            <label from="7-3" id="32" name="ScrPart_passenger" text="my" type="participant"/>
            <label from="7-4" id="33" name="NPart" text="watch" type="participant"/>
            <label from="7-7" id="34" name="No_label" text="it" type="participant"/>
            <label from="7-9" id="35" name="ScrPart_time_date" text="7:35 AM" to="7-10" type="participant"/>
            <label from="8-1" id="36" name="ScrPart_passenger" text="I" type="participant"/>
            <label from="8-6" id="37" name="ScrPart_platform" text="gate" type="participant"/>
            <label from="8-8" id="38" name="ScrPart_passenger" text="my" type="participant"/>
            <label from="8-9" id="39" name="ScrPart_train" text="train" type="participant"/>
            <label from="9-1" id="40" name="ScrPart_passenger" text="I" type="participant"/>
            <label from="9-4" id="41" name="ScrPart_platform" text="gate" type="participant"/>
            <label from="9-7" id="42" name="ScrPart_passenger" text="my" type="participant"/>
            <label from="9-8" id="43" name="ScrPart_card/ticket" text="ticket" type="participant"/>
            <label from="10-1" id="44" name="ScrPart_passenger" text="I" type="participant"/>
            <label from="10-8" id="45" name="ScrPart_train" text="train" type="participant"/>
            <label from="11-1" id="46" name="ScrPart_passenger" text="I" type="participant"/>
            <label from="11-3" id="47" name="ScrPart_passenger" text="my" type="participant"/>
            <label from="11-4" id="48" name="ScrPart_seat" text="seat" type="participant"/>
            <label from="11-7" id="49" name="ScrPart_location_train" text="back" type="participant"/>
            <label from="11-10" id="50" name="ScrPart_train" text="train" type="participant"/>
            <label from="12-1" id="51" name="ScrPart_passenger" text="I" type="participant"/>
            <label from="12-7" id="52" name="ScrPart_seat" text="window seat" to="12-8" type="participant"/>
            <label from="12-8" id="53" name="ScrPart_seat" text="seat" type="participant"/>
            <label from="12-10" id="54" name="ScrPart_passenger" text="I" type="participant"/>
            <label from="12-14" id="55" name="ScrPart_in-train_entertainment" text="scenery" type="participant"/>
            <label from="12-17" id="56" name="ScrPart_trip" text="trip" type="participant"/>
            <label from="13-1" id="57" name="ScrPart_passenger" text="I" type="participant"/>
            <label from="13-3" id="58" name="ScrPart_passenger" text="my" type="participant"/>
            <label from="13-4" id="59" name="ScrPart_luggage" text="luggage" type="participant"/>
            <label from="13-9" id="60" name="ScrPart_passenger" text="my" type="participant"/>
            <label from="13-10" id="61" name="ScrPart_seat" text="seat" type="participant"/>
            <label from="14-2" id="62" name="ScrPart_train_staff" text="steward" type="participant"/>
            <label from="14-8" id="63" name="ScrPart_passenger" text="I" type="participant"/>
            <label from="14-11" id="64" name="ScrPart_in-train_entertainment" text="beverage" type="participant"/>
            <label from="15-1" id="65" name="ScrPart_passenger" text="I" type="participant"/>
            <label from="15-3" id="66" name="ScrPart_passenger" text="I" type="participant"/>
            <label from="15-7" id="67" name="ScrPart_in-train_entertainment" text="water" type="participant"/>
            <label from="16-1" id="68" name="ScrPart_train_staff" text="She" type="participant"/>
            <label from="16-5" id="69" name="ScrPart_passenger" text="my" type="participant"/>
            <label from="16-6" id="70" name="ScrPart_in-train_entertainment" text="drink" type="participant"/>
            <label from="17-5" id="71" name="ScrPart_train" text="train" type="participant"/>
            <label from="18-1" id="72" name="ScrPart_passenger" text="I" type="participant"/>
            <label from="18-6" id="73" name="ScrPart_in-train_entertainment" text="scenery" type="participant"/>
            <label from="18-9" id="74" name="ScrPart_trip" text="trip" type="participant"/>
            <label from="19-1" id="75" name="ScrPart_passenger" text="I" type="participant"/>
            <label from="19-8" id="76" name="ScrPart_passenger" text="passengers" type="participant"/>
            <label from="19-13" id="77" name="SuppVComp" text="nap" type="participant"/>
            <label from="19-16" id="78" name="ScrPart_trip" text="trip" type="participant"/>
            <label from="20-4" id="79" name="ScrPart_time_date" text="hours" type="participant"/>
            <label from="20-7" id="80" name="ScrPart_train" text="train" type="participant"/>
            <label from="20-10" id="81" name="ScrPart_train" text="its" type="participant"/>
            <label from="20-11" id="82" name="ScrPart_destination" text="destination" type="participant"/>
            <label from="21-1" id="83" name="ScrPart_passenger" text="I" type="participant"/>
            <label from="21-3" id="84" name="ScrPart_passenger" text="my" type="participant"/>
            <label from="21-4" id="85" name="ScrPart_luggage" text="luggage" type="participant"/>
            <label from="21-9" id="86" name="ScrPart_train" text="train" type="participant"/>
            <label from="22-1" id="87" name="ScrPart_passenger" text="I" type="participant"/>
            <label from="22-5" id="88" name="ScrPart_destination" text="Boston" type="participant"/>
        </participants>
        <events>
            <label from="1-5" id="89" name="ScrEv_get_tickets" text="booked" type="event"/>
            <label from="2-2" id="90" name="RelNScrEv" text="got" type="event"/>
            <label from="2-7" id="91" name="ScrEv_check_time-table" text="found" type="event"/>
            <label from="2-13" id="92" name="ScrEv_get_tickets" text="purchased" type="event"/>
            <label from="3-2" id="93" name="RelNScrEv" text="packed" type="event"/>
            <label from="3-6" id="94" name="RelNScrEv" text="printed" type="event"/>
            <label from="4-5" id="95" name="ScrEv_get_train_station" text="headed" type="event"/>
            <label from="5-2" id="96" name="RelNScrEv" text="handed" type="event"/>
            <label from="5-10" id="97" name="RelNScrEv" text="handed" type="event"/>
            <label from="6-4" id="98" name="UnrelEv" text="scheduled" type="event"/>
            <label from="6-6" id="99" name="ScrEv_train_departs" text="depart" type="event"/>
            <label from="7-2" id="100" name="UnrelEv" text="checked" type="event"/>
            <label from="7-8" id="101" name="UnrelEv" text="was" type="event"/>
            <label from="8-3" id="102" name="ScrEv_get_platform" text="headed" type="event"/>
            <label from="8-10" id="103" name="UnrelEv" text="was" type="event"/>
            <label from="9-2" id="104" name="ScrEv_get_platform" text="approached" type="event"/>
            <label from="9-6" id="105" name="RelNScrEv" text="handed" type="event"/>
            <label from="10-2" id="106" name="UnrelEv" text="was" type="event"/>
            <label from="10-6" id="107" name="ScrEv_get_on" text="board" type="event"/>
            <label from="11-2" id="108" name="ScrEv_find_place" text="found" type="event"/>
            <label from="12-2" id="109" name="UnrelEv" text="was" type="event"/>
            <label from="12-5" id="110" name="UnrelEv" text="have" type="event"/>
            <label from="12-12" id="111" name="ScrEv_spend_time_train" text="view" type="event"/>
            <label from="13-2" id="112" name="RelNScrEv" text="set" type="event"/>
            <label from="13-7" id="113" name="RelNScrEv" text="settled" type="event"/>
            <label from="14-3" id="114" name="RelNScrEv" text="came over" to="14-4" type="event"/>
            <label from="14-6" id="115" name="RelNScrEv" text="asked" type="event"/>
            <label from="14-9" id="116" name="UnrelEv" text="wanted" type="event"/>
            <label from="15-2" id="117" name="RelNScrEv" text="said" type="event"/>
            <label from="15-5" id="118" name="UnrelEv" text="like" type="event"/>
            <label from="16-3" id="119" name="RelNScrEv" text="returned" type="event"/>
            <label from="17-6" id="120" name="ScrEv_train_departs" text="departed" type="event"/>
            <label from="18-2" id="121" name="UnrelEv" text="was" type="event"/>
            <label from="19-3" id="122" name="ScrEv_spend_time_train" text="chatted" type="event"/>
            <label from="19-10" id="123" name="ScrEv_spend_time_train" text="enjoyed" type="event"/>
            <label from="20-8" id="124" name="ScrEv_arrive_destination" text="arrived" type="event"/>
            <label from="21-2" id="125" name="RelNScrEv" text="gathered" type="event"/>
            <label from="21-6" id="126" name="ScrEv_get_off" text="got" type="event"/>
            <label from="22-3" id="127" name="RelNScrEv" text="arrived" type="event"/>
        </events>
        <chains>
            <chain elements="1 2 5 8 10 11 13 17 20 21 25 26 28 31 32 36 38 40 42 44 46 47 51 54 57 58 60 63 65 66 69 72 75 83 84 87"/>
            <chain elements="3 9 27 43"/>
            <chain elements="15 22"/>
            <chain elements="23 24"/>
            <chain elements="7 29 39 45 50 71 80 86 81"/>
            <chain elements="37 41"/>
            <chain elements="48 53 61"/>
            <chain elements="12 59 85"/>
            <chain elements="64 67 70"/>
            <chain elements="62 68"/>
            <chain elements="55 73"/>
            <chain elements="4 82 88"/>
            <chain elements="56 74 78"/>
        </chains>
    </annotations>
</story>
