<?xml version="1.0" encoding="UTF-8" standalone="no"?>
<!DOCTYPE story SYSTEM "../InScript.dtd">
<story id="066" scenario="train">
    <text>
        <content>I wanted to go on a trip into the city to go clothes shopping . 
So I got into my car and drove to the local commuter train station in my town . 
When I got to the train station , I paid my ten dollar fare , and hopped on the train . 
As I got on the train , there were two different levels , a top and bottom level . 
I climbed the stairs to get to the top level , and proceeded to walk down the aisle to find a decent seat , preferably by the window . 
As I sat down , I looked at the window with curiosity as the train started whizzing by our surroundings . 
We made plenty of stops , and each time plenty of fresh new faces came abroad , awaiting to get to their destination . 
On the train I made a few new friends , and the trip into the city was very fun indeed . </content>
        <sentences>
            <sentence id="1">
                <token content="I" id="1-1">
                    <pos type="PRP"/>
                    <lemma type="I"/>
                    <dep head="1-2" type="nsubj"/>
                </token>
                <token content="wanted" id="1-2">
                    <pos type="VBD"/>
                    <lemma type="want"/>
                </token>
                <token content="to" id="1-3">
                    <pos type="TO"/>
                    <lemma type="to"/>
                    <dep head="1-4" type="aux"/>
                </token>
                <token content="go" id="1-4">
                    <pos type="VB"/>
                    <lemma type="go"/>
                    <dep head="1-2" type="xcomp"/>
                </token>
                <token content="on" id="1-5"/>
                <token content="a" id="1-6">
                    <pos type="DT"/>
                    <lemma type="a"/>
                </token>
                <token content="trip" id="1-7">
                    <pos type="NN"/>
                    <lemma type="trip"/>
                    <dep head="1-4" type="prep"/>
                </token>
                <token content="into" id="1-8"/>
                <token content="the" id="1-9">
                    <pos type="DT"/>
                    <lemma type="the"/>
                </token>
                <token content="city" id="1-10">
                    <pos type="NN"/>
                    <lemma type="city"/>
                    <dep head="1-4" type="prep"/>
                </token>
                <token content="to" id="1-11">
                    <pos type="TO"/>
                    <lemma type="to"/>
                    <dep head="1-12" type="aux"/>
                </token>
                <token content="go" id="1-12">
                    <pos type="VB"/>
                    <lemma type="go"/>
                </token>
                <token content="clothes" id="1-13">
                    <pos type="NNS"/>
                    <lemma type="clothes"/>
                </token>
                <token content="shopping" id="1-14">
                    <pos type="NN"/>
                    <lemma type="shopping"/>
                    <dep head="1-12" type="dobj"/>
                </token>
                <token content="." id="1-15"/>
            </sentence>
            <sentence id="2">
                <token content="So" id="2-1">
                    <pos type="IN"/>
                    <lemma type="so"/>
                    <dep head="2-3" type="dep"/>
                </token>
                <token content="I" id="2-2">
                    <pos type="PRP"/>
                    <lemma type="I"/>
                    <dep head="2-3" type="nsubj"/>
                </token>
                <token content="got" id="2-3">
                    <pos type="VBD"/>
                    <lemma type="get"/>
                </token>
                <token content="into" id="2-4"/>
                <token content="my" id="2-5">
                    <pos type="PRP$"/>
                    <lemma type="my"/>
                </token>
                <token content="car" id="2-6">
                    <pos type="NN"/>
                    <lemma type="car"/>
                    <dep head="2-3" type="prep"/>
                </token>
                <token content="and" id="2-7"/>
                <token content="drove" id="2-8">
                    <pos type="VBD"/>
                    <lemma type="drive"/>
                    <dep head="2-3" type="conj"/>
                </token>
                <token content="to" id="2-9"/>
                <token content="the" id="2-10">
                    <pos type="DT"/>
                    <lemma type="the"/>
                </token>
                <token content="local" id="2-11">
                    <pos type="JJ"/>
                    <lemma type="local"/>
                </token>
                <token content="commuter" id="2-12">
                    <pos type="NN"/>
                    <lemma type="commuter"/>
                </token>
                <token content="train" id="2-13">
                    <pos type="NN"/>
                    <lemma type="train"/>
                </token>
                <token content="station" id="2-14">
                    <pos type="NN"/>
                    <lemma type="station"/>
                    <dep head="2-8" type="prep"/>
                </token>
                <token content="in" id="2-15"/>
                <token content="my" id="2-16">
                    <pos type="PRP$"/>
                    <lemma type="my"/>
                </token>
                <token content="town" id="2-17">
                    <pos type="NN"/>
                    <lemma type="town"/>
                    <dep head="2-8" type="prep"/>
                </token>
                <token content="." id="2-18"/>
            </sentence>
            <sentence id="3">
                <token content="When" id="3-1">
                    <pos type="WRB"/>
                    <lemma type="when"/>
                    <dep head="3-3" type="advmod"/>
                </token>
                <token content="I" id="3-2">
                    <pos type="PRP"/>
                    <lemma type="I"/>
                    <dep head="3-3" type="nsubj"/>
                </token>
                <token content="got" id="3-3">
                    <pos type="VBD"/>
                    <lemma type="get"/>
                    <dep head="3-10" type="advcl"/>
                </token>
                <token content="to" id="3-4"/>
                <token content="the" id="3-5">
                    <pos type="DT"/>
                    <lemma type="the"/>
                </token>
                <token content="train" id="3-6">
                    <pos type="NN"/>
                    <lemma type="train"/>
                </token>
                <token content="station" id="3-7">
                    <pos type="NN"/>
                    <lemma type="station"/>
                    <dep head="3-3" type="prep"/>
                </token>
                <token content="," id="3-8"/>
                <token content="I" id="3-9">
                    <pos type="PRP"/>
                    <lemma type="I"/>
                    <dep head="3-10" type="nsubj"/>
                </token>
                <token content="paid" id="3-10">
                    <pos type="VBD"/>
                    <lemma type="pay"/>
                </token>
                <token content="my" id="3-11">
                    <pos type="PRP$"/>
                    <lemma type="my"/>
                </token>
                <token content="ten" id="3-12">
                    <pos type="CD"/>
                    <lemma type="ten"/>
                </token>
                <token content="dollar" id="3-13">
                    <pos type="NN"/>
                    <lemma type="dollar"/>
                </token>
                <token content="fare" id="3-14">
                    <pos type="NN"/>
                    <lemma type="fare"/>
                    <dep head="3-10" type="dobj"/>
                </token>
                <token content="," id="3-15"/>
                <token content="and" id="3-16"/>
                <token content="hopped" id="3-17">
                    <pos type="VBD"/>
                    <lemma type="hop"/>
                    <dep head="3-10" type="conj"/>
                </token>
                <token content="on" id="3-18"/>
                <token content="the" id="3-19">
                    <pos type="DT"/>
                    <lemma type="the"/>
                </token>
                <token content="train" id="3-20">
                    <pos type="NN"/>
                    <lemma type="train"/>
                    <dep head="3-17" type="prep"/>
                </token>
                <token content="." id="3-21"/>
            </sentence>
            <sentence id="4">
                <token content="As" id="4-1">
                    <pos type="IN"/>
                    <lemma type="as"/>
                    <dep head="4-3" type="mark"/>
                </token>
                <token content="I" id="4-2">
                    <pos type="PRP"/>
                    <lemma type="I"/>
                    <dep head="4-3" type="nsubj"/>
                </token>
                <token content="got" id="4-3">
                    <pos type="VBD"/>
                    <lemma type="get"/>
                    <dep head="4-9" type="advcl"/>
                </token>
                <token content="on" id="4-4"/>
                <token content="the" id="4-5">
                    <pos type="DT"/>
                    <lemma type="the"/>
                </token>
                <token content="train" id="4-6">
                    <pos type="NN"/>
                    <lemma type="train"/>
                    <dep head="4-3" type="prep"/>
                </token>
                <token content="," id="4-7"/>
                <token content="there" id="4-8">
                    <pos type="EX"/>
                    <lemma type="there"/>
                    <dep head="4-9" type="expl"/>
                </token>
                <token content="were" id="4-9">
                    <pos type="VBD"/>
                    <lemma type="be"/>
                </token>
                <token content="two" id="4-10">
                    <pos type="CD"/>
                    <lemma type="two"/>
                </token>
                <token content="different" id="4-11">
                    <pos type="JJ"/>
                    <lemma type="different"/>
                </token>
                <token content="levels" id="4-12">
                    <pos type="NNS"/>
                    <lemma type="level"/>
                    <dep head="4-9" type="nsubj"/>
                </token>
                <token content="," id="4-13"/>
                <token content="a" id="4-14">
                    <pos type="DT"/>
                    <lemma type="a"/>
                </token>
                <token content="top" id="4-15">
                    <pos type="NN"/>
                    <lemma type="top"/>
                </token>
                <token content="and" id="4-16"/>
                <token content="bottom" id="4-17">
                    <pos type="JJ"/>
                    <lemma type="bottom"/>
                </token>
                <token content="level" id="4-18">
                    <pos type="NN"/>
                    <lemma type="level"/>
                </token>
                <token content="." id="4-19"/>
            </sentence>
            <sentence id="5">
                <token content="I" id="5-1">
                    <pos type="PRP"/>
                    <lemma type="I"/>
                    <dep head="5-2" type="nsubj"/>
                </token>
                <token content="climbed" id="5-2">
                    <pos type="VBD"/>
                    <lemma type="climb"/>
                </token>
                <token content="the" id="5-3">
                    <pos type="DT"/>
                    <lemma type="the"/>
                </token>
                <token content="stairs" id="5-4">
                    <pos type="NNS"/>
                    <lemma type="stair"/>
                    <dep head="5-2" type="dobj"/>
                </token>
                <token content="to" id="5-5">
                    <pos type="TO"/>
                    <lemma type="to"/>
                    <dep head="5-6" type="aux"/>
                </token>
                <token content="get" id="5-6">
                    <pos type="VB"/>
                    <lemma type="get"/>
                    <dep head="5-2" type="vmod"/>
                </token>
                <token content="to" id="5-7"/>
                <token content="the" id="5-8">
                    <pos type="DT"/>
                    <lemma type="the"/>
                </token>
                <token content="top" id="5-9">
                    <pos type="JJ"/>
                    <lemma type="top"/>
                </token>
                <token content="level" id="5-10">
                    <pos type="NN"/>
                    <lemma type="level"/>
                    <dep head="5-6" type="prep"/>
                </token>
                <token content="," id="5-11"/>
                <token content="and" id="5-12"/>
                <token content="proceeded" id="5-13">
                    <pos type="VBD"/>
                    <lemma type="proceed"/>
                    <dep head="5-2" type="conj"/>
                </token>
                <token content="to" id="5-14">
                    <pos type="TO"/>
                    <lemma type="to"/>
                    <dep head="5-15" type="aux"/>
                </token>
                <token content="walk" id="5-15">
                    <pos type="VB"/>
                    <lemma type="walk"/>
                    <dep head="5-13" type="xcomp"/>
                </token>
                <token content="down" id="5-16">
                    <pos type="RP"/>
                    <lemma type="down"/>
                    <dep head="5-15" type="prt"/>
                </token>
                <token content="the" id="5-17">
                    <pos type="DT"/>
                    <lemma type="the"/>
                </token>
                <token content="aisle" id="5-18">
                    <pos type="NN"/>
                    <lemma type="aisle"/>
                    <dep head="5-15" type="dobj"/>
                </token>
                <token content="to" id="5-19">
                    <pos type="TO"/>
                    <lemma type="to"/>
                    <dep head="5-20" type="aux"/>
                </token>
                <token content="find" id="5-20">
                    <pos type="VB"/>
                    <lemma type="find"/>
                </token>
                <token content="a" id="5-21">
                    <pos type="DT"/>
                    <lemma type="a"/>
                </token>
                <token content="decent" id="5-22">
                    <pos type="JJ"/>
                    <lemma type="decent"/>
                </token>
                <token content="seat" id="5-23">
                    <pos type="NN"/>
                    <lemma type="seat"/>
                    <dep head="5-20" type="dobj"/>
                </token>
                <token content="," id="5-24"/>
                <token content="preferably" id="5-25">
                    <pos type="RB"/>
                    <lemma type="preferably"/>
                    <dep head="5-20" type="advmod"/>
                </token>
                <token content="by" id="5-26"/>
                <token content="the" id="5-27">
                    <pos type="DT"/>
                    <lemma type="the"/>
                </token>
                <token content="window" id="5-28">
                    <pos type="NN"/>
                    <lemma type="window"/>
                    <dep head="5-13" type="prep"/>
                </token>
                <token content="." id="5-29"/>
            </sentence>
            <sentence id="6">
                <token content="As" id="6-1">
                    <pos type="IN"/>
                    <lemma type="as"/>
                    <dep head="6-3" type="mark"/>
                </token>
                <token content="I" id="6-2">
                    <pos type="PRP"/>
                    <lemma type="I"/>
                    <dep head="6-3" type="nsubj"/>
                </token>
                <token content="sat" id="6-3">
                    <pos type="VBD"/>
                    <lemma type="sit"/>
                    <dep head="6-7" type="advcl"/>
                </token>
                <token content="down" id="6-4">
                    <pos type="RP"/>
                    <lemma type="down"/>
                    <dep head="6-3" type="prt"/>
                </token>
                <token content="," id="6-5"/>
                <token content="I" id="6-6">
                    <pos type="PRP"/>
                    <lemma type="I"/>
                    <dep head="6-7" type="nsubj"/>
                </token>
                <token content="looked" id="6-7">
                    <pos type="VBD"/>
                    <lemma type="look"/>
                </token>
                <token content="at" id="6-8"/>
                <token content="the" id="6-9">
                    <pos type="DT"/>
                    <lemma type="the"/>
                </token>
                <token content="window" id="6-10">
                    <pos type="NN"/>
                    <lemma type="window"/>
                    <dep head="6-7" type="prep"/>
                </token>
                <token content="with" id="6-11"/>
                <token content="curiosity" id="6-12">
                    <pos type="NN"/>
                    <lemma type="curiosity"/>
                </token>
                <token content="as" id="6-13">
                    <pos type="IN"/>
                    <lemma type="as"/>
                    <dep head="6-16" type="mark"/>
                </token>
                <token content="the" id="6-14">
                    <pos type="DT"/>
                    <lemma type="the"/>
                </token>
                <token content="train" id="6-15">
                    <pos type="NN"/>
                    <lemma type="train"/>
                    <dep head="6-16" type="nsubj"/>
                </token>
                <token content="started" id="6-16">
                    <pos type="VBD"/>
                    <lemma type="start"/>
                    <dep head="6-7" type="advcl"/>
                </token>
                <token content="whizzing" id="6-17">
                    <pos type="VBG"/>
                    <lemma type="whiz"/>
                    <dep head="6-16" type="xcomp"/>
                </token>
                <token content="by" id="6-18"/>
                <token content="our" id="6-19">
                    <pos type="PRP$"/>
                    <lemma type="we"/>
                </token>
                <token content="surroundings" id="6-20">
                    <pos type="NNS"/>
                    <lemma type="surroundings"/>
                    <dep head="6-17" type="prep"/>
                </token>
                <token content="." id="6-21"/>
            </sentence>
            <sentence id="7">
                <token content="We" id="7-1">
                    <pos type="PRP"/>
                    <lemma type="we"/>
                    <dep head="7-2" type="nsubj"/>
                </token>
                <token content="made" id="7-2">
                    <pos type="VBD"/>
                    <lemma type="make"/>
                </token>
                <token content="plenty" id="7-3">
                    <pos type="RB"/>
                    <lemma type="plenty"/>
                    <dep head="7-2" type="dobj"/>
                </token>
                <token content="of" id="7-4"/>
                <token content="stops" id="7-5">
                    <pos type="NNS"/>
                    <lemma type="stop"/>
                </token>
                <token content="," id="7-6"/>
                <token content="and" id="7-7"/>
                <token content="each" id="7-8">
                    <pos type="DT"/>
                    <lemma type="each"/>
                </token>
                <token content="time" id="7-9">
                    <pos type="NN"/>
                    <lemma type="time"/>
                </token>
                <token content="plenty" id="7-10">
                    <pos type="NN"/>
                    <lemma type="plenty"/>
                    <dep head="7-15" type="nsubj"/>
                </token>
                <token content="of" id="7-11"/>
                <token content="fresh" id="7-12">
                    <pos type="JJ"/>
                    <lemma type="fresh"/>
                </token>
                <token content="new" id="7-13">
                    <pos type="JJ"/>
                    <lemma type="new"/>
                </token>
                <token content="faces" id="7-14">
                    <pos type="NNS"/>
                    <lemma type="face"/>
                </token>
                <token content="came" id="7-15">
                    <pos type="VBD"/>
                    <lemma type="come"/>
                    <dep head="7-2" type="conj"/>
                </token>
                <token content="abroad" id="7-16">
                    <pos type="RB"/>
                    <lemma type="abroad"/>
                    <dep head="7-15" type="advmod"/>
                </token>
                <token content="," id="7-17"/>
                <token content="awaiting" id="7-18">
                    <pos type="VBG"/>
                    <lemma type="await"/>
                    <dep head="7-15" type="xcomp"/>
                </token>
                <token content="to" id="7-19">
                    <pos type="TO"/>
                    <lemma type="to"/>
                    <dep head="7-20" type="aux"/>
                </token>
                <token content="get" id="7-20">
                    <pos type="VB"/>
                    <lemma type="get"/>
                    <dep head="7-18" type="xcomp"/>
                </token>
                <token content="to" id="7-21"/>
                <token content="their" id="7-22">
                    <pos type="PRP$"/>
                    <lemma type="they"/>
                </token>
                <token content="destination" id="7-23">
                    <pos type="NN"/>
                    <lemma type="destination"/>
                    <dep head="7-20" type="prep"/>
                </token>
                <token content="." id="7-24"/>
            </sentence>
            <sentence id="8">
                <token content="On" id="8-1"/>
                <token content="the" id="8-2">
                    <pos type="DT"/>
                    <lemma type="the"/>
                </token>
                <token content="train" id="8-3">
                    <pos type="NN"/>
                    <lemma type="train"/>
                    <dep head="8-5" type="prep"/>
                </token>
                <token content="I" id="8-4">
                    <pos type="PRP"/>
                    <lemma type="I"/>
                    <dep head="8-5" type="nsubj"/>
                </token>
                <token content="made" id="8-5">
                    <pos type="VBD"/>
                    <lemma type="make"/>
                </token>
                <token content="a" id="8-6">
                    <pos type="DT"/>
                    <lemma type="a"/>
                </token>
                <token content="few" id="8-7">
                    <pos type="JJ"/>
                    <lemma type="few"/>
                </token>
                <token content="new" id="8-8">
                    <pos type="JJ"/>
                    <lemma type="new"/>
                </token>
                <token content="friends" id="8-9">
                    <pos type="NNS"/>
                    <lemma type="friend"/>
                    <dep head="8-5" type="dobj"/>
                </token>
                <token content="," id="8-10"/>
                <token content="and" id="8-11"/>
                <token content="the" id="8-12">
                    <pos type="DT"/>
                    <lemma type="the"/>
                </token>
                <token content="trip" id="8-13">
                    <pos type="NN"/>
                    <lemma type="trip"/>
                </token>
                <token content="into" id="8-14"/>
                <token content="the" id="8-15">
                    <pos type="DT"/>
                    <lemma type="the"/>
                </token>
                <token content="city" id="8-16">
                    <pos type="NN"/>
                    <lemma type="city"/>
                </token>
                <token content="was" id="8-17">
                    <pos type="VBD"/>
                    <lemma type="be"/>
                </token>
                <token content="very" id="8-18">
                    <pos type="RB"/>
                    <lemma type="very"/>
                </token>
                <token content="fun" id="8-19">
                    <pos type="JJ"/>
                    <lemma type="fun"/>
                    <dep head="8-5" type="conj"/>
                </token>
                <token content="indeed" id="8-20">
                    <pos type="RB"/>
                    <lemma type="indeed"/>
                </token>
                <token content="." id="8-21"/>
            </sentence>
        </sentences>
    </text>
    <annotations>
        <participants>
            <label from="1-1" id="0" name="ScrPart_passenger" text="I" type="participant"/>
            <label from="1-7" id="1" name="ScrPart_trip" text="trip" type="participant"/>
            <label from="1-10" id="2" name="ScrPart_destination" text="city" type="participant"/>
            <label from="1-13" id="3" name="NPart" text="clothes" type="participant"/>
            <label from="1-14" id="4" name="SuppVComp" text="shopping" type="participant"/>
            <label from="2-2" id="5" name="ScrPart_passenger" text="I" type="participant"/>
            <label from="2-5" id="6" name="ScrPart_passenger" text="my" type="participant"/>
            <label from="2-6" id="7" name="NPart" text="car" type="participant"/>
            <label from="2-12" id="8" name="NPart" text="commuter" type="participant"/>
            <label from="2-13" id="9" name="ScrPart_train_station" text="train station" to="2-14" type="participant"/>
            <label from="2-14" id="10" name="ScrPart_train_station" text="station" type="participant"/>
            <label from="2-16" id="11" name="ScrPart_passenger" text="my" type="participant"/>
            <label from="2-17" id="12" name="NPart" text="town" type="participant"/>
            <label from="3-2" id="13" name="ScrPart_passenger" text="I" type="participant"/>
            <label from="3-6" id="14" name="ScrPart_train_station" text="train station" to="3-7" type="participant"/>
            <label from="3-7" id="15" name="ScrPart_train_station" text="station" type="participant"/>
            <label from="3-9" id="16" name="ScrPart_passenger" text="I" type="participant"/>
            <label from="3-11" id="17" name="ScrPart_passenger" text="my" type="participant"/>
            <label from="3-13" id="18" name="NPart" text="dollar" type="participant"/>
            <label from="3-14" id="19" name="ScrPart_other" text="fare" type="participant"/>
            <label from="3-20" id="20" name="ScrPart_train" text="train" type="participant"/>
            <label from="4-2" id="21" name="ScrPart_passenger" text="I" type="participant"/>
            <label from="4-6" id="22" name="ScrPart_train" text="train" type="participant"/>
            <label from="4-12" id="23" name="ScrPart_location_train" text="levels" type="participant"/>
            <label from="4-18" id="24" name="ScrPart_location_train" text="level" type="participant"/>
            <label from="5-1" id="25" name="ScrPart_passenger" text="I" type="participant"/>
            <label from="5-4" id="26" name="NPart" text="stairs" type="participant"/>
            <label from="5-10" id="27" name="ScrPart_location_train" text="level" type="participant"/>
            <label from="5-18" id="28" name="ScrPart_location_train" text="aisle" type="participant"/>
            <label from="5-23" id="29" name="ScrPart_seat" text="seat" type="participant"/>
            <label from="5-28" id="30" name="ScrPart_in-train_entertainment" text="window" type="participant"/>
            <label from="6-2" id="31" name="ScrPart_passenger" text="I" type="participant"/>
            <label from="6-6" id="32" name="ScrPart_passenger" text="I" type="participant"/>
            <label from="6-10" id="33" name="ScrPart_in-train_entertainment" text="window" type="participant"/>
            <label from="6-12" id="34" name="NPart" text="curiosity" type="participant"/>
            <label from="6-15" id="35" name="ScrPart_train" text="train" type="participant"/>
            <label from="6-19" id="36" name="NPart" text="our" type="participant"/>
            <label from="6-20" id="37" name="NPart" text="surroundings" type="participant"/>
            <label from="7-1" id="38" name="ScrPart_passenger" text="We" type="participant"/>
            <label from="7-3" id="39" name="No_label" text="plenty" type="participant"/>
            <label from="7-5" id="40" name="ScrPart_other" text="stops" type="participant"/>
            <label from="7-9" id="41" name="NPart" text="time" type="participant"/>
            <label from="7-10" id="42" name="NPart" text="plenty" type="participant"/>
            <label from="7-14" id="43" name="ScrPart_passenger" text="faces" type="participant"/>
            <label from="7-22" id="44" name="NPart" text="their" type="participant"/>
            <label from="7-23" id="45" name="ScrPart_destination" text="destination" type="participant"/>
            <label from="8-3" id="46" name="ScrPart_train" text="train" type="participant"/>
            <label from="8-4" id="47" name="ScrPart_passenger" text="I" type="participant"/>
            <label from="8-9" id="48" name="ScrPart_passenger" text="friends" type="participant"/>
            <label from="8-13" id="49" name="ScrPart_trip" text="trip" type="participant"/>
            <label from="8-16" id="50" name="ScrPart_destination" text="city" type="participant"/>
            <label from="8-19" id="51" name="NPart" text="fun" type="participant"/>
        </participants>
        <events>
            <label from="1-2" id="52" name="UnrelEv" text="wanted" type="event"/>
            <label from="1-4" id="53" name="UnrelEv" text="go" type="event"/>
            <label from="1-12" id="54" name="UnrelEv" text="go" type="event"/>
            <label from="2-3" id="55" name="UnrelEv" text="got" type="event"/>
            <label from="2-8" id="56" name="UnrelEv" text="drove" type="event"/>
            <label from="3-3" id="57" name="ScrEv_get_train_station" text="got" type="event"/>
            <label from="3-10" id="58" name="ScrEv_get_tickets" text="paid" type="event"/>
            <label from="3-17" id="59" name="ScrEv_get_on" text="hopped on" to="3-18" type="event"/>
            <label from="3-17" id="60" name="ScrEv_get_on" text="hopped" type="event"/>
            <label from="4-3" id="61" name="ScrEv_get_on" text="got on" to="4-4" type="event"/>
            <label from="4-3" id="62" name="ScrEv_get_on" text="got" type="event"/>
            <label from="4-9" id="63" name="UnrelEv" text="were" type="event"/>
            <label from="5-2" id="64" name="ScrEv_other" text="climbed" type="event"/>
            <label from="5-13" id="65" name="UnrelEv" text="proceeded" type="event"/>
            <label from="5-15" id="66" name="UnrelEv" text="walk down" to="5-16" type="event"/>
            <label from="5-15" id="67" name="UnrelEv" text="walk" type="event"/>
            <label from="5-20" id="68" name="ScrEv_find_place" text="find" type="event"/>
            <label from="6-3" id="69" name="UnrelEv" text="sat down" to="6-4" type="event"/>
            <label from="6-3" id="70" name="UnrelEv" text="sat" type="event"/>
            <label from="6-7" id="71" name="ScrEv_spend_time_train" text="looked at" to="6-8" type="event"/>
            <label from="6-7" id="72" name="ScrEv_spend_time_train" text="looked" type="event"/>
            <label from="6-17" id="73" name="UnrelEv" text="whizzing by" to="6-18" type="event"/>
            <label from="6-17" id="74" name="UnrelEv" text="whizzing" type="event"/>
            <label from="7-2" id="75" name="ScrEv_other" text="made" type="event"/>
            <label from="7-15" id="76" name="UnrelEv" text="came abroad" to="7-16" type="event"/>
            <label from="7-15" id="77" name="UnrelEv" text="came" type="event"/>
            <label from="7-18" id="78" name="UnrelEv" text="awaiting" type="event"/>
            <label from="7-20" id="79" name="UnrelEv" text="get to" to="7-21" type="event"/>
            <label from="7-20" id="80" name="UnrelEv" text="get" type="event"/>
            <label from="8-5" id="81" name="ScrEv_spend_time_train" text="made" type="event"/>
            <label from="8-17" id="82" name="UnrelEv" text="was" type="event"/>
        </events>
        <chains>
            <chain elements="0 5 6 11 13 16 17 21 25 31 32 47"/>
            <chain elements="20 22 35 46"/>
            <chain elements="23 24 27 28"/>
            <chain elements="30 33"/>
            <chain elements="2 50"/>
        </chains>
    </annotations>
</story>
