<?xml version="1.0" encoding="UTF-8" standalone="no"?>
<!DOCTYPE story SYSTEM "../InScript.dtd">
<story id="099" scenario="train">
    <text>
        <content>Last week my boss told me that I needed to go to a meeting in New York . 
I decided the best way to get to New York was to take a train . 
I went online and bought a train ticket that would get me there well ahead of the meeting start time . 
On the day of the trip I went to the train station and stood in line at the ticket counter . 
When I got to the front of the line I told the agent my name and they pulled up my reservation on their computer and printed out a paper ticket . 
I thanked them , took the ticket , and left the counter . 
Once I left the counter I went to the gate to wait for my train to come . 
When my train arrived , everyone waiting for that train lined up and walked through the gate while the attendant checked our tickets . 
Once I walked through the gate , I went outside and boarded the train . 
Thankfully I was able to sit alone , and I pulled out a magazine to read . 
A little while after the train started moving the conductor walked through the train car to check everyone 's ticket . 
I handed my ticket to the conductor and he scanned it and handed it back to me . 
Now I could enjoy my train ride and get back to reading my magazine . 
A little while later the conductor announced that the train had arrived in New York . 
The train came to a stop , and I got off of the train along with everyone else . 
I was pleased that I had a pleasant train ride , and I walked quickly through the train station to go outside and catch a cab to get to my meeting . </content>
        <sentences>
            <sentence id="1">
                <token content="Last" id="1-1">
                    <pos type="JJ"/>
                    <lemma type="last"/>
                </token>
                <token content="week" id="1-2">
                    <pos type="NN"/>
                    <lemma type="week"/>
                    <dep head="1-5" type="tmod"/>
                </token>
                <token content="my" id="1-3">
                    <pos type="PRP$"/>
                    <lemma type="my"/>
                </token>
                <token content="boss" id="1-4">
                    <pos type="NN"/>
                    <lemma type="boss"/>
                    <dep head="1-5" type="nsubj"/>
                </token>
                <token content="told" id="1-5">
                    <pos type="VBD"/>
                    <lemma type="tell"/>
                </token>
                <token content="me" id="1-6">
                    <pos type="PRP"/>
                    <lemma type="I"/>
                    <dep head="1-5" type="dobj"/>
                </token>
                <token content="that" id="1-7">
                    <pos type="IN"/>
                    <lemma type="that"/>
                    <dep head="1-9" type="mark"/>
                </token>
                <token content="I" id="1-8">
                    <pos type="PRP"/>
                    <lemma type="I"/>
                    <dep head="1-9" type="nsubj"/>
                </token>
                <token content="needed" id="1-9">
                    <pos type="VBD"/>
                    <lemma type="need"/>
                    <dep head="1-5" type="ccomp"/>
                </token>
                <token content="to" id="1-10">
                    <pos type="TO"/>
                    <lemma type="to"/>
                    <dep head="1-11" type="aux"/>
                </token>
                <token content="go" id="1-11">
                    <pos type="VB"/>
                    <lemma type="go"/>
                    <dep head="1-9" type="xcomp"/>
                </token>
                <token content="to" id="1-12"/>
                <token content="a" id="1-13">
                    <pos type="DT"/>
                    <lemma type="a"/>
                </token>
                <token content="meeting" id="1-14">
                    <pos type="NN"/>
                    <lemma type="meeting"/>
                    <dep head="1-11" type="prep"/>
                </token>
                <token content="in" id="1-15"/>
                <token content="New" id="1-16">
                    <pos type="NNP"/>
                    <lemma type="New"/>
                </token>
                <token content="York" id="1-17">
                    <pos type="NNP"/>
                    <lemma type="York"/>
                </token>
                <token content="." id="1-18"/>
            </sentence>
            <sentence id="2">
                <token content="I" id="2-1">
                    <pos type="PRP"/>
                    <lemma type="I"/>
                    <dep head="2-2" type="nsubj"/>
                </token>
                <token content="decided" id="2-2">
                    <pos type="VBD"/>
                    <lemma type="decide"/>
                </token>
                <token content="the" id="2-3">
                    <pos type="DT"/>
                    <lemma type="the"/>
                </token>
                <token content="best" id="2-4">
                    <pos type="JJS"/>
                    <lemma type="best"/>
                </token>
                <token content="way" id="2-5">
                    <pos type="NN"/>
                    <lemma type="way"/>
                    <dep head="2-11" type="nsubj"/>
                </token>
                <token content="to" id="2-6">
                    <pos type="TO"/>
                    <lemma type="to"/>
                    <dep head="2-7" type="aux"/>
                </token>
                <token content="get" id="2-7">
                    <pos type="VB"/>
                    <lemma type="get"/>
                </token>
                <token content="to" id="2-8"/>
                <token content="New" id="2-9">
                    <pos type="NNP"/>
                    <lemma type="New"/>
                </token>
                <token content="York" id="2-10">
                    <pos type="NNP"/>
                    <lemma type="York"/>
                    <dep head="2-7" type="prep"/>
                </token>
                <token content="was" id="2-11">
                    <pos type="VBD"/>
                    <lemma type="be"/>
                    <dep head="2-2" type="ccomp"/>
                </token>
                <token content="to" id="2-12">
                    <pos type="TO"/>
                    <lemma type="to"/>
                    <dep head="2-13" type="aux"/>
                </token>
                <token content="take" id="2-13">
                    <pos type="VB"/>
                    <lemma type="take"/>
                    <dep head="2-11" type="xcomp"/>
                </token>
                <token content="a" id="2-14">
                    <pos type="DT"/>
                    <lemma type="a"/>
                </token>
                <token content="train" id="2-15">
                    <pos type="NN"/>
                    <lemma type="train"/>
                    <dep head="2-13" type="dobj"/>
                </token>
                <token content="." id="2-16"/>
            </sentence>
            <sentence id="3">
                <token content="I" id="3-1">
                    <pos type="PRP"/>
                    <lemma type="I"/>
                    <dep head="3-2" type="nsubj"/>
                </token>
                <token content="went" id="3-2">
                    <pos type="VBD"/>
                    <lemma type="go"/>
                </token>
                <token content="online" id="3-3">
                    <pos type="NN"/>
                    <lemma type="online"/>
                    <dep head="3-2" type="prep"/>
                </token>
                <token content="and" id="3-4"/>
                <token content="bought" id="3-5">
                    <pos type="VBD"/>
                    <lemma type="buy"/>
                    <dep head="3-2" type="conj"/>
                </token>
                <token content="a" id="3-6">
                    <pos type="DT"/>
                    <lemma type="a"/>
                </token>
                <token content="train" id="3-7">
                    <pos type="NN"/>
                    <lemma type="train"/>
                </token>
                <token content="ticket" id="3-8">
                    <pos type="NN"/>
                    <lemma type="ticket"/>
                    <dep head="3-5" type="dobj"/>
                </token>
                <token content="that" id="3-9">
                    <pos type="WDT"/>
                    <lemma type="that"/>
                    <dep head="3-11" type="nsubj"/>
                </token>
                <token content="would" id="3-10">
                    <pos type="MD"/>
                    <lemma type="would"/>
                    <dep head="3-11" type="aux"/>
                </token>
                <token content="get" id="3-11">
                    <pos type="VB"/>
                    <lemma type="get"/>
                </token>
                <token content="me" id="3-12">
                    <pos type="PRP"/>
                    <lemma type="I"/>
                    <dep head="3-11" type="dobj"/>
                </token>
                <token content="there" id="3-13">
                    <pos type="RB"/>
                    <lemma type="there"/>
                    <dep head="3-11" type="advmod"/>
                </token>
                <token content="well" id="3-14">
                    <pos type="RB"/>
                    <lemma type="well"/>
                    <dep head="3-11" type="advmod"/>
                </token>
                <token content="ahead" id="3-15"/>
                <token content="of" id="3-16"/>
                <token content="the" id="3-17">
                    <pos type="DT"/>
                    <lemma type="the"/>
                </token>
                <token content="meeting" id="3-18">
                    <pos type="NN"/>
                    <lemma type="meeting"/>
                </token>
                <token content="start" id="3-19">
                    <pos type="NN"/>
                    <lemma type="start"/>
                </token>
                <token content="time" id="3-20">
                    <pos type="NN"/>
                    <lemma type="time"/>
                    <dep head="3-11" type="prep"/>
                </token>
                <token content="." id="3-21"/>
            </sentence>
            <sentence id="4">
                <token content="On" id="4-1"/>
                <token content="the" id="4-2">
                    <pos type="DT"/>
                    <lemma type="the"/>
                </token>
                <token content="day" id="4-3">
                    <pos type="NN"/>
                    <lemma type="day"/>
                    <dep head="4-8" type="prep"/>
                </token>
                <token content="of" id="4-4"/>
                <token content="the" id="4-5">
                    <pos type="DT"/>
                    <lemma type="the"/>
                </token>
                <token content="trip" id="4-6">
                    <pos type="NN"/>
                    <lemma type="trip"/>
                </token>
                <token content="I" id="4-7">
                    <pos type="PRP"/>
                    <lemma type="I"/>
                    <dep head="4-8" type="nsubj"/>
                </token>
                <token content="went" id="4-8">
                    <pos type="VBD"/>
                    <lemma type="go"/>
                </token>
                <token content="to" id="4-9"/>
                <token content="the" id="4-10">
                    <pos type="DT"/>
                    <lemma type="the"/>
                </token>
                <token content="train" id="4-11">
                    <pos type="NN"/>
                    <lemma type="train"/>
                </token>
                <token content="station" id="4-12">
                    <pos type="NN"/>
                    <lemma type="station"/>
                    <dep head="4-8" type="prep"/>
                </token>
                <token content="and" id="4-13"/>
                <token content="stood" id="4-14">
                    <pos type="VBD"/>
                    <lemma type="stand"/>
                    <dep head="4-8" type="conj"/>
                </token>
                <token content="in" id="4-15"/>
                <token content="line" id="4-16">
                    <pos type="NN"/>
                    <lemma type="line"/>
                    <dep head="4-14" type="prep"/>
                </token>
                <token content="at" id="4-17"/>
                <token content="the" id="4-18">
                    <pos type="DT"/>
                    <lemma type="the"/>
                </token>
                <token content="ticket" id="4-19">
                    <pos type="NN"/>
                    <lemma type="ticket"/>
                </token>
                <token content="counter" id="4-20">
                    <pos type="NN"/>
                    <lemma type="counter"/>
                    <dep head="4-14" type="prep"/>
                </token>
                <token content="." id="4-21"/>
            </sentence>
            <sentence id="5">
                <token content="When" id="5-1">
                    <pos type="WRB"/>
                    <lemma type="when"/>
                    <dep head="5-3" type="advmod"/>
                </token>
                <token content="I" id="5-2">
                    <pos type="PRP"/>
                    <lemma type="I"/>
                    <dep head="5-3" type="nsubj"/>
                </token>
                <token content="got" id="5-3">
                    <pos type="VBD"/>
                    <lemma type="get"/>
                    <dep head="5-11" type="advcl"/>
                </token>
                <token content="to" id="5-4"/>
                <token content="the" id="5-5">
                    <pos type="DT"/>
                    <lemma type="the"/>
                </token>
                <token content="front" id="5-6">
                    <pos type="NN"/>
                    <lemma type="front"/>
                    <dep head="5-3" type="prep"/>
                </token>
                <token content="of" id="5-7"/>
                <token content="the" id="5-8">
                    <pos type="DT"/>
                    <lemma type="the"/>
                </token>
                <token content="line" id="5-9">
                    <pos type="NN"/>
                    <lemma type="line"/>
                </token>
                <token content="I" id="5-10">
                    <pos type="PRP"/>
                    <lemma type="I"/>
                    <dep head="5-11" type="nsubj"/>
                </token>
                <token content="told" id="5-11">
                    <pos type="VBD"/>
                    <lemma type="tell"/>
                </token>
                <token content="the" id="5-12">
                    <pos type="DT"/>
                    <lemma type="the"/>
                </token>
                <token content="agent" id="5-13">
                    <pos type="NN"/>
                    <lemma type="agent"/>
                </token>
                <token content="my" id="5-14">
                    <pos type="PRP$"/>
                    <lemma type="my"/>
                </token>
                <token content="name" id="5-15">
                    <pos type="NN"/>
                    <lemma type="name"/>
                    <dep head="5-11" type="dep"/>
                </token>
                <token content="and" id="5-16"/>
                <token content="they" id="5-17">
                    <pos type="PRP"/>
                    <lemma type="they"/>
                    <dep head="5-18" type="nsubj"/>
                </token>
                <token content="pulled" id="5-18">
                    <pos type="VBD"/>
                    <lemma type="pull"/>
                </token>
                <token content="up" id="5-19">
                    <pos type="RP"/>
                    <lemma type="up"/>
                    <dep head="5-18" type="prt"/>
                </token>
                <token content="my" id="5-20">
                    <pos type="PRP$"/>
                    <lemma type="my"/>
                </token>
                <token content="reservation" id="5-21">
                    <pos type="NN"/>
                    <lemma type="reservation"/>
                    <dep head="5-18" type="dobj"/>
                </token>
                <token content="on" id="5-22"/>
                <token content="their" id="5-23">
                    <pos type="PRP$"/>
                    <lemma type="they"/>
                </token>
                <token content="computer" id="5-24">
                    <pos type="NN"/>
                    <lemma type="computer"/>
                    <dep head="5-18" type="prep"/>
                </token>
                <token content="and" id="5-25"/>
                <token content="printed" id="5-26">
                    <pos type="VBD"/>
                    <lemma type="print"/>
                    <dep head="5-18" type="conj"/>
                </token>
                <token content="out" id="5-27">
                    <pos type="RP"/>
                    <lemma type="out"/>
                    <dep head="5-26" type="prt"/>
                </token>
                <token content="a" id="5-28">
                    <pos type="DT"/>
                    <lemma type="a"/>
                </token>
                <token content="paper" id="5-29">
                    <pos type="NN"/>
                    <lemma type="paper"/>
                </token>
                <token content="ticket" id="5-30">
                    <pos type="NN"/>
                    <lemma type="ticket"/>
                    <dep head="5-26" type="dobj"/>
                </token>
                <token content="." id="5-31"/>
            </sentence>
            <sentence id="6">
                <token content="I" id="6-1">
                    <pos type="PRP"/>
                    <lemma type="I"/>
                    <dep head="6-2" type="nsubj"/>
                </token>
                <token content="thanked" id="6-2">
                    <pos type="VBD"/>
                    <lemma type="thank"/>
                </token>
                <token content="them" id="6-3">
                    <pos type="PRP"/>
                    <lemma type="they"/>
                    <dep head="6-2" type="dobj"/>
                </token>
                <token content="," id="6-4"/>
                <token content="took" id="6-5">
                    <pos type="VBD"/>
                    <lemma type="take"/>
                    <dep head="6-2" type="conj"/>
                </token>
                <token content="the" id="6-6">
                    <pos type="DT"/>
                    <lemma type="the"/>
                </token>
                <token content="ticket" id="6-7">
                    <pos type="NN"/>
                    <lemma type="ticket"/>
                    <dep head="6-5" type="dobj"/>
                </token>
                <token content="," id="6-8"/>
                <token content="and" id="6-9"/>
                <token content="left" id="6-10">
                    <pos type="VBD"/>
                    <lemma type="leave"/>
                    <dep head="6-2" type="conj"/>
                </token>
                <token content="the" id="6-11">
                    <pos type="DT"/>
                    <lemma type="the"/>
                </token>
                <token content="counter" id="6-12">
                    <pos type="NN"/>
                    <lemma type="counter"/>
                    <dep head="6-10" type="dobj"/>
                </token>
                <token content="." id="6-13"/>
            </sentence>
            <sentence id="7">
                <token content="Once" id="7-1">
                    <pos type="IN"/>
                    <lemma type="once"/>
                    <dep head="7-3" type="mark"/>
                </token>
                <token content="I" id="7-2">
                    <pos type="PRP"/>
                    <lemma type="I"/>
                    <dep head="7-3" type="nsubj"/>
                </token>
                <token content="left" id="7-3">
                    <pos type="VBD"/>
                    <lemma type="leave"/>
                    <dep head="7-7" type="advcl"/>
                </token>
                <token content="the" id="7-4">
                    <pos type="DT"/>
                    <lemma type="the"/>
                </token>
                <token content="counter" id="7-5">
                    <pos type="NN"/>
                    <lemma type="counter"/>
                    <dep head="7-3" type="dobj"/>
                </token>
                <token content="I" id="7-6">
                    <pos type="PRP"/>
                    <lemma type="I"/>
                    <dep head="7-7" type="nsubj"/>
                </token>
                <token content="went" id="7-7">
                    <pos type="VBD"/>
                    <lemma type="go"/>
                </token>
                <token content="to" id="7-8"/>
                <token content="the" id="7-9">
                    <pos type="DT"/>
                    <lemma type="the"/>
                </token>
                <token content="gate" id="7-10">
                    <pos type="NN"/>
                    <lemma type="gate"/>
                    <dep head="7-7" type="prep"/>
                </token>
                <token content="to" id="7-11">
                    <pos type="TO"/>
                    <lemma type="to"/>
                    <dep head="7-12" type="aux"/>
                </token>
                <token content="wait" id="7-12">
                    <pos type="VB"/>
                    <lemma type="wait"/>
                    <dep head="7-7" type="xcomp"/>
                </token>
                <token content="for" id="7-13"/>
                <token content="my" id="7-14">
                    <pos type="PRP$"/>
                    <lemma type="my"/>
                </token>
                <token content="train" id="7-15">
                    <pos type="NN"/>
                    <lemma type="train"/>
                    <dep head="7-12" type="prep"/>
                </token>
                <token content="to" id="7-16">
                    <pos type="TO"/>
                    <lemma type="to"/>
                    <dep head="7-17" type="aux"/>
                </token>
                <token content="come" id="7-17">
                    <pos type="VB"/>
                    <lemma type="come"/>
                </token>
                <token content="." id="7-18"/>
            </sentence>
            <sentence id="8">
                <token content="When" id="8-1">
                    <pos type="WRB"/>
                    <lemma type="when"/>
                    <dep head="8-4" type="advmod"/>
                </token>
                <token content="my" id="8-2">
                    <pos type="PRP$"/>
                    <lemma type="my"/>
                </token>
                <token content="train" id="8-3">
                    <pos type="NN"/>
                    <lemma type="train"/>
                    <dep head="8-4" type="nsubj"/>
                </token>
                <token content="arrived" id="8-4">
                    <pos type="VBD"/>
                    <lemma type="arrive"/>
                    <dep head="8-11" type="advcl"/>
                </token>
                <token content="," id="8-5"/>
                <token content="everyone" id="8-6">
                    <pos type="NN"/>
                    <lemma type="everyone"/>
                    <dep head="8-11" type="nsubj"/>
                </token>
                <token content="waiting" id="8-7">
                    <pos type="VBG"/>
                    <lemma type="wait"/>
                </token>
                <token content="for" id="8-8"/>
                <token content="that" id="8-9">
                    <pos type="DT"/>
                    <lemma type="that"/>
                </token>
                <token content="train" id="8-10">
                    <pos type="NN"/>
                    <lemma type="train"/>
                    <dep head="8-7" type="prep"/>
                </token>
                <token content="lined" id="8-11">
                    <pos type="VBD"/>
                    <lemma type="line"/>
                </token>
                <token content="up" id="8-12">
                    <pos type="RP"/>
                    <lemma type="up"/>
                    <dep head="8-11" type="prt"/>
                </token>
                <token content="and" id="8-13"/>
                <token content="walked" id="8-14">
                    <pos type="VBD"/>
                    <lemma type="walk"/>
                    <dep head="8-11" type="conj"/>
                </token>
                <token content="through" id="8-15"/>
                <token content="the" id="8-16">
                    <pos type="DT"/>
                    <lemma type="the"/>
                </token>
                <token content="gate" id="8-17">
                    <pos type="NN"/>
                    <lemma type="gate"/>
                    <dep head="8-14" type="prep"/>
                </token>
                <token content="while" id="8-18">
                    <pos type="IN"/>
                    <lemma type="while"/>
                    <dep head="8-21" type="mark"/>
                </token>
                <token content="the" id="8-19">
                    <pos type="DT"/>
                    <lemma type="the"/>
                </token>
                <token content="attendant" id="8-20">
                    <pos type="NN"/>
                    <lemma type="attendant"/>
                    <dep head="8-21" type="nsubj"/>
                </token>
                <token content="checked" id="8-21">
                    <pos type="VBD"/>
                    <lemma type="check"/>
                    <dep head="8-14" type="advcl"/>
                </token>
                <token content="our" id="8-22">
                    <pos type="PRP$"/>
                    <lemma type="we"/>
                </token>
                <token content="tickets" id="8-23">
                    <pos type="NNS"/>
                    <lemma type="ticket"/>
                    <dep head="8-21" type="dobj"/>
                </token>
                <token content="." id="8-24"/>
            </sentence>
            <sentence id="9">
                <token content="Once" id="9-1">
                    <pos type="IN"/>
                    <lemma type="once"/>
                    <dep head="9-3" type="mark"/>
                </token>
                <token content="I" id="9-2">
                    <pos type="PRP"/>
                    <lemma type="I"/>
                    <dep head="9-3" type="nsubj"/>
                </token>
                <token content="walked" id="9-3">
                    <pos type="VBD"/>
                    <lemma type="walk"/>
                    <dep head="9-9" type="advcl"/>
                </token>
                <token content="through" id="9-4"/>
                <token content="the" id="9-5">
                    <pos type="DT"/>
                    <lemma type="the"/>
                </token>
                <token content="gate" id="9-6">
                    <pos type="NN"/>
                    <lemma type="gate"/>
                    <dep head="9-3" type="prep"/>
                </token>
                <token content="," id="9-7"/>
                <token content="I" id="9-8">
                    <pos type="PRP"/>
                    <lemma type="I"/>
                    <dep head="9-9" type="nsubj"/>
                </token>
                <token content="went" id="9-9">
                    <pos type="VBD"/>
                    <lemma type="go"/>
                </token>
                <token content="outside" id="9-10">
                    <pos type="RB"/>
                    <lemma type="outside"/>
                    <dep head="9-9" type="advmod"/>
                </token>
                <token content="and" id="9-11"/>
                <token content="boarded" id="9-12">
                    <pos type="VBD"/>
                    <lemma type="board"/>
                    <dep head="9-9" type="conj"/>
                </token>
                <token content="the" id="9-13">
                    <pos type="DT"/>
                    <lemma type="the"/>
                </token>
                <token content="train" id="9-14">
                    <pos type="NN"/>
                    <lemma type="train"/>
                    <dep head="9-12" type="dobj"/>
                </token>
                <token content="." id="9-15"/>
            </sentence>
            <sentence id="10">
                <token content="Thankfully" id="10-1">
                    <pos type="RB"/>
                    <lemma type="thankfully"/>
                </token>
                <token content="I" id="10-2">
                    <pos type="PRP"/>
                    <lemma type="I"/>
                </token>
                <token content="was" id="10-3">
                    <pos type="VBD"/>
                    <lemma type="be"/>
                </token>
                <token content="able" id="10-4">
                    <pos type="JJ"/>
                    <lemma type="able"/>
                </token>
                <token content="to" id="10-5">
                    <pos type="TO"/>
                    <lemma type="to"/>
                    <dep head="10-6" type="aux"/>
                </token>
                <token content="sit" id="10-6">
                    <pos type="VB"/>
                    <lemma type="sit"/>
                </token>
                <token content="alone" id="10-7">
                    <pos type="RB"/>
                    <lemma type="alone"/>
                    <dep head="10-6" type="advmod"/>
                </token>
                <token content="," id="10-8"/>
                <token content="and" id="10-9"/>
                <token content="I" id="10-10">
                    <pos type="PRP"/>
                    <lemma type="I"/>
                    <dep head="10-11" type="nsubj"/>
                </token>
                <token content="pulled" id="10-11">
                    <pos type="VBD"/>
                    <lemma type="pull"/>
                </token>
                <token content="out" id="10-12">
                    <pos type="RP"/>
                    <lemma type="out"/>
                    <dep head="10-11" type="prt"/>
                </token>
                <token content="a" id="10-13">
                    <pos type="DT"/>
                    <lemma type="a"/>
                </token>
                <token content="magazine" id="10-14">
                    <pos type="NN"/>
                    <lemma type="magazine"/>
                    <dep head="10-11" type="dobj"/>
                </token>
                <token content="to" id="10-15">
                    <pos type="TO"/>
                    <lemma type="to"/>
                    <dep head="10-16" type="aux"/>
                </token>
                <token content="read" id="10-16">
                    <pos type="VB"/>
                    <lemma type="read"/>
                </token>
                <token content="." id="10-17"/>
            </sentence>
            <sentence id="11">
                <token content="A" id="11-1">
                    <pos type="DT"/>
                    <lemma type="a"/>
                </token>
                <token content="little" id="11-2">
                    <pos type="JJ"/>
                    <lemma type="little"/>
                </token>
                <token content="while" id="11-3">
                    <pos type="NN"/>
                    <lemma type="while"/>
                    <dep head="11-11" type="nsubj"/>
                </token>
                <token content="after" id="11-4"/>
                <token content="the" id="11-5">
                    <pos type="DT"/>
                    <lemma type="the"/>
                </token>
                <token content="train" id="11-6">
                    <pos type="NN"/>
                    <lemma type="train"/>
                    <dep head="11-7" type="nsubj"/>
                </token>
                <token content="started" id="11-7">
                    <pos type="VBD"/>
                    <lemma type="start"/>
                </token>
                <token content="moving" id="11-8">
                    <pos type="VBG"/>
                    <lemma type="move"/>
                    <dep head="11-7" type="xcomp"/>
                </token>
                <token content="the" id="11-9">
                    <pos type="DT"/>
                    <lemma type="the"/>
                </token>
                <token content="conductor" id="11-10">
                    <pos type="NN"/>
                    <lemma type="conductor"/>
                    <dep head="11-8" type="dobj"/>
                </token>
                <token content="walked" id="11-11">
                    <pos type="VBD"/>
                    <lemma type="walk"/>
                </token>
                <token content="through" id="11-12"/>
                <token content="the" id="11-13">
                    <pos type="DT"/>
                    <lemma type="the"/>
                </token>
                <token content="train" id="11-14">
                    <pos type="NN"/>
                    <lemma type="train"/>
                </token>
                <token content="car" id="11-15">
                    <pos type="NN"/>
                    <lemma type="car"/>
                    <dep head="11-11" type="prep"/>
                </token>
                <token content="to" id="11-16">
                    <pos type="TO"/>
                    <lemma type="to"/>
                    <dep head="11-17" type="aux"/>
                </token>
                <token content="check" id="11-17">
                    <pos type="VB"/>
                    <lemma type="check"/>
                    <dep head="11-11" type="xcomp"/>
                </token>
                <token content="everyone" id="11-18">
                    <pos type="NN"/>
                    <lemma type="everyone"/>
                </token>
                <token content="'s" id="11-19"/>
                <token content="ticket" id="11-20">
                    <pos type="NN"/>
                    <lemma type="ticket"/>
                    <dep head="11-17" type="dobj"/>
                </token>
                <token content="." id="11-21"/>
            </sentence>
            <sentence id="12">
                <token content="I" id="12-1">
                    <pos type="PRP"/>
                    <lemma type="I"/>
                    <dep head="12-2" type="nsubj"/>
                </token>
                <token content="handed" id="12-2">
                    <pos type="VBD"/>
                    <lemma type="hand"/>
                </token>
                <token content="my" id="12-3">
                    <pos type="PRP$"/>
                    <lemma type="my"/>
                </token>
                <token content="ticket" id="12-4">
                    <pos type="NN"/>
                    <lemma type="ticket"/>
                    <dep head="12-2" type="dobj"/>
                </token>
                <token content="to" id="12-5"/>
                <token content="the" id="12-6">
                    <pos type="DT"/>
                    <lemma type="the"/>
                </token>
                <token content="conductor" id="12-7">
                    <pos type="NN"/>
                    <lemma type="conductor"/>
                    <dep head="12-2" type="prep"/>
                </token>
                <token content="and" id="12-8"/>
                <token content="he" id="12-9">
                    <pos type="PRP"/>
                    <lemma type="he"/>
                    <dep head="12-10" type="nsubj"/>
                </token>
                <token content="scanned" id="12-10">
                    <pos type="VBD"/>
                    <lemma type="scan"/>
                    <dep head="12-2" type="conj"/>
                </token>
                <token content="it" id="12-11">
                    <pos type="PRP"/>
                    <lemma type="it"/>
                    <dep head="12-10" type="dobj"/>
                </token>
                <token content="and" id="12-12"/>
                <token content="handed" id="12-13">
                    <pos type="VBD"/>
                    <lemma type="hand"/>
                    <dep head="12-10" type="conj"/>
                </token>
                <token content="it" id="12-14">
                    <pos type="PRP"/>
                    <lemma type="it"/>
                    <dep head="12-13" type="dobj"/>
                </token>
                <token content="back" id="12-15">
                    <pos type="RP"/>
                    <lemma type="back"/>
                    <dep head="12-13" type="prt"/>
                </token>
                <token content="to" id="12-16"/>
                <token content="me" id="12-17">
                    <pos type="PRP"/>
                    <lemma type="I"/>
                    <dep head="12-13" type="prep"/>
                </token>
                <token content="." id="12-18"/>
            </sentence>
            <sentence id="13">
                <token content="Now" id="13-1">
                    <pos type="RB"/>
                    <lemma type="now"/>
                    <dep head="13-4" type="advmod"/>
                </token>
                <token content="I" id="13-2">
                    <pos type="PRP"/>
                    <lemma type="I"/>
                    <dep head="13-4" type="nsubj"/>
                </token>
                <token content="could" id="13-3">
                    <pos type="MD"/>
                    <lemma type="could"/>
                    <dep head="13-4" type="aux"/>
                </token>
                <token content="enjoy" id="13-4">
                    <pos type="VB"/>
                    <lemma type="enjoy"/>
                </token>
                <token content="my" id="13-5">
                    <pos type="PRP$"/>
                    <lemma type="my"/>
                </token>
                <token content="train" id="13-6">
                    <pos type="NN"/>
                    <lemma type="train"/>
                </token>
                <token content="ride" id="13-7">
                    <pos type="NN"/>
                    <lemma type="ride"/>
                    <dep head="13-4" type="dobj"/>
                </token>
                <token content="and" id="13-8"/>
                <token content="get" id="13-9">
                    <pos type="VB"/>
                    <lemma type="get"/>
                    <dep head="13-4" type="conj"/>
                </token>
                <token content="back" id="13-10">
                    <pos type="RP"/>
                    <lemma type="back"/>
                    <dep head="13-9" type="prt"/>
                </token>
                <token content="to" id="13-11"/>
                <token content="reading" id="13-12">
                    <pos type="VBG"/>
                    <lemma type="read"/>
                    <dep head="13-9" type="prepc"/>
                </token>
                <token content="my" id="13-13">
                    <pos type="PRP$"/>
                    <lemma type="my"/>
                </token>
                <token content="magazine" id="13-14">
                    <pos type="NN"/>
                    <lemma type="magazine"/>
                    <dep head="13-12" type="dobj"/>
                </token>
                <token content="." id="13-15"/>
            </sentence>
            <sentence id="14">
                <token content="A" id="14-1">
                    <pos type="DT"/>
                    <lemma type="a"/>
                </token>
                <token content="little" id="14-2">
                    <pos type="JJ"/>
                    <lemma type="little"/>
                </token>
                <token content="while" id="14-3">
                    <pos type="NN"/>
                    <lemma type="while"/>
                    <dep head="14-7" type="nsubj"/>
                </token>
                <token content="later" id="14-4">
                    <pos type="RB"/>
                    <lemma type="later"/>
                </token>
                <token content="the" id="14-5">
                    <pos type="DT"/>
                    <lemma type="the"/>
                </token>
                <token content="conductor" id="14-6">
                    <pos type="NN"/>
                    <lemma type="conductor"/>
                </token>
                <token content="announced" id="14-7">
                    <pos type="VBD"/>
                    <lemma type="announce"/>
                </token>
                <token content="that" id="14-8">
                    <pos type="IN"/>
                    <lemma type="that"/>
                    <dep head="14-12" type="mark"/>
                </token>
                <token content="the" id="14-9">
                    <pos type="DT"/>
                    <lemma type="the"/>
                </token>
                <token content="train" id="14-10">
                    <pos type="NN"/>
                    <lemma type="train"/>
                    <dep head="14-12" type="nsubj"/>
                </token>
                <token content="had" id="14-11">
                    <pos type="VBD"/>
                    <lemma type="have"/>
                    <dep head="14-12" type="aux"/>
                </token>
                <token content="arrived" id="14-12">
                    <pos type="VBN"/>
                    <lemma type="arrive"/>
                    <dep head="14-7" type="ccomp"/>
                </token>
                <token content="in" id="14-13"/>
                <token content="New" id="14-14">
                    <pos type="NNP"/>
                    <lemma type="New"/>
                </token>
                <token content="York" id="14-15">
                    <pos type="NNP"/>
                    <lemma type="York"/>
                    <dep head="14-12" type="prep"/>
                </token>
                <token content="." id="14-16"/>
            </sentence>
            <sentence id="15">
                <token content="The" id="15-1">
                    <pos type="DT"/>
                    <lemma type="the"/>
                </token>
                <token content="train" id="15-2">
                    <pos type="NN"/>
                    <lemma type="train"/>
                    <dep head="15-3" type="nsubj"/>
                </token>
                <token content="came" id="15-3">
                    <pos type="VBD"/>
                    <lemma type="come"/>
                </token>
                <token content="to" id="15-4"/>
                <token content="a" id="15-5">
                    <pos type="DT"/>
                    <lemma type="a"/>
                </token>
                <token content="stop" id="15-6">
                    <pos type="NN"/>
                    <lemma type="stop"/>
                    <dep head="15-3" type="prep"/>
                </token>
                <token content="," id="15-7"/>
                <token content="and" id="15-8"/>
                <token content="I" id="15-9">
                    <pos type="PRP"/>
                    <lemma type="I"/>
                    <dep head="15-10" type="nsubj"/>
                </token>
                <token content="got" id="15-10">
                    <pos type="VBD"/>
                    <lemma type="get"/>
                    <dep head="15-3" type="conj"/>
                </token>
                <token content="off" id="15-11"/>
                <token content="of" id="15-12"/>
                <token content="the" id="15-13">
                    <pos type="DT"/>
                    <lemma type="the"/>
                </token>
                <token content="train" id="15-14">
                    <pos type="NN"/>
                    <lemma type="train"/>
                    <dep head="15-10" type="prep"/>
                </token>
                <token content="along" id="15-15"/>
                <token content="with" id="15-16"/>
                <token content="everyone" id="15-17">
                    <pos type="NN"/>
                    <lemma type="everyone"/>
                </token>
                <token content="else" id="15-18">
                    <pos type="RB"/>
                    <lemma type="else"/>
                </token>
                <token content="." id="15-19"/>
            </sentence>
            <sentence id="16">
                <token content="I" id="16-1">
                    <pos type="PRP"/>
                    <lemma type="I"/>
                    <dep head="16-3" type="nsubjpass"/>
                </token>
                <token content="was" id="16-2">
                    <pos type="VBD"/>
                    <lemma type="be"/>
                    <dep head="16-3" type="auxpass"/>
                </token>
                <token content="pleased" id="16-3">
                    <pos type="VBN"/>
                    <lemma type="please"/>
                </token>
                <token content="that" id="16-4">
                    <pos type="IN"/>
                    <lemma type="that"/>
                    <dep head="16-6" type="mark"/>
                </token>
                <token content="I" id="16-5">
                    <pos type="PRP"/>
                    <lemma type="I"/>
                    <dep head="16-6" type="nsubj"/>
                </token>
                <token content="had" id="16-6">
                    <pos type="VBD"/>
                    <lemma type="have"/>
                    <dep head="16-3" type="ccomp"/>
                </token>
                <token content="a" id="16-7">
                    <pos type="DT"/>
                    <lemma type="a"/>
                </token>
                <token content="pleasant" id="16-8">
                    <pos type="JJ"/>
                    <lemma type="pleasant"/>
                </token>
                <token content="train" id="16-9">
                    <pos type="NN"/>
                    <lemma type="train"/>
                </token>
                <token content="ride" id="16-10">
                    <pos type="NN"/>
                    <lemma type="ride"/>
                    <dep head="16-6" type="dobj"/>
                </token>
                <token content="," id="16-11"/>
                <token content="and" id="16-12"/>
                <token content="I" id="16-13">
                    <pos type="PRP"/>
                    <lemma type="I"/>
                    <dep head="16-14" type="nsubj"/>
                </token>
                <token content="walked" id="16-14">
                    <pos type="VBD"/>
                    <lemma type="walk"/>
                    <dep head="16-3" type="conj"/>
                </token>
                <token content="quickly" id="16-15">
                    <pos type="RB"/>
                    <lemma type="quickly"/>
                    <dep head="16-14" type="advmod"/>
                </token>
                <token content="through" id="16-16"/>
                <token content="the" id="16-17">
                    <pos type="DT"/>
                    <lemma type="the"/>
                </token>
                <token content="train" id="16-18">
                    <pos type="NN"/>
                    <lemma type="train"/>
                </token>
                <token content="station" id="16-19">
                    <pos type="NN"/>
                    <lemma type="station"/>
                    <dep head="16-14" type="prep"/>
                </token>
                <token content="to" id="16-20">
                    <pos type="TO"/>
                    <lemma type="to"/>
                    <dep head="16-21" type="aux"/>
                </token>
                <token content="go" id="16-21">
                    <pos type="VB"/>
                    <lemma type="go"/>
                    <dep head="16-14" type="xcomp"/>
                </token>
                <token content="outside" id="16-22">
                    <pos type="RB"/>
                    <lemma type="outside"/>
                    <dep head="16-21" type="advmod"/>
                </token>
                <token content="and" id="16-23"/>
                <token content="catch" id="16-24">
                    <pos type="VB"/>
                    <lemma type="catch"/>
                    <dep head="16-21" type="conj"/>
                </token>
                <token content="a" id="16-25">
                    <pos type="DT"/>
                    <lemma type="a"/>
                </token>
                <token content="cab" id="16-26">
                    <pos type="NN"/>
                    <lemma type="cab"/>
                    <dep head="16-24" type="dobj"/>
                </token>
                <token content="to" id="16-27">
                    <pos type="TO"/>
                    <lemma type="to"/>
                    <dep head="16-28" type="aux"/>
                </token>
                <token content="get" id="16-28">
                    <pos type="VB"/>
                    <lemma type="get"/>
                </token>
                <token content="to" id="16-29"/>
                <token content="my" id="16-30">
                    <pos type="PRP$"/>
                    <lemma type="my"/>
                </token>
                <token content="meeting" id="16-31">
                    <pos type="NN"/>
                    <lemma type="meeting"/>
                    <dep head="16-28" type="prep"/>
                </token>
                <token content="." id="16-32"/>
            </sentence>
        </sentences>
    </text>
    <annotations>
        <participants>
            <label from="1-2" id="0" name="ScrPart_time_date" text="week" type="participant"/>
            <label from="1-3" id="1" name="ScrPart_passenger" text="my" type="participant"/>
            <label from="1-4" id="2" name="NPart" text="boss" type="participant"/>
            <label from="1-6" id="3" name="ScrPart_passenger" text="me" type="participant"/>
            <label from="1-8" id="4" name="ScrPart_passenger" text="I" type="participant"/>
            <label from="1-14" id="5" name="NPart" text="meeting" type="participant"/>
            <label from="1-16" id="6" name="ScrPart_destination" text="New York" to="1-17" type="participant"/>
            <label from="2-1" id="7" name="ScrPart_passenger" text="I" type="participant"/>
            <label from="2-5" id="8" name="No_label" text="way" type="participant"/>
            <label from="2-9" id="9" name="ScrPart_destination" text="New York" to="2-10" type="participant"/>
            <label from="2-15" id="10" name="ScrPart_train" text="train" type="participant"/>
            <label from="3-1" id="11" name="ScrPart_passenger" text="I" type="participant"/>
            <label from="3-3" id="12" name="SuppVComp" text="online" type="participant"/>
            <label from="3-7" id="13" name="ScrPart_card/ticket" text="train ticket" to="3-8" type="participant"/>
            <label from="3-7" id="14" name="ScrPart_train" text="train" type="participant"/>
            <label from="3-8" id="15" name="ScrPart_card/ticket" text="ticket" type="participant"/>
            <label from="3-12" id="16" name="ScrPart_passenger" text="me" type="participant"/>
            <label from="3-18" id="17" name="NPart" text="meeting" type="participant"/>
            <label from="3-19" id="18" name="NPart" text="start time" to="3-20" type="participant"/>
            <label from="3-20" id="19" name="NPart" text="time" type="participant"/>
            <label from="4-3" id="20" name="ScrPart_time_date" text="day" type="participant"/>
            <label from="4-6" id="21" name="ScrPart_trip" text="trip" type="participant"/>
            <label from="4-7" id="22" name="ScrPart_passenger" text="I" type="participant"/>
            <label from="4-11" id="23" name="ScrPart_train_station" text="train station" to="4-12" type="participant"/>
            <label from="4-12" id="24" name="ScrPart_train_station" text="station" type="participant"/>
            <label from="4-16" id="25" name="ScrPart_line" text="line" type="participant"/>
            <label from="4-19" id="26" name="ScrPart_ticket_office/website" text="ticket counter" to="4-20" type="participant"/>
            <label from="4-20" id="27" name="ScrPart_ticket_office/website" text="counter" type="participant"/>
            <label from="5-2" id="28" name="ScrPart_passenger" text="I" type="participant"/>
            <label from="5-6" id="29" name="Head_of_Partitive" text="front" type="participant"/>
            <label from="5-9" id="30" name="ScrPart_line" text="line" type="participant"/>
            <label from="5-10" id="31" name="ScrPart_passenger" text="I" type="participant"/>
            <label from="5-13" id="32" name="ScrPart_train_staff" text="agent" type="participant"/>
            <label from="5-14" id="33" name="ScrPart_passenger" text="my" type="participant"/>
            <label from="5-15" id="34" name="Unclear" text="name" type="participant"/>
            <label from="5-17" id="35" name="ScrPart_train_staff" text="they" type="participant"/>
            <label from="5-20" id="36" name="ScrPart_passenger" text="my" type="participant"/>
            <label from="5-21" id="37" name="ScrPart_other" text="reservation" type="participant"/>
            <label from="5-23" id="38" name="ScrPart_train_staff" text="their" type="participant"/>
            <label from="5-24" id="39" name="ScrPart_other" text="computer" type="participant"/>
            <label from="5-30" id="40" name="ScrPart_card/ticket" text="ticket" type="participant"/>
            <label from="6-1" id="41" name="ScrPart_passenger" text="I" type="participant"/>
            <label from="6-3" id="42" name="ScrPart_train_staff" text="them" type="participant"/>
            <label from="6-7" id="43" name="ScrPart_card/ticket" text="ticket" type="participant"/>
            <label from="6-12" id="44" name="ScrPart_ticket_office/website" text="counter" type="participant"/>
            <label from="7-2" id="45" name="ScrPart_passenger" text="I" type="participant"/>
            <label from="7-5" id="46" name="ScrPart_ticket_office/website" text="counter" type="participant"/>
            <label from="7-6" id="47" name="ScrPart_passenger" text="I" type="participant"/>
            <label from="7-10" id="48" name="ScrPart_platform" text="gate" type="participant"/>
            <label from="7-14" id="49" name="ScrPart_passenger" text="my" type="participant"/>
            <label from="7-15" id="50" name="ScrPart_train" text="train" type="participant"/>
            <label from="8-2" id="51" name="ScrPart_passenger" text="my" type="participant"/>
            <label from="8-3" id="52" name="ScrPart_train" text="train" type="participant"/>
            <label from="8-6" id="53" name="ScrPart_passenger" text="everyone" type="participant"/>
            <label from="8-10" id="54" name="ScrPart_train" text="train" type="participant"/>
            <label from="8-17" id="55" name="ScrPart_platform" text="gate" type="participant"/>
            <label from="8-20" id="56" name="ScrPart_train_staff" text="attendant" type="participant"/>
            <label from="8-22" id="57" name="ScrPart_passenger" text="our" type="participant"/>
            <label from="8-23" id="58" name="ScrPart_card/ticket" text="tickets" type="participant"/>
            <label from="9-2" id="59" name="ScrPart_passenger" text="I" type="participant"/>
            <label from="9-6" id="60" name="ScrPart_platform" text="gate" type="participant"/>
            <label from="9-8" id="61" name="ScrPart_passenger" text="I" type="participant"/>
            <label from="9-10" id="62" name="ScrPart_platform" text="outside" type="participant"/>
            <label from="9-14" id="63" name="ScrPart_train" text="train" type="participant"/>
            <label from="10-2" id="64" name="ScrPart_passenger" text="I" type="participant"/>
            <label from="10-10" id="65" name="ScrPart_passenger" text="I" type="participant"/>
            <label from="10-14" id="66" name="ScrPart_in-train_entertainment" text="magazine" type="participant"/>
            <label from="11-6" id="67" name="ScrPart_train" text="train" type="participant"/>
            <label from="11-10" id="68" name="ScrPart_train_staff" text="conductor" type="participant"/>
            <label from="11-14" id="69" name="ScrPart_coach" text="train car" to="11-15" type="participant"/>
            <label from="11-15" id="70" name="ScrPart_coach" text="car" type="participant"/>
            <label from="11-18" id="71" name="ScrPart_passenger" text="everyone" type="participant"/>
            <label from="11-20" id="72" name="ScrPart_card/ticket" text="ticket" type="participant"/>
            <label from="12-1" id="73" name="ScrPart_passenger" text="I" type="participant"/>
            <label from="12-3" id="74" name="ScrPart_passenger" text="my" type="participant"/>
            <label from="12-4" id="75" name="ScrPart_card/ticket" text="ticket" type="participant"/>
            <label from="12-7" id="76" name="ScrPart_train_staff" text="conductor" type="participant"/>
            <label from="12-9" id="77" name="ScrPart_train_staff" text="he" type="participant"/>
            <label from="12-11" id="78" name="ScrPart_card/ticket" text="it" type="participant"/>
            <label from="12-14" id="79" name="ScrPart_card/ticket" text="it" type="participant"/>
            <label from="12-17" id="80" name="ScrPart_passenger" text="me" type="participant"/>
            <label from="13-2" id="81" name="ScrPart_passenger" text="I" type="participant"/>
            <label from="13-5" id="82" name="ScrPart_passenger" text="my" type="participant"/>
            <label from="13-6" id="83" name="ScrPart_trip" text="train ride" to="13-7" type="participant"/>
            <label from="13-7" id="84" name="ScrPart_trip" text="ride" type="participant"/>
            <label from="13-13" id="85" name="ScrPart_passenger" text="my" type="participant"/>
            <label from="13-14" id="86" name="ScrPart_in-train_entertainment" text="magazine" type="participant"/>
            <label from="14-3" id="87" name="No_label" text="while" type="participant"/>
            <label from="14-6" id="88" name="ScrPart_train_staff" text="conductor" type="participant"/>
            <label from="14-10" id="89" name="ScrPart_train" text="train" type="participant"/>
            <label from="14-14" id="90" name="ScrPart_destination" text="New York" to="14-15" type="participant"/>
            <label from="15-2" id="91" name="ScrPart_train" text="train" type="participant"/>
            <label from="15-6" id="92" name="SuppVComp" text="stop" type="participant"/>
            <label from="15-9" id="93" name="ScrPart_passenger" text="I" type="participant"/>
            <label from="15-14" id="94" name="ScrPart_train" text="train" type="participant"/>
            <label from="15-17" id="95" name="ScrPart_passenger" text="everyone" type="participant"/>
            <label from="16-1" id="96" name="ScrPart_passenger" text="I" type="participant"/>
            <label from="16-5" id="97" name="ScrPart_passenger" text="I" type="participant"/>
            <label from="16-9" id="98" name="ScrPart_trip" text="train ride" to="16-10" type="participant"/>
            <label from="16-10" id="99" name="ScrPart_trip" text="ride" type="participant"/>
            <label from="16-13" id="100" name="ScrPart_passenger" text="I" type="participant"/>
            <label from="16-18" id="101" name="ScrPart_train_station" text="train station" to="16-19" type="participant"/>
            <label from="16-19" id="102" name="ScrPart_train_station" text="station" type="participant"/>
            <label from="16-22" id="103" name="ScrPart_destination" text="outside" type="participant"/>
            <label from="16-26" id="104" name="NPart" text="cab" type="participant"/>
            <label from="16-30" id="105" name="ScrPart_passenger" text="my" type="participant"/>
            <label from="16-31" id="106" name="NPart" text="meeting" type="participant"/>
        </participants>
        <events>
            <label from="1-5" id="107" name="UnrelEv" text="told" type="event"/>
            <label from="1-7" id="108" name="Evoking" text="that" type="event"/>
            <label from="1-9" id="109" name="UnrelEv" text="needed" type="event"/>
            <label from="1-11" id="110" name="RelNScrEv" text="go" type="event"/>
            <label from="2-2" id="111" name="UnrelEv" text="decided" type="event"/>
            <label from="2-7" id="112" name="RelNScrEv" text="get" type="event"/>
            <label from="2-13" id="113" name="Evoking" text="take a train" to="2-15" type="event"/>
            <label from="3-2" id="114" name="ScrEv_get_tickets" text="went" type="event"/>
            <label from="3-5" id="115" name="ScrEv_get_tickets" text="bought" type="event"/>
            <label from="3-11" id="116" name="RelNScrEv" text="get" type="event"/>
            <label from="4-8" id="117" name="ScrEv_get_train_station" text="went" type="event"/>
            <label from="4-14" id="118" name="ScrEv_wait" text="stood" type="event"/>
            <label from="5-3" id="119" name="RelNScrEv" text="got" type="event"/>
            <label from="5-11" id="120" name="ScrEv_get_tickets" text="told" type="event"/>
            <label from="5-18" id="121" name="ScrEv_get_tickets" text="pulled up" to="5-19" type="event"/>
            <label from="5-18" id="122" name="ScrEv_get_tickets" text="pulled" type="event"/>
            <label from="5-26" id="123" name="ScrEv_get_tickets" text="printed out" to="5-27" type="event"/>
            <label from="5-26" id="124" name="ScrEv_get_tickets" text="printed" type="event"/>
            <label from="6-2" id="125" name="RelNScrEv" text="thanked" type="event"/>
            <label from="6-5" id="126" name="ScrEv_get_tickets" text="took" type="event"/>
            <label from="6-10" id="127" name="RelNScrEv" text="left" type="event"/>
            <label from="7-3" id="128" name="RelNScrEv" text="left" type="event"/>
            <label from="7-7" id="129" name="ScrEv_get_platform" text="went" type="event"/>
            <label from="7-12" id="130" name="ScrEv_wait" text="wait" type="event"/>
            <label from="7-17" id="131" name="ScrEv_train_arrives" text="come" type="event"/>
            <label from="8-4" id="132" name="ScrEv_train_arrives" text="arrived" type="event"/>
            <label from="8-7" id="133" name="ScrEv_wait" text="waiting" type="event"/>
            <label from="8-11" id="134" name="RelNScrEv" text="lined up" to="8-12" type="event"/>
            <label from="8-11" id="135" name="RelNScrEv" text="lined" type="event"/>
            <label from="8-14" id="136" name="RelNScrEv" text="walked" type="event"/>
            <label from="8-21" id="137" name="ScrEv_conductor_checks" text="checked" type="event"/>
            <label from="9-3" id="138" name="RelNScrEv" text="walked" type="event"/>
            <label from="9-9" id="139" name="RelNScrEv" text="went" type="event"/>
            <label from="9-12" id="140" name="ScrEv_get_on" text="boarded" type="event"/>
            <label from="10-6" id="141" name="ScrEv_find_place" text="sit" type="event"/>
            <label from="10-11" id="142" name="ScrEv_spend_time_train" text="pulled out" to="10-12" type="event"/>
            <label from="10-11" id="143" name="ScrEv_spend_time_train" text="pulled" type="event"/>
            <label from="10-16" id="144" name="ScrEv_spend_time_train" text="read" type="event"/>
            <label from="11-7" id="145" name="UnrelEv" text="started" type="event"/>
            <label from="11-8" id="146" name="ScrEv_train_departs" text="moving" type="event"/>
            <label from="11-11" id="147" name="RelNScrEv" text="walked" type="event"/>
            <label from="11-17" id="148" name="ScrEv_conductor_checks" text="check" type="event"/>
            <label from="12-2" id="149" name="ScrEv_conductor_checks" text="handed" type="event"/>
            <label from="12-10" id="150" name="ScrEv_conductor_checks" text="scanned" type="event"/>
            <label from="12-13" id="151" name="ScrEv_conductor_checks" text="handed" type="event"/>
            <label from="13-4" id="152" name="UnrelEv" text="enjoy" type="event"/>
            <label from="13-6" id="153" name="Evoking" text="train ride" to="13-7" type="event"/>
            <label from="13-9" id="154" name="UnrelEv" text="get" type="event"/>
            <label from="13-12" id="155" name="ScrEv_spend_time_train" text="reading" type="event"/>
            <label from="14-7" id="156" name="RelNScrEv" text="announced" type="event"/>
            <label from="14-12" id="157" name="ScrEv_train_arrives" text="arrived" type="event"/>
            <label from="15-3" id="158" name="ScrEv_train_arrives" text="came" type="event"/>
            <label from="15-10" id="159" name="ScrEv_get_off" text="got off" to="15-11" type="event"/>
            <label from="15-10" id="160" name="ScrEv_get_off" text="got" type="event"/>
            <label from="16-3" id="161" name="UnrelEv" text="pleased" type="event"/>
            <label from="16-6" id="162" name="UnrelEv" text="had" type="event"/>
            <label from="16-9" id="163" name="Evoking" text="train ride" to="16-10" type="event"/>
            <label from="16-14" id="164" name="RelNScrEv" text="walked" type="event"/>
            <label from="16-21" id="165" name="RelNScrEv" text="go" type="event"/>
            <label from="16-28" id="166" name="UnrelEv" text="get" type="event"/>
        </events>
        <chains>
            <chain elements="1 3 4 7 11 16 22 28 31 33 36 41 45 47 49 51 59 61 64 65 73 74 80 81 82 85 93 96 97 100 105"/>
            <chain elements="6 9 90"/>
            <chain elements="25 30"/>
            <chain elements="32 35 38 42"/>
            <chain elements="15 40 43 75 78 79"/>
            <chain elements="27 44 46"/>
            <chain elements="10 50 52 54 63 67 89 91 94"/>
            <chain elements="48 55 60"/>
            <chain elements="53 57 71 95"/>
            <chain elements="58 72"/>
            <chain elements="68 76 77 88"/>
            <chain elements="66 86"/>
            <chain elements="5 17 106"/>
            <chain elements="21 84 99"/>
        </chains>
    </annotations>
</story>
