<?xml version="1.0" encoding="UTF-8" standalone="no"?>
<!DOCTYPE story SYSTEM "../InScript.dtd">
<story id="071" scenario="train">
    <text>
        <content>This morning I arrived at the train station to take a train to my sisters house in Texas . 
I had pre-purchased my ticket for the Amtrak train leaving a 6 am . 
So I arrived around 30 minute before hand to check in and get to the platform in time to get my train . 
This was the first time have taken a long distance train and figured it would be similar to the local city trains I take to work each day . 
As the train boards I found my correct car and seat . 
I entered the car and saw how much nicer these trains are compared to the local one . 
The seats were similar to seats on a tour coach , and was actually quite nice inside . 
I brought a book along to read and help pass the time . 
I settled in my seat and a nice elderly woman sat down next to me , We exchanged pleasantries and she puled out a blanket she was crocheting for her grandson . 
I was fascinated with her work and she started to teach me as the train pulled away from the platform . 
She spent most of the trip working on the blanket as I watched . 
Eight hours later , it seemed like much less , the train pulled into the station and it was time for me to get off . 
I said good bye to the woman and thanked her for teaching me what she had . 
She went back to her work as I got off the train . 
My sister was waiting on the platform for me and we got into her car and headed to the nearest craft store to purchase crocheting supplies . </content>
        <sentences>
            <sentence id="1">
                <token content="This" id="1-1">
                    <pos type="DT"/>
                    <lemma type="this"/>
                </token>
                <token content="morning" id="1-2">
                    <pos type="NN"/>
                    <lemma type="morning"/>
                    <dep head="1-4" type="tmod"/>
                </token>
                <token content="I" id="1-3">
                    <pos type="PRP"/>
                    <lemma type="I"/>
                    <dep head="1-4" type="nsubj"/>
                </token>
                <token content="arrived" id="1-4">
                    <pos type="VBD"/>
                    <lemma type="arrive"/>
                </token>
                <token content="at" id="1-5"/>
                <token content="the" id="1-6">
                    <pos type="DT"/>
                    <lemma type="the"/>
                </token>
                <token content="train" id="1-7">
                    <pos type="NN"/>
                    <lemma type="train"/>
                </token>
                <token content="station" id="1-8">
                    <pos type="NN"/>
                    <lemma type="station"/>
                    <dep head="1-4" type="prep"/>
                </token>
                <token content="to" id="1-9">
                    <pos type="TO"/>
                    <lemma type="to"/>
                    <dep head="1-10" type="aux"/>
                </token>
                <token content="take" id="1-10">
                    <pos type="VB"/>
                    <lemma type="take"/>
                    <dep head="1-4" type="xcomp"/>
                </token>
                <token content="a" id="1-11">
                    <pos type="DT"/>
                    <lemma type="a"/>
                </token>
                <token content="train" id="1-12">
                    <pos type="NN"/>
                    <lemma type="train"/>
                    <dep head="1-10" type="dobj"/>
                </token>
                <token content="to" id="1-13"/>
                <token content="my" id="1-14">
                    <pos type="PRP$"/>
                    <lemma type="my"/>
                </token>
                <token content="sisters" id="1-15">
                    <pos type="NNS"/>
                    <lemma type="sister"/>
                </token>
                <token content="house" id="1-16">
                    <pos type="NN"/>
                    <lemma type="house"/>
                    <dep head="1-10" type="prep"/>
                </token>
                <token content="in" id="1-17"/>
                <token content="Texas" id="1-18">
                    <pos type="NNP"/>
                    <lemma type="Texas"/>
                </token>
                <token content="." id="1-19"/>
            </sentence>
            <sentence id="2">
                <token content="I" id="2-1">
                    <pos type="PRP"/>
                    <lemma type="I"/>
                    <dep head="2-3" type="nsubj"/>
                </token>
                <token content="had" id="2-2">
                    <pos type="VBD"/>
                    <lemma type="have"/>
                    <dep head="2-3" type="aux"/>
                </token>
                <token content="pre-purchased" id="2-3">
                    <pos type="VBN"/>
                    <lemma type="pre-purchase"/>
                </token>
                <token content="my" id="2-4">
                    <pos type="PRP$"/>
                    <lemma type="my"/>
                </token>
                <token content="ticket" id="2-5">
                    <pos type="NN"/>
                    <lemma type="ticket"/>
                    <dep head="2-3" type="dobj"/>
                </token>
                <token content="for" id="2-6"/>
                <token content="the" id="2-7">
                    <pos type="DT"/>
                    <lemma type="the"/>
                </token>
                <token content="Amtrak" id="2-8">
                    <pos type="NNP"/>
                    <lemma type="Amtrak"/>
                </token>
                <token content="train" id="2-9">
                    <pos type="NN"/>
                    <lemma type="train"/>
                    <dep head="2-3" type="prep"/>
                </token>
                <token content="leaving" id="2-10">
                    <pos type="VBG"/>
                    <lemma type="leave"/>
                    <dep head="2-3" type="xcomp"/>
                </token>
                <token content="a" id="2-11">
                    <pos type="DT"/>
                    <lemma type="a"/>
                </token>
                <token content="6" id="2-12">
                    <pos type="CD"/>
                    <lemma type="6"/>
                </token>
                <token content="am" id="2-13">
                    <pos type="RB"/>
                    <lemma type="am"/>
                    <dep head="2-10" type="dobj"/>
                </token>
                <token content="." id="2-14"/>
            </sentence>
            <sentence id="3">
                <token content="So" id="3-1">
                    <pos type="IN"/>
                    <lemma type="so"/>
                    <dep head="3-3" type="dep"/>
                </token>
                <token content="I" id="3-2">
                    <pos type="PRP"/>
                    <lemma type="I"/>
                    <dep head="3-3" type="nsubj"/>
                </token>
                <token content="arrived" id="3-3">
                    <pos type="VBD"/>
                    <lemma type="arrive"/>
                </token>
                <token content="around" id="3-4"/>
                <token content="30" id="3-5">
                    <pos type="CD"/>
                    <lemma type="30"/>
                </token>
                <token content="minute" id="3-6">
                    <pos type="NN"/>
                    <lemma type="minute"/>
                    <dep head="3-3" type="prep"/>
                </token>
                <token content="before" id="3-7"/>
                <token content="hand" id="3-8">
                    <pos type="NN"/>
                    <lemma type="hand"/>
                    <dep head="3-3" type="prep"/>
                </token>
                <token content="to" id="3-9">
                    <pos type="TO"/>
                    <lemma type="to"/>
                    <dep head="3-10" type="aux"/>
                </token>
                <token content="check" id="3-10">
                    <pos type="VB"/>
                    <lemma type="check"/>
                    <dep head="3-3" type="xcomp"/>
                </token>
                <token content="in" id="3-11">
                    <pos type="RP"/>
                    <lemma type="in"/>
                    <dep head="3-10" type="prt"/>
                </token>
                <token content="and" id="3-12"/>
                <token content="get" id="3-13">
                    <pos type="VB"/>
                    <lemma type="get"/>
                    <dep head="3-10" type="conj"/>
                </token>
                <token content="to" id="3-14"/>
                <token content="the" id="3-15">
                    <pos type="DT"/>
                    <lemma type="the"/>
                </token>
                <token content="platform" id="3-16">
                    <pos type="NN"/>
                    <lemma type="platform"/>
                    <dep head="3-13" type="prep"/>
                </token>
                <token content="in" id="3-17"/>
                <token content="time" id="3-18">
                    <pos type="NN"/>
                    <lemma type="time"/>
                </token>
                <token content="to" id="3-19">
                    <pos type="TO"/>
                    <lemma type="to"/>
                    <dep head="3-20" type="aux"/>
                </token>
                <token content="get" id="3-20">
                    <pos type="VB"/>
                    <lemma type="get"/>
                    <dep head="3-13" type="xcomp"/>
                </token>
                <token content="my" id="3-21">
                    <pos type="PRP$"/>
                    <lemma type="my"/>
                </token>
                <token content="train" id="3-22">
                    <pos type="NN"/>
                    <lemma type="train"/>
                    <dep head="3-20" type="dobj"/>
                </token>
                <token content="." id="3-23"/>
            </sentence>
            <sentence id="4">
                <token content="This" id="4-1">
                    <pos type="DT"/>
                    <lemma type="this"/>
                </token>
                <token content="was" id="4-2">
                    <pos type="VBD"/>
                    <lemma type="be"/>
                </token>
                <token content="the" id="4-3">
                    <pos type="DT"/>
                    <lemma type="the"/>
                </token>
                <token content="first" id="4-4">
                    <pos type="JJ"/>
                    <lemma type="first"/>
                </token>
                <token content="time" id="4-5">
                    <pos type="NN"/>
                    <lemma type="time"/>
                </token>
                <token content="have" id="4-6">
                    <pos type="VBP"/>
                    <lemma type="have"/>
                    <dep head="4-7" type="aux"/>
                </token>
                <token content="taken" id="4-7">
                    <pos type="VBN"/>
                    <lemma type="take"/>
                </token>
                <token content="a" id="4-8">
                    <pos type="DT"/>
                    <lemma type="a"/>
                </token>
                <token content="long" id="4-9">
                    <pos type="JJ"/>
                    <lemma type="long"/>
                </token>
                <token content="distance" id="4-10">
                    <pos type="NN"/>
                    <lemma type="distance"/>
                </token>
                <token content="train" id="4-11">
                    <pos type="NN"/>
                    <lemma type="train"/>
                    <dep head="4-7" type="dobj"/>
                </token>
                <token content="and" id="4-12"/>
                <token content="figured" id="4-13">
                    <pos type="VBD"/>
                    <lemma type="figure"/>
                    <dep head="4-7" type="conj"/>
                </token>
                <token content="it" id="4-14">
                    <pos type="PRP"/>
                    <lemma type="it"/>
                </token>
                <token content="would" id="4-15">
                    <pos type="MD"/>
                    <lemma type="would"/>
                </token>
                <token content="be" id="4-16">
                    <pos type="VB"/>
                    <lemma type="be"/>
                </token>
                <token content="similar" id="4-17">
                    <pos type="JJ"/>
                    <lemma type="similar"/>
                    <dep head="4-13" type="ccomp"/>
                </token>
                <token content="to" id="4-18"/>
                <token content="the" id="4-19">
                    <pos type="DT"/>
                    <lemma type="the"/>
                </token>
                <token content="local" id="4-20">
                    <pos type="JJ"/>
                    <lemma type="local"/>
                </token>
                <token content="city" id="4-21">
                    <pos type="NN"/>
                    <lemma type="city"/>
                </token>
                <token content="trains" id="4-22">
                    <pos type="NNS"/>
                    <lemma type="train"/>
                </token>
                <token content="I" id="4-23">
                    <pos type="PRP"/>
                    <lemma type="I"/>
                    <dep head="4-24" type="nsubj"/>
                </token>
                <token content="take" id="4-24">
                    <pos type="VBP"/>
                    <lemma type="take"/>
                </token>
                <token content="to" id="4-25">
                    <pos type="TO"/>
                    <lemma type="to"/>
                    <dep head="4-26" type="aux"/>
                </token>
                <token content="work" id="4-26">
                    <pos type="VB"/>
                    <lemma type="work"/>
                    <dep head="4-24" type="xcomp"/>
                </token>
                <token content="each" id="4-27">
                    <pos type="DT"/>
                    <lemma type="each"/>
                </token>
                <token content="day" id="4-28">
                    <pos type="NN"/>
                    <lemma type="day"/>
                    <dep head="4-26" type="tmod"/>
                </token>
                <token content="." id="4-29"/>
            </sentence>
            <sentence id="5">
                <token content="As" id="5-1"/>
                <token content="the" id="5-2">
                    <pos type="DT"/>
                    <lemma type="the"/>
                </token>
                <token content="train" id="5-3">
                    <pos type="NN"/>
                    <lemma type="train"/>
                </token>
                <token content="boards" id="5-4">
                    <pos type="NNS"/>
                    <lemma type="board"/>
                    <dep head="5-6" type="prep"/>
                </token>
                <token content="I" id="5-5">
                    <pos type="PRP"/>
                    <lemma type="I"/>
                    <dep head="5-6" type="nsubj"/>
                </token>
                <token content="found" id="5-6">
                    <pos type="VBD"/>
                    <lemma type="find"/>
                </token>
                <token content="my" id="5-7">
                    <pos type="PRP$"/>
                    <lemma type="my"/>
                </token>
                <token content="correct" id="5-8">
                    <pos type="JJ"/>
                    <lemma type="correct"/>
                </token>
                <token content="car" id="5-9">
                    <pos type="NN"/>
                    <lemma type="car"/>
                    <dep head="5-6" type="dobj"/>
                </token>
                <token content="and" id="5-10"/>
                <token content="seat" id="5-11">
                    <pos type="NN"/>
                    <lemma type="seat"/>
                </token>
                <token content="." id="5-12"/>
            </sentence>
            <sentence id="6">
                <token content="I" id="6-1">
                    <pos type="PRP"/>
                    <lemma type="I"/>
                    <dep head="6-2" type="nsubj"/>
                </token>
                <token content="entered" id="6-2">
                    <pos type="VBD"/>
                    <lemma type="enter"/>
                </token>
                <token content="the" id="6-3">
                    <pos type="DT"/>
                    <lemma type="the"/>
                </token>
                <token content="car" id="6-4">
                    <pos type="NN"/>
                    <lemma type="car"/>
                    <dep head="6-2" type="dobj"/>
                </token>
                <token content="and" id="6-5"/>
                <token content="saw" id="6-6">
                    <pos type="VBD"/>
                    <lemma type="see"/>
                    <dep head="6-2" type="conj"/>
                </token>
                <token content="how" id="6-7">
                    <pos type="WRB"/>
                    <lemma type="how"/>
                </token>
                <token content="much" id="6-8">
                    <pos type="RB"/>
                    <lemma type="much"/>
                    <dep head="6-12" type="dobj"/>
                </token>
                <token content="nicer" id="6-9">
                    <pos type="JJR"/>
                    <lemma type="nicer"/>
                </token>
                <token content="these" id="6-10">
                    <pos type="DT"/>
                    <lemma type="these"/>
                </token>
                <token content="trains" id="6-11">
                    <pos type="NNS"/>
                    <lemma type="train"/>
                    <dep head="6-12" type="nsubj"/>
                </token>
                <token content="are" id="6-12">
                    <pos type="VBP"/>
                    <lemma type="be"/>
                    <dep head="6-6" type="ccomp"/>
                </token>
                <token content="compared" id="6-13"/>
                <token content="to" id="6-14">
                    <pos type="TO"/>
                    <lemma type="to"/>
                    <dep head="6-12" type="prepc"/>
                </token>
                <token content="the" id="6-15">
                    <pos type="DT"/>
                    <lemma type="the"/>
                </token>
                <token content="local" id="6-16">
                    <pos type="JJ"/>
                    <lemma type="local"/>
                </token>
                <token content="one" id="6-17">
                    <pos type="NN"/>
                    <lemma type="one"/>
                    <dep head="6-12" type="pobj"/>
                </token>
                <token content="." id="6-18"/>
            </sentence>
            <sentence id="7">
                <token content="The" id="7-1">
                    <pos type="DT"/>
                    <lemma type="the"/>
                </token>
                <token content="seats" id="7-2">
                    <pos type="NNS"/>
                    <lemma type="seat"/>
                </token>
                <token content="were" id="7-3">
                    <pos type="VBD"/>
                    <lemma type="be"/>
                </token>
                <token content="similar" id="7-4">
                    <pos type="JJ"/>
                    <lemma type="similar"/>
                </token>
                <token content="to" id="7-5"/>
                <token content="seats" id="7-6">
                    <pos type="NNS"/>
                    <lemma type="seat"/>
                </token>
                <token content="on" id="7-7"/>
                <token content="a" id="7-8">
                    <pos type="DT"/>
                    <lemma type="a"/>
                </token>
                <token content="tour" id="7-9">
                    <pos type="NN"/>
                    <lemma type="tour"/>
                </token>
                <token content="coach" id="7-10">
                    <pos type="NN"/>
                    <lemma type="coach"/>
                </token>
                <token content="," id="7-11"/>
                <token content="and" id="7-12"/>
                <token content="was" id="7-13">
                    <pos type="VBD"/>
                    <lemma type="be"/>
                </token>
                <token content="actually" id="7-14">
                    <pos type="RB"/>
                    <lemma type="actually"/>
                </token>
                <token content="quite" id="7-15">
                    <pos type="RB"/>
                    <lemma type="quite"/>
                </token>
                <token content="nice" id="7-16">
                    <pos type="JJ"/>
                    <lemma type="nice"/>
                </token>
                <token content="inside" id="7-17">
                    <pos type="IN"/>
                    <lemma type="inside"/>
                </token>
                <token content="." id="7-18"/>
            </sentence>
            <sentence id="8">
                <token content="I" id="8-1">
                    <pos type="PRP"/>
                    <lemma type="I"/>
                    <dep head="8-2" type="nsubj"/>
                </token>
                <token content="brought" id="8-2">
                    <pos type="VBD"/>
                    <lemma type="bring"/>
                </token>
                <token content="a" id="8-3">
                    <pos type="DT"/>
                    <lemma type="a"/>
                </token>
                <token content="book" id="8-4">
                    <pos type="NN"/>
                    <lemma type="book"/>
                    <dep head="8-2" type="dobj"/>
                </token>
                <token content="along" id="8-5">
                    <pos type="RP"/>
                    <lemma type="along"/>
                    <dep head="8-2" type="prt"/>
                </token>
                <token content="to" id="8-6">
                    <pos type="TO"/>
                    <lemma type="to"/>
                    <dep head="8-7" type="aux"/>
                </token>
                <token content="read" id="8-7">
                    <pos type="VB"/>
                    <lemma type="read"/>
                    <dep head="8-2" type="vmod"/>
                </token>
                <token content="and" id="8-8"/>
                <token content="help" id="8-9">
                    <pos type="VB"/>
                    <lemma type="help"/>
                    <dep head="8-7" type="conj"/>
                </token>
                <token content="pass" id="8-10">
                    <pos type="NN"/>
                    <lemma type="pass"/>
                    <dep head="8-7" type="dobj"/>
                </token>
                <token content="the" id="8-11">
                    <pos type="DT"/>
                    <lemma type="the"/>
                </token>
                <token content="time" id="8-12">
                    <pos type="NN"/>
                    <lemma type="time"/>
                    <dep head="8-2" type="dobj"/>
                </token>
                <token content="." id="8-13"/>
            </sentence>
            <sentence id="9">
                <token content="I" id="9-1">
                    <pos type="PRP"/>
                    <lemma type="I"/>
                    <dep head="9-2" type="nsubj"/>
                </token>
                <token content="settled" id="9-2">
                    <pos type="VBD"/>
                    <lemma type="settle"/>
                </token>
                <token content="in" id="9-3"/>
                <token content="my" id="9-4">
                    <pos type="PRP$"/>
                    <lemma type="my"/>
                </token>
                <token content="seat" id="9-5">
                    <pos type="NN"/>
                    <lemma type="seat"/>
                    <dep head="9-2" type="prep"/>
                </token>
                <token content="and" id="9-6"/>
                <token content="a" id="9-7">
                    <pos type="DT"/>
                    <lemma type="a"/>
                </token>
                <token content="nice" id="9-8">
                    <pos type="JJ"/>
                    <lemma type="nice"/>
                </token>
                <token content="elderly" id="9-9">
                    <pos type="JJ"/>
                    <lemma type="elderly"/>
                </token>
                <token content="woman" id="9-10">
                    <pos type="NN"/>
                    <lemma type="woman"/>
                    <dep head="9-11" type="nsubj"/>
                </token>
                <token content="sat" id="9-11">
                    <pos type="VBD"/>
                    <lemma type="sit"/>
                    <dep head="9-2" type="conj"/>
                </token>
                <token content="down" id="9-12">
                    <pos type="RB"/>
                    <lemma type="down"/>
                    <dep head="9-11" type="advmod"/>
                </token>
                <token content="next" id="9-13"/>
                <token content="to" id="9-14"/>
                <token content="me" id="9-15">
                    <pos type="PRP"/>
                    <lemma type="I"/>
                    <dep head="9-11" type="prep"/>
                </token>
                <token content="," id="9-16"/>
                <token content="We" id="9-17">
                    <pos type="PRP"/>
                    <lemma type="we"/>
                    <dep head="9-18" type="nsubj"/>
                </token>
                <token content="exchanged" id="9-18">
                    <pos type="VBD"/>
                    <lemma type="exchange"/>
                    <dep head="9-2" type="dep"/>
                </token>
                <token content="pleasantries" id="9-19">
                    <pos type="NNS"/>
                    <lemma type="pleasantry"/>
                    <dep head="9-18" type="dobj"/>
                </token>
                <token content="and" id="9-20"/>
                <token content="she" id="9-21">
                    <pos type="PRP"/>
                    <lemma type="she"/>
                    <dep head="9-22" type="nsubj"/>
                </token>
                <token content="puled" id="9-22">
                    <pos type="VBD"/>
                    <lemma type="pule"/>
                    <dep head="9-2" type="conj"/>
                </token>
                <token content="out" id="9-23">
                    <pos type="RP"/>
                    <lemma type="out"/>
                    <dep head="9-22" type="prt"/>
                </token>
                <token content="a" id="9-24">
                    <pos type="DT"/>
                    <lemma type="a"/>
                </token>
                <token content="blanket" id="9-25">
                    <pos type="NN"/>
                    <lemma type="blanket"/>
                    <dep head="9-22" type="dobj"/>
                </token>
                <token content="she" id="9-26">
                    <pos type="PRP"/>
                    <lemma type="she"/>
                    <dep head="9-28" type="nsubj"/>
                </token>
                <token content="was" id="9-27">
                    <pos type="VBD"/>
                    <lemma type="be"/>
                    <dep head="9-28" type="aux"/>
                </token>
                <token content="crocheting" id="9-28">
                    <pos type="VBG"/>
                    <lemma type="crochet"/>
                </token>
                <token content="for" id="9-29"/>
                <token content="her" id="9-30">
                    <pos type="PRP$"/>
                    <lemma type="she"/>
                </token>
                <token content="grandson" id="9-31">
                    <pos type="NN"/>
                    <lemma type="grandson"/>
                    <dep head="9-28" type="prep"/>
                </token>
                <token content="." id="9-32"/>
            </sentence>
            <sentence id="10">
                <token content="I" id="10-1">
                    <pos type="PRP"/>
                    <lemma type="I"/>
                    <dep head="10-3" type="nsubjpass"/>
                </token>
                <token content="was" id="10-2">
                    <pos type="VBD"/>
                    <lemma type="be"/>
                    <dep head="10-3" type="auxpass"/>
                </token>
                <token content="fascinated" id="10-3">
                    <pos type="VBN"/>
                    <lemma type="fascinate"/>
                </token>
                <token content="with" id="10-4"/>
                <token content="her" id="10-5">
                    <pos type="PRP$"/>
                    <lemma type="she"/>
                </token>
                <token content="work" id="10-6">
                    <pos type="NN"/>
                    <lemma type="work"/>
                    <dep head="10-3" type="prep"/>
                </token>
                <token content="and" id="10-7"/>
                <token content="she" id="10-8">
                    <pos type="PRP"/>
                    <lemma type="she"/>
                    <dep head="10-9" type="nsubj"/>
                </token>
                <token content="started" id="10-9">
                    <pos type="VBD"/>
                    <lemma type="start"/>
                    <dep head="10-3" type="conj"/>
                </token>
                <token content="to" id="10-10">
                    <pos type="TO"/>
                    <lemma type="to"/>
                    <dep head="10-11" type="aux"/>
                </token>
                <token content="teach" id="10-11">
                    <pos type="VB"/>
                    <lemma type="teach"/>
                    <dep head="10-9" type="xcomp"/>
                </token>
                <token content="me" id="10-12">
                    <pos type="PRP"/>
                    <lemma type="I"/>
                    <dep head="10-11" type="dobj"/>
                </token>
                <token content="as" id="10-13">
                    <pos type="IN"/>
                    <lemma type="as"/>
                    <dep head="10-16" type="mark"/>
                </token>
                <token content="the" id="10-14">
                    <pos type="DT"/>
                    <lemma type="the"/>
                </token>
                <token content="train" id="10-15">
                    <pos type="NN"/>
                    <lemma type="train"/>
                    <dep head="10-16" type="nsubj"/>
                </token>
                <token content="pulled" id="10-16">
                    <pos type="VBD"/>
                    <lemma type="pull"/>
                    <dep head="10-11" type="advcl"/>
                </token>
                <token content="away" id="10-17"/>
                <token content="from" id="10-18"/>
                <token content="the" id="10-19">
                    <pos type="DT"/>
                    <lemma type="the"/>
                </token>
                <token content="platform" id="10-20">
                    <pos type="NN"/>
                    <lemma type="platform"/>
                    <dep head="10-16" type="prep"/>
                </token>
                <token content="." id="10-21"/>
            </sentence>
            <sentence id="11">
                <token content="She" id="11-1">
                    <pos type="PRP"/>
                    <lemma type="she"/>
                    <dep head="11-2" type="nsubj"/>
                </token>
                <token content="spent" id="11-2">
                    <pos type="VBD"/>
                    <lemma type="spend"/>
                </token>
                <token content="most" id="11-3">
                    <pos type="JJS"/>
                    <lemma type="most"/>
                    <dep head="11-2" type="dobj"/>
                </token>
                <token content="of" id="11-4"/>
                <token content="the" id="11-5">
                    <pos type="DT"/>
                    <lemma type="the"/>
                </token>
                <token content="trip" id="11-6">
                    <pos type="NN"/>
                    <lemma type="trip"/>
                </token>
                <token content="working" id="11-7">
                    <pos type="VBG"/>
                    <lemma type="work"/>
                </token>
                <token content="on" id="11-8"/>
                <token content="the" id="11-9">
                    <pos type="DT"/>
                    <lemma type="the"/>
                </token>
                <token content="blanket" id="11-10">
                    <pos type="NN"/>
                    <lemma type="blanket"/>
                    <dep head="11-7" type="prep"/>
                </token>
                <token content="as" id="11-11">
                    <pos type="IN"/>
                    <lemma type="as"/>
                    <dep head="11-13" type="mark"/>
                </token>
                <token content="I" id="11-12">
                    <pos type="PRP"/>
                    <lemma type="I"/>
                    <dep head="11-13" type="nsubj"/>
                </token>
                <token content="watched" id="11-13">
                    <pos type="VBD"/>
                    <lemma type="watch"/>
                    <dep head="11-7" type="advcl"/>
                </token>
                <token content="." id="11-14"/>
            </sentence>
            <sentence id="12">
                <token content="Eight" id="12-1">
                    <pos type="CD"/>
                    <lemma type="eight"/>
                </token>
                <token content="hours" id="12-2">
                    <pos type="NNS"/>
                    <lemma type="hour"/>
                    <dep head="12-6" type="nsubj"/>
                </token>
                <token content="later" id="12-3">
                    <pos type="RB"/>
                    <lemma type="later"/>
                </token>
                <token content="," id="12-4"/>
                <token content="it" id="12-5">
                    <pos type="PRP"/>
                    <lemma type="it"/>
                    <dep head="12-6" type="nsubj"/>
                </token>
                <token content="seemed" id="12-6">
                    <pos type="VBD"/>
                    <lemma type="seem"/>
                </token>
                <token content="like" id="12-7">
                    <pos type="IN"/>
                    <lemma type="like"/>
                    <dep head="12-13" type="mark"/>
                </token>
                <token content="much" id="12-8">
                    <pos type="RB"/>
                    <lemma type="much"/>
                </token>
                <token content="less" id="12-9">
                    <pos type="RBR"/>
                    <lemma type="less"/>
                    <dep head="12-13" type="ccomp"/>
                </token>
                <token content="," id="12-10"/>
                <token content="the" id="12-11">
                    <pos type="DT"/>
                    <lemma type="the"/>
                </token>
                <token content="train" id="12-12">
                    <pos type="NN"/>
                    <lemma type="train"/>
                    <dep head="12-13" type="nsubj"/>
                </token>
                <token content="pulled" id="12-13">
                    <pos type="VBD"/>
                    <lemma type="pull"/>
                    <dep head="12-6" type="advcl"/>
                </token>
                <token content="into" id="12-14"/>
                <token content="the" id="12-15">
                    <pos type="DT"/>
                    <lemma type="the"/>
                </token>
                <token content="station" id="12-16">
                    <pos type="NN"/>
                    <lemma type="station"/>
                    <dep head="12-13" type="prep"/>
                </token>
                <token content="and" id="12-17"/>
                <token content="it" id="12-18">
                    <pos type="PRP"/>
                    <lemma type="it"/>
                </token>
                <token content="was" id="12-19">
                    <pos type="VBD"/>
                    <lemma type="be"/>
                </token>
                <token content="time" id="12-20">
                    <pos type="NN"/>
                    <lemma type="time"/>
                    <dep head="12-13" type="conj"/>
                </token>
                <token content="for" id="12-21"/>
                <token content="me" id="12-22">
                    <pos type="PRP"/>
                    <lemma type="I"/>
                </token>
                <token content="to" id="12-23">
                    <pos type="TO"/>
                    <lemma type="to"/>
                    <dep head="12-24" type="aux"/>
                </token>
                <token content="get" id="12-24">
                    <pos type="VB"/>
                    <lemma type="get"/>
                </token>
                <token content="off" id="12-25">
                    <pos type="RP"/>
                    <lemma type="off"/>
                    <dep head="12-24" type="prt"/>
                </token>
                <token content="." id="12-26"/>
            </sentence>
            <sentence id="13">
                <token content="I" id="13-1">
                    <pos type="PRP"/>
                    <lemma type="I"/>
                    <dep head="13-2" type="nsubj"/>
                </token>
                <token content="said" id="13-2">
                    <pos type="VBD"/>
                    <lemma type="say"/>
                </token>
                <token content="good" id="13-3">
                    <pos type="JJ"/>
                    <lemma type="good"/>
                </token>
                <token content="bye" id="13-4">
                    <pos type="NN"/>
                    <lemma type="bye"/>
                    <dep head="13-2" type="dobj"/>
                </token>
                <token content="to" id="13-5"/>
                <token content="the" id="13-6">
                    <pos type="DT"/>
                    <lemma type="the"/>
                </token>
                <token content="woman" id="13-7">
                    <pos type="NN"/>
                    <lemma type="woman"/>
                    <dep head="13-2" type="prep"/>
                </token>
                <token content="and" id="13-8"/>
                <token content="thanked" id="13-9">
                    <pos type="VBD"/>
                    <lemma type="thank"/>
                    <dep head="13-2" type="conj"/>
                </token>
                <token content="her" id="13-10">
                    <pos type="PRP"/>
                    <lemma type="she"/>
                    <dep head="13-9" type="dobj"/>
                </token>
                <token content="for" id="13-11"/>
                <token content="teaching" id="13-12">
                    <pos type="VBG"/>
                    <lemma type="teach"/>
                    <dep head="13-9" type="prepc"/>
                </token>
                <token content="me" id="13-13">
                    <pos type="PRP"/>
                    <lemma type="I"/>
                    <dep head="13-12" type="dobj"/>
                </token>
                <token content="what" id="13-14">
                    <pos type="WP"/>
                    <lemma type="what"/>
                    <dep head="13-16" type="dobj"/>
                </token>
                <token content="she" id="13-15">
                    <pos type="PRP"/>
                    <lemma type="she"/>
                    <dep head="13-16" type="nsubj"/>
                </token>
                <token content="had" id="13-16">
                    <pos type="VBD"/>
                    <lemma type="have"/>
                    <dep head="13-12" type="dep"/>
                </token>
                <token content="." id="13-17"/>
            </sentence>
            <sentence id="14">
                <token content="She" id="14-1">
                    <pos type="PRP"/>
                    <lemma type="she"/>
                    <dep head="14-2" type="nsubj"/>
                </token>
                <token content="went" id="14-2">
                    <pos type="VBD"/>
                    <lemma type="go"/>
                </token>
                <token content="back" id="14-3">
                    <pos type="RB"/>
                    <lemma type="back"/>
                    <dep head="14-2" type="advmod"/>
                </token>
                <token content="to" id="14-4"/>
                <token content="her" id="14-5">
                    <pos type="PRP$"/>
                    <lemma type="she"/>
                </token>
                <token content="work" id="14-6">
                    <pos type="NN"/>
                    <lemma type="work"/>
                    <dep head="14-2" type="prep"/>
                </token>
                <token content="as" id="14-7">
                    <pos type="IN"/>
                    <lemma type="as"/>
                    <dep head="14-9" type="mark"/>
                </token>
                <token content="I" id="14-8">
                    <pos type="PRP"/>
                    <lemma type="I"/>
                    <dep head="14-9" type="nsubj"/>
                </token>
                <token content="got" id="14-9">
                    <pos type="VBD"/>
                    <lemma type="get"/>
                    <dep head="14-2" type="advcl"/>
                </token>
                <token content="off" id="14-10">
                    <pos type="RP"/>
                    <lemma type="off"/>
                    <dep head="14-9" type="prt"/>
                </token>
                <token content="the" id="14-11">
                    <pos type="DT"/>
                    <lemma type="the"/>
                </token>
                <token content="train" id="14-12">
                    <pos type="NN"/>
                    <lemma type="train"/>
                    <dep head="14-9" type="dobj"/>
                </token>
                <token content="." id="14-13"/>
            </sentence>
            <sentence id="15">
                <token content="My" id="15-1">
                    <pos type="PRP$"/>
                    <lemma type="my"/>
                </token>
                <token content="sister" id="15-2">
                    <pos type="NN"/>
                    <lemma type="sister"/>
                    <dep head="15-4" type="nsubj"/>
                </token>
                <token content="was" id="15-3">
                    <pos type="VBD"/>
                    <lemma type="be"/>
                    <dep head="15-4" type="aux"/>
                </token>
                <token content="waiting" id="15-4">
                    <pos type="VBG"/>
                    <lemma type="wait"/>
                </token>
                <token content="on" id="15-5"/>
                <token content="the" id="15-6">
                    <pos type="DT"/>
                    <lemma type="the"/>
                </token>
                <token content="platform" id="15-7">
                    <pos type="NN"/>
                    <lemma type="platform"/>
                    <dep head="15-4" type="prep"/>
                </token>
                <token content="for" id="15-8"/>
                <token content="me" id="15-9">
                    <pos type="PRP"/>
                    <lemma type="I"/>
                </token>
                <token content="and" id="15-10"/>
                <token content="we" id="15-11">
                    <pos type="PRP"/>
                    <lemma type="we"/>
                    <dep head="15-12" type="nsubj"/>
                </token>
                <token content="got" id="15-12">
                    <pos type="VBD"/>
                    <lemma type="get"/>
                    <dep head="15-4" type="conj"/>
                </token>
                <token content="into" id="15-13"/>
                <token content="her" id="15-14">
                    <pos type="PRP$"/>
                    <lemma type="she"/>
                </token>
                <token content="car" id="15-15">
                    <pos type="NN"/>
                    <lemma type="car"/>
                    <dep head="15-12" type="prep"/>
                </token>
                <token content="and" id="15-16"/>
                <token content="headed" id="15-17">
                    <pos type="VBD"/>
                    <lemma type="head"/>
                    <dep head="15-12" type="conj"/>
                </token>
                <token content="to" id="15-18"/>
                <token content="the" id="15-19">
                    <pos type="DT"/>
                    <lemma type="the"/>
                </token>
                <token content="nearest" id="15-20">
                    <pos type="JJS"/>
                    <lemma type="nearest"/>
                </token>
                <token content="craft" id="15-21">
                    <pos type="NN"/>
                    <lemma type="craft"/>
                </token>
                <token content="store" id="15-22">
                    <pos type="NN"/>
                    <lemma type="store"/>
                    <dep head="15-17" type="prep"/>
                </token>
                <token content="to" id="15-23">
                    <pos type="TO"/>
                    <lemma type="to"/>
                    <dep head="15-24" type="aux"/>
                </token>
                <token content="purchase" id="15-24">
                    <pos type="VB"/>
                    <lemma type="purchase"/>
                    <dep head="15-17" type="xcomp"/>
                </token>
                <token content="crocheting" id="15-25">
                    <pos type="VBG"/>
                    <lemma type="crochet"/>
                </token>
                <token content="supplies" id="15-26">
                    <pos type="NNS"/>
                    <lemma type="supplies"/>
                    <dep head="15-24" type="dobj"/>
                </token>
                <token content="." id="15-27"/>
            </sentence>
        </sentences>
    </text>
    <annotations>
        <participants>
            <label from="1-2" id="0" name="ScrPart_time_date" text="morning" type="participant"/>
            <label from="1-3" id="1" name="ScrPart_passenger" text="I" type="participant"/>
            <label from="1-7" id="2" name="ScrPart_train_station" text="train station" to="1-8" type="participant"/>
            <label from="1-8" id="3" name="ScrPart_train_station" text="station" type="participant"/>
            <label from="1-12" id="4" name="ScrPart_train" text="train" type="participant"/>
            <label from="1-14" id="5" name="ScrPart_passenger" text="my" type="participant"/>
            <label from="1-15" id="6" name="NPart" text="sisters" type="participant"/>
            <label from="1-16" id="7" name="NPart" text="house" type="participant"/>
            <label from="1-18" id="8" name="NPart" text="Texas" type="participant"/>
            <label from="2-1" id="9" name="ScrPart_passenger" text="I" type="participant"/>
            <label from="2-4" id="10" name="ScrPart_passenger" text="my" type="participant"/>
            <label from="2-5" id="11" name="ScrPart_card/ticket" text="ticket" type="participant"/>
            <label from="2-8" id="12" name="NPart" text="Amtrak" type="participant"/>
            <label from="2-9" id="13" name="ScrPart_train" text="train" type="participant"/>
            <label from="2-12" id="14" name="ScrPart_time_date" text="6 am" to="2-13" type="participant"/>
            <label from="3-2" id="15" name="ScrPart_passenger" text="I" type="participant"/>
            <label from="3-6" id="16" name="ScrPart_time_date" text="minute" type="participant"/>
            <label from="3-10" id="17" name="ScrPart_other" text="check in" to="3-11" type="participant"/>
            <label from="3-10" id="18" name="ScrPart_other" text="check" type="participant"/>
            <label from="3-16" id="19" name="ScrPart_platform" text="platform" type="participant"/>
            <label from="3-18" id="20" name="ScrPart_time_date" text="time" type="participant"/>
            <label from="3-21" id="21" name="ScrPart_passenger" text="my" type="participant"/>
            <label from="3-22" id="22" name="ScrPart_train" text="train" type="participant"/>
            <label from="4-5" id="23" name="No_label" text="time" type="participant"/>
            <label from="4-9" id="24" name="ScrPart_train" text="long distance train" to="4-11" type="participant"/>
            <label from="4-11" id="25" name="ScrPart_train" text="train" type="participant"/>
            <label from="4-14" id="26" name="ScrPart_train" text="it" type="participant"/>
            <label from="4-20" id="27" name="ScrPart_train" text="local city trains" to="4-22" type="participant"/>
            <label from="4-22" id="28" name="ScrPart_train" text="trains" type="participant"/>
            <label from="4-23" id="29" name="ScrPart_passenger" text="I" type="participant"/>
            <label from="4-28" id="30" name="No_label" text="day" type="participant"/>
            <label from="5-3" id="31" name="ScrPart_train" text="train" type="participant"/>
            <label from="5-5" id="32" name="ScrPart_passenger" text="I" type="participant"/>
            <label from="5-7" id="33" name="ScrPart_passenger" text="my" type="participant"/>
            <label from="5-9" id="34" name="ScrPart_coach" text="car" type="participant"/>
            <label from="5-11" id="35" name="ScrPart_seat" text="seat" type="participant"/>
            <label from="6-1" id="36" name="ScrPart_passenger" text="I" type="participant"/>
            <label from="6-4" id="37" name="ScrPart_coach" text="car" type="participant"/>
            <label from="6-11" id="38" name="ScrPart_train" text="trains" type="participant"/>
            <label from="6-17" id="39" name="ScrPart_coach" text="one" type="participant"/>
            <label from="7-2" id="40" name="ScrPart_seat" text="seats" type="participant"/>
            <label from="7-6" id="41" name="ScrPart_seat" text="seats" type="participant"/>
            <label from="7-9" id="42" name="ScrPart_coach" text="tour coach" to="7-10" type="participant"/>
            <label from="7-10" id="43" name="ScrPart_coach" text="coach" type="participant"/>
            <label from="8-1" id="44" name="ScrPart_passenger" text="I" type="participant"/>
            <label from="8-4" id="45" name="ScrPart_in-train_entertainment" text="book" type="participant"/>
            <label from="8-12" id="46" name="ScrPart_time_date" text="time" type="participant"/>
            <label from="9-1" id="47" name="ScrPart_passenger" text="I" type="participant"/>
            <label from="9-4" id="48" name="ScrPart_passenger" text="my" type="participant"/>
            <label from="9-5" id="49" name="ScrPart_seat" text="seat" type="participant"/>
            <label from="9-10" id="50" name="ScrPart_passenger" text="woman" type="participant"/>
            <label from="9-15" id="51" name="ScrPart_passenger" text="me" type="participant"/>
            <label from="9-17" id="52" name="ScrPart_passenger" text="We" type="participant"/>
            <label from="9-19" id="53" name="SuppVComp" text="pleasantries" type="participant"/>
            <label from="9-21" id="54" name="ScrPart_passenger" text="she" type="participant"/>
            <label from="9-25" id="55" name="NPart" text="blanket" type="participant"/>
            <label from="9-26" id="56" name="ScrPart_passenger" text="she" type="participant"/>
            <label from="9-30" id="57" name="ScrPart_passenger" text="her" type="participant"/>
            <label from="9-31" id="58" name="NPart" text="grandson" type="participant"/>
            <label from="10-1" id="59" name="ScrPart_passenger" text="I" type="participant"/>
            <label from="10-5" id="60" name="ScrPart_passenger" text="her" type="participant"/>
            <label from="10-6" id="61" name="NPart" text="work" type="participant"/>
            <label from="10-8" id="62" name="ScrPart_passenger" text="she" type="participant"/>
            <label from="10-12" id="63" name="ScrPart_passenger" text="me" type="participant"/>
            <label from="10-15" id="64" name="ScrPart_train" text="train" type="participant"/>
            <label from="10-20" id="65" name="ScrPart_platform" text="platform" type="participant"/>
            <label from="11-1" id="66" name="ScrPart_passenger" text="She" type="participant"/>
            <label from="11-6" id="67" name="ScrPart_trip" text="trip" type="participant"/>
            <label from="11-10" id="68" name="NPart" text="blanket" type="participant"/>
            <label from="11-12" id="69" name="ScrPart_passenger" text="I" type="participant"/>
            <label from="12-2" id="70" name="ScrPart_time_date" text="hours" type="participant"/>
            <label from="12-5" id="71" name="No_label" text="it" type="participant"/>
            <label from="12-12" id="72" name="ScrPart_train" text="train" type="participant"/>
            <label from="12-16" id="73" name="ScrPart_train_station" text="station" type="participant"/>
            <label from="12-18" id="74" name="No_label" text="it" type="participant"/>
            <label from="12-20" id="75" name="No_label" text="time" type="participant"/>
            <label from="12-22" id="76" name="ScrPart_passenger" text="me" type="participant"/>
            <label from="13-1" id="77" name="ScrPart_passenger" text="I" type="participant"/>
            <label from="13-3" id="78" name="No_label" text="good bye" to="13-4" type="participant"/>
            <label from="13-7" id="79" name="ScrPart_passenger" text="woman" type="participant"/>
            <label from="13-10" id="80" name="ScrPart_passenger" text="her" type="participant"/>
            <label from="13-13" id="81" name="ScrPart_passenger" text="me" type="participant"/>
            <label from="13-15" id="82" name="ScrPart_passenger" text="she" type="participant"/>
            <label from="14-1" id="83" name="ScrPart_passenger" text="She" type="participant"/>
            <label from="14-5" id="84" name="ScrPart_passenger" text="her" type="participant"/>
            <label from="14-6" id="85" name="NPart" text="work" type="participant"/>
            <label from="14-8" id="86" name="ScrPart_passenger" text="I" type="participant"/>
            <label from="14-12" id="87" name="ScrPart_train" text="train" type="participant"/>
            <label from="15-1" id="88" name="ScrPart_passenger" text="My" type="participant"/>
            <label from="15-2" id="89" name="NPart" text="sister" type="participant"/>
            <label from="15-7" id="90" name="ScrPart_platform" text="platform" type="participant"/>
            <label from="15-9" id="91" name="ScrPart_passenger" text="me" type="participant"/>
            <label from="15-11" id="92" name="ScrPart_passenger" text="we" type="participant"/>
            <label from="15-14" id="93" name="ScrPart_passenger" text="her" type="participant"/>
            <label from="15-15" id="94" name="NPart" text="car" type="participant"/>
            <label from="15-21" id="95" name="NPart" text="craft store" to="15-22" type="participant"/>
            <label from="15-22" id="96" name="NPart" text="store" type="participant"/>
            <label from="15-26" id="97" name="NPart" text="supplies" type="participant"/>
        </participants>
        <events>
            <label from="1-4" id="98" name="ScrEv_get_train_station" text="arrived" type="event"/>
            <label from="1-10" id="99" name="Evoking" text="take a train" to="1-12" type="event"/>
            <label from="2-3" id="100" name="ScrEv_get_tickets" text="pre-purchased" type="event"/>
            <label from="2-10" id="101" name="RelNScrEv" text="leaving" type="event"/>
            <label from="3-3" id="102" name="ScrEv_get_train_station" text="arrived" type="event"/>
            <label from="4-2" id="103" name="UnrelEv" text="was" type="event"/>
            <label from="4-7" id="104" name="Evoking" text="taken a long distance train" to="4-11" type="event"/>
            <label from="4-13" id="105" name="UnrelEv" text="figured" type="event"/>
            <label from="4-16" id="106" name="UnrelEv" text="be" type="event"/>
            <label from="4-24" id="107" name="RelNScrEv" text="take" type="event"/>
            <label from="5-4" id="108" name="ScrEv_other" text="boards" type="event"/>
            <label from="5-6" id="109" name="ScrEv_find_place" text="found" type="event"/>
            <label from="6-2" id="110" name="UnrelEv" text="entered" type="event"/>
            <label from="6-13" id="111" name="UnrelEv" text="compared" type="event"/>
            <label from="7-3" id="112" name="UnrelEv" text="were" type="event"/>
            <label from="7-13" id="113" name="UnrelEv" text="was" type="event"/>
            <label from="8-2" id="114" name="ScrEv_spend_time_train" text="brought" type="event"/>
            <label from="8-7" id="115" name="ScrEv_spend_time_train" text="read" type="event"/>
            <label from="8-9" id="116" name="UnrelEv" text="help" type="event"/>
            <label from="8-10" id="117" name="UnrelEv" text="pass" type="event"/>
            <label from="9-2" id="118" name="UnrelEv" text="settled" type="event"/>
            <label from="9-11" id="119" name="UnrelEv" text="sat" type="event"/>
            <label from="9-18" id="120" name="ScrEv_spend_time_train" text="exchanged" type="event"/>
            <label from="9-22" id="121" name="UnrelEv" text="puled" type="event"/>
            <label from="9-28" id="122" name="UnrelEv" text="crocheting" type="event"/>
            <label from="10-2" id="123" name="UnrelEv" text="was" type="event"/>
            <label from="10-9" id="124" name="UnrelEv" text="started" type="event"/>
            <label from="10-11" id="125" name="UnrelEv" text="teach" type="event"/>
            <label from="10-16" id="126" name="ScrEv_train_departs" text="pulled" type="event"/>
            <label from="11-2" id="127" name="UnrelEv" text="spent" type="event"/>
            <label from="11-7" id="128" name="ScrEv_spend_time_train" text="working" type="event"/>
            <label from="11-13" id="129" name="ScrEv_spend_time_train" text="watched" type="event"/>
            <label from="12-6" id="130" name="UnrelEv" text="seemed" type="event"/>
            <label from="12-13" id="131" name="ScrEv_arrive_destination" text="pulled" type="event"/>
            <label from="12-19" id="132" name="UnrelEv" text="was" type="event"/>
            <label from="12-24" id="133" name="ScrEv_get_off" text="get off" to="12-25" type="event"/>
            <label from="12-24" id="134" name="ScrEv_get_off" text="get" type="event"/>
            <label from="13-2" id="135" name="UnrelEv" text="said good bye" to="13-4" type="event"/>
            <label from="13-2" id="136" name="UnrelEv" text="said" type="event"/>
            <label from="13-9" id="137" name="UnrelEv" text="thanked" type="event"/>
            <label from="13-12" id="138" name="UnrelEv" text="teaching" type="event"/>
            <label from="14-2" id="139" name="UnrelEv" text="went back" to="14-3" type="event"/>
            <label from="14-2" id="140" name="UnrelEv" text="went" type="event"/>
            <label from="14-9" id="141" name="ScrEv_get_off" text="got off" to="14-10" type="event"/>
            <label from="14-9" id="142" name="ScrEv_get_off" text="got" type="event"/>
            <label from="15-4" id="143" name="RelNScrEv" text="waiting" type="event"/>
            <label from="15-12" id="144" name="UnrelEv" text="got" type="event"/>
            <label from="15-17" id="145" name="UnrelEv" text="headed" type="event"/>
            <label from="15-24" id="146" name="UnrelEv" text="purchase" type="event"/>
            <label from="15-25" id="147" name="UnrelEv" text="crocheting" type="event"/>
        </events>
        <chains>
            <chain elements="1 5 9 10 15 21 29 32 33 36 44 47 48 51 59 63 69 76 77 81 86 88 91"/>
            <chain elements="4 13 22 25 26 28 64"/>
            <chain elements="34 37 39 43"/>
            <chain elements="35 40 41 49"/>
            <chain elements="50 51 52" name="group_I_woman"/>
            <chain elements="50 54 56 57 60 62 66 79 80 82 83 84"/>
            <chain elements="65 90"/>
        </chains>
    </annotations>
</story>
