<?xml version="1.0" encoding="UTF-8" standalone="no"?>
<!DOCTYPE story SYSTEM "../InScript.dtd">
<story id="001" scenario="train">
    <text>
        <content>I wanted to take a train trip to New York City to visit my sister . 
I went to the Amtrak station in Boston and found the ticket office . 
As I stood in line , I looked at the board showing all the departure times to New York . 
Lucky for me , there was a train leaving in half an hour . 
I made my way to the front of the line and asked to buy a ticket for that train . 
I paid , then made my way to the platform for my train . 
The train was already there , so I looked on my ticket for my train car and seat number , then hopped aboard . 
I settled into my seat . 
Soon the train started moving . 
I took out my novel and started reading , only interrupted by the conductor coming to check my ticket . 
Before I knew it , we were pulling into the station in New York . </content>
        <sentences>
            <sentence id="1">
                <token content="I" id="1-1">
                    <pos type="PRP"/>
                    <lemma type="I"/>
                    <dep head="1-2" type="nsubj"/>
                </token>
                <token content="wanted" id="1-2">
                    <pos type="VBD"/>
                    <lemma type="want"/>
                </token>
                <token content="to" id="1-3">
                    <pos type="TO"/>
                    <lemma type="to"/>
                    <dep head="1-4" type="aux"/>
                </token>
                <token content="take" id="1-4">
                    <pos type="VB"/>
                    <lemma type="take"/>
                    <dep head="1-2" type="xcomp"/>
                </token>
                <token content="a" id="1-5">
                    <pos type="DT"/>
                    <lemma type="a"/>
                </token>
                <token content="train" id="1-6">
                    <pos type="NN"/>
                    <lemma type="train"/>
                </token>
                <token content="trip" id="1-7">
                    <pos type="NN"/>
                    <lemma type="trip"/>
                    <dep head="1-4" type="dobj"/>
                </token>
                <token content="to" id="1-8"/>
                <token content="New" id="1-9">
                    <pos type="NNP"/>
                    <lemma type="New"/>
                </token>
                <token content="York" id="1-10">
                    <pos type="NNP"/>
                    <lemma type="York"/>
                </token>
                <token content="City" id="1-11">
                    <pos type="NNP"/>
                    <lemma type="City"/>
                    <dep head="1-4" type="prep"/>
                </token>
                <token content="to" id="1-12">
                    <pos type="TO"/>
                    <lemma type="to"/>
                    <dep head="1-13" type="aux"/>
                </token>
                <token content="visit" id="1-13">
                    <pos type="VB"/>
                    <lemma type="visit"/>
                    <dep head="1-4" type="vmod"/>
                </token>
                <token content="my" id="1-14">
                    <pos type="PRP$"/>
                    <lemma type="my"/>
                </token>
                <token content="sister" id="1-15">
                    <pos type="NN"/>
                    <lemma type="sister"/>
                    <dep head="1-13" type="dobj"/>
                </token>
                <token content="." id="1-16"/>
            </sentence>
            <sentence id="2">
                <token content="I" id="2-1">
                    <pos type="PRP"/>
                    <lemma type="I"/>
                    <dep head="2-2" type="nsubj"/>
                </token>
                <token content="went" id="2-2">
                    <pos type="VBD"/>
                    <lemma type="go"/>
                </token>
                <token content="to" id="2-3"/>
                <token content="the" id="2-4">
                    <pos type="DT"/>
                    <lemma type="the"/>
                </token>
                <token content="Amtrak" id="2-5">
                    <pos type="NNP"/>
                    <lemma type="Amtrak"/>
                </token>
                <token content="station" id="2-6">
                    <pos type="NN"/>
                    <lemma type="station"/>
                    <dep head="2-2" type="prep"/>
                </token>
                <token content="in" id="2-7"/>
                <token content="Boston" id="2-8">
                    <pos type="NNP"/>
                    <lemma type="Boston"/>
                    <dep head="2-2" type="prep"/>
                </token>
                <token content="and" id="2-9"/>
                <token content="found" id="2-10">
                    <pos type="VBD"/>
                    <lemma type="find"/>
                    <dep head="2-2" type="conj"/>
                </token>
                <token content="the" id="2-11">
                    <pos type="DT"/>
                    <lemma type="the"/>
                </token>
                <token content="ticket" id="2-12">
                    <pos type="NN"/>
                    <lemma type="ticket"/>
                </token>
                <token content="office" id="2-13">
                    <pos type="NN"/>
                    <lemma type="office"/>
                    <dep head="2-10" type="dobj"/>
                </token>
                <token content="." id="2-14"/>
            </sentence>
            <sentence id="3">
                <token content="As" id="3-1">
                    <pos type="IN"/>
                    <lemma type="as"/>
                    <dep head="3-3" type="mark"/>
                </token>
                <token content="I" id="3-2">
                    <pos type="PRP"/>
                    <lemma type="I"/>
                    <dep head="3-3" type="nsubj"/>
                </token>
                <token content="stood" id="3-3">
                    <pos type="VBD"/>
                    <lemma type="stand"/>
                    <dep head="3-8" type="advcl"/>
                </token>
                <token content="in" id="3-4"/>
                <token content="line" id="3-5">
                    <pos type="NN"/>
                    <lemma type="line"/>
                    <dep head="3-3" type="prep"/>
                </token>
                <token content="," id="3-6"/>
                <token content="I" id="3-7">
                    <pos type="PRP"/>
                    <lemma type="I"/>
                    <dep head="3-8" type="nsubj"/>
                </token>
                <token content="looked" id="3-8">
                    <pos type="VBD"/>
                    <lemma type="look"/>
                </token>
                <token content="at" id="3-9"/>
                <token content="the" id="3-10">
                    <pos type="DT"/>
                    <lemma type="the"/>
                </token>
                <token content="board" id="3-11">
                    <pos type="NN"/>
                    <lemma type="board"/>
                    <dep head="3-8" type="prep"/>
                </token>
                <token content="showing" id="3-12">
                    <pos type="VBG"/>
                    <lemma type="show"/>
                    <dep head="3-8" type="xcomp"/>
                </token>
                <token content="all" id="3-13">
                    <pos type="PDT"/>
                    <lemma type="all"/>
                </token>
                <token content="the" id="3-14">
                    <pos type="DT"/>
                    <lemma type="the"/>
                </token>
                <token content="departure" id="3-15">
                    <pos type="NN"/>
                    <lemma type="departure"/>
                </token>
                <token content="times" id="3-16">
                    <pos type="NNS"/>
                    <lemma type="time"/>
                    <dep head="3-12" type="dobj"/>
                </token>
                <token content="to" id="3-17"/>
                <token content="New" id="3-18">
                    <pos type="NNP"/>
                    <lemma type="New"/>
                </token>
                <token content="York" id="3-19">
                    <pos type="NNP"/>
                    <lemma type="York"/>
                    <dep head="3-12" type="prep"/>
                </token>
                <token content="." id="3-20"/>
            </sentence>
            <sentence id="4">
                <token content="Lucky" id="4-1">
                    <pos type="JJ"/>
                    <lemma type="lucky"/>
                    <dep head="4-6" type="ccomp"/>
                </token>
                <token content="for" id="4-2"/>
                <token content="me" id="4-3">
                    <pos type="PRP"/>
                    <lemma type="I"/>
                </token>
                <token content="," id="4-4"/>
                <token content="there" id="4-5">
                    <pos type="EX"/>
                    <lemma type="there"/>
                    <dep head="4-6" type="expl"/>
                </token>
                <token content="was" id="4-6">
                    <pos type="VBD"/>
                    <lemma type="be"/>
                </token>
                <token content="a" id="4-7">
                    <pos type="DT"/>
                    <lemma type="a"/>
                </token>
                <token content="train" id="4-8">
                    <pos type="NN"/>
                    <lemma type="train"/>
                    <dep head="4-6" type="nsubj"/>
                </token>
                <token content="leaving" id="4-9">
                    <pos type="VBG"/>
                    <lemma type="leave"/>
                </token>
                <token content="in" id="4-10"/>
                <token content="half" id="4-11">
                    <pos type="PDT"/>
                    <lemma type="half"/>
                </token>
                <token content="an" id="4-12">
                    <pos type="DT"/>
                    <lemma type="a"/>
                </token>
                <token content="hour" id="4-13">
                    <pos type="NN"/>
                    <lemma type="hour"/>
                    <dep head="4-9" type="prep"/>
                </token>
                <token content="." id="4-14"/>
            </sentence>
            <sentence id="5">
                <token content="I" id="5-1">
                    <pos type="PRP"/>
                    <lemma type="I"/>
                    <dep head="5-2" type="nsubj"/>
                </token>
                <token content="made" id="5-2">
                    <pos type="VBD"/>
                    <lemma type="make"/>
                </token>
                <token content="my" id="5-3">
                    <pos type="PRP$"/>
                    <lemma type="my"/>
                </token>
                <token content="way" id="5-4">
                    <pos type="NN"/>
                    <lemma type="way"/>
                    <dep head="5-2" type="dobj"/>
                </token>
                <token content="to" id="5-5"/>
                <token content="the" id="5-6">
                    <pos type="DT"/>
                    <lemma type="the"/>
                </token>
                <token content="front" id="5-7">
                    <pos type="NN"/>
                    <lemma type="front"/>
                    <dep head="5-2" type="prep"/>
                </token>
                <token content="of" id="5-8"/>
                <token content="the" id="5-9">
                    <pos type="DT"/>
                    <lemma type="the"/>
                </token>
                <token content="line" id="5-10">
                    <pos type="NN"/>
                    <lemma type="line"/>
                </token>
                <token content="and" id="5-11"/>
                <token content="asked" id="5-12">
                    <pos type="VBD"/>
                    <lemma type="ask"/>
                    <dep head="5-2" type="conj"/>
                </token>
                <token content="to" id="5-13">
                    <pos type="TO"/>
                    <lemma type="to"/>
                    <dep head="5-14" type="aux"/>
                </token>
                <token content="buy" id="5-14">
                    <pos type="VB"/>
                    <lemma type="buy"/>
                    <dep head="5-12" type="xcomp"/>
                </token>
                <token content="a" id="5-15">
                    <pos type="DT"/>
                    <lemma type="a"/>
                </token>
                <token content="ticket" id="5-16">
                    <pos type="NN"/>
                    <lemma type="ticket"/>
                    <dep head="5-14" type="dobj"/>
                </token>
                <token content="for" id="5-17"/>
                <token content="that" id="5-18">
                    <pos type="DT"/>
                    <lemma type="that"/>
                </token>
                <token content="train" id="5-19">
                    <pos type="NN"/>
                    <lemma type="train"/>
                </token>
                <token content="." id="5-20"/>
            </sentence>
            <sentence id="6">
                <token content="I" id="6-1">
                    <pos type="PRP"/>
                    <lemma type="I"/>
                    <dep head="6-2" type="nsubj"/>
                </token>
                <token content="paid" id="6-2">
                    <pos type="VBD"/>
                    <lemma type="pay"/>
                </token>
                <token content="," id="6-3"/>
                <token content="then" id="6-4">
                    <pos type="RB"/>
                    <lemma type="then"/>
                    <dep head="6-5" type="advmod"/>
                </token>
                <token content="made" id="6-5">
                    <pos type="VBD"/>
                    <lemma type="make"/>
                    <dep head="6-2" type="dep"/>
                </token>
                <token content="my" id="6-6">
                    <pos type="PRP$"/>
                    <lemma type="my"/>
                </token>
                <token content="way" id="6-7">
                    <pos type="NN"/>
                    <lemma type="way"/>
                    <dep head="6-5" type="dobj"/>
                </token>
                <token content="to" id="6-8"/>
                <token content="the" id="6-9">
                    <pos type="DT"/>
                    <lemma type="the"/>
                </token>
                <token content="platform" id="6-10">
                    <pos type="NN"/>
                    <lemma type="platform"/>
                    <dep head="6-5" type="prep"/>
                </token>
                <token content="for" id="6-11"/>
                <token content="my" id="6-12">
                    <pos type="PRP$"/>
                    <lemma type="my"/>
                </token>
                <token content="train" id="6-13">
                    <pos type="NN"/>
                    <lemma type="train"/>
                </token>
                <token content="." id="6-14"/>
            </sentence>
            <sentence id="7">
                <token content="The" id="7-1">
                    <pos type="DT"/>
                    <lemma type="the"/>
                </token>
                <token content="train" id="7-2">
                    <pos type="NN"/>
                    <lemma type="train"/>
                    <dep head="7-3" type="nsubj"/>
                </token>
                <token content="was" id="7-3">
                    <pos type="VBD"/>
                    <lemma type="be"/>
                </token>
                <token content="already" id="7-4">
                    <pos type="RB"/>
                    <lemma type="already"/>
                    <dep head="7-3" type="advmod"/>
                </token>
                <token content="there" id="7-5">
                    <pos type="RB"/>
                    <lemma type="there"/>
                    <dep head="7-3" type="advmod"/>
                </token>
                <token content="," id="7-6"/>
                <token content="so" id="7-7">
                    <pos type="IN"/>
                    <lemma type="so"/>
                    <dep head="7-3" type="dep"/>
                </token>
                <token content="I" id="7-8">
                    <pos type="PRP"/>
                    <lemma type="I"/>
                    <dep head="7-9" type="nsubj"/>
                </token>
                <token content="looked" id="7-9">
                    <pos type="VBD"/>
                    <lemma type="look"/>
                    <dep head="7-3" type="parataxis"/>
                </token>
                <token content="on" id="7-10"/>
                <token content="my" id="7-11">
                    <pos type="PRP$"/>
                    <lemma type="my"/>
                </token>
                <token content="ticket" id="7-12">
                    <pos type="NN"/>
                    <lemma type="ticket"/>
                    <dep head="7-9" type="prep"/>
                </token>
                <token content="for" id="7-13"/>
                <token content="my" id="7-14">
                    <pos type="PRP$"/>
                    <lemma type="my"/>
                </token>
                <token content="train" id="7-15">
                    <pos type="NN"/>
                    <lemma type="train"/>
                </token>
                <token content="car" id="7-16">
                    <pos type="NN"/>
                    <lemma type="car"/>
                    <dep head="7-9" type="prep"/>
                </token>
                <token content="and" id="7-17"/>
                <token content="seat" id="7-18">
                    <pos type="NN"/>
                    <lemma type="seat"/>
                </token>
                <token content="number" id="7-19">
                    <pos type="NN"/>
                    <lemma type="number"/>
                </token>
                <token content="," id="7-20"/>
                <token content="then" id="7-21">
                    <pos type="RB"/>
                    <lemma type="then"/>
                    <dep head="7-22" type="advmod"/>
                </token>
                <token content="hopped" id="7-22">
                    <pos type="VBN"/>
                    <lemma type="hop"/>
                    <dep head="7-3" type="parataxis"/>
                </token>
                <token content="aboard" id="7-23">
                    <pos type="RB"/>
                    <lemma type="aboard"/>
                    <dep head="7-22" type="advmod"/>
                </token>
                <token content="." id="7-24"/>
            </sentence>
            <sentence id="8">
                <token content="I" id="8-1">
                    <pos type="PRP"/>
                    <lemma type="I"/>
                    <dep head="8-2" type="nsubj"/>
                </token>
                <token content="settled" id="8-2">
                    <pos type="VBD"/>
                    <lemma type="settle"/>
                </token>
                <token content="into" id="8-3"/>
                <token content="my" id="8-4">
                    <pos type="PRP$"/>
                    <lemma type="my"/>
                </token>
                <token content="seat" id="8-5">
                    <pos type="NN"/>
                    <lemma type="seat"/>
                    <dep head="8-2" type="prep"/>
                </token>
                <token content="." id="8-6"/>
            </sentence>
            <sentence id="9">
                <token content="Soon" id="9-1">
                    <pos type="RB"/>
                    <lemma type="soon"/>
                    <dep head="9-4" type="advmod"/>
                </token>
                <token content="the" id="9-2">
                    <pos type="DT"/>
                    <lemma type="the"/>
                </token>
                <token content="train" id="9-3">
                    <pos type="NN"/>
                    <lemma type="train"/>
                    <dep head="9-4" type="nsubj"/>
                </token>
                <token content="started" id="9-4">
                    <pos type="VBD"/>
                    <lemma type="start"/>
                </token>
                <token content="moving" id="9-5">
                    <pos type="VBG"/>
                    <lemma type="move"/>
                    <dep head="9-4" type="xcomp"/>
                </token>
                <token content="." id="9-6"/>
            </sentence>
            <sentence id="10">
                <token content="I" id="10-1">
                    <pos type="PRP"/>
                    <lemma type="I"/>
                    <dep head="10-2" type="nsubj"/>
                </token>
                <token content="took" id="10-2">
                    <pos type="VBD"/>
                    <lemma type="take"/>
                </token>
                <token content="out" id="10-3">
                    <pos type="RP"/>
                    <lemma type="out"/>
                    <dep head="10-2" type="prt"/>
                </token>
                <token content="my" id="10-4">
                    <pos type="PRP$"/>
                    <lemma type="my"/>
                </token>
                <token content="novel" id="10-5">
                    <pos type="NN"/>
                    <lemma type="novel"/>
                    <dep head="10-2" type="dobj"/>
                </token>
                <token content="and" id="10-6"/>
                <token content="started" id="10-7">
                    <pos type="VBD"/>
                    <lemma type="start"/>
                    <dep head="10-2" type="conj"/>
                </token>
                <token content="reading" id="10-8">
                    <pos type="VBG"/>
                    <lemma type="read"/>
                    <dep head="10-7" type="ccomp"/>
                </token>
                <token content="," id="10-9"/>
                <token content="only" id="10-10">
                    <pos type="RB"/>
                    <lemma type="only"/>
                </token>
                <token content="interrupted" id="10-11">
                    <pos type="JJ"/>
                    <lemma type="interrupted"/>
                    <dep head="10-8" type="dep"/>
                </token>
                <token content="by" id="10-12"/>
                <token content="the" id="10-13">
                    <pos type="DT"/>
                    <lemma type="the"/>
                </token>
                <token content="conductor" id="10-14">
                    <pos type="NN"/>
                    <lemma type="conductor"/>
                </token>
                <token content="coming" id="10-15">
                    <pos type="VBG"/>
                    <lemma type="come"/>
                </token>
                <token content="to" id="10-16">
                    <pos type="TO"/>
                    <lemma type="to"/>
                    <dep head="10-17" type="aux"/>
                </token>
                <token content="check" id="10-17">
                    <pos type="VB"/>
                    <lemma type="check"/>
                    <dep head="10-15" type="xcomp"/>
                </token>
                <token content="my" id="10-18">
                    <pos type="PRP$"/>
                    <lemma type="my"/>
                </token>
                <token content="ticket" id="10-19">
                    <pos type="NN"/>
                    <lemma type="ticket"/>
                    <dep head="10-17" type="dobj"/>
                </token>
                <token content="." id="10-20"/>
            </sentence>
            <sentence id="11">
                <token content="Before" id="11-1">
                    <pos type="IN"/>
                    <lemma type="before"/>
                    <dep head="11-3" type="mark"/>
                </token>
                <token content="I" id="11-2">
                    <pos type="PRP"/>
                    <lemma type="I"/>
                    <dep head="11-3" type="nsubj"/>
                </token>
                <token content="knew" id="11-3">
                    <pos type="VBD"/>
                    <lemma type="know"/>
                    <dep head="11-8" type="advcl"/>
                </token>
                <token content="it" id="11-4">
                    <pos type="PRP"/>
                    <lemma type="it"/>
                    <dep head="11-3" type="dobj"/>
                </token>
                <token content="," id="11-5"/>
                <token content="we" id="11-6">
                    <pos type="PRP"/>
                    <lemma type="we"/>
                    <dep head="11-8" type="nsubj"/>
                </token>
                <token content="were" id="11-7">
                    <pos type="VBD"/>
                    <lemma type="be"/>
                    <dep head="11-8" type="aux"/>
                </token>
                <token content="pulling" id="11-8">
                    <pos type="VBG"/>
                    <lemma type="pull"/>
                </token>
                <token content="into" id="11-9"/>
                <token content="the" id="11-10">
                    <pos type="DT"/>
                    <lemma type="the"/>
                </token>
                <token content="station" id="11-11">
                    <pos type="NN"/>
                    <lemma type="station"/>
                    <dep head="11-8" type="prep"/>
                </token>
                <token content="in" id="11-12"/>
                <token content="New" id="11-13">
                    <pos type="NNP"/>
                    <lemma type="New"/>
                </token>
                <token content="York" id="11-14">
                    <pos type="NNP"/>
                    <lemma type="York"/>
                </token>
                <token content="." id="11-15"/>
            </sentence>
        </sentences>
    </text>
    <annotations>
        <participants>
            <label from="1-1" id="0" name="ScrPart_passenger" text="I" type="participant"/>
            <label from="1-6" id="1" name="ScrPart_trip" text="train trip" to="1-7" type="participant"/>
            <label from="1-7" id="2" name="ScrPart_trip" text="trip" type="participant"/>
            <label from="1-9" id="3" name="ScrPart_destination" text="New York City" to="1-11" type="participant"/>
            <label from="1-14" id="4" name="ScrPart_passenger" text="my" type="participant"/>
            <label from="1-15" id="5" name="NPart" text="sister" type="participant"/>
            <label from="2-1" id="6" name="ScrPart_passenger" text="I" type="participant"/>
            <label from="2-5" id="7" name="ScrPart_train_station" text="Amtrak station" to="2-6" type="participant"/>
            <label from="2-6" id="8" name="ScrPart_train_station" text="station" type="participant"/>
            <label from="2-8" id="9" name="NPart" text="Boston" type="participant"/>
            <label from="2-12" id="10" name="ScrPart_ticket_office/website" text="ticket office" to="2-13" type="participant"/>
            <label from="2-13" id="11" name="ScrPart_ticket_office/website" text="office" type="participant"/>
            <label from="3-2" id="12" name="ScrPart_passenger" text="I" type="participant"/>
            <label from="3-5" id="13" name="ScrPart_line" text="line" type="participant"/>
            <label from="3-7" id="14" name="ScrPart_passenger" text="I" type="participant"/>
            <label from="3-11" id="15" name="ScrPart_time-table" text="board" type="participant"/>
            <label from="3-15" id="16" name="ScrPart_time_date" text="departure times" to="3-16" type="participant"/>
            <label from="3-16" id="17" name="ScrPart_time_date" text="times" type="participant"/>
            <label from="3-18" id="18" name="ScrPart_destination" text="New York" to="3-19" type="participant"/>
            <label from="4-3" id="19" name="ScrPart_passenger" text="me" type="participant"/>
            <label from="4-8" id="20" name="ScrPart_train" text="train" type="participant"/>
            <label from="4-13" id="21" name="ScrPart_time_date" text="hour" type="participant"/>
            <label from="5-1" id="22" name="ScrPart_passenger" text="I" type="participant"/>
            <label from="5-3" id="23" name="ScrPart_passenger" text="my" type="participant"/>
            <label from="5-4" id="24" name="SuppVComp" text="way" type="participant"/>
            <label from="5-7" id="25" name="Head_of_Partitive" text="front" type="participant"/>
            <label from="5-10" id="26" name="ScrPart_line" text="line" type="participant"/>
            <label from="5-16" id="27" name="ScrPart_card/ticket" text="ticket" type="participant"/>
            <label from="5-19" id="28" name="ScrPart_train" text="train" type="participant"/>
            <label from="6-1" id="29" name="ScrPart_passenger" text="I" type="participant"/>
            <label from="6-6" id="30" name="ScrPart_passenger" text="my" type="participant"/>
            <label from="6-7" id="31" name="SuppVComp" text="way" type="participant"/>
            <label from="6-10" id="32" name="ScrPart_platform" text="platform" type="participant"/>
            <label from="6-12" id="33" name="ScrPart_passenger" text="my" type="participant"/>
            <label from="6-13" id="34" name="ScrPart_train" text="train" type="participant"/>
            <label from="7-2" id="35" name="ScrPart_train" text="train" type="participant"/>
            <label from="7-5" id="36" name="ScrPart_platform" text="there" type="participant"/>
            <label from="7-8" id="37" name="ScrPart_passenger" text="I" type="participant"/>
            <label from="7-11" id="38" name="ScrPart_passenger" text="my" type="participant"/>
            <label from="7-12" id="39" name="ScrPart_card/ticket" text="ticket" type="participant"/>
            <label from="7-14" id="40" name="ScrPart_passenger" text="my" type="participant"/>
            <label from="7-15" id="41" name="ScrPart_coach" text="train car" to="7-16" type="participant"/>
            <label from="7-16" id="42" name="ScrPart_coach" text="car" type="participant"/>
            <label from="7-18" id="43" name="NPart" text="seat number" to="7-19" type="participant"/>
            <label from="7-19" id="44" name="NPart" text="number" type="participant"/>
            <label from="8-1" id="45" name="ScrPart_passenger" text="I" type="participant"/>
            <label from="8-4" id="46" name="ScrPart_passenger" text="my" type="participant"/>
            <label from="8-5" id="47" name="ScrPart_seat" text="seat" type="participant"/>
            <label from="9-3" id="48" name="ScrPart_train" text="train" type="participant"/>
            <label from="10-1" id="49" name="ScrPart_passenger" text="I" type="participant"/>
            <label from="10-4" id="50" name="ScrPart_passenger" text="my" type="participant"/>
            <label from="10-5" id="51" name="ScrPart_in-train_entertainment" text="novel" type="participant"/>
            <label from="10-14" id="52" name="ScrPart_train_staff" text="conductor" type="participant"/>
            <label from="10-18" id="53" name="ScrPart_passenger" text="my" type="participant"/>
            <label from="10-19" id="54" name="ScrPart_card/ticket" text="ticket" type="participant"/>
            <label from="11-2" id="55" name="ScrPart_passenger" text="I" type="participant"/>
            <label from="11-4" id="56" name="No_label" text="it" type="participant"/>
            <label from="11-6" id="57" name="ScrPart_passenger" text="we" type="participant"/>
            <label from="11-11" id="58" name="ScrPart_train_station" text="station" type="participant"/>
            <label from="11-13" id="59" name="ScrPart_destination" text="New York" to="11-14" type="participant"/>
        </participants>
        <events>
            <label from="1-4" id="60" name="Evoking" text="take a train trip" to="1-7" type="event"/>
            <label from="1-13" id="61" name="RelNScrEv" text="visit" type="event"/>
            <label from="2-2" id="62" name="ScrEv_get_train_station" text="went" type="event"/>
            <label from="2-10" id="63" name="RelNScrEv" text="found" type="event"/>
            <label from="3-3" id="64" name="RelNScrEv" text="stood" type="event"/>
            <label from="3-8" id="65" name="ScrEv_check_time-table" text="looked" type="event"/>
            <label from="3-12" id="66" name="UnrelEv" text="showing" type="event"/>
            <label from="4-6" id="67" name="UnrelEv" text="was" type="event"/>
            <label from="4-9" id="68" name="ScrEv_train_departs" text="leaving" type="event"/>
            <label from="5-2" id="69" name="UnrelEv" text="made" type="event"/>
            <label from="5-12" id="70" name="UnrelEv" text="asked" type="event"/>
            <label from="5-14" id="71" name="ScrEv_get_tickets" text="buy" type="event"/>
            <label from="6-2" id="72" name="ScrEv_get_tickets" text="paid" type="event"/>
            <label from="6-5" id="73" name="ScrEv_get_platform" text="made" type="event"/>
            <label from="7-3" id="74" name="UnrelEv" text="was" type="event"/>
            <label from="7-9" id="75" name="RelNScrEv" text="looked" type="event"/>
            <label from="7-22" id="76" name="ScrEv_get_on" text="hopped" type="event"/>
            <label from="8-2" id="77" name="ScrEv_find_place" text="settled" type="event"/>
            <label from="9-4" id="78" name="UnrelEv" text="started" type="event"/>
            <label from="9-5" id="79" name="ScrEv_train_departs" text="moving" type="event"/>
            <label from="10-2" id="80" name="UnrelEv" text="took out" to="10-3" type="event"/>
            <label from="10-2" id="81" name="UnrelEv" text="took" type="event"/>
            <label from="10-7" id="82" name="UnrelEv" text="started" type="event"/>
            <label from="10-8" id="83" name="ScrEv_spend_time_train" text="reading" type="event"/>
            <label from="10-11" id="84" name="UnrelEv" text="interrupted" type="event"/>
            <label from="10-15" id="85" name="ScrEv_conductor_checks" text="coming" type="event"/>
            <label from="10-17" id="86" name="ScrEv_conductor_checks" text="check" type="event"/>
            <label from="11-3" id="87" name="UnrelEv" text="knew" type="event"/>
            <label from="11-8" id="88" name="ScrEv_arrive_destination" text="pulling" type="event"/>
        </events>
        <chains>
            <chain elements="0 4 6 12 14 19 22 23 29 30 33 37 38 40 45 46 49 50 53 55"/>
            <chain elements="3 18 59"/>
            <chain elements="13 26"/>
            <chain elements="20 28 34 35 48"/>
            <chain elements="32 36"/>
            <chain elements="27 39 54"/>
            <chain elements="57 55" name="group_passengers"/>
        </chains>
    </annotations>
</story>
