<?xml version="1.0" encoding="UTF-8" standalone="no"?>
<!DOCTYPE story SYSTEM "../InScript.dtd">
<story id="015" scenario="train">
    <text>
        <content>I recently was able to enjoy the privilege of riding a train . 
My friend and I had quite a distance to travel . 
After some discuss with several option we decided to take a train to our destination . 
We found out where the train station was located and found the window to buy a ticket to our destination . 
We had our choice of coaches but we chose the cheapest one which meant hard seats that do not recline , no air or food offered in our car section . 
I had no idea that it would take 14 hours to travel to our destination . 
It really felt like a lifetime , especially when you can not get comfortable and find a position to relax . 
We tried several ways of resting but after a few minutes we would get up and reposition ourselves . 
The ride was nice overall though because the conductor would stop every four hours or so to allow for bathroom breaks and food purchases at the stops . 
We took the night train so the majority of the time we would not able to enjoy the view out of the window but when daylight broke and we were able to see outside it made the trip go by quicker . 
So , overall I have to say that it was a very good experience and cheap too . </content>
        <sentences>
            <sentence id="1">
                <token content="I" id="1-1">
                    <pos type="PRP"/>
                    <lemma type="I"/>
                </token>
                <token content="recently" id="1-2">
                    <pos type="RB"/>
                    <lemma type="recently"/>
                </token>
                <token content="was" id="1-3">
                    <pos type="VBD"/>
                    <lemma type="be"/>
                </token>
                <token content="able" id="1-4">
                    <pos type="JJ"/>
                    <lemma type="able"/>
                </token>
                <token content="to" id="1-5">
                    <pos type="TO"/>
                    <lemma type="to"/>
                    <dep head="1-6" type="aux"/>
                </token>
                <token content="enjoy" id="1-6">
                    <pos type="VB"/>
                    <lemma type="enjoy"/>
                </token>
                <token content="the" id="1-7">
                    <pos type="DT"/>
                    <lemma type="the"/>
                </token>
                <token content="privilege" id="1-8">
                    <pos type="NN"/>
                    <lemma type="privilege"/>
                    <dep head="1-6" type="dobj"/>
                </token>
                <token content="of" id="1-9"/>
                <token content="riding" id="1-10">
                    <pos type="VBG"/>
                    <lemma type="ride"/>
                </token>
                <token content="a" id="1-11">
                    <pos type="DT"/>
                    <lemma type="a"/>
                </token>
                <token content="train" id="1-12">
                    <pos type="NN"/>
                    <lemma type="train"/>
                    <dep head="1-10" type="dobj"/>
                </token>
                <token content="." id="1-13"/>
            </sentence>
            <sentence id="2">
                <token content="My" id="2-1">
                    <pos type="PRP$"/>
                    <lemma type="my"/>
                </token>
                <token content="friend" id="2-2">
                    <pos type="NN"/>
                    <lemma type="friend"/>
                    <dep head="2-5" type="nsubj"/>
                </token>
                <token content="and" id="2-3"/>
                <token content="I" id="2-4">
                    <pos type="PRP"/>
                    <lemma type="I"/>
                </token>
                <token content="had" id="2-5">
                    <pos type="VBD"/>
                    <lemma type="have"/>
                </token>
                <token content="quite" id="2-6">
                    <pos type="RB"/>
                    <lemma type="quite"/>
                    <dep head="2-5" type="advmod"/>
                </token>
                <token content="a" id="2-7">
                    <pos type="DT"/>
                    <lemma type="a"/>
                </token>
                <token content="distance" id="2-8">
                    <pos type="NN"/>
                    <lemma type="distance"/>
                </token>
                <token content="to" id="2-9">
                    <pos type="TO"/>
                    <lemma type="to"/>
                    <dep head="2-10" type="aux"/>
                </token>
                <token content="travel" id="2-10">
                    <pos type="VB"/>
                    <lemma type="travel"/>
                    <dep head="2-5" type="xcomp"/>
                </token>
                <token content="." id="2-11"/>
            </sentence>
            <sentence id="3">
                <token content="After" id="3-1">
                    <pos type="IN"/>
                    <lemma type="after"/>
                    <dep head="3-3" type="mark"/>
                </token>
                <token content="some" id="3-2">
                    <pos type="DT"/>
                    <lemma type="some"/>
                    <dep head="3-3" type="nsubj"/>
                </token>
                <token content="discuss" id="3-3">
                    <pos type="VB"/>
                    <lemma type="discuss"/>
                    <dep head="3-8" type="advcl"/>
                </token>
                <token content="with" id="3-4"/>
                <token content="several" id="3-5">
                    <pos type="JJ"/>
                    <lemma type="several"/>
                </token>
                <token content="option" id="3-6">
                    <pos type="NN"/>
                    <lemma type="option"/>
                    <dep head="3-3" type="prep"/>
                </token>
                <token content="we" id="3-7">
                    <pos type="PRP"/>
                    <lemma type="we"/>
                    <dep head="3-8" type="nsubj"/>
                </token>
                <token content="decided" id="3-8">
                    <pos type="VBD"/>
                    <lemma type="decide"/>
                </token>
                <token content="to" id="3-9">
                    <pos type="TO"/>
                    <lemma type="to"/>
                    <dep head="3-10" type="aux"/>
                </token>
                <token content="take" id="3-10">
                    <pos type="VB"/>
                    <lemma type="take"/>
                    <dep head="3-8" type="xcomp"/>
                </token>
                <token content="a" id="3-11">
                    <pos type="DT"/>
                    <lemma type="a"/>
                </token>
                <token content="train" id="3-12">
                    <pos type="NN"/>
                    <lemma type="train"/>
                    <dep head="3-10" type="dobj"/>
                </token>
                <token content="to" id="3-13"/>
                <token content="our" id="3-14">
                    <pos type="PRP$"/>
                    <lemma type="we"/>
                </token>
                <token content="destination" id="3-15">
                    <pos type="NN"/>
                    <lemma type="destination"/>
                    <dep head="3-10" type="prep"/>
                </token>
                <token content="." id="3-16"/>
            </sentence>
            <sentence id="4">
                <token content="We" id="4-1">
                    <pos type="PRP"/>
                    <lemma type="we"/>
                    <dep head="4-2" type="nsubj"/>
                </token>
                <token content="found" id="4-2">
                    <pos type="VBD"/>
                    <lemma type="find"/>
                </token>
                <token content="out" id="4-3">
                    <pos type="RP"/>
                    <lemma type="out"/>
                    <dep head="4-2" type="prt"/>
                </token>
                <token content="where" id="4-4">
                    <pos type="WRB"/>
                    <lemma type="where"/>
                    <dep head="4-9" type="advmod"/>
                </token>
                <token content="the" id="4-5">
                    <pos type="DT"/>
                    <lemma type="the"/>
                </token>
                <token content="train" id="4-6">
                    <pos type="NN"/>
                    <lemma type="train"/>
                </token>
                <token content="station" id="4-7">
                    <pos type="NN"/>
                    <lemma type="station"/>
                    <dep head="4-9" type="nsubjpass"/>
                </token>
                <token content="was" id="4-8">
                    <pos type="VBD"/>
                    <lemma type="be"/>
                    <dep head="4-9" type="auxpass"/>
                </token>
                <token content="located" id="4-9">
                    <pos type="VBN"/>
                    <lemma type="locate"/>
                    <dep head="4-2" type="advcl"/>
                </token>
                <token content="and" id="4-10"/>
                <token content="found" id="4-11">
                    <pos type="VBN"/>
                    <lemma type="find"/>
                    <dep head="4-9" type="conj"/>
                </token>
                <token content="the" id="4-12">
                    <pos type="DT"/>
                    <lemma type="the"/>
                </token>
                <token content="window" id="4-13">
                    <pos type="NN"/>
                    <lemma type="window"/>
                    <dep head="4-9" type="dobj"/>
                </token>
                <token content="to" id="4-14">
                    <pos type="TO"/>
                    <lemma type="to"/>
                    <dep head="4-15" type="aux"/>
                </token>
                <token content="buy" id="4-15">
                    <pos type="VB"/>
                    <lemma type="buy"/>
                </token>
                <token content="a" id="4-16">
                    <pos type="DT"/>
                    <lemma type="a"/>
                </token>
                <token content="ticket" id="4-17">
                    <pos type="NN"/>
                    <lemma type="ticket"/>
                    <dep head="4-15" type="dobj"/>
                </token>
                <token content="to" id="4-18"/>
                <token content="our" id="4-19">
                    <pos type="PRP$"/>
                    <lemma type="we"/>
                </token>
                <token content="destination" id="4-20">
                    <pos type="NN"/>
                    <lemma type="destination"/>
                    <dep head="4-9" type="prep"/>
                </token>
                <token content="." id="4-21"/>
            </sentence>
            <sentence id="5">
                <token content="We" id="5-1">
                    <pos type="PRP"/>
                    <lemma type="we"/>
                    <dep head="5-2" type="nsubj"/>
                </token>
                <token content="had" id="5-2">
                    <pos type="VBD"/>
                    <lemma type="have"/>
                </token>
                <token content="our" id="5-3">
                    <pos type="PRP$"/>
                    <lemma type="we"/>
                </token>
                <token content="choice" id="5-4">
                    <pos type="NN"/>
                    <lemma type="choice"/>
                    <dep head="5-2" type="dobj"/>
                </token>
                <token content="of" id="5-5"/>
                <token content="coaches" id="5-6">
                    <pos type="NNS"/>
                    <lemma type="coach"/>
                </token>
                <token content="but" id="5-7"/>
                <token content="we" id="5-8">
                    <pos type="PRP"/>
                    <lemma type="we"/>
                    <dep head="5-9" type="nsubj"/>
                </token>
                <token content="chose" id="5-9">
                    <pos type="VBD"/>
                    <lemma type="choose"/>
                    <dep head="5-2" type="conj"/>
                </token>
                <token content="the" id="5-10">
                    <pos type="DT"/>
                    <lemma type="the"/>
                </token>
                <token content="cheapest" id="5-11">
                    <pos type="JJS"/>
                    <lemma type="cheapest"/>
                </token>
                <token content="one" id="5-12">
                    <pos type="NN"/>
                    <lemma type="one"/>
                    <dep head="5-9" type="dobj"/>
                </token>
                <token content="which" id="5-13">
                    <pos type="WDT"/>
                    <lemma type="which"/>
                    <dep head="5-14" type="nsubj"/>
                </token>
                <token content="meant" id="5-14">
                    <pos type="VBD"/>
                    <lemma type="mean"/>
                </token>
                <token content="hard" id="5-15">
                    <pos type="JJ"/>
                    <lemma type="hard"/>
                </token>
                <token content="seats" id="5-16">
                    <pos type="NNS"/>
                    <lemma type="seat"/>
                    <dep head="5-14" type="dobj"/>
                </token>
                <token content="that" id="5-17">
                    <pos type="WDT"/>
                    <lemma type="that"/>
                    <dep head="5-20" type="nsubj"/>
                </token>
                <token content="do" id="5-18">
                    <pos type="VBP"/>
                    <lemma type="do"/>
                    <dep head="5-20" type="aux"/>
                </token>
                <token content="not" id="5-19">
                    <pos type="RB"/>
                    <lemma type="not"/>
                    <dep head="5-20" type="neg"/>
                </token>
                <token content="recline" id="5-20">
                    <pos type="VB"/>
                    <lemma type="recline"/>
                </token>
                <token content="," id="5-21"/>
                <token content="no" id="5-22">
                    <pos type="DT"/>
                    <lemma type="no"/>
                </token>
                <token content="air" id="5-23">
                    <pos type="NN"/>
                    <lemma type="air"/>
                </token>
                <token content="or" id="5-24"/>
                <token content="food" id="5-25">
                    <pos type="NN"/>
                    <lemma type="food"/>
                </token>
                <token content="offered" id="5-26">
                    <pos type="VBN"/>
                    <lemma type="offer"/>
                </token>
                <token content="in" id="5-27"/>
                <token content="our" id="5-28">
                    <pos type="PRP$"/>
                    <lemma type="we"/>
                </token>
                <token content="car" id="5-29">
                    <pos type="NN"/>
                    <lemma type="car"/>
                </token>
                <token content="section" id="5-30">
                    <pos type="NN"/>
                    <lemma type="section"/>
                    <dep head="5-26" type="prep"/>
                </token>
                <token content="." id="5-31"/>
            </sentence>
            <sentence id="6">
                <token content="I" id="6-1">
                    <pos type="PRP"/>
                    <lemma type="I"/>
                    <dep head="6-2" type="nsubj"/>
                </token>
                <token content="had" id="6-2">
                    <pos type="VBD"/>
                    <lemma type="have"/>
                </token>
                <token content="no" id="6-3">
                    <pos type="DT"/>
                    <lemma type="no"/>
                </token>
                <token content="idea" id="6-4">
                    <pos type="NN"/>
                    <lemma type="idea"/>
                    <dep head="6-2" type="dobj"/>
                </token>
                <token content="that" id="6-5">
                    <pos type="IN"/>
                    <lemma type="that"/>
                    <dep head="6-8" type="mark"/>
                </token>
                <token content="it" id="6-6">
                    <pos type="PRP"/>
                    <lemma type="it"/>
                    <dep head="6-8" type="nsubj"/>
                </token>
                <token content="would" id="6-7">
                    <pos type="MD"/>
                    <lemma type="would"/>
                    <dep head="6-8" type="aux"/>
                </token>
                <token content="take" id="6-8">
                    <pos type="VB"/>
                    <lemma type="take"/>
                    <dep head="6-2" type="ccomp"/>
                </token>
                <token content="14" id="6-9">
                    <pos type="CD"/>
                    <lemma type="14"/>
                </token>
                <token content="hours" id="6-10">
                    <pos type="NNS"/>
                    <lemma type="hour"/>
                    <dep head="6-8" type="dobj"/>
                </token>
                <token content="to" id="6-11">
                    <pos type="TO"/>
                    <lemma type="to"/>
                    <dep head="6-12" type="aux"/>
                </token>
                <token content="travel" id="6-12">
                    <pos type="VB"/>
                    <lemma type="travel"/>
                    <dep head="6-8" type="vmod"/>
                </token>
                <token content="to" id="6-13"/>
                <token content="our" id="6-14">
                    <pos type="PRP$"/>
                    <lemma type="we"/>
                </token>
                <token content="destination" id="6-15">
                    <pos type="NN"/>
                    <lemma type="destination"/>
                    <dep head="6-12" type="prep"/>
                </token>
                <token content="." id="6-16"/>
            </sentence>
            <sentence id="7">
                <token content="It" id="7-1">
                    <pos type="PRP"/>
                    <lemma type="it"/>
                    <dep head="7-3" type="nsubj"/>
                </token>
                <token content="really" id="7-2">
                    <pos type="RB"/>
                    <lemma type="really"/>
                    <dep head="7-3" type="advmod"/>
                </token>
                <token content="felt" id="7-3">
                    <pos type="VBD"/>
                    <lemma type="feel"/>
                </token>
                <token content="like" id="7-4"/>
                <token content="a" id="7-5">
                    <pos type="DT"/>
                    <lemma type="a"/>
                </token>
                <token content="lifetime" id="7-6">
                    <pos type="NN"/>
                    <lemma type="lifetime"/>
                    <dep head="7-3" type="prep"/>
                </token>
                <token content="," id="7-7"/>
                <token content="especially" id="7-8">
                    <pos type="RB"/>
                    <lemma type="especially"/>
                </token>
                <token content="when" id="7-9">
                    <pos type="WRB"/>
                    <lemma type="when"/>
                </token>
                <token content="you" id="7-10">
                    <pos type="PRP"/>
                    <lemma type="you"/>
                </token>
                <token content="can" id="7-11">
                    <pos type="MD"/>
                    <lemma type="can"/>
                </token>
                <token content="not" id="7-12">
                    <pos type="RB"/>
                    <lemma type="not"/>
                </token>
                <token content="get" id="7-13">
                    <pos type="VB"/>
                    <lemma type="get"/>
                </token>
                <token content="comfortable" id="7-14">
                    <pos type="JJ"/>
                    <lemma type="comfortable"/>
                </token>
                <token content="and" id="7-15"/>
                <token content="find" id="7-16">
                    <pos type="VB"/>
                    <lemma type="find"/>
                </token>
                <token content="a" id="7-17">
                    <pos type="DT"/>
                    <lemma type="a"/>
                </token>
                <token content="position" id="7-18">
                    <pos type="NN"/>
                    <lemma type="position"/>
                    <dep head="7-16" type="dobj"/>
                </token>
                <token content="to" id="7-19">
                    <pos type="TO"/>
                    <lemma type="to"/>
                    <dep head="7-20" type="aux"/>
                </token>
                <token content="relax" id="7-20">
                    <pos type="VB"/>
                    <lemma type="relax"/>
                </token>
                <token content="." id="7-21"/>
            </sentence>
            <sentence id="8">
                <token content="We" id="8-1">
                    <pos type="PRP"/>
                    <lemma type="we"/>
                    <dep head="8-2" type="nsubj"/>
                </token>
                <token content="tried" id="8-2">
                    <pos type="VBD"/>
                    <lemma type="try"/>
                </token>
                <token content="several" id="8-3">
                    <pos type="JJ"/>
                    <lemma type="several"/>
                </token>
                <token content="ways" id="8-4">
                    <pos type="NNS"/>
                    <lemma type="way"/>
                    <dep head="8-2" type="dobj"/>
                </token>
                <token content="of" id="8-5"/>
                <token content="resting" id="8-6">
                    <pos type="NNP"/>
                    <lemma type="resting"/>
                </token>
                <token content="but" id="8-7"/>
                <token content="after" id="8-8"/>
                <token content="a" id="8-9">
                    <pos type="DT"/>
                    <lemma type="a"/>
                </token>
                <token content="few" id="8-10">
                    <pos type="JJ"/>
                    <lemma type="few"/>
                </token>
                <token content="minutes" id="8-11">
                    <pos type="NNS"/>
                    <lemma type="minute"/>
                    <dep head="8-14" type="prep"/>
                </token>
                <token content="we" id="8-12">
                    <pos type="PRP"/>
                    <lemma type="we"/>
                    <dep head="8-14" type="nsubj"/>
                </token>
                <token content="would" id="8-13">
                    <pos type="MD"/>
                    <lemma type="would"/>
                    <dep head="8-14" type="aux"/>
                </token>
                <token content="get" id="8-14">
                    <pos type="VB"/>
                    <lemma type="get"/>
                    <dep head="8-2" type="conj"/>
                </token>
                <token content="up" id="8-15">
                    <pos type="RP"/>
                    <lemma type="up"/>
                    <dep head="8-14" type="prt"/>
                </token>
                <token content="and" id="8-16"/>
                <token content="reposition" id="8-17">
                    <pos type="VB"/>
                    <lemma type="reposition"/>
                    <dep head="8-14" type="conj"/>
                </token>
                <token content="ourselves" id="8-18">
                    <pos type="PRP"/>
                    <lemma type="ourselves"/>
                    <dep head="8-17" type="dobj"/>
                </token>
                <token content="." id="8-19"/>
            </sentence>
            <sentence id="9">
                <token content="The" id="9-1">
                    <pos type="DT"/>
                    <lemma type="the"/>
                </token>
                <token content="ride" id="9-2">
                    <pos type="NN"/>
                    <lemma type="ride"/>
                </token>
                <token content="was" id="9-3">
                    <pos type="VBD"/>
                    <lemma type="be"/>
                </token>
                <token content="nice" id="9-4">
                    <pos type="JJ"/>
                    <lemma type="nice"/>
                </token>
                <token content="overall" id="9-5">
                    <pos type="NN"/>
                    <lemma type="overall"/>
                </token>
                <token content="though" id="9-6">
                    <pos type="IN"/>
                    <lemma type="though"/>
                </token>
                <token content="because" id="9-7">
                    <pos type="IN"/>
                    <lemma type="because"/>
                    <dep head="9-11" type="mark"/>
                </token>
                <token content="the" id="9-8">
                    <pos type="DT"/>
                    <lemma type="the"/>
                </token>
                <token content="conductor" id="9-9">
                    <pos type="NN"/>
                    <lemma type="conductor"/>
                    <dep head="9-11" type="nsubj"/>
                </token>
                <token content="would" id="9-10">
                    <pos type="MD"/>
                    <lemma type="would"/>
                    <dep head="9-11" type="aux"/>
                </token>
                <token content="stop" id="9-11">
                    <pos type="VB"/>
                    <lemma type="stop"/>
                </token>
                <token content="every" id="9-12">
                    <pos type="DT"/>
                    <lemma type="every"/>
                </token>
                <token content="four" id="9-13">
                    <pos type="CD"/>
                    <lemma type="four"/>
                </token>
                <token content="hours" id="9-14">
                    <pos type="NNS"/>
                    <lemma type="hour"/>
                    <dep head="9-11" type="dobj"/>
                </token>
                <token content="or" id="9-15"/>
                <token content="so" id="9-16">
                    <pos type="IN"/>
                    <lemma type="so"/>
                    <dep head="9-18" type="mark"/>
                </token>
                <token content="to" id="9-17">
                    <pos type="TO"/>
                    <lemma type="to"/>
                    <dep head="9-18" type="aux"/>
                </token>
                <token content="allow" id="9-18">
                    <pos type="VB"/>
                    <lemma type="allow"/>
                    <dep head="9-11" type="conj"/>
                </token>
                <token content="for" id="9-19"/>
                <token content="bathroom" id="9-20">
                    <pos type="NN"/>
                    <lemma type="bathroom"/>
                </token>
                <token content="breaks" id="9-21">
                    <pos type="NNS"/>
                    <lemma type="break"/>
                    <dep head="9-18" type="prep"/>
                </token>
                <token content="and" id="9-22"/>
                <token content="food" id="9-23">
                    <pos type="NN"/>
                    <lemma type="food"/>
                </token>
                <token content="purchases" id="9-24">
                    <pos type="NNS"/>
                    <lemma type="purchase"/>
                </token>
                <token content="at" id="9-25"/>
                <token content="the" id="9-26">
                    <pos type="DT"/>
                    <lemma type="the"/>
                </token>
                <token content="stops" id="9-27">
                    <pos type="NNS"/>
                    <lemma type="stop"/>
                    <dep head="9-18" type="prep"/>
                </token>
                <token content="." id="9-28"/>
            </sentence>
            <sentence id="10">
                <token content="We" id="10-1">
                    <pos type="PRP"/>
                    <lemma type="we"/>
                    <dep head="10-2" type="nsubj"/>
                </token>
                <token content="took" id="10-2">
                    <pos type="VBD"/>
                    <lemma type="take"/>
                </token>
                <token content="the" id="10-3">
                    <pos type="DT"/>
                    <lemma type="the"/>
                </token>
                <token content="night" id="10-4">
                    <pos type="NN"/>
                    <lemma type="night"/>
                </token>
                <token content="train" id="10-5">
                    <pos type="NN"/>
                    <lemma type="train"/>
                    <dep head="10-36" type="nsubj"/>
                </token>
                <token content="so" id="10-6">
                    <pos type="IN"/>
                    <lemma type="so"/>
                </token>
                <token content="the" id="10-7">
                    <pos type="DT"/>
                    <lemma type="the"/>
                </token>
                <token content="majority" id="10-8">
                    <pos type="NN"/>
                    <lemma type="majority"/>
                </token>
                <token content="of" id="10-9"/>
                <token content="the" id="10-10">
                    <pos type="DT"/>
                    <lemma type="the"/>
                </token>
                <token content="time" id="10-11">
                    <pos type="NN"/>
                    <lemma type="time"/>
                </token>
                <token content="we" id="10-12">
                    <pos type="PRP"/>
                    <lemma type="we"/>
                </token>
                <token content="would" id="10-13">
                    <pos type="MD"/>
                    <lemma type="would"/>
                </token>
                <token content="not" id="10-14">
                    <pos type="RB"/>
                    <lemma type="not"/>
                </token>
                <token content="able" id="10-15">
                    <pos type="JJ"/>
                    <lemma type="able"/>
                </token>
                <token content="to" id="10-16">
                    <pos type="TO"/>
                    <lemma type="to"/>
                    <dep head="10-17" type="aux"/>
                </token>
                <token content="enjoy" id="10-17">
                    <pos type="VB"/>
                    <lemma type="enjoy"/>
                </token>
                <token content="the" id="10-18">
                    <pos type="DT"/>
                    <lemma type="the"/>
                </token>
                <token content="view" id="10-19">
                    <pos type="NN"/>
                    <lemma type="view"/>
                    <dep head="10-17" type="dobj"/>
                </token>
                <token content="out" id="10-20"/>
                <token content="of" id="10-21"/>
                <token content="the" id="10-22">
                    <pos type="DT"/>
                    <lemma type="the"/>
                </token>
                <token content="window" id="10-23">
                    <pos type="NN"/>
                    <lemma type="window"/>
                    <dep head="10-17" type="prep"/>
                </token>
                <token content="but" id="10-24"/>
                <token content="when" id="10-25">
                    <pos type="WRB"/>
                    <lemma type="when"/>
                    <dep head="10-27" type="advmod"/>
                </token>
                <token content="daylight" id="10-26">
                    <pos type="NN"/>
                    <lemma type="daylight"/>
                    <dep head="10-27" type="nsubj"/>
                </token>
                <token content="broke" id="10-27">
                    <pos type="VBD"/>
                    <lemma type="break"/>
                </token>
                <token content="and" id="10-28"/>
                <token content="we" id="10-29">
                    <pos type="PRP"/>
                    <lemma type="we"/>
                </token>
                <token content="were" id="10-30">
                    <pos type="VBD"/>
                    <lemma type="be"/>
                </token>
                <token content="able" id="10-31">
                    <pos type="JJ"/>
                    <lemma type="able"/>
                    <dep head="10-27" type="conj"/>
                </token>
                <token content="to" id="10-32">
                    <pos type="TO"/>
                    <lemma type="to"/>
                    <dep head="10-33" type="aux"/>
                </token>
                <token content="see" id="10-33">
                    <pos type="VB"/>
                    <lemma type="see"/>
                </token>
                <token content="outside" id="10-34"/>
                <token content="it" id="10-35">
                    <pos type="PRP"/>
                    <lemma type="it"/>
                    <dep head="10-33" type="prep"/>
                </token>
                <token content="made" id="10-36">
                    <pos type="VBD"/>
                    <lemma type="make"/>
                    <dep head="10-2" type="ccomp"/>
                </token>
                <token content="the" id="10-37">
                    <pos type="DT"/>
                    <lemma type="the"/>
                </token>
                <token content="trip" id="10-38">
                    <pos type="NN"/>
                    <lemma type="trip"/>
                    <dep head="10-39" type="nsubj"/>
                </token>
                <token content="go" id="10-39">
                    <pos type="VBP"/>
                    <lemma type="go"/>
                    <dep head="10-36" type="ccomp"/>
                </token>
                <token content="by" id="10-40"/>
                <token content="quicker" id="10-41">
                    <pos type="NNP"/>
                    <lemma type="quicker"/>
                    <dep head="10-39" type="prep"/>
                </token>
                <token content="." id="10-42"/>
            </sentence>
            <sentence id="11">
                <token content="So" id="11-1">
                    <pos type="RB"/>
                    <lemma type="so"/>
                    <dep head="11-5" type="advmod"/>
                </token>
                <token content="," id="11-2"/>
                <token content="overall" id="11-3">
                    <pos type="RB"/>
                    <lemma type="overall"/>
                    <dep head="11-5" type="advmod"/>
                </token>
                <token content="I" id="11-4">
                    <pos type="PRP"/>
                    <lemma type="I"/>
                    <dep head="11-5" type="nsubj"/>
                </token>
                <token content="have" id="11-5">
                    <pos type="VBP"/>
                    <lemma type="have"/>
                </token>
                <token content="to" id="11-6">
                    <pos type="TO"/>
                    <lemma type="to"/>
                    <dep head="11-7" type="aux"/>
                </token>
                <token content="say" id="11-7">
                    <pos type="VB"/>
                    <lemma type="say"/>
                    <dep head="11-5" type="xcomp"/>
                </token>
                <token content="that" id="11-8">
                    <pos type="IN"/>
                    <lemma type="that"/>
                </token>
                <token content="it" id="11-9">
                    <pos type="PRP"/>
                    <lemma type="it"/>
                </token>
                <token content="was" id="11-10">
                    <pos type="VBD"/>
                    <lemma type="be"/>
                </token>
                <token content="a" id="11-11">
                    <pos type="DT"/>
                    <lemma type="a"/>
                </token>
                <token content="very" id="11-12">
                    <pos type="RB"/>
                    <lemma type="very"/>
                </token>
                <token content="good" id="11-13">
                    <pos type="JJ"/>
                    <lemma type="good"/>
                </token>
                <token content="experience" id="11-14">
                    <pos type="NN"/>
                    <lemma type="experience"/>
                    <dep head="11-7" type="ccomp"/>
                </token>
                <token content="and" id="11-15"/>
                <token content="cheap" id="11-16">
                    <pos type="NN"/>
                    <lemma type="cheap"/>
                </token>
                <token content="too" id="11-17">
                    <pos type="RB"/>
                    <lemma type="too"/>
                </token>
                <token content="." id="11-18"/>
            </sentence>
        </sentences>
    </text>
    <annotations>
        <participants>
            <label from="1-1" id="0" name="ScrPart_passenger" text="I" type="participant"/>
            <label from="1-8" id="1" name="NPart" text="privilege" type="participant"/>
            <label from="1-12" id="2" name="ScrPart_train" text="train" type="participant"/>
            <label from="2-1" id="3" name="ScrPart_passenger" text="My friend and I" to="2-4" type="participant"/>
            <label from="2-1" id="4" name="ScrPart_passenger" text="My" type="participant"/>
            <label from="2-2" id="5" name="ScrPart_passenger" text="friend" type="participant"/>
            <label from="2-4" id="6" name="ScrPart_passenger" text="I" type="participant"/>
            <label from="2-8" id="7" name="ScrPart_other" text="distance" type="participant"/>
            <label from="3-6" id="8" name="NPart" text="option" type="participant"/>
            <label from="3-7" id="9" name="ScrPart_passenger" text="we" type="participant"/>
            <label from="3-12" id="10" name="ScrPart_train" text="train" type="participant"/>
            <label from="3-14" id="11" name="ScrPart_passenger" text="our" type="participant"/>
            <label from="3-15" id="12" name="ScrPart_destination" text="destination" type="participant"/>
            <label from="4-1" id="13" name="ScrPart_passenger" text="We" type="participant"/>
            <label from="4-6" id="14" name="ScrPart_train_station" text="train station" to="4-7" type="participant"/>
            <label from="4-7" id="15" name="ScrPart_train_station" text="station" type="participant"/>
            <label from="4-13" id="16" name="ScrPart_ticket_office/website" text="window" type="participant"/>
            <label from="4-17" id="17" name="ScrPart_card/ticket" text="ticket" type="participant"/>
            <label from="4-19" id="18" name="ScrPart_passenger" text="our" type="participant"/>
            <label from="4-20" id="19" name="ScrPart_destination" text="destination" type="participant"/>
            <label from="5-1" id="20" name="ScrPart_passenger" text="We" type="participant"/>
            <label from="5-3" id="21" name="ScrPart_passenger" text="our" type="participant"/>
            <label from="5-4" id="22" name="NPart" text="choice" type="participant"/>
            <label from="5-6" id="23" name="ScrPart_coach" text="coaches" type="participant"/>
            <label from="5-8" id="24" name="ScrPart_passenger" text="we" type="participant"/>
            <label from="5-12" id="25" name="ScrPart_coach" text="one" type="participant"/>
            <label from="5-16" id="26" name="ScrPart_seat" text="seats" type="participant"/>
            <label from="5-23" id="27" name="Unclear" text="air" type="participant"/>
            <label from="5-25" id="28" name="ScrPart_in-train_entertainment" text="food" type="participant"/>
            <label from="5-28" id="29" name="ScrPart_passenger" text="our" type="participant"/>
            <label from="5-29" id="30" name="ScrPart_location_train" text="car section" to="5-30" type="participant"/>
            <label from="5-30" id="31" name="ScrPart_location_train" text="section" type="participant"/>
            <label from="6-1" id="32" name="ScrPart_passenger" text="I" type="participant"/>
            <label from="6-4" id="33" name="No_label" text="idea" type="participant"/>
            <label from="6-6" id="34" name="No_label" text="it" type="participant"/>
            <label from="6-10" id="35" name="ScrPart_time_date" text="hours" type="participant"/>
            <label from="6-14" id="36" name="ScrPart_passenger" text="our" type="participant"/>
            <label from="6-15" id="37" name="ScrPart_destination" text="destination" type="participant"/>
            <label from="7-1" id="38" name="No_label" text="It" type="participant"/>
            <label from="7-6" id="39" name="No_label" text="lifetime" type="participant"/>
            <label from="7-10" id="40" name="ScrPart_passenger" text="you" type="participant"/>
            <label from="7-18" id="41" name="NPart" text="position" type="participant"/>
            <label from="8-1" id="42" name="ScrPart_passenger" text="We" type="participant"/>
            <label from="8-4" id="43" name="Head_of_Partitive" text="ways" type="participant"/>
            <label from="8-11" id="44" name="ScrPart_time_date" text="minutes" type="participant"/>
            <label from="8-12" id="45" name="ScrPart_passenger" text="we" type="participant"/>
            <label from="8-18" id="46" name="ScrPart_passenger" text="ourselves" type="participant"/>
            <label from="9-2" id="47" name="ScrPart_trip" text="ride" type="participant"/>
            <label from="9-9" id="48" name="ScrPart_train_staff" text="conductor" type="participant"/>
            <label from="9-14" id="49" name="ScrPart_time_date" text="hours" type="participant"/>
            <label from="9-20" id="50" name="ScrPart_other" text="bathroom breaks" to="9-21" type="participant"/>
            <label from="9-21" id="51" name="ScrPart_other" text="breaks" type="participant"/>
            <label from="9-23" id="52" name="ScrPart_other" text="food purchases" to="9-24" type="participant"/>
            <label from="9-24" id="53" name="ScrPart_other" text="purchases" type="participant"/>
            <label from="9-27" id="54" name="ScrPart_other" text="stops" type="participant"/>
            <label from="10-1" id="55" name="ScrPart_passenger" text="We" type="participant"/>
            <label from="10-5" id="56" name="ScrPart_train" text="train" type="participant"/>
            <label from="10-8" id="57" name="Head_of_Partitive" text="majority" type="participant"/>
            <label from="10-11" id="58" name="ScrPart_time_date" text="time" type="participant"/>
            <label from="10-12" id="59" name="ScrPart_passenger" text="we" type="participant"/>
            <label from="10-19" id="60" name="ScrPart_in-train_entertainment" text="view" type="participant"/>
            <label from="10-23" id="61" name="ScrPart_location_train" text="window" type="participant"/>
            <label from="10-26" id="62" name="NPart" text="daylight" type="participant"/>
            <label from="10-29" id="63" name="ScrPart_passenger" text="we" type="participant"/>
            <label from="10-35" id="64" name="No_label" text="it" type="participant"/>
            <label from="10-38" id="65" name="ScrPart_trip" text="trip" type="participant"/>
            <label from="11-4" id="66" name="ScrPart_passenger" text="I" type="participant"/>
            <label from="11-9" id="67" name="No_label" text="it" type="participant"/>
            <label from="11-14" id="68" name="NPart" text="experience" type="participant"/>
        </participants>
        <events>
            <label from="1-6" id="69" name="UnrelEv" text="enjoy" type="event"/>
            <label from="1-10" id="70" name="Evoking" text="riding a train" to="1-12" type="event"/>
            <label from="2-5" id="71" name="UnrelEv" text="had" type="event"/>
            <label from="2-10" id="72" name="RelNScrEv" text="travel" type="event"/>
            <label from="3-8" id="73" name="UnrelEv" text="decided" type="event"/>
            <label from="3-10" id="74" name="Evoking" text="take a train" to="3-12" type="event"/>
            <label from="4-2" id="75" name="RelNScrEv" text="found out" to="4-3" type="event"/>
            <label from="4-9" id="76" name="UnrelEv" text="located" type="event"/>
            <label from="4-11" id="77" name="RelNScrEv" text="found" type="event"/>
            <label from="4-15" id="78" name="ScrEv_get_tickets" text="buy" type="event"/>
            <label from="5-2" id="79" name="UnrelEv" text="had" type="event"/>
            <label from="5-9" id="80" name="RelNScrEv" text="chose" type="event"/>
            <label from="5-14" id="81" name="UnrelEv" text="meant" type="event"/>
            <label from="5-20" id="82" name="UnrelEv" text="recline" type="event"/>
            <label from="5-26" id="83" name="UnrelEv" text="offered" type="event"/>
            <label from="6-2" id="84" name="UnrelEv" text="had" type="event"/>
            <label from="6-8" id="85" name="UnrelEv" text="take" type="event"/>
            <label from="6-12" id="86" name="RelNScrEv" text="travel" type="event"/>
            <label from="7-3" id="87" name="UnrelEv" text="felt" type="event"/>
            <label from="7-13" id="88" name="ScrEv_spend_time_train" text="get" type="event"/>
            <label from="7-16" id="89" name="UnrelEv" text="find" type="event"/>
            <label from="7-20" id="90" name="ScrEv_spend_time_train" text="relax" type="event"/>
            <label from="8-2" id="91" name="UnrelEv" text="tried" type="event"/>
            <label from="8-6" id="92" name="ScrEv_spend_time_train" text="resting" type="event"/>
            <label from="8-14" id="93" name="UnrelEv" text="get up" to="8-15" type="event"/>
            <label from="8-17" id="94" name="UnrelEv" text="reposition" type="event"/>
            <label from="9-3" id="95" name="UnrelEv" text="was" type="event"/>
            <label from="9-11" id="96" name="RelNScrEv" text="stop" type="event"/>
            <label from="9-18" id="97" name="UnrelEv" text="allow" type="event"/>
            <label from="10-2" id="98" name="Evoking" text="took the night train" to="10-5" type="event"/>
            <label from="10-17" id="99" name="ScrEv_spend_time_train" text="enjoy" type="event"/>
            <label from="10-27" id="100" name="UnrelEv" text="broke" type="event"/>
            <label from="10-33" id="101" name="ScrEv_spend_time_train" text="see" type="event"/>
            <label from="10-36" id="102" name="UnrelEv" text="made" type="event"/>
            <label from="10-39" id="103" name="UnrelEv" text="go by" to="10-40" type="event"/>
            <label from="11-7" id="104" name="UnrelEv" text="say" type="event"/>
            <label from="11-10" id="105" name="UnrelEv" text="was" type="event"/>
        </events>
        <chains>
            <chain elements="0 3 6 9 13 18 20 29 32 36 40 42 45 46 55 59 63 66 11 21 24"/>
            <chain elements="2 10 56"/>
            <chain elements="12 19 37"/>
            <chain elements="23 25" name="group_coaches"/>
            <chain elements="47 65"/>
        </chains>
    </annotations>
</story>
