<?xml version="1.0" encoding="UTF-8" standalone="no"?>
<!DOCTYPE story SYSTEM "../InScript.dtd">
<story id="031" scenario="tree">
    <text>
        <content>There are many ways to plant a tree . 
One of the least expensive is planting a bare root tree . 
I had to chose the right tree for my area and my particular situation . 
My local nursery carries only plants suited to our area , but since I bought from a catalog I checked for suitability in a Sunset Garden Book . 
I also had to site the tree properly . 
It could n't be under power lines , and needed room to spread . 
I finally planted a magnolia . 
It began as a bare root tree , and it now flowers every early spring , even in our drought . 
First , I dug a planting hole . 
The hole was wider at the bottom than at the top , and had a cone of firm soil in its center to support the tree . 
The hole was about five times as wide across as the tree . 
I started the hole with a shovel , but finished by hacking at the soil underground with a spade to undercut the hole and so the roots could get purchase when they started to spread . 
I set the bare root tree on the cone I left in the center of the hole and spread out its roots over the cone . 
I arranged the roots so the tree would be level , no roots would be exposed , and the upper bark would n't be buried . 
Then I nearly filled the hole with soil , firming it lightly by patting it as I went . 
When the hole was almost full , I watered slowly , holding the tree straight as the water soaked in . 
Then I filled up the hole completely . 
finally , I made a ring of soil around the tree , to hold in water when the rainy season ended and I would have to irrigate . 
I used no fertilizer or amendments when I planted , because our sandy soil is fairly fertile , and I did n't want to make a dividing line that would encourage the tree to grow only in its tiny pothole of enriched soil . 
I wanted it to spread its roots , and it has . </content>
        <sentences>
            <sentence id="1">
                <token content="There" id="1-1">
                    <pos type="EX"/>
                    <lemma type="there"/>
                    <dep head="1-2" type="expl"/>
                </token>
                <token content="are" id="1-2">
                    <pos type="VBP"/>
                    <lemma type="be"/>
                </token>
                <token content="many" id="1-3">
                    <pos type="JJ"/>
                    <lemma type="many"/>
                </token>
                <token content="ways" id="1-4">
                    <pos type="NNS"/>
                    <lemma type="way"/>
                    <dep head="1-2" type="nsubj"/>
                </token>
                <token content="to" id="1-5">
                    <pos type="TO"/>
                    <lemma type="to"/>
                    <dep head="1-6" type="aux"/>
                </token>
                <token content="plant" id="1-6">
                    <pos type="VB"/>
                    <lemma type="plant"/>
                </token>
                <token content="a" id="1-7">
                    <pos type="DT"/>
                    <lemma type="a"/>
                </token>
                <token content="tree" id="1-8">
                    <pos type="NN"/>
                    <lemma type="tree"/>
                    <dep head="1-6" type="dobj"/>
                </token>
                <token content="." id="1-9"/>
            </sentence>
            <sentence id="2">
                <token content="One" id="2-1">
                    <pos type="CD"/>
                    <lemma type="one"/>
                    <dep head="2-7" type="nsubj"/>
                </token>
                <token content="of" id="2-2"/>
                <token content="the" id="2-3">
                    <pos type="DT"/>
                    <lemma type="the"/>
                </token>
                <token content="least" id="2-4">
                    <pos type="JJS"/>
                    <lemma type="least"/>
                </token>
                <token content="expensive" id="2-5">
                    <pos type="JJ"/>
                    <lemma type="expensive"/>
                </token>
                <token content="is" id="2-6">
                    <pos type="VBZ"/>
                    <lemma type="be"/>
                    <dep head="2-7" type="aux"/>
                </token>
                <token content="planting" id="2-7">
                    <pos type="VBG"/>
                    <lemma type="plant"/>
                </token>
                <token content="a" id="2-8">
                    <pos type="DT"/>
                    <lemma type="a"/>
                </token>
                <token content="bare" id="2-9">
                    <pos type="JJ"/>
                    <lemma type="bare"/>
                </token>
                <token content="root" id="2-10">
                    <pos type="NN"/>
                    <lemma type="root"/>
                </token>
                <token content="tree" id="2-11">
                    <pos type="NN"/>
                    <lemma type="tree"/>
                    <dep head="2-7" type="dobj"/>
                </token>
                <token content="." id="2-12"/>
            </sentence>
            <sentence id="3">
                <token content="I" id="3-1">
                    <pos type="PRP"/>
                    <lemma type="I"/>
                    <dep head="3-2" type="nsubj"/>
                </token>
                <token content="had" id="3-2">
                    <pos type="VBD"/>
                    <lemma type="have"/>
                </token>
                <token content="to" id="3-3">
                    <pos type="TO"/>
                    <lemma type="to"/>
                    <dep head="3-4" type="aux"/>
                </token>
                <token content="chose" id="3-4">
                    <pos type="VB"/>
                    <lemma type="choose"/>
                    <dep head="3-2" type="xcomp"/>
                </token>
                <token content="the" id="3-5">
                    <pos type="DT"/>
                    <lemma type="the"/>
                </token>
                <token content="right" id="3-6">
                    <pos type="JJ"/>
                    <lemma type="right"/>
                </token>
                <token content="tree" id="3-7">
                    <pos type="NN"/>
                    <lemma type="tree"/>
                    <dep head="3-4" type="dobj"/>
                </token>
                <token content="for" id="3-8"/>
                <token content="my" id="3-9">
                    <pos type="PRP$"/>
                    <lemma type="my"/>
                </token>
                <token content="area" id="3-10">
                    <pos type="NN"/>
                    <lemma type="area"/>
                    <dep head="3-4" type="prep"/>
                </token>
                <token content="and" id="3-11"/>
                <token content="my" id="3-12">
                    <pos type="PRP$"/>
                    <lemma type="my"/>
                </token>
                <token content="particular" id="3-13">
                    <pos type="JJ"/>
                    <lemma type="particular"/>
                </token>
                <token content="situation" id="3-14">
                    <pos type="NN"/>
                    <lemma type="situation"/>
                </token>
                <token content="." id="3-15"/>
            </sentence>
            <sentence id="4">
                <token content="My" id="4-1">
                    <pos type="PRP$"/>
                    <lemma type="my"/>
                </token>
                <token content="local" id="4-2">
                    <pos type="JJ"/>
                    <lemma type="local"/>
                </token>
                <token content="nursery" id="4-3">
                    <pos type="NN"/>
                    <lemma type="nursery"/>
                    <dep head="4-4" type="nsubj"/>
                </token>
                <token content="carries" id="4-4">
                    <pos type="VBZ"/>
                    <lemma type="carry"/>
                </token>
                <token content="only" id="4-5">
                    <pos type="JJ"/>
                    <lemma type="only"/>
                </token>
                <token content="plants" id="4-6">
                    <pos type="NNS"/>
                    <lemma type="plant"/>
                    <dep head="4-4" type="dobj"/>
                </token>
                <token content="suited" id="4-7">
                    <pos type="VBN"/>
                    <lemma type="suit"/>
                </token>
                <token content="to" id="4-8"/>
                <token content="our" id="4-9">
                    <pos type="PRP$"/>
                    <lemma type="we"/>
                </token>
                <token content="area" id="4-10">
                    <pos type="NN"/>
                    <lemma type="area"/>
                    <dep head="4-7" type="prep"/>
                </token>
                <token content="," id="4-11"/>
                <token content="but" id="4-12"/>
                <token content="since" id="4-13">
                    <pos type="IN"/>
                    <lemma type="since"/>
                    <dep head="4-15" type="mark"/>
                </token>
                <token content="I" id="4-14">
                    <pos type="PRP"/>
                    <lemma type="I"/>
                    <dep head="4-15" type="nsubj"/>
                </token>
                <token content="bought" id="4-15">
                    <pos type="VBD"/>
                    <lemma type="buy"/>
                    <dep head="4-20" type="advcl"/>
                </token>
                <token content="from" id="4-16"/>
                <token content="a" id="4-17">
                    <pos type="DT"/>
                    <lemma type="a"/>
                </token>
                <token content="catalog" id="4-18">
                    <pos type="NN"/>
                    <lemma type="catalog"/>
                    <dep head="4-15" type="prep"/>
                </token>
                <token content="I" id="4-19">
                    <pos type="PRP"/>
                    <lemma type="I"/>
                    <dep head="4-20" type="nsubj"/>
                </token>
                <token content="checked" id="4-20">
                    <pos type="VBD"/>
                    <lemma type="check"/>
                    <dep head="4-4" type="conj"/>
                </token>
                <token content="for" id="4-21"/>
                <token content="suitability" id="4-22">
                    <pos type="NN"/>
                    <lemma type="suitability"/>
                    <dep head="4-20" type="prep"/>
                </token>
                <token content="in" id="4-23"/>
                <token content="a" id="4-24">
                    <pos type="DT"/>
                    <lemma type="a"/>
                </token>
                <token content="Sunset" id="4-25">
                    <pos type="NNP"/>
                    <lemma type="Sunset"/>
                </token>
                <token content="Garden" id="4-26">
                    <pos type="NNP"/>
                    <lemma type="Garden"/>
                </token>
                <token content="Book" id="4-27">
                    <pos type="NNP"/>
                    <lemma type="Book"/>
                    <dep head="4-20" type="prep"/>
                </token>
                <token content="." id="4-28"/>
            </sentence>
            <sentence id="5">
                <token content="I" id="5-1">
                    <pos type="PRP"/>
                    <lemma type="I"/>
                    <dep head="5-3" type="nsubj"/>
                </token>
                <token content="also" id="5-2">
                    <pos type="RB"/>
                    <lemma type="also"/>
                    <dep head="5-3" type="advmod"/>
                </token>
                <token content="had" id="5-3">
                    <pos type="VBD"/>
                    <lemma type="have"/>
                </token>
                <token content="to" id="5-4">
                    <pos type="TO"/>
                    <lemma type="to"/>
                    <dep head="5-5" type="aux"/>
                </token>
                <token content="site" id="5-5">
                    <pos type="VB"/>
                    <lemma type="site"/>
                    <dep head="5-3" type="xcomp"/>
                </token>
                <token content="the" id="5-6">
                    <pos type="DT"/>
                    <lemma type="the"/>
                </token>
                <token content="tree" id="5-7">
                    <pos type="NN"/>
                    <lemma type="tree"/>
                    <dep head="5-5" type="dobj"/>
                </token>
                <token content="properly" id="5-8">
                    <pos type="RB"/>
                    <lemma type="properly"/>
                    <dep head="5-5" type="advmod"/>
                </token>
                <token content="." id="5-9"/>
            </sentence>
            <sentence id="6">
                <token content="It" id="6-1">
                    <pos type="PRP"/>
                    <lemma type="it"/>
                    <dep head="6-4" type="nsubj"/>
                </token>
                <token content="could" id="6-2">
                    <pos type="MD"/>
                    <lemma type="could"/>
                    <dep head="6-4" type="aux"/>
                </token>
                <token content="n't" id="6-3">
                    <pos type="RB"/>
                    <lemma type="not"/>
                    <dep head="6-4" type="neg"/>
                </token>
                <token content="be" id="6-4">
                    <pos type="VB"/>
                    <lemma type="be"/>
                </token>
                <token content="under" id="6-5"/>
                <token content="power" id="6-6">
                    <pos type="NN"/>
                    <lemma type="power"/>
                </token>
                <token content="lines" id="6-7">
                    <pos type="NNS"/>
                    <lemma type="line"/>
                    <dep head="6-4" type="prep"/>
                </token>
                <token content="," id="6-8"/>
                <token content="and" id="6-9"/>
                <token content="needed" id="6-10">
                    <pos type="VBD"/>
                    <lemma type="need"/>
                    <dep head="6-4" type="conj"/>
                </token>
                <token content="room" id="6-11">
                    <pos type="NN"/>
                    <lemma type="room"/>
                    <dep head="6-10" type="dobj"/>
                </token>
                <token content="to" id="6-12"/>
                <token content="spread" id="6-13">
                    <pos type="NN"/>
                    <lemma type="spread"/>
                    <dep head="6-10" type="prep"/>
                </token>
                <token content="." id="6-14"/>
            </sentence>
            <sentence id="7">
                <token content="I" id="7-1">
                    <pos type="PRP"/>
                    <lemma type="I"/>
                    <dep head="7-3" type="nsubj"/>
                </token>
                <token content="finally" id="7-2">
                    <pos type="RB"/>
                    <lemma type="finally"/>
                    <dep head="7-3" type="advmod"/>
                </token>
                <token content="planted" id="7-3">
                    <pos type="VBD"/>
                    <lemma type="plant"/>
                </token>
                <token content="a" id="7-4">
                    <pos type="DT"/>
                    <lemma type="a"/>
                </token>
                <token content="magnolia" id="7-5">
                    <pos type="NN"/>
                    <lemma type="magnolia"/>
                    <dep head="7-3" type="dobj"/>
                </token>
                <token content="." id="7-6"/>
            </sentence>
            <sentence id="8">
                <token content="It" id="8-1">
                    <pos type="PRP"/>
                    <lemma type="it"/>
                    <dep head="8-2" type="nsubj"/>
                </token>
                <token content="began" id="8-2">
                    <pos type="VBD"/>
                    <lemma type="begin"/>
                </token>
                <token content="as" id="8-3"/>
                <token content="a" id="8-4">
                    <pos type="DT"/>
                    <lemma type="a"/>
                </token>
                <token content="bare" id="8-5">
                    <pos type="JJ"/>
                    <lemma type="bare"/>
                </token>
                <token content="root" id="8-6">
                    <pos type="NN"/>
                    <lemma type="root"/>
                </token>
                <token content="tree" id="8-7">
                    <pos type="NN"/>
                    <lemma type="tree"/>
                    <dep head="8-2" type="prep"/>
                </token>
                <token content="," id="8-8"/>
                <token content="and" id="8-9"/>
                <token content="it" id="8-10">
                    <pos type="PRP"/>
                    <lemma type="it"/>
                    <dep head="8-12" type="nsubj"/>
                </token>
                <token content="now" id="8-11">
                    <pos type="RB"/>
                    <lemma type="now"/>
                    <dep head="8-12" type="advmod"/>
                </token>
                <token content="flowers" id="8-12">
                    <pos type="VBZ"/>
                    <lemma type="flower"/>
                    <dep head="8-2" type="conj"/>
                </token>
                <token content="every" id="8-13">
                    <pos type="DT"/>
                    <lemma type="every"/>
                </token>
                <token content="early" id="8-14">
                    <pos type="JJ"/>
                    <lemma type="early"/>
                </token>
                <token content="spring" id="8-15">
                    <pos type="NN"/>
                    <lemma type="spring"/>
                    <dep head="8-12" type="tmod"/>
                </token>
                <token content="," id="8-16"/>
                <token content="even" id="8-17">
                    <pos type="RB"/>
                    <lemma type="even"/>
                    <dep head="8-12" type="advmod"/>
                </token>
                <token content="in" id="8-18"/>
                <token content="our" id="8-19">
                    <pos type="PRP$"/>
                    <lemma type="we"/>
                </token>
                <token content="drought" id="8-20">
                    <pos type="NN"/>
                    <lemma type="drought"/>
                    <dep head="8-12" type="prep"/>
                </token>
                <token content="." id="8-21"/>
            </sentence>
            <sentence id="9">
                <token content="First" id="9-1">
                    <pos type="RB"/>
                    <lemma type="first"/>
                    <dep head="9-4" type="advmod"/>
                </token>
                <token content="," id="9-2"/>
                <token content="I" id="9-3">
                    <pos type="PRP"/>
                    <lemma type="I"/>
                    <dep head="9-4" type="nsubj"/>
                </token>
                <token content="dug" id="9-4">
                    <pos type="VBD"/>
                    <lemma type="dig"/>
                </token>
                <token content="a" id="9-5">
                    <pos type="DT"/>
                    <lemma type="a"/>
                </token>
                <token content="planting" id="9-6">
                    <pos type="NN"/>
                    <lemma type="planting"/>
                </token>
                <token content="hole" id="9-7">
                    <pos type="NN"/>
                    <lemma type="hole"/>
                    <dep head="9-4" type="dobj"/>
                </token>
                <token content="." id="9-8"/>
            </sentence>
            <sentence id="10">
                <token content="The" id="10-1">
                    <pos type="DT"/>
                    <lemma type="the"/>
                </token>
                <token content="hole" id="10-2">
                    <pos type="NN"/>
                    <lemma type="hole"/>
                </token>
                <token content="was" id="10-3">
                    <pos type="VBD"/>
                    <lemma type="be"/>
                </token>
                <token content="wider" id="10-4">
                    <pos type="JJR"/>
                    <lemma type="wider"/>
                </token>
                <token content="at" id="10-5">
                    <pos type="IN"/>
                    <lemma type="at"/>
                </token>
                <token content="the" id="10-6">
                    <pos type="DT"/>
                    <lemma type="the"/>
                </token>
                <token content="bottom" id="10-7">
                    <pos type="NN"/>
                    <lemma type="bottom"/>
                </token>
                <token content="than" id="10-8">
                    <pos type="IN"/>
                    <lemma type="than"/>
                </token>
                <token content="at" id="10-9"/>
                <token content="the" id="10-10">
                    <pos type="DT"/>
                    <lemma type="the"/>
                </token>
                <token content="top" id="10-11">
                    <pos type="NN"/>
                    <lemma type="top"/>
                </token>
                <token content="," id="10-12"/>
                <token content="and" id="10-13"/>
                <token content="had" id="10-14">
                    <pos type="VBD"/>
                    <lemma type="have"/>
                </token>
                <token content="a" id="10-15">
                    <pos type="DT"/>
                    <lemma type="a"/>
                </token>
                <token content="cone" id="10-16">
                    <pos type="NN"/>
                    <lemma type="cone"/>
                    <dep head="10-14" type="dobj"/>
                </token>
                <token content="of" id="10-17"/>
                <token content="firm" id="10-18">
                    <pos type="NN"/>
                    <lemma type="firm"/>
                </token>
                <token content="soil" id="10-19">
                    <pos type="NN"/>
                    <lemma type="soil"/>
                </token>
                <token content="in" id="10-20"/>
                <token content="its" id="10-21">
                    <pos type="PRP$"/>
                    <lemma type="its"/>
                </token>
                <token content="center" id="10-22">
                    <pos type="NN"/>
                    <lemma type="center"/>
                </token>
                <token content="to" id="10-23">
                    <pos type="TO"/>
                    <lemma type="to"/>
                    <dep head="10-24" type="aux"/>
                </token>
                <token content="support" id="10-24">
                    <pos type="VB"/>
                    <lemma type="support"/>
                </token>
                <token content="the" id="10-25">
                    <pos type="DT"/>
                    <lemma type="the"/>
                </token>
                <token content="tree" id="10-26">
                    <pos type="NN"/>
                    <lemma type="tree"/>
                    <dep head="10-24" type="dobj"/>
                </token>
                <token content="." id="10-27"/>
            </sentence>
            <sentence id="11">
                <token content="The" id="11-1">
                    <pos type="DT"/>
                    <lemma type="the"/>
                </token>
                <token content="hole" id="11-2">
                    <pos type="NN"/>
                    <lemma type="hole"/>
                </token>
                <token content="was" id="11-3">
                    <pos type="VBD"/>
                    <lemma type="be"/>
                </token>
                <token content="about" id="11-4">
                    <pos type="RB"/>
                    <lemma type="about"/>
                </token>
                <token content="five" id="11-5">
                    <pos type="CD"/>
                    <lemma type="five"/>
                </token>
                <token content="times" id="11-6">
                    <pos type="NNS"/>
                    <lemma type="time"/>
                </token>
                <token content="as" id="11-7">
                    <pos type="RB"/>
                    <lemma type="as"/>
                </token>
                <token content="wide" id="11-8">
                    <pos type="JJ"/>
                    <lemma type="wide"/>
                </token>
                <token content="across" id="11-9">
                    <pos type="IN"/>
                    <lemma type="across"/>
                </token>
                <token content="as" id="11-10">
                    <pos type="IN"/>
                    <lemma type="as"/>
                </token>
                <token content="the" id="11-11">
                    <pos type="DT"/>
                    <lemma type="the"/>
                </token>
                <token content="tree" id="11-12">
                    <pos type="NN"/>
                    <lemma type="tree"/>
                </token>
                <token content="." id="11-13"/>
            </sentence>
            <sentence id="12">
                <token content="I" id="12-1">
                    <pos type="PRP"/>
                    <lemma type="I"/>
                    <dep head="12-2" type="nsubj"/>
                </token>
                <token content="started" id="12-2">
                    <pos type="VBD"/>
                    <lemma type="start"/>
                </token>
                <token content="the" id="12-3">
                    <pos type="DT"/>
                    <lemma type="the"/>
                </token>
                <token content="hole" id="12-4">
                    <pos type="NN"/>
                    <lemma type="hole"/>
                    <dep head="12-2" type="dobj"/>
                </token>
                <token content="with" id="12-5"/>
                <token content="a" id="12-6">
                    <pos type="DT"/>
                    <lemma type="a"/>
                </token>
                <token content="shovel" id="12-7">
                    <pos type="NN"/>
                    <lemma type="shovel"/>
                    <dep head="12-2" type="prep"/>
                </token>
                <token content="," id="12-8"/>
                <token content="but" id="12-9"/>
                <token content="finished" id="12-10">
                    <pos type="VBD"/>
                    <lemma type="finish"/>
                    <dep head="12-2" type="conj"/>
                </token>
                <token content="by" id="12-11"/>
                <token content="hacking" id="12-12">
                    <pos type="NN"/>
                    <lemma type="hacking"/>
                    <dep head="12-10" type="prep"/>
                </token>
                <token content="at" id="12-13"/>
                <token content="the" id="12-14">
                    <pos type="DT"/>
                    <lemma type="the"/>
                </token>
                <token content="soil" id="12-15">
                    <pos type="NN"/>
                    <lemma type="soil"/>
                </token>
                <token content="underground" id="12-16">
                    <pos type="NN"/>
                    <lemma type="underground"/>
                    <dep head="12-10" type="prep"/>
                </token>
                <token content="with" id="12-17"/>
                <token content="a" id="12-18">
                    <pos type="DT"/>
                    <lemma type="a"/>
                </token>
                <token content="spade" id="12-19">
                    <pos type="NN"/>
                    <lemma type="spade"/>
                </token>
                <token content="to" id="12-20">
                    <pos type="TO"/>
                    <lemma type="to"/>
                    <dep head="12-21" type="aux"/>
                </token>
                <token content="undercut" id="12-21">
                    <pos type="VB"/>
                    <lemma type="undercut"/>
                    <dep head="12-10" type="xcomp"/>
                </token>
                <token content="the" id="12-22">
                    <pos type="DT"/>
                    <lemma type="the"/>
                </token>
                <token content="hole" id="12-23">
                    <pos type="NN"/>
                    <lemma type="hole"/>
                    <dep head="12-21" type="dobj"/>
                </token>
                <token content="and" id="12-24"/>
                <token content="so" id="12-25"/>
                <token content="the" id="12-26">
                    <pos type="DT"/>
                    <lemma type="the"/>
                </token>
                <token content="roots" id="12-27">
                    <pos type="NNS"/>
                    <lemma type="root"/>
                    <dep head="12-29" type="nsubj"/>
                </token>
                <token content="could" id="12-28">
                    <pos type="MD"/>
                    <lemma type="could"/>
                    <dep head="12-29" type="aux"/>
                </token>
                <token content="get" id="12-29">
                    <pos type="VB"/>
                    <lemma type="get"/>
                    <dep head="12-2" type="conj"/>
                </token>
                <token content="purchase" id="12-30">
                    <pos type="NN"/>
                    <lemma type="purchase"/>
                    <dep head="12-29" type="dobj"/>
                </token>
                <token content="when" id="12-31">
                    <pos type="WRB"/>
                    <lemma type="when"/>
                    <dep head="12-33" type="advmod"/>
                </token>
                <token content="they" id="12-32">
                    <pos type="PRP"/>
                    <lemma type="they"/>
                    <dep head="12-33" type="nsubj"/>
                </token>
                <token content="started" id="12-33">
                    <pos type="VBD"/>
                    <lemma type="start"/>
                    <dep head="12-29" type="advcl"/>
                </token>
                <token content="to" id="12-34">
                    <pos type="TO"/>
                    <lemma type="to"/>
                    <dep head="12-35" type="aux"/>
                </token>
                <token content="spread" id="12-35">
                    <pos type="VB"/>
                    <lemma type="spread"/>
                    <dep head="12-33" type="xcomp"/>
                </token>
                <token content="." id="12-36"/>
            </sentence>
            <sentence id="13">
                <token content="I" id="13-1">
                    <pos type="PRP"/>
                    <lemma type="I"/>
                    <dep head="13-2" type="nsubj"/>
                </token>
                <token content="set" id="13-2">
                    <pos type="VBD"/>
                    <lemma type="set"/>
                </token>
                <token content="the" id="13-3">
                    <pos type="DT"/>
                    <lemma type="the"/>
                </token>
                <token content="bare" id="13-4">
                    <pos type="JJ"/>
                    <lemma type="bare"/>
                </token>
                <token content="root" id="13-5">
                    <pos type="NN"/>
                    <lemma type="root"/>
                </token>
                <token content="tree" id="13-6">
                    <pos type="NN"/>
                    <lemma type="tree"/>
                    <dep head="13-2" type="dobj"/>
                </token>
                <token content="on" id="13-7"/>
                <token content="the" id="13-8">
                    <pos type="DT"/>
                    <lemma type="the"/>
                </token>
                <token content="cone" id="13-9">
                    <pos type="NN"/>
                    <lemma type="cone"/>
                    <dep head="13-2" type="prep"/>
                </token>
                <token content="I" id="13-10">
                    <pos type="PRP"/>
                    <lemma type="I"/>
                    <dep head="13-11" type="nsubj"/>
                </token>
                <token content="left" id="13-11">
                    <pos type="VBD"/>
                    <lemma type="leave"/>
                </token>
                <token content="in" id="13-12"/>
                <token content="the" id="13-13">
                    <pos type="DT"/>
                    <lemma type="the"/>
                </token>
                <token content="center" id="13-14">
                    <pos type="NN"/>
                    <lemma type="center"/>
                    <dep head="13-11" type="prep"/>
                </token>
                <token content="of" id="13-15"/>
                <token content="the" id="13-16">
                    <pos type="DT"/>
                    <lemma type="the"/>
                </token>
                <token content="hole" id="13-17">
                    <pos type="NN"/>
                    <lemma type="hole"/>
                </token>
                <token content="and" id="13-18"/>
                <token content="spread" id="13-19">
                    <pos type="VBD"/>
                    <lemma type="spread"/>
                    <dep head="13-11" type="conj"/>
                </token>
                <token content="out" id="13-20">
                    <pos type="RP"/>
                    <lemma type="out"/>
                    <dep head="13-19" type="prt"/>
                </token>
                <token content="its" id="13-21">
                    <pos type="PRP$"/>
                    <lemma type="its"/>
                </token>
                <token content="roots" id="13-22">
                    <pos type="NNS"/>
                    <lemma type="root"/>
                    <dep head="13-19" type="dobj"/>
                </token>
                <token content="over" id="13-23"/>
                <token content="the" id="13-24">
                    <pos type="DT"/>
                    <lemma type="the"/>
                </token>
                <token content="cone" id="13-25">
                    <pos type="NN"/>
                    <lemma type="cone"/>
                    <dep head="13-19" type="prep"/>
                </token>
                <token content="." id="13-26"/>
            </sentence>
            <sentence id="14">
                <token content="I" id="14-1">
                    <pos type="PRP"/>
                    <lemma type="I"/>
                    <dep head="14-2" type="nsubj"/>
                </token>
                <token content="arranged" id="14-2">
                    <pos type="VBD"/>
                    <lemma type="arrange"/>
                </token>
                <token content="the" id="14-3">
                    <pos type="DT"/>
                    <lemma type="the"/>
                </token>
                <token content="roots" id="14-4">
                    <pos type="NNS"/>
                    <lemma type="root"/>
                    <dep head="14-2" type="dobj"/>
                </token>
                <token content="so" id="14-5">
                    <pos type="IN"/>
                    <lemma type="so"/>
                </token>
                <token content="the" id="14-6">
                    <pos type="DT"/>
                    <lemma type="the"/>
                </token>
                <token content="tree" id="14-7">
                    <pos type="NN"/>
                    <lemma type="tree"/>
                </token>
                <token content="would" id="14-8">
                    <pos type="MD"/>
                    <lemma type="would"/>
                </token>
                <token content="be" id="14-9">
                    <pos type="VB"/>
                    <lemma type="be"/>
                </token>
                <token content="level" id="14-10">
                    <pos type="NN"/>
                    <lemma type="level"/>
                    <dep head="14-2" type="advcl"/>
                </token>
                <token content="," id="14-11"/>
                <token content="no" id="14-12">
                    <pos type="DT"/>
                    <lemma type="no"/>
                </token>
                <token content="roots" id="14-13">
                    <pos type="NNS"/>
                    <lemma type="root"/>
                    <dep head="14-16" type="nsubjpass"/>
                </token>
                <token content="would" id="14-14">
                    <pos type="MD"/>
                    <lemma type="would"/>
                    <dep head="14-16" type="aux"/>
                </token>
                <token content="be" id="14-15">
                    <pos type="VB"/>
                    <lemma type="be"/>
                    <dep head="14-16" type="auxpass"/>
                </token>
                <token content="exposed" id="14-16">
                    <pos type="VBN"/>
                    <lemma type="expose"/>
                    <dep head="14-2" type="dep"/>
                </token>
                <token content="," id="14-17"/>
                <token content="and" id="14-18"/>
                <token content="the" id="14-19">
                    <pos type="DT"/>
                    <lemma type="the"/>
                </token>
                <token content="upper" id="14-20">
                    <pos type="JJ"/>
                    <lemma type="upper"/>
                </token>
                <token content="bark" id="14-21">
                    <pos type="NN"/>
                    <lemma type="bark"/>
                    <dep head="14-25" type="nsubjpass"/>
                </token>
                <token content="would" id="14-22">
                    <pos type="MD"/>
                    <lemma type="would"/>
                    <dep head="14-25" type="aux"/>
                </token>
                <token content="n't" id="14-23">
                    <pos type="RB"/>
                    <lemma type="not"/>
                    <dep head="14-25" type="neg"/>
                </token>
                <token content="be" id="14-24">
                    <pos type="VB"/>
                    <lemma type="be"/>
                    <dep head="14-25" type="auxpass"/>
                </token>
                <token content="buried" id="14-25">
                    <pos type="VBN"/>
                    <lemma type="bury"/>
                    <dep head="14-2" type="conj"/>
                </token>
                <token content="." id="14-26"/>
            </sentence>
            <sentence id="15">
                <token content="Then" id="15-1">
                    <pos type="RB"/>
                    <lemma type="then"/>
                    <dep head="15-4" type="advmod"/>
                </token>
                <token content="I" id="15-2">
                    <pos type="PRP"/>
                    <lemma type="I"/>
                    <dep head="15-4" type="nsubj"/>
                </token>
                <token content="nearly" id="15-3">
                    <pos type="RB"/>
                    <lemma type="nearly"/>
                    <dep head="15-4" type="advmod"/>
                </token>
                <token content="filled" id="15-4">
                    <pos type="VBD"/>
                    <lemma type="fill"/>
                </token>
                <token content="the" id="15-5">
                    <pos type="DT"/>
                    <lemma type="the"/>
                </token>
                <token content="hole" id="15-6">
                    <pos type="NN"/>
                    <lemma type="hole"/>
                    <dep head="15-4" type="dobj"/>
                </token>
                <token content="with" id="15-7"/>
                <token content="soil" id="15-8">
                    <pos type="NN"/>
                    <lemma type="soil"/>
                    <dep head="15-4" type="prep"/>
                </token>
                <token content="," id="15-9"/>
                <token content="firming" id="15-10">
                    <pos type="VBG"/>
                    <lemma type="firm"/>
                    <dep head="15-4" type="vmod"/>
                </token>
                <token content="it" id="15-11">
                    <pos type="PRP"/>
                    <lemma type="it"/>
                    <dep head="15-10" type="dobj"/>
                </token>
                <token content="lightly" id="15-12">
                    <pos type="RB"/>
                    <lemma type="lightly"/>
                    <dep head="15-10" type="advmod"/>
                </token>
                <token content="by" id="15-13"/>
                <token content="patting" id="15-14">
                    <pos type="VBG"/>
                    <lemma type="pat"/>
                    <dep head="15-10" type="agent"/>
                </token>
                <token content="it" id="15-15">
                    <pos type="PRP"/>
                    <lemma type="it"/>
                    <dep head="15-14" type="dobj"/>
                </token>
                <token content="as" id="15-16">
                    <pos type="IN"/>
                    <lemma type="as"/>
                    <dep head="15-18" type="mark"/>
                </token>
                <token content="I" id="15-17">
                    <pos type="PRP"/>
                    <lemma type="I"/>
                    <dep head="15-18" type="nsubj"/>
                </token>
                <token content="went" id="15-18">
                    <pos type="VBD"/>
                    <lemma type="go"/>
                    <dep head="15-14" type="advcl"/>
                </token>
                <token content="." id="15-19"/>
            </sentence>
            <sentence id="16">
                <token content="When" id="16-1">
                    <pos type="WRB"/>
                    <lemma type="when"/>
                </token>
                <token content="the" id="16-2">
                    <pos type="DT"/>
                    <lemma type="the"/>
                </token>
                <token content="hole" id="16-3">
                    <pos type="NN"/>
                    <lemma type="hole"/>
                </token>
                <token content="was" id="16-4">
                    <pos type="VBD"/>
                    <lemma type="be"/>
                </token>
                <token content="almost" id="16-5">
                    <pos type="RB"/>
                    <lemma type="almost"/>
                </token>
                <token content="full" id="16-6">
                    <pos type="JJ"/>
                    <lemma type="full"/>
                    <dep head="16-9" type="advcl"/>
                </token>
                <token content="," id="16-7"/>
                <token content="I" id="16-8">
                    <pos type="PRP"/>
                    <lemma type="I"/>
                    <dep head="16-9" type="nsubj"/>
                </token>
                <token content="watered" id="16-9">
                    <pos type="VBD"/>
                    <lemma type="water"/>
                </token>
                <token content="slowly" id="16-10">
                    <pos type="RB"/>
                    <lemma type="slowly"/>
                    <dep head="16-9" type="advmod"/>
                </token>
                <token content="," id="16-11"/>
                <token content="holding" id="16-12">
                    <pos type="VBG"/>
                    <lemma type="hold"/>
                    <dep head="16-9" type="xcomp"/>
                </token>
                <token content="the" id="16-13">
                    <pos type="DT"/>
                    <lemma type="the"/>
                </token>
                <token content="tree" id="16-14">
                    <pos type="NN"/>
                    <lemma type="tree"/>
                    <dep head="16-12" type="dobj"/>
                </token>
                <token content="straight" id="16-15">
                    <pos type="RB"/>
                    <lemma type="straight"/>
                    <dep head="16-12" type="advmod"/>
                </token>
                <token content="as" id="16-16"/>
                <token content="the" id="16-17">
                    <pos type="DT"/>
                    <lemma type="the"/>
                </token>
                <token content="water" id="16-18">
                    <pos type="NN"/>
                    <lemma type="water"/>
                    <dep head="16-12" type="prep"/>
                </token>
                <token content="soaked" id="16-19">
                    <pos type="VBN"/>
                    <lemma type="soak"/>
                </token>
                <token content="in" id="16-20">
                    <pos type="IN"/>
                    <lemma type="in"/>
                    <dep head="16-19" type="prep"/>
                </token>
                <token content="." id="16-21"/>
            </sentence>
            <sentence id="17">
                <token content="Then" id="17-1">
                    <pos type="RB"/>
                    <lemma type="then"/>
                    <dep head="17-3" type="advmod"/>
                </token>
                <token content="I" id="17-2">
                    <pos type="PRP"/>
                    <lemma type="I"/>
                    <dep head="17-3" type="nsubj"/>
                </token>
                <token content="filled" id="17-3">
                    <pos type="VBD"/>
                    <lemma type="fill"/>
                </token>
                <token content="up" id="17-4">
                    <pos type="RP"/>
                    <lemma type="up"/>
                    <dep head="17-3" type="prt"/>
                </token>
                <token content="the" id="17-5">
                    <pos type="DT"/>
                    <lemma type="the"/>
                </token>
                <token content="hole" id="17-6">
                    <pos type="NN"/>
                    <lemma type="hole"/>
                    <dep head="17-3" type="dobj"/>
                </token>
                <token content="completely" id="17-7">
                    <pos type="RB"/>
                    <lemma type="completely"/>
                    <dep head="17-3" type="advmod"/>
                </token>
                <token content="." id="17-8"/>
            </sentence>
            <sentence id="18">
                <token content="finally" id="18-1">
                    <pos type="RB"/>
                    <lemma type="finally"/>
                    <dep head="18-4" type="advmod"/>
                </token>
                <token content="," id="18-2"/>
                <token content="I" id="18-3">
                    <pos type="PRP"/>
                    <lemma type="I"/>
                    <dep head="18-4" type="nsubj"/>
                </token>
                <token content="made" id="18-4">
                    <pos type="VBD"/>
                    <lemma type="make"/>
                </token>
                <token content="a" id="18-5">
                    <pos type="DT"/>
                    <lemma type="a"/>
                </token>
                <token content="ring" id="18-6">
                    <pos type="NN"/>
                    <lemma type="ring"/>
                    <dep head="18-4" type="dobj"/>
                </token>
                <token content="of" id="18-7"/>
                <token content="soil" id="18-8">
                    <pos type="NN"/>
                    <lemma type="soil"/>
                </token>
                <token content="around" id="18-9"/>
                <token content="the" id="18-10">
                    <pos type="DT"/>
                    <lemma type="the"/>
                </token>
                <token content="tree" id="18-11">
                    <pos type="NN"/>
                    <lemma type="tree"/>
                    <dep head="18-4" type="prep"/>
                </token>
                <token content="," id="18-12"/>
                <token content="to" id="18-13">
                    <pos type="TO"/>
                    <lemma type="to"/>
                    <dep head="18-14" type="aux"/>
                </token>
                <token content="hold" id="18-14">
                    <pos type="VB"/>
                    <lemma type="hold"/>
                    <dep head="18-4" type="vmod"/>
                </token>
                <token content="in" id="18-15"/>
                <token content="water" id="18-16">
                    <pos type="NN"/>
                    <lemma type="water"/>
                    <dep head="18-14" type="prep"/>
                </token>
                <token content="when" id="18-17">
                    <pos type="WRB"/>
                    <lemma type="when"/>
                    <dep head="18-21" type="advmod"/>
                </token>
                <token content="the" id="18-18">
                    <pos type="DT"/>
                    <lemma type="the"/>
                </token>
                <token content="rainy" id="18-19">
                    <pos type="JJ"/>
                    <lemma type="rainy"/>
                </token>
                <token content="season" id="18-20">
                    <pos type="NN"/>
                    <lemma type="season"/>
                    <dep head="18-21" type="nsubj"/>
                </token>
                <token content="ended" id="18-21">
                    <pos type="VBD"/>
                    <lemma type="end"/>
                    <dep head="18-14" type="advcl"/>
                </token>
                <token content="and" id="18-22"/>
                <token content="I" id="18-23">
                    <pos type="PRP"/>
                    <lemma type="I"/>
                    <dep head="18-25" type="nsubj"/>
                </token>
                <token content="would" id="18-24">
                    <pos type="MD"/>
                    <lemma type="would"/>
                    <dep head="18-25" type="aux"/>
                </token>
                <token content="have" id="18-25">
                    <pos type="VB"/>
                    <lemma type="have"/>
                    <dep head="18-4" type="conj"/>
                </token>
                <token content="to" id="18-26">
                    <pos type="TO"/>
                    <lemma type="to"/>
                    <dep head="18-27" type="aux"/>
                </token>
                <token content="irrigate" id="18-27">
                    <pos type="VB"/>
                    <lemma type="irrigate"/>
                    <dep head="18-25" type="xcomp"/>
                </token>
                <token content="." id="18-28"/>
            </sentence>
            <sentence id="19">
                <token content="I" id="19-1">
                    <pos type="PRP"/>
                    <lemma type="I"/>
                    <dep head="19-2" type="nsubj"/>
                </token>
                <token content="used" id="19-2">
                    <pos type="VBD"/>
                    <lemma type="use"/>
                </token>
                <token content="no" id="19-3">
                    <pos type="DT"/>
                    <lemma type="no"/>
                </token>
                <token content="fertilizer" id="19-4">
                    <pos type="NN"/>
                    <lemma type="fertilizer"/>
                    <dep head="19-2" type="dobj"/>
                </token>
                <token content="or" id="19-5"/>
                <token content="amendments" id="19-6">
                    <pos type="NNS"/>
                    <lemma type="amendment"/>
                </token>
                <token content="when" id="19-7">
                    <pos type="WRB"/>
                    <lemma type="when"/>
                    <dep head="19-9" type="advmod"/>
                </token>
                <token content="I" id="19-8">
                    <pos type="PRP"/>
                    <lemma type="I"/>
                    <dep head="19-9" type="nsubj"/>
                </token>
                <token content="planted" id="19-9">
                    <pos type="VBD"/>
                    <lemma type="plant"/>
                    <dep head="19-2" type="advcl"/>
                </token>
                <token content="," id="19-10"/>
                <token content="because" id="19-11">
                    <pos type="IN"/>
                    <lemma type="because"/>
                </token>
                <token content="our" id="19-12">
                    <pos type="PRP$"/>
                    <lemma type="we"/>
                </token>
                <token content="sandy" id="19-13">
                    <pos type="JJ"/>
                    <lemma type="sandy"/>
                </token>
                <token content="soil" id="19-14">
                    <pos type="NN"/>
                    <lemma type="soil"/>
                </token>
                <token content="is" id="19-15">
                    <pos type="VBZ"/>
                    <lemma type="be"/>
                </token>
                <token content="fairly" id="19-16">
                    <pos type="RB"/>
                    <lemma type="fairly"/>
                </token>
                <token content="fertile" id="19-17">
                    <pos type="JJ"/>
                    <lemma type="fertile"/>
                    <dep head="19-9" type="advcl"/>
                </token>
                <token content="," id="19-18"/>
                <token content="and" id="19-19"/>
                <token content="I" id="19-20">
                    <pos type="PRP"/>
                    <lemma type="I"/>
                    <dep head="19-23" type="nsubj"/>
                </token>
                <token content="did" id="19-21">
                    <pos type="VBD"/>
                    <lemma type="do"/>
                    <dep head="19-23" type="aux"/>
                </token>
                <token content="n't" id="19-22">
                    <pos type="RB"/>
                    <lemma type="not"/>
                    <dep head="19-23" type="neg"/>
                </token>
                <token content="want" id="19-23">
                    <pos type="VB"/>
                    <lemma type="want"/>
                    <dep head="19-2" type="conj"/>
                </token>
                <token content="to" id="19-24">
                    <pos type="TO"/>
                    <lemma type="to"/>
                    <dep head="19-25" type="aux"/>
                </token>
                <token content="make" id="19-25">
                    <pos type="VB"/>
                    <lemma type="make"/>
                    <dep head="19-23" type="xcomp"/>
                </token>
                <token content="a" id="19-26">
                    <pos type="DT"/>
                    <lemma type="a"/>
                </token>
                <token content="dividing" id="19-27">
                    <pos type="JJ"/>
                    <lemma type="dividing"/>
                </token>
                <token content="line" id="19-28">
                    <pos type="NN"/>
                    <lemma type="line"/>
                    <dep head="19-25" type="dobj"/>
                </token>
                <token content="that" id="19-29">
                    <pos type="WDT"/>
                    <lemma type="that"/>
                    <dep head="19-31" type="nsubj"/>
                </token>
                <token content="would" id="19-30">
                    <pos type="MD"/>
                    <lemma type="would"/>
                    <dep head="19-31" type="aux"/>
                </token>
                <token content="encourage" id="19-31">
                    <pos type="VB"/>
                    <lemma type="encourage"/>
                </token>
                <token content="the" id="19-32">
                    <pos type="DT"/>
                    <lemma type="the"/>
                </token>
                <token content="tree" id="19-33">
                    <pos type="NN"/>
                    <lemma type="tree"/>
                    <dep head="19-31" type="dobj"/>
                </token>
                <token content="to" id="19-34">
                    <pos type="TO"/>
                    <lemma type="to"/>
                    <dep head="19-35" type="aux"/>
                </token>
                <token content="grow" id="19-35">
                    <pos type="VB"/>
                    <lemma type="grow"/>
                </token>
                <token content="only" id="19-36">
                    <pos type="RB"/>
                    <lemma type="only"/>
                    <dep head="19-35" type="advmod"/>
                </token>
                <token content="in" id="19-37"/>
                <token content="its" id="19-38">
                    <pos type="PRP$"/>
                    <lemma type="its"/>
                </token>
                <token content="tiny" id="19-39">
                    <pos type="JJ"/>
                    <lemma type="tiny"/>
                </token>
                <token content="pothole" id="19-40">
                    <pos type="NN"/>
                    <lemma type="pothole"/>
                    <dep head="19-35" type="prep"/>
                </token>
                <token content="of" id="19-41"/>
                <token content="enriched" id="19-42">
                    <pos type="JJ"/>
                    <lemma type="enriched"/>
                </token>
                <token content="soil" id="19-43">
                    <pos type="NN"/>
                    <lemma type="soil"/>
                </token>
                <token content="." id="19-44"/>
            </sentence>
            <sentence id="20">
                <token content="I" id="20-1">
                    <pos type="PRP"/>
                    <lemma type="I"/>
                    <dep head="20-2" type="nsubj"/>
                </token>
                <token content="wanted" id="20-2">
                    <pos type="VBD"/>
                    <lemma type="want"/>
                </token>
                <token content="it" id="20-3">
                    <pos type="PRP"/>
                    <lemma type="it"/>
                    <dep head="20-2" type="dobj"/>
                </token>
                <token content="to" id="20-4">
                    <pos type="TO"/>
                    <lemma type="to"/>
                    <dep head="20-5" type="aux"/>
                </token>
                <token content="spread" id="20-5">
                    <pos type="VB"/>
                    <lemma type="spread"/>
                    <dep head="20-2" type="xcomp"/>
                </token>
                <token content="its" id="20-6">
                    <pos type="PRP$"/>
                    <lemma type="its"/>
                </token>
                <token content="roots" id="20-7">
                    <pos type="NNS"/>
                    <lemma type="root"/>
                    <dep head="20-5" type="dobj"/>
                </token>
                <token content="," id="20-8"/>
                <token content="and" id="20-9"/>
                <token content="it" id="20-10">
                    <pos type="PRP"/>
                    <lemma type="it"/>
                    <dep head="20-11" type="nsubj"/>
                </token>
                <token content="has" id="20-11">
                    <pos type="VBZ"/>
                    <lemma type="have"/>
                    <dep head="20-2" type="conj"/>
                </token>
                <token content="." id="20-12"/>
            </sentence>
        </sentences>
    </text>
    <annotations>
        <participants>
            <label from="1-4" id="0" name="No_label" text="ways" type="participant"/>
            <label from="1-8" id="1" name="ScrPart_tree" text="tree" type="participant"/>
            <label from="2-9" id="2" name="ScrPart_tree" text="bare root tree" to="2-11" type="participant"/>
            <label from="2-11" id="3" name="ScrPart_tree" text="tree" type="participant"/>
            <label from="3-1" id="4" name="ScrPart_gardener" text="I" type="participant"/>
            <label from="3-7" id="5" name="ScrPart_tree" text="tree" type="participant"/>
            <label from="3-9" id="6" name="ScrPart_gardener" text="my" type="participant"/>
            <label from="3-10" id="7" name="ScrPart_location_garden" text="area" type="participant"/>
            <label from="3-12" id="8" name="ScrPart_gardener" text="my" type="participant"/>
            <label from="3-14" id="9" name="ScrPart_location_garden" text="situation" type="participant"/>
            <label from="4-1" id="10" name="ScrPart_gardener" text="My" type="participant"/>
            <label from="4-3" id="11" name="ScrPart_shop" text="nursery" type="participant"/>
            <label from="4-6" id="12" name="ScrPart_tree" text="plants" type="participant"/>
            <label from="4-9" id="13" name="ScrPart_gardener" text="our" type="participant"/>
            <label from="4-10" id="14" name="ScrPart_location_garden" text="area" type="participant"/>
            <label from="4-14" id="15" name="ScrPart_gardener" text="I" type="participant"/>
            <label from="4-18" id="16" name="NPart" text="catalog" type="participant"/>
            <label from="4-19" id="17" name="ScrPart_gardener" text="I" type="participant"/>
            <label from="4-22" id="18" name="NPart" text="suitability" type="participant"/>
            <label from="4-25" id="19" name="NPart" text="Sunset Garden Book" to="4-27" type="participant"/>
            <label from="4-27" id="20" name="NPart" text="Book" type="participant"/>
            <label from="5-1" id="21" name="ScrPart_gardener" text="I" type="participant"/>
            <label from="5-7" id="22" name="ScrPart_tree" text="tree" type="participant"/>
            <label from="6-1" id="23" name="ScrPart_tree" text="It" type="participant"/>
            <label from="6-6" id="24" name="NPart" text="power lines" to="6-7" type="participant"/>
            <label from="6-7" id="25" name="NPart" text="lines" type="participant"/>
            <label from="6-11" id="26" name="NPart" text="room" type="participant"/>
            <label from="7-1" id="27" name="ScrPart_gardener" text="I" type="participant"/>
            <label from="7-5" id="28" name="ScrPart_tree" text="magnolia" type="participant"/>
            <label from="8-1" id="29" name="ScrPart_tree" text="It" type="participant"/>
            <label from="8-5" id="30" name="ScrPart_tree" text="bare root tree" to="8-7" type="participant"/>
            <label from="8-7" id="31" name="ScrPart_tree" text="tree" type="participant"/>
            <label from="8-10" id="32" name="ScrPart_tree" text="it" type="participant"/>
            <label from="8-15" id="33" name="ScrPart_time" text="spring" type="participant"/>
            <label from="8-19" id="34" name="ScrPart_gardener" text="our" type="participant"/>
            <label from="8-20" id="35" name="NPart" text="drought" type="participant"/>
            <label from="9-3" id="36" name="ScrPart_gardener" text="I" type="participant"/>
            <label from="9-7" id="37" name="ScrPart_hole" text="hole" type="participant"/>
            <label from="10-2" id="38" name="ScrPart_hole" text="hole" type="participant"/>
            <label from="10-7" id="39" name="NPart" text="bottom" type="participant"/>
            <label from="10-11" id="40" name="NPart" text="top" type="participant"/>
            <label from="10-16" id="41" name="Head_of_Partitive" text="cone" type="participant"/>
            <label from="10-19" id="42" name="ScrPart_dirt" text="soil" type="participant"/>
            <label from="10-21" id="43" name="ScrPart_hole" text="its" type="participant"/>
            <label from="10-22" id="44" name="NPart" text="center" type="participant"/>
            <label from="10-26" id="45" name="ScrPart_tree" text="tree" type="participant"/>
            <label from="11-2" id="46" name="ScrPart_hole" text="hole" type="participant"/>
            <label from="11-6" id="47" name="No_label" text="times" type="participant"/>
            <label from="11-12" id="48" name="ScrPart_tree" text="tree" type="participant"/>
            <label from="12-1" id="49" name="ScrPart_gardener" text="I" type="participant"/>
            <label from="12-4" id="50" name="ScrPart_hole" text="hole" type="participant"/>
            <label from="12-7" id="51" name="ScrPart_gardening_tool" text="shovel" type="participant"/>
            <label from="12-15" id="52" name="ScrPart_dirt" text="soil underground" to="12-16" type="participant"/>
            <label from="12-16" id="53" name="ScrPart_dirt" text="underground" type="participant"/>
            <label from="12-19" id="54" name="ScrPart_gardening_tool" text="spade" type="participant"/>
            <label from="12-23" id="55" name="ScrPart_hole" text="hole" type="participant"/>
            <label from="12-27" id="56" name="ScrPart_root" text="roots" type="participant"/>
            <label from="12-30" id="57" name="NPart" text="purchase" type="participant"/>
            <label from="12-32" id="58" name="ScrPart_root" text="they" type="participant"/>
            <label from="13-1" id="59" name="ScrPart_gardener" text="I" type="participant"/>
            <label from="13-4" id="60" name="ScrPart_tree" text="bare root tree" to="13-6" type="participant"/>
            <label from="13-6" id="61" name="ScrPart_tree" text="tree" type="participant"/>
            <label from="13-9" id="62" name="ScrPart_dirt" text="cone" type="participant"/>
            <label from="13-10" id="63" name="ScrPart_gardener" text="I" type="participant"/>
            <label from="13-14" id="64" name="NPart" text="center" type="participant"/>
            <label from="13-17" id="65" name="ScrPart_hole" text="hole" type="participant"/>
            <label from="13-21" id="66" name="ScrPart_tree" text="its" type="participant"/>
            <label from="13-22" id="67" name="ScrPart_root" text="roots" type="participant"/>
            <label from="13-25" id="68" name="ScrPart_dirt" text="cone" type="participant"/>
            <label from="14-1" id="69" name="ScrPart_gardener" text="I" type="participant"/>
            <label from="14-4" id="70" name="ScrPart_root" text="roots" type="participant"/>
            <label from="14-7" id="71" name="ScrPart_tree" text="tree" type="participant"/>
            <label from="14-10" id="72" name="NPart" text="level" type="participant"/>
            <label from="14-13" id="73" name="ScrPart_root" text="roots" type="participant"/>
            <label from="14-21" id="74" name="NPart" text="bark" type="participant"/>
            <label from="15-2" id="75" name="ScrPart_gardener" text="I" type="participant"/>
            <label from="15-6" id="76" name="ScrPart_hole" text="hole" type="participant"/>
            <label from="15-8" id="77" name="ScrPart_dirt" text="soil" type="participant"/>
            <label from="15-11" id="78" name="ScrPart_dirt" text="it" type="participant"/>
            <label from="15-15" id="79" name="ScrPart_dirt" text="it" type="participant"/>
            <label from="15-17" id="80" name="ScrPart_gardener" text="I" type="participant"/>
            <label from="16-3" id="81" name="ScrPart_hole" text="hole" type="participant"/>
            <label from="16-8" id="82" name="ScrPart_gardener" text="I" type="participant"/>
            <label from="16-14" id="83" name="ScrPart_tree" text="tree" type="participant"/>
            <label from="16-18" id="84" name="ScrPart_water" text="water" type="participant"/>
            <label from="17-2" id="85" name="ScrPart_gardener" text="I" type="participant"/>
            <label from="17-6" id="86" name="ScrPart_hole" text="hole" type="participant"/>
            <label from="18-3" id="87" name="ScrPart_gardener" text="I" type="participant"/>
            <label from="18-6" id="88" name="NPart" text="ring" type="participant"/>
            <label from="18-8" id="89" name="ScrPart_dirt" text="soil" type="participant"/>
            <label from="18-11" id="90" name="ScrPart_tree" text="tree" type="participant"/>
            <label from="18-16" id="91" name="ScrPart_water" text="water" type="participant"/>
            <label from="18-20" id="92" name="NPart" text="season" type="participant"/>
            <label from="18-23" id="93" name="ScrPart_gardener" text="I" type="participant"/>
            <label from="19-1" id="94" name="ScrPart_gardener" text="I" type="participant"/>
            <label from="19-4" id="95" name="ScrPart_fertilizer" text="fertilizer" type="participant"/>
            <label from="19-6" id="96" name="ScrPart_fertilizer" text="amendments" type="participant"/>
            <label from="19-8" id="97" name="ScrPart_gardener" text="I" type="participant"/>
            <label from="19-12" id="98" name="ScrPart_gardener" text="our" type="participant"/>
            <label from="19-14" id="99" name="ScrPart_dirt" text="soil" type="participant"/>
            <label from="19-20" id="100" name="ScrPart_gardener" text="I" type="participant"/>
            <label from="19-28" id="101" name="NPart" text="line" type="participant"/>
            <label from="19-33" id="102" name="ScrPart_tree" text="tree" type="participant"/>
            <label from="19-38" id="103" name="ScrPart_tree" text="its" type="participant"/>
            <label from="19-40" id="104" name="ScrPart_hole" text="pothole" type="participant"/>
            <label from="19-43" id="105" name="ScrPart_dirt" text="soil" type="participant"/>
            <label from="20-1" id="106" name="ScrPart_gardener" text="I" type="participant"/>
            <label from="20-3" id="107" name="ScrPart_tree" text="it" type="participant"/>
            <label from="20-6" id="108" name="ScrPart_tree" text="its" type="participant"/>
            <label from="20-7" id="109" name="ScrPart_root" text="roots" type="participant"/>
            <label from="20-10" id="110" name="ScrPart_tree" text="it" type="participant"/>
        </participants>
        <events>
            <label from="1-2" id="111" name="UnrelEv" text="are" type="event"/>
            <label from="1-6" id="112" name="Evoking" text="plant a tree" to="1-8" type="event"/>
            <label from="2-6" id="113" name="UnrelEv" text="is" type="event"/>
            <label from="2-7" id="114" name="Evoking" text="planting a bare root tree" to="2-11" type="event"/>
            <label from="3-4" id="115" name="ScrEv_choose_tree" text="chose" type="event"/>
            <label from="4-4" id="116" name="RelNScrEv" text="carries" type="event"/>
            <label from="4-7" id="117" name="UnrelEv" text="suited" type="event"/>
            <label from="4-15" id="118" name="ScrEv_get_tree" text="bought" type="event"/>
            <label from="4-20" id="119" name="RelNScrEv" text="checked" type="event"/>
            <label from="5-5" id="120" name="ScrEv_find_place" text="site" type="event"/>
            <label from="6-4" id="121" name="ScrEv_find_place" text="be" type="event"/>
            <label from="6-10" id="122" name="ScrEv_find_place" text="needed" type="event"/>
            <label from="6-13" id="123" name="RelNScrEv" text="spread" type="event"/>
            <label from="7-3" id="124" name="Evoking" text="planted a magnolia" to="7-5" type="event"/>
            <label from="8-2" id="125" name="UnrelEv" text="began" type="event"/>
            <label from="8-12" id="126" name="RelNScrEv" text="flowers" type="event"/>
            <label from="9-4" id="127" name="ScrEv_dig_hole" text="dug" type="event"/>
            <label from="9-6" id="128" name="ScrEv_place_root" text="planting" type="event"/>
            <label from="10-3" id="129" name="UnrelEv" text="was" type="event"/>
            <label from="10-14" id="130" name="UnrelEv" text="had" type="event"/>
            <label from="10-24" id="131" name="RelNScrEv" text="support" type="event"/>
            <label from="11-3" id="132" name="UnrelEv" text="was" type="event"/>
            <label from="12-2" id="133" name="ScrEv_dig_hole" text="started" type="event"/>
            <label from="12-10" id="134" name="ScrEv_dig_hole" text="finished" type="event"/>
            <label from="12-12" id="135" name="ScrEv_dig_hole" text="hacking" type="event"/>
            <label from="12-21" id="136" name="ScrEv_dig_hole" text="undercut" type="event"/>
            <label from="12-29" id="137" name="RelNScrEv" text="get" type="event"/>
            <label from="12-33" id="138" name="UnrelEv" text="started" type="event"/>
            <label from="12-35" id="139" name="RelNScrEv" text="spread" type="event"/>
            <label from="13-2" id="140" name="ScrEv_place_root" text="set" type="event"/>
            <label from="13-11" id="141" name="UnrelEv" text="left" type="event"/>
            <label from="13-19" id="142" name="ScrEv_place_root" text="spread" type="event"/>
            <label from="14-2" id="143" name="ScrEv_place_root" text="arranged" type="event"/>
            <label from="14-9" id="144" name="UnrelEv" text="be" type="event"/>
            <label from="14-16" id="145" name="RelNScrEv" text="exposed" type="event"/>
            <label from="14-25" id="146" name="RelNScrEv" text="buried" type="event"/>
            <label from="15-4" id="147" name="ScrEv_refill_hole" text="filled" type="event"/>
            <label from="15-10" id="148" name="ScrEv_tamp_dirt" text="firming" type="event"/>
            <label from="15-14" id="149" name="ScrEv_tamp_dirt" text="patting" type="event"/>
            <label from="15-18" id="150" name="UnrelEv" text="went" type="event"/>
            <label from="16-4" id="151" name="UnrelEv" text="was" type="event"/>
            <label from="16-9" id="152" name="ScrEv_water" text="watered" type="event"/>
            <label from="16-12" id="153" name="RelNScrEv" text="holding" type="event"/>
            <label from="16-19" id="154" name="ScrEv_water" text="soaked in" to="16-20" type="event"/>
            <label from="17-3" id="155" name="ScrEv_refill_hole" text="filled up" to="17-4" type="event"/>
            <label from="18-4" id="156" name="ScrEv_tamp_dirt" text="made" type="event"/>
            <label from="18-14" id="157" name="RelNScrEv" text="hold in" to="18-15" type="event"/>
            <label from="18-21" id="158" name="UnrelEv" text="ended" type="event"/>
            <label from="18-27" id="159" name="ScrEv_water" text="irrigate" type="event"/>
            <label from="19-2" id="160" name="RelNScrEv" text="used" type="event"/>
            <label from="19-9" id="161" name="Evoking" text="planted" type="event"/>
            <label from="19-15" id="162" name="UnrelEv" text="is" type="event"/>
            <label from="19-23" id="163" name="UnrelEv" text="want" type="event"/>
            <label from="19-25" id="164" name="RelNScrEv" text="make" type="event"/>
            <label from="19-27" id="165" name="UnrelEv" text="dividing" type="event"/>
            <label from="19-31" id="166" name="UnrelEv" text="encourage" type="event"/>
            <label from="19-35" id="167" name="RelNScrEv" text="grow" type="event"/>
            <label from="19-42" id="168" name="RelNScrEv" text="enriched" type="event"/>
            <label from="20-2" id="169" name="UnrelEv" text="wanted" type="event"/>
            <label from="20-5" id="170" name="RelNScrEv" text="spread" type="event"/>
            <label from="20-11" id="171" name="UnrelEv" text="has" type="event"/>
        </events>
        <chains>
            <chain elements="3 1 5 12 22 23 28 29 31 32 45 48 61 66 71 83 90 102 103 107 108 110"/>
            <chain elements="6 4 8 10 13 15 17 21 27 34 36 49 59 63 69 75 80 82 85 87 93 94 97 98 100 106"/>
            <chain elements="9 7 14"/>
            <chain elements="38 37 43 46 50 55 65 76 81 86 104"/>
            <chain elements="53 42 62 68 77 78 79 89 99 105"/>
            <chain elements="58 56 67 70 73 109"/>
            <chain elements="91 84"/>
        </chains>
    </annotations>
</story>
