<?xml version="1.0" encoding="UTF-8" standalone="no"?>
<!DOCTYPE story SYSTEM "../InScript.dtd">
<story id="032" scenario="tree">
    <text>
        <content>It 's spring time so I decided to plant a tree . 
I purchased a small orange tree to go in the back yard . 
First I dug a hole where I wanted the tree . 
Then I shook the roots of the tree to loosen them . 
Then I placed the tree in the hole . 
I used a shovel to replace the dirt back over the tree roots . 
Once satisfied the tree was firmly in the ground i dragged over the hose . 
New trees needs lots of water . 
I watered the tree until I was satisfied and then put mulch around the base . 
I also attached ropes to secure the young tree so it would n't fall over while it 's roots were still settling in . 
I also had a canval funnel installed to make sure water went right into the roots where it was need most . 
Once all was said and done i stepped back to admire my handy work . </content>
        <sentences>
            <sentence id="1">
                <token content="It" id="1-1">
                    <pos type="PRP"/>
                    <lemma type="it"/>
                </token>
                <token content="'s" id="1-2">
                    <pos type="VBZ"/>
                    <lemma type="be"/>
                </token>
                <token content="spring" id="1-3">
                    <pos type="NN"/>
                    <lemma type="spring"/>
                </token>
                <token content="time" id="1-4">
                    <pos type="NN"/>
                    <lemma type="time"/>
                </token>
                <token content="so" id="1-5">
                    <pos type="IN"/>
                    <lemma type="so"/>
                    <dep head="1-7" type="mark"/>
                </token>
                <token content="I" id="1-6">
                    <pos type="PRP"/>
                    <lemma type="I"/>
                    <dep head="1-7" type="nsubj"/>
                </token>
                <token content="decided" id="1-7">
                    <pos type="VBD"/>
                    <lemma type="decide"/>
                </token>
                <token content="to" id="1-8">
                    <pos type="TO"/>
                    <lemma type="to"/>
                    <dep head="1-9" type="aux"/>
                </token>
                <token content="plant" id="1-9">
                    <pos type="VB"/>
                    <lemma type="plant"/>
                    <dep head="1-7" type="xcomp"/>
                </token>
                <token content="a" id="1-10">
                    <pos type="DT"/>
                    <lemma type="a"/>
                </token>
                <token content="tree" id="1-11">
                    <pos type="NN"/>
                    <lemma type="tree"/>
                    <dep head="1-9" type="dobj"/>
                </token>
                <token content="." id="1-12"/>
            </sentence>
            <sentence id="2">
                <token content="I" id="2-1">
                    <pos type="PRP"/>
                    <lemma type="I"/>
                    <dep head="2-2" type="nsubj"/>
                </token>
                <token content="purchased" id="2-2">
                    <pos type="VBD"/>
                    <lemma type="purchase"/>
                </token>
                <token content="a" id="2-3">
                    <pos type="DT"/>
                    <lemma type="a"/>
                </token>
                <token content="small" id="2-4">
                    <pos type="JJ"/>
                    <lemma type="small"/>
                </token>
                <token content="orange" id="2-5">
                    <pos type="JJ"/>
                    <lemma type="orange"/>
                </token>
                <token content="tree" id="2-6">
                    <pos type="NN"/>
                    <lemma type="tree"/>
                    <dep head="2-2" type="dobj"/>
                </token>
                <token content="to" id="2-7">
                    <pos type="TO"/>
                    <lemma type="to"/>
                    <dep head="2-8" type="aux"/>
                </token>
                <token content="go" id="2-8">
                    <pos type="VB"/>
                    <lemma type="go"/>
                    <dep head="2-2" type="vmod"/>
                </token>
                <token content="in" id="2-9"/>
                <token content="the" id="2-10">
                    <pos type="DT"/>
                    <lemma type="the"/>
                </token>
                <token content="back" id="2-11">
                    <pos type="JJ"/>
                    <lemma type="back"/>
                </token>
                <token content="yard" id="2-12">
                    <pos type="NN"/>
                    <lemma type="yard"/>
                    <dep head="2-8" type="prep"/>
                </token>
                <token content="." id="2-13"/>
            </sentence>
            <sentence id="3">
                <token content="First" id="3-1">
                    <pos type="RB"/>
                    <lemma type="first"/>
                    <dep head="3-3" type="advmod"/>
                </token>
                <token content="I" id="3-2">
                    <pos type="PRP"/>
                    <lemma type="I"/>
                    <dep head="3-3" type="nsubj"/>
                </token>
                <token content="dug" id="3-3">
                    <pos type="VBD"/>
                    <lemma type="dig"/>
                </token>
                <token content="a" id="3-4">
                    <pos type="DT"/>
                    <lemma type="a"/>
                </token>
                <token content="hole" id="3-5">
                    <pos type="NN"/>
                    <lemma type="hole"/>
                    <dep head="3-3" type="dobj"/>
                </token>
                <token content="where" id="3-6">
                    <pos type="WRB"/>
                    <lemma type="where"/>
                    <dep head="3-8" type="advmod"/>
                </token>
                <token content="I" id="3-7">
                    <pos type="PRP"/>
                    <lemma type="I"/>
                    <dep head="3-8" type="nsubj"/>
                </token>
                <token content="wanted" id="3-8">
                    <pos type="VBD"/>
                    <lemma type="want"/>
                    <dep head="3-3" type="advcl"/>
                </token>
                <token content="the" id="3-9">
                    <pos type="DT"/>
                    <lemma type="the"/>
                </token>
                <token content="tree" id="3-10">
                    <pos type="NN"/>
                    <lemma type="tree"/>
                    <dep head="3-8" type="dobj"/>
                </token>
                <token content="." id="3-11"/>
            </sentence>
            <sentence id="4">
                <token content="Then" id="4-1">
                    <pos type="RB"/>
                    <lemma type="then"/>
                    <dep head="4-3" type="advmod"/>
                </token>
                <token content="I" id="4-2">
                    <pos type="PRP"/>
                    <lemma type="I"/>
                    <dep head="4-3" type="nsubj"/>
                </token>
                <token content="shook" id="4-3">
                    <pos type="VBD"/>
                    <lemma type="shake"/>
                </token>
                <token content="the" id="4-4">
                    <pos type="DT"/>
                    <lemma type="the"/>
                </token>
                <token content="roots" id="4-5">
                    <pos type="NNS"/>
                    <lemma type="root"/>
                    <dep head="4-3" type="dobj"/>
                </token>
                <token content="of" id="4-6"/>
                <token content="the" id="4-7">
                    <pos type="DT"/>
                    <lemma type="the"/>
                </token>
                <token content="tree" id="4-8">
                    <pos type="NN"/>
                    <lemma type="tree"/>
                </token>
                <token content="to" id="4-9">
                    <pos type="TO"/>
                    <lemma type="to"/>
                    <dep head="4-10" type="aux"/>
                </token>
                <token content="loosen" id="4-10">
                    <pos type="VB"/>
                    <lemma type="loosen"/>
                </token>
                <token content="them" id="4-11">
                    <pos type="PRP"/>
                    <lemma type="they"/>
                    <dep head="4-10" type="dobj"/>
                </token>
                <token content="." id="4-12"/>
            </sentence>
            <sentence id="5">
                <token content="Then" id="5-1">
                    <pos type="RB"/>
                    <lemma type="then"/>
                    <dep head="5-3" type="advmod"/>
                </token>
                <token content="I" id="5-2">
                    <pos type="PRP"/>
                    <lemma type="I"/>
                    <dep head="5-3" type="nsubj"/>
                </token>
                <token content="placed" id="5-3">
                    <pos type="VBD"/>
                    <lemma type="place"/>
                </token>
                <token content="the" id="5-4">
                    <pos type="DT"/>
                    <lemma type="the"/>
                </token>
                <token content="tree" id="5-5">
                    <pos type="NN"/>
                    <lemma type="tree"/>
                    <dep head="5-3" type="dobj"/>
                </token>
                <token content="in" id="5-6"/>
                <token content="the" id="5-7">
                    <pos type="DT"/>
                    <lemma type="the"/>
                </token>
                <token content="hole" id="5-8">
                    <pos type="NN"/>
                    <lemma type="hole"/>
                    <dep head="5-3" type="prep"/>
                </token>
                <token content="." id="5-9"/>
            </sentence>
            <sentence id="6">
                <token content="I" id="6-1">
                    <pos type="PRP"/>
                    <lemma type="I"/>
                    <dep head="6-2" type="nsubj"/>
                </token>
                <token content="used" id="6-2">
                    <pos type="VBD"/>
                    <lemma type="use"/>
                </token>
                <token content="a" id="6-3">
                    <pos type="DT"/>
                    <lemma type="a"/>
                </token>
                <token content="shovel" id="6-4">
                    <pos type="NN"/>
                    <lemma type="shovel"/>
                    <dep head="6-2" type="dobj"/>
                </token>
                <token content="to" id="6-5">
                    <pos type="TO"/>
                    <lemma type="to"/>
                    <dep head="6-6" type="aux"/>
                </token>
                <token content="replace" id="6-6">
                    <pos type="VB"/>
                    <lemma type="replace"/>
                </token>
                <token content="the" id="6-7">
                    <pos type="DT"/>
                    <lemma type="the"/>
                </token>
                <token content="dirt" id="6-8">
                    <pos type="NN"/>
                    <lemma type="dirt"/>
                    <dep head="6-6" type="dobj"/>
                </token>
                <token content="back" id="6-9">
                    <pos type="RP"/>
                    <lemma type="back"/>
                    <dep head="6-6" type="prt"/>
                </token>
                <token content="over" id="6-10"/>
                <token content="the" id="6-11">
                    <pos type="DT"/>
                    <lemma type="the"/>
                </token>
                <token content="tree" id="6-12">
                    <pos type="NN"/>
                    <lemma type="tree"/>
                </token>
                <token content="roots" id="6-13">
                    <pos type="NNS"/>
                    <lemma type="root"/>
                    <dep head="6-6" type="prep"/>
                </token>
                <token content="." id="6-14"/>
            </sentence>
            <sentence id="7">
                <token content="Once" id="7-1">
                    <pos type="RB"/>
                    <lemma type="once"/>
                    <dep head="7-2" type="advmod"/>
                </token>
                <token content="satisfied" id="7-2">
                    <pos type="VBD"/>
                    <lemma type="satisfy"/>
                </token>
                <token content="the" id="7-3">
                    <pos type="DT"/>
                    <lemma type="the"/>
                </token>
                <token content="tree" id="7-4">
                    <pos type="NN"/>
                    <lemma type="tree"/>
                    <dep head="7-5" type="nsubj"/>
                </token>
                <token content="was" id="7-5">
                    <pos type="VBD"/>
                    <lemma type="be"/>
                    <dep head="7-2" type="ccomp"/>
                </token>
                <token content="firmly" id="7-6">
                    <pos type="RB"/>
                    <lemma type="firmly"/>
                    <dep head="7-5" type="advmod"/>
                </token>
                <token content="in" id="7-7"/>
                <token content="the" id="7-8">
                    <pos type="DT"/>
                    <lemma type="the"/>
                </token>
                <token content="ground" id="7-9">
                    <pos type="NN"/>
                    <lemma type="ground"/>
                    <dep head="7-5" type="prep"/>
                </token>
                <token content="i" id="7-10">
                    <pos type="FW"/>
                    <lemma type="i"/>
                    <dep head="7-2" type="dep"/>
                </token>
                <token content="dragged" id="7-11">
                    <pos type="VBN"/>
                    <lemma type="drag"/>
                </token>
                <token content="over" id="7-12"/>
                <token content="the" id="7-13">
                    <pos type="DT"/>
                    <lemma type="the"/>
                </token>
                <token content="hose" id="7-14">
                    <pos type="NN"/>
                    <lemma type="hose"/>
                    <dep head="7-11" type="prep"/>
                </token>
                <token content="." id="7-15"/>
            </sentence>
            <sentence id="8">
                <token content="New" id="8-1">
                    <pos type="NNP"/>
                    <lemma type="New"/>
                </token>
                <token content="trees" id="8-2">
                    <pos type="NNS"/>
                    <lemma type="tree"/>
                    <dep head="8-3" type="nsubj"/>
                </token>
                <token content="needs" id="8-3">
                    <pos type="VBZ"/>
                    <lemma type="need"/>
                </token>
                <token content="lots" id="8-4">
                    <pos type="NNS"/>
                    <lemma type="lot"/>
                    <dep head="8-3" type="dobj"/>
                </token>
                <token content="of" id="8-5"/>
                <token content="water" id="8-6">
                    <pos type="NN"/>
                    <lemma type="water"/>
                </token>
                <token content="." id="8-7"/>
            </sentence>
            <sentence id="9">
                <token content="I" id="9-1">
                    <pos type="PRP"/>
                    <lemma type="I"/>
                    <dep head="9-2" type="nsubj"/>
                </token>
                <token content="watered" id="9-2">
                    <pos type="VBD"/>
                    <lemma type="water"/>
                </token>
                <token content="the" id="9-3">
                    <pos type="DT"/>
                    <lemma type="the"/>
                </token>
                <token content="tree" id="9-4">
                    <pos type="NN"/>
                    <lemma type="tree"/>
                    <dep head="9-2" type="dobj"/>
                </token>
                <token content="until" id="9-5">
                    <pos type="IN"/>
                    <lemma type="until"/>
                </token>
                <token content="I" id="9-6">
                    <pos type="PRP"/>
                    <lemma type="I"/>
                </token>
                <token content="was" id="9-7">
                    <pos type="VBD"/>
                    <lemma type="be"/>
                </token>
                <token content="satisfied" id="9-8">
                    <pos type="JJ"/>
                    <lemma type="satisfied"/>
                    <dep head="9-2" type="advcl"/>
                </token>
                <token content="and" id="9-9"/>
                <token content="then" id="9-10">
                    <pos type="RB"/>
                    <lemma type="then"/>
                    <dep head="9-11" type="advmod"/>
                </token>
                <token content="put" id="9-11">
                    <pos type="VBD"/>
                    <lemma type="put"/>
                    <dep head="9-2" type="conj"/>
                </token>
                <token content="mulch" id="9-12">
                    <pos type="NN"/>
                    <lemma type="mulch"/>
                    <dep head="9-11" type="dobj"/>
                </token>
                <token content="around" id="9-13"/>
                <token content="the" id="9-14">
                    <pos type="DT"/>
                    <lemma type="the"/>
                </token>
                <token content="base" id="9-15">
                    <pos type="NN"/>
                    <lemma type="base"/>
                    <dep head="9-11" type="prep"/>
                </token>
                <token content="." id="9-16"/>
            </sentence>
            <sentence id="10">
                <token content="I" id="10-1">
                    <pos type="PRP"/>
                    <lemma type="I"/>
                    <dep head="10-3" type="nsubj"/>
                </token>
                <token content="also" id="10-2">
                    <pos type="RB"/>
                    <lemma type="also"/>
                    <dep head="10-3" type="advmod"/>
                </token>
                <token content="attached" id="10-3">
                    <pos type="VBD"/>
                    <lemma type="attach"/>
                </token>
                <token content="ropes" id="10-4">
                    <pos type="NNS"/>
                    <lemma type="rope"/>
                    <dep head="10-3" type="dobj"/>
                </token>
                <token content="to" id="10-5">
                    <pos type="TO"/>
                    <lemma type="to"/>
                    <dep head="10-6" type="aux"/>
                </token>
                <token content="secure" id="10-6">
                    <pos type="VB"/>
                    <lemma type="secure"/>
                    <dep head="10-3" type="vmod"/>
                </token>
                <token content="the" id="10-7">
                    <pos type="DT"/>
                    <lemma type="the"/>
                </token>
                <token content="young" id="10-8">
                    <pos type="JJ"/>
                    <lemma type="young"/>
                </token>
                <token content="tree" id="10-9">
                    <pos type="NN"/>
                    <lemma type="tree"/>
                    <dep head="10-6" type="dobj"/>
                </token>
                <token content="so" id="10-10">
                    <pos type="IN"/>
                    <lemma type="so"/>
                    <dep head="10-14" type="mark"/>
                </token>
                <token content="it" id="10-11">
                    <pos type="PRP"/>
                    <lemma type="it"/>
                    <dep head="10-14" type="nsubj"/>
                </token>
                <token content="would" id="10-12">
                    <pos type="MD"/>
                    <lemma type="would"/>
                    <dep head="10-14" type="aux"/>
                </token>
                <token content="n't" id="10-13">
                    <pos type="RB"/>
                    <lemma type="not"/>
                    <dep head="10-14" type="neg"/>
                </token>
                <token content="fall" id="10-14">
                    <pos type="VB"/>
                    <lemma type="fall"/>
                    <dep head="10-6" type="advcl"/>
                </token>
                <token content="over" id="10-15">
                    <pos type="RP"/>
                    <lemma type="over"/>
                    <dep head="10-14" type="prt"/>
                </token>
                <token content="while" id="10-16">
                    <pos type="IN"/>
                    <lemma type="while"/>
                    <dep head="10-22" type="mark"/>
                </token>
                <token content="it" id="10-17">
                    <pos type="PRP"/>
                    <lemma type="it"/>
                </token>
                <token content="'s" id="10-18"/>
                <token content="roots" id="10-19">
                    <pos type="NNS"/>
                    <lemma type="root"/>
                    <dep head="10-22" type="nsubj"/>
                </token>
                <token content="were" id="10-20">
                    <pos type="VBD"/>
                    <lemma type="be"/>
                    <dep head="10-22" type="aux"/>
                </token>
                <token content="still" id="10-21">
                    <pos type="RB"/>
                    <lemma type="still"/>
                    <dep head="10-22" type="advmod"/>
                </token>
                <token content="settling" id="10-22">
                    <pos type="VBG"/>
                    <lemma type="settle"/>
                    <dep head="10-14" type="advcl"/>
                </token>
                <token content="in" id="10-23">
                    <pos type="RP"/>
                    <lemma type="in"/>
                    <dep head="10-22" type="prt"/>
                </token>
                <token content="." id="10-24"/>
            </sentence>
            <sentence id="11">
                <token content="I" id="11-1">
                    <pos type="PRP"/>
                    <lemma type="I"/>
                    <dep head="11-3" type="nsubj"/>
                </token>
                <token content="also" id="11-2">
                    <pos type="RB"/>
                    <lemma type="also"/>
                    <dep head="11-3" type="advmod"/>
                </token>
                <token content="had" id="11-3">
                    <pos type="VBD"/>
                    <lemma type="have"/>
                </token>
                <token content="a" id="11-4">
                    <pos type="DT"/>
                    <lemma type="a"/>
                </token>
                <token content="canval" id="11-5">
                    <pos type="JJ"/>
                    <lemma type="canval"/>
                </token>
                <token content="funnel" id="11-6">
                    <pos type="NN"/>
                    <lemma type="funnel"/>
                    <dep head="11-3" type="dobj"/>
                </token>
                <token content="installed" id="11-7">
                    <pos type="VBN"/>
                    <lemma type="install"/>
                </token>
                <token content="to" id="11-8">
                    <pos type="TO"/>
                    <lemma type="to"/>
                    <dep head="11-9" type="aux"/>
                </token>
                <token content="make" id="11-9">
                    <pos type="VB"/>
                    <lemma type="make"/>
                    <dep head="11-7" type="xcomp"/>
                </token>
                <token content="sure" id="11-10">
                    <pos type="JJ"/>
                    <lemma type="sure"/>
                    <dep head="11-9" type="acomp"/>
                </token>
                <token content="water" id="11-11">
                    <pos type="NN"/>
                    <lemma type="water"/>
                    <dep head="11-12" type="nsubj"/>
                </token>
                <token content="went" id="11-12">
                    <pos type="VBD"/>
                    <lemma type="go"/>
                </token>
                <token content="right" id="11-13">
                    <pos type="RB"/>
                    <lemma type="right"/>
                    <dep head="11-12" type="advmod"/>
                </token>
                <token content="into" id="11-14"/>
                <token content="the" id="11-15">
                    <pos type="DT"/>
                    <lemma type="the"/>
                </token>
                <token content="roots" id="11-16">
                    <pos type="NNS"/>
                    <lemma type="root"/>
                </token>
                <token content="where" id="11-17">
                    <pos type="WRB"/>
                    <lemma type="where"/>
                </token>
                <token content="it" id="11-18">
                    <pos type="PRP"/>
                    <lemma type="it"/>
                </token>
                <token content="was" id="11-19">
                    <pos type="VBD"/>
                    <lemma type="be"/>
                </token>
                <token content="need" id="11-20">
                    <pos type="NN"/>
                    <lemma type="need"/>
                    <dep head="11-12" type="advcl"/>
                </token>
                <token content="most" id="11-21">
                    <pos type="RBS"/>
                    <lemma type="most"/>
                    <dep head="11-9" type="advmod"/>
                </token>
                <token content="." id="11-22"/>
            </sentence>
            <sentence id="12">
                <token content="Once" id="12-1">
                    <pos type="IN"/>
                    <lemma type="once"/>
                    <dep head="12-4" type="mark"/>
                </token>
                <token content="all" id="12-2">
                    <pos type="DT"/>
                    <lemma type="all"/>
                    <dep head="12-4" type="nsubjpass"/>
                </token>
                <token content="was" id="12-3">
                    <pos type="VBD"/>
                    <lemma type="be"/>
                    <dep head="12-4" type="auxpass"/>
                </token>
                <token content="said" id="12-4">
                    <pos type="VBN"/>
                    <lemma type="say"/>
                    <dep head="12-8" type="advcl"/>
                </token>
                <token content="and" id="12-5"/>
                <token content="done" id="12-6">
                    <pos type="VBN"/>
                    <lemma type="do"/>
                    <dep head="12-4" type="conj"/>
                </token>
                <token content="i" id="12-7">
                    <pos type="FW"/>
                    <lemma type="i"/>
                    <dep head="12-8" type="nsubj"/>
                </token>
                <token content="stepped" id="12-8">
                    <pos type="VBD"/>
                    <lemma type="step"/>
                </token>
                <token content="back" id="12-9">
                    <pos type="RP"/>
                    <lemma type="back"/>
                    <dep head="12-8" type="prt"/>
                </token>
                <token content="to" id="12-10">
                    <pos type="TO"/>
                    <lemma type="to"/>
                    <dep head="12-11" type="aux"/>
                </token>
                <token content="admire" id="12-11">
                    <pos type="VB"/>
                    <lemma type="admire"/>
                    <dep head="12-8" type="xcomp"/>
                </token>
                <token content="my" id="12-12">
                    <pos type="PRP$"/>
                    <lemma type="my"/>
                </token>
                <token content="handy" id="12-13">
                    <pos type="JJ"/>
                    <lemma type="handy"/>
                </token>
                <token content="work" id="12-14">
                    <pos type="NN"/>
                    <lemma type="work"/>
                    <dep head="12-11" type="dobj"/>
                </token>
                <token content="." id="12-15"/>
            </sentence>
        </sentences>
    </text>
    <annotations>
        <participants>
            <label from="1-1" id="0" name="No_label" text="It" type="participant"/>
            <label from="1-3" id="1" name="ScrPart_time" text="spring time" to="1-4" type="participant"/>
            <label from="1-4" id="2" name="ScrPart_time" text="time" type="participant"/>
            <label from="1-6" id="3" name="ScrPart_gardener" text="I" type="participant"/>
            <label from="1-11" id="4" name="ScrPart_tree" text="tree" type="participant"/>
            <label from="2-1" id="5" name="ScrPart_gardener" text="I" type="participant"/>
            <label from="2-5" id="6" name="ScrPart_tree" text="orange tree" to="2-6" type="participant"/>
            <label from="2-6" id="7" name="ScrPart_tree" text="tree" type="participant"/>
            <label from="2-11" id="8" name="ScrPart_location_garden" text="back yard" to="2-12" type="participant"/>
            <label from="2-12" id="9" name="ScrPart_location_garden" text="yard" type="participant"/>
            <label from="3-2" id="10" name="ScrPart_gardener" text="I" type="participant"/>
            <label from="3-5" id="11" name="ScrPart_hole" text="hole" type="participant"/>
            <label from="3-7" id="12" name="ScrPart_gardener" text="I" type="participant"/>
            <label from="3-10" id="13" name="ScrPart_tree" text="tree" type="participant"/>
            <label from="4-2" id="14" name="ScrPart_gardener" text="I" type="participant"/>
            <label from="4-5" id="15" name="ScrPart_root" text="roots" type="participant"/>
            <label from="4-8" id="16" name="ScrPart_tree" text="tree" type="participant"/>
            <label from="4-11" id="17" name="ScrPart_root" text="them" type="participant"/>
            <label from="5-2" id="18" name="ScrPart_gardener" text="I" type="participant"/>
            <label from="5-5" id="19" name="ScrPart_tree" text="tree" type="participant"/>
            <label from="5-8" id="20" name="ScrPart_hole" text="hole" type="participant"/>
            <label from="6-1" id="21" name="ScrPart_gardener" text="I" type="participant"/>
            <label from="6-4" id="22" name="ScrPart_gardening_tool" text="shovel" type="participant"/>
            <label from="6-8" id="23" name="ScrPart_dirt" text="dirt" type="participant"/>
            <label from="6-12" id="24" name="ScrPart_root" text="tree roots" to="6-13" type="participant"/>
            <label from="6-13" id="25" name="ScrPart_root" text="roots" type="participant"/>
            <label from="7-4" id="26" name="ScrPart_tree" text="tree" type="participant"/>
            <label from="7-9" id="27" name="ScrPart_dirt" text="ground" type="participant"/>
            <label from="7-10" id="28" name="ScrPart_gardener" text="i" type="participant"/>
            <label from="7-14" id="29" name="ScrPart_gardening_tool" text="hose" type="participant"/>
            <label from="8-2" id="30" name="ScrPart_tree" text="trees" type="participant"/>
            <label from="8-4" id="31" name="Head_of_Partitive" text="lots" type="participant"/>
            <label from="8-6" id="32" name="ScrPart_water" text="water" type="participant"/>
            <label from="9-1" id="33" name="ScrPart_gardener" text="I" type="participant"/>
            <label from="9-4" id="34" name="ScrPart_tree" text="tree" type="participant"/>
            <label from="9-6" id="35" name="ScrPart_gardener" text="I" type="participant"/>
            <label from="9-12" id="36" name="ScrPart_fertilizer" text="mulch" type="participant"/>
            <label from="9-15" id="37" name="NPart" text="base" type="participant"/>
            <label from="10-1" id="38" name="ScrPart_gardener" text="I" type="participant"/>
            <label from="10-4" id="39" name="ScrPart_stake" text="ropes" type="participant"/>
            <label from="10-9" id="40" name="ScrPart_tree" text="tree" type="participant"/>
            <label from="10-11" id="41" name="ScrPart_tree" text="it" type="participant"/>
            <label from="10-17" id="42" name="ScrPart_tree" text="it 's" to="10-18" type="participant"/>
            <label from="10-19" id="43" name="ScrPart_root" text="roots" type="participant"/>
            <label from="11-1" id="44" name="ScrPart_gardener" text="I" type="participant"/>
            <label from="11-5" id="45" name="Unclear" text="canval funnel" to="11-6" type="participant"/>
            <label from="11-6" id="46" name="Unclear" text="funnel" type="participant"/>
            <label from="11-11" id="47" name="ScrPart_water" text="water" type="participant"/>
            <label from="11-16" id="48" name="ScrPart_root" text="roots" type="participant"/>
            <label from="11-18" id="49" name="ScrPart_water" text="it" type="participant"/>
            <label from="12-7" id="50" name="ScrPart_gardener" text="i" type="participant"/>
            <label from="12-12" id="51" name="ScrPart_gardener" text="my" type="participant"/>
            <label from="12-14" id="52" name="NPart" text="work" type="participant"/>
        </participants>
        <events>
            <label from="1-2" id="53" name="UnrelEv" text="'s" type="event"/>
            <label from="1-7" id="54" name="UnrelEv" text="decided" type="event"/>
            <label from="1-9" id="55" name="Evoking" text="plant a tree" to="1-11" type="event"/>
            <label from="2-2" id="56" name="ScrEv_get_tree" text="purchased" type="event"/>
            <label from="2-8" id="57" name="Unclear" text="go" type="event"/>
            <label from="3-3" id="58" name="ScrEv_dig_hole" text="dug" type="event"/>
            <label from="3-8" id="59" name="ScrEv_find_place" text="wanted" type="event"/>
            <label from="4-3" id="60" name="ScrEv_unwrap_root" text="shook" type="event"/>
            <label from="4-10" id="61" name="ScrEv_unwrap_root" text="loosen" type="event"/>
            <label from="5-3" id="62" name="ScrEv_place_root" text="placed" type="event"/>
            <label from="6-2" id="63" name="UnrelEv" text="used" type="event"/>
            <label from="6-6" id="64" name="ScrEv_refill_hole" text="replace" type="event"/>
            <label from="7-2" id="65" name="UnrelEv" text="satisfied" type="event"/>
            <label from="7-5" id="66" name="UnrelEv" text="was" type="event"/>
            <label from="7-11" id="67" name="ScrEv_get_tools" text="dragged over" to="7-12" type="event"/>
            <label from="8-3" id="68" name="ScrEv_water" text="needs" type="event"/>
            <label from="9-2" id="69" name="ScrEv_water" text="watered" type="event"/>
            <label from="9-8" id="70" name="UnrelEv" text="satisfied" type="event"/>
            <label from="9-11" id="71" name="ScrEv_place_fertilizers" text="put" type="event"/>
            <label from="10-3" id="72" name="ScrEv_tie_stakes_up" text="attached" type="event"/>
            <label from="10-6" id="73" name="ScrEv_tie_stakes_up" text="secure" type="event"/>
            <label from="10-14" id="74" name="RelNScrEv" text="fall over" to="10-15" type="event"/>
            <label from="10-22" id="75" name="RelNScrEv" text="settling in" to="10-23" type="event"/>
            <label from="11-3" id="76" name="UnrelEv" text="had" type="event"/>
            <label from="11-7" id="77" name="RelNScrEv" text="installed" type="event"/>
            <label from="11-9" id="78" name="UnrelEv" text="make sure" to="11-10" type="event"/>
            <label from="11-12" id="79" name="ScrEv_water" text="went" type="event"/>
            <label from="11-20" id="80" name="RelNScrEv" text="need" type="event"/>
            <label from="12-4" id="81" name="UnrelEv" text="said" type="event"/>
            <label from="12-6" id="82" name="UnrelEv" text="done" type="event"/>
            <label from="12-8" id="83" name="UnrelEv" text="stepped back" to="12-9" type="event"/>
            <label from="12-11" id="84" name="UnrelEv" text="admire" type="event"/>
        </events>
        <chains>
            <chain elements="5 3 10 12 14 18 21 28 33 35 38 44 50 51"/>
            <chain elements="7 4 13 16 19 26 30 34 40 41 42"/>
            <chain elements="20 11"/>
            <chain elements="17 15 25 43 48"/>
            <chain elements="27 23"/>
            <chain elements="47 32 49"/>
        </chains>
    </annotations>
</story>
