<?xml version="1.0" encoding="UTF-8" standalone="no"?>
<!DOCTYPE story SYSTEM "../InScript.dtd">
<story id="023" scenario="tree">
    <text>
        <content>Before you plant a tree , you must contact the utility company . 
They will come to your property and mark out utility lines . 
Without doing this , you may dig down and hit a line , which can be lethal ! 
Once you know where to dig , select what type of tree you want . 
Take things into consideration such as how much sun it gets , what zone you are in , and how quickly you want it to grow . 
Dig a hole large enough for the tree and roots . 
Place the tree in the hole and then fill the hole back up with dirt . 
Many small trees will need support until they are bigger . 
This will ensure they grow tall and straight . 
It is crucial to keep the tree watered ! 
It will need a lot of water at first . 
Mulch is helpful to keep the soil moist . 
It 's also important to wait until the threat of a frost has passed or is not in the near future . 
Giving care to your new tree will ensure that it will grow big and strong ! </content>
        <sentences>
            <sentence id="1">
                <token content="Before" id="1-1">
                    <pos type="IN"/>
                    <lemma type="before"/>
                </token>
                <token content="you" id="1-2">
                    <pos type="PRP"/>
                    <lemma type="you"/>
                </token>
                <token content="plant" id="1-3">
                    <pos type="NN"/>
                    <lemma type="plant"/>
                    <dep head="1-9" type="advcl"/>
                </token>
                <token content="a" id="1-4">
                    <pos type="DT"/>
                    <lemma type="a"/>
                </token>
                <token content="tree" id="1-5">
                    <pos type="NN"/>
                    <lemma type="tree"/>
                </token>
                <token content="," id="1-6"/>
                <token content="you" id="1-7">
                    <pos type="PRP"/>
                    <lemma type="you"/>
                    <dep head="1-9" type="nsubj"/>
                </token>
                <token content="must" id="1-8">
                    <pos type="MD"/>
                    <lemma type="must"/>
                    <dep head="1-9" type="aux"/>
                </token>
                <token content="contact" id="1-9">
                    <pos type="VB"/>
                    <lemma type="contact"/>
                </token>
                <token content="the" id="1-10">
                    <pos type="DT"/>
                    <lemma type="the"/>
                </token>
                <token content="utility" id="1-11">
                    <pos type="NN"/>
                    <lemma type="utility"/>
                </token>
                <token content="company" id="1-12">
                    <pos type="NN"/>
                    <lemma type="company"/>
                    <dep head="1-9" type="dobj"/>
                </token>
                <token content="." id="1-13"/>
            </sentence>
            <sentence id="2">
                <token content="They" id="2-1">
                    <pos type="PRP"/>
                    <lemma type="they"/>
                    <dep head="2-3" type="nsubj"/>
                </token>
                <token content="will" id="2-2">
                    <pos type="MD"/>
                    <lemma type="will"/>
                    <dep head="2-3" type="aux"/>
                </token>
                <token content="come" id="2-3">
                    <pos type="VB"/>
                    <lemma type="come"/>
                </token>
                <token content="to" id="2-4"/>
                <token content="your" id="2-5">
                    <pos type="PRP$"/>
                    <lemma type="you"/>
                </token>
                <token content="property" id="2-6">
                    <pos type="NN"/>
                    <lemma type="property"/>
                    <dep head="2-3" type="prep"/>
                </token>
                <token content="and" id="2-7"/>
                <token content="mark" id="2-8">
                    <pos type="VB"/>
                    <lemma type="mark"/>
                    <dep head="2-3" type="conj"/>
                </token>
                <token content="out" id="2-9">
                    <pos type="RP"/>
                    <lemma type="out"/>
                    <dep head="2-8" type="prt"/>
                </token>
                <token content="utility" id="2-10">
                    <pos type="NN"/>
                    <lemma type="utility"/>
                </token>
                <token content="lines" id="2-11">
                    <pos type="NNS"/>
                    <lemma type="line"/>
                    <dep head="2-8" type="dobj"/>
                </token>
                <token content="." id="2-12"/>
            </sentence>
            <sentence id="3">
                <token content="Without" id="3-1"/>
                <token content="doing" id="3-2">
                    <pos type="VBG"/>
                    <lemma type="do"/>
                    <dep head="3-7" type="prepc"/>
                </token>
                <token content="this" id="3-3">
                    <pos type="DT"/>
                    <lemma type="this"/>
                    <dep head="3-2" type="dobj"/>
                </token>
                <token content="," id="3-4"/>
                <token content="you" id="3-5">
                    <pos type="PRP"/>
                    <lemma type="you"/>
                    <dep head="3-7" type="nsubj"/>
                </token>
                <token content="may" id="3-6">
                    <pos type="MD"/>
                    <lemma type="may"/>
                    <dep head="3-7" type="aux"/>
                </token>
                <token content="dig" id="3-7">
                    <pos type="VB"/>
                    <lemma type="dig"/>
                </token>
                <token content="down" id="3-8">
                    <pos type="RP"/>
                    <lemma type="down"/>
                    <dep head="3-7" type="prt"/>
                </token>
                <token content="and" id="3-9"/>
                <token content="hit" id="3-10">
                    <pos type="VB"/>
                    <lemma type="hit"/>
                    <dep head="3-7" type="conj"/>
                </token>
                <token content="a" id="3-11">
                    <pos type="DT"/>
                    <lemma type="a"/>
                </token>
                <token content="line" id="3-12">
                    <pos type="NN"/>
                    <lemma type="line"/>
                    <dep head="3-10" type="dobj"/>
                </token>
                <token content="," id="3-13"/>
                <token content="which" id="3-14">
                    <pos type="WDT"/>
                    <lemma type="which"/>
                </token>
                <token content="can" id="3-15">
                    <pos type="MD"/>
                    <lemma type="can"/>
                </token>
                <token content="be" id="3-16">
                    <pos type="VB"/>
                    <lemma type="be"/>
                </token>
                <token content="lethal" id="3-17">
                    <pos type="JJ"/>
                    <lemma type="lethal"/>
                </token>
                <token content="!" id="3-18"/>
            </sentence>
            <sentence id="4">
                <token content="Once" id="4-1">
                    <pos type="IN"/>
                    <lemma type="once"/>
                    <dep head="4-3" type="mark"/>
                </token>
                <token content="you" id="4-2">
                    <pos type="PRP"/>
                    <lemma type="you"/>
                    <dep head="4-3" type="nsubj"/>
                </token>
                <token content="know" id="4-3">
                    <pos type="VBP"/>
                    <lemma type="know"/>
                    <dep head="4-8" type="advcl"/>
                </token>
                <token content="where" id="4-4">
                    <pos type="WRB"/>
                    <lemma type="where"/>
                    <dep head="4-6" type="advmod"/>
                </token>
                <token content="to" id="4-5">
                    <pos type="TO"/>
                    <lemma type="to"/>
                    <dep head="4-6" type="aux"/>
                </token>
                <token content="dig" id="4-6">
                    <pos type="VB"/>
                    <lemma type="dig"/>
                    <dep head="4-3" type="xcomp"/>
                </token>
                <token content="," id="4-7"/>
                <token content="select" id="4-8">
                    <pos type="VB"/>
                    <lemma type="select"/>
                </token>
                <token content="what" id="4-9">
                    <pos type="WP"/>
                    <lemma type="what"/>
                </token>
                <token content="type" id="4-10">
                    <pos type="NN"/>
                    <lemma type="type"/>
                    <dep head="4-14" type="dobj"/>
                </token>
                <token content="of" id="4-11"/>
                <token content="tree" id="4-12">
                    <pos type="NN"/>
                    <lemma type="tree"/>
                </token>
                <token content="you" id="4-13">
                    <pos type="PRP"/>
                    <lemma type="you"/>
                    <dep head="4-14" type="nsubj"/>
                </token>
                <token content="want" id="4-14">
                    <pos type="VBP"/>
                    <lemma type="want"/>
                    <dep head="4-8" type="ccomp"/>
                </token>
                <token content="." id="4-15"/>
            </sentence>
            <sentence id="5">
                <token content="Take" id="5-1">
                    <pos type="VB"/>
                    <lemma type="take"/>
                </token>
                <token content="things" id="5-2">
                    <pos type="NNS"/>
                    <lemma type="thing"/>
                    <dep head="5-1" type="dobj"/>
                </token>
                <token content="into" id="5-3"/>
                <token content="consideration" id="5-4">
                    <pos type="NN"/>
                    <lemma type="consideration"/>
                    <dep head="5-1" type="prep"/>
                </token>
                <token content="such" id="5-5"/>
                <token content="as" id="5-6"/>
                <token content="how" id="5-7">
                    <pos type="WRB"/>
                    <lemma type="how"/>
                </token>
                <token content="much" id="5-8">
                    <pos type="JJ"/>
                    <lemma type="much"/>
                </token>
                <token content="sun" id="5-9">
                    <pos type="NNS"/>
                    <lemma type="sun"/>
                    <dep head="5-11" type="dobj"/>
                </token>
                <token content="it" id="5-10">
                    <pos type="PRP"/>
                    <lemma type="it"/>
                    <dep head="5-11" type="nsubj"/>
                </token>
                <token content="gets" id="5-11">
                    <pos type="VBZ"/>
                    <lemma type="get"/>
                </token>
                <token content="," id="5-12"/>
                <token content="what" id="5-13">
                    <pos type="WP"/>
                    <lemma type="what"/>
                    <dep head="5-14" type="nsubj"/>
                </token>
                <token content="zone" id="5-14">
                    <pos type="VBD"/>
                    <lemma type="zone"/>
                    <dep head="5-11" type="dep"/>
                </token>
                <token content="you" id="5-15">
                    <pos type="PRP"/>
                    <lemma type="you"/>
                    <dep head="5-16" type="nsubj"/>
                </token>
                <token content="are" id="5-16">
                    <pos type="VBP"/>
                    <lemma type="be"/>
                    <dep head="5-14" type="ccomp"/>
                </token>
                <token content="in" id="5-17">
                    <pos type="IN"/>
                    <lemma type="in"/>
                    <dep head="5-16" type="prep"/>
                </token>
                <token content="," id="5-18"/>
                <token content="and" id="5-19"/>
                <token content="how" id="5-20">
                    <pos type="WRB"/>
                    <lemma type="how"/>
                </token>
                <token content="quickly" id="5-21">
                    <pos type="RB"/>
                    <lemma type="quickly"/>
                    <dep head="5-23" type="advmod"/>
                </token>
                <token content="you" id="5-22">
                    <pos type="PRP"/>
                    <lemma type="you"/>
                    <dep head="5-23" type="nsubj"/>
                </token>
                <token content="want" id="5-23">
                    <pos type="VBP"/>
                    <lemma type="want"/>
                    <dep head="5-14" type="conj"/>
                </token>
                <token content="it" id="5-24">
                    <pos type="PRP"/>
                    <lemma type="it"/>
                    <dep head="5-23" type="dobj"/>
                </token>
                <token content="to" id="5-25">
                    <pos type="TO"/>
                    <lemma type="to"/>
                    <dep head="5-26" type="aux"/>
                </token>
                <token content="grow" id="5-26">
                    <pos type="VB"/>
                    <lemma type="grow"/>
                    <dep head="5-23" type="xcomp"/>
                </token>
                <token content="." id="5-27"/>
            </sentence>
            <sentence id="6">
                <token content="Dig" id="6-1">
                    <pos type="VB"/>
                    <lemma type="dig"/>
                </token>
                <token content="a" id="6-2">
                    <pos type="DT"/>
                    <lemma type="a"/>
                </token>
                <token content="hole" id="6-3">
                    <pos type="NN"/>
                    <lemma type="hole"/>
                </token>
                <token content="large" id="6-4">
                    <pos type="JJ"/>
                    <lemma type="large"/>
                </token>
                <token content="enough" id="6-5">
                    <pos type="NN"/>
                    <lemma type="enough"/>
                    <dep head="6-1" type="xcomp"/>
                </token>
                <token content="for" id="6-6"/>
                <token content="the" id="6-7">
                    <pos type="DT"/>
                    <lemma type="the"/>
                </token>
                <token content="tree" id="6-8">
                    <pos type="NN"/>
                    <lemma type="tree"/>
                </token>
                <token content="and" id="6-9"/>
                <token content="roots" id="6-10">
                    <pos type="NNS"/>
                    <lemma type="root"/>
                </token>
                <token content="." id="6-11"/>
            </sentence>
            <sentence id="7">
                <token content="Place" id="7-1">
                    <pos type="VB"/>
                    <lemma type="place"/>
                </token>
                <token content="the" id="7-2">
                    <pos type="DT"/>
                    <lemma type="the"/>
                </token>
                <token content="tree" id="7-3">
                    <pos type="NN"/>
                    <lemma type="tree"/>
                    <dep head="7-1" type="dobj"/>
                </token>
                <token content="in" id="7-4"/>
                <token content="the" id="7-5">
                    <pos type="DT"/>
                    <lemma type="the"/>
                </token>
                <token content="hole" id="7-6">
                    <pos type="NN"/>
                    <lemma type="hole"/>
                </token>
                <token content="and" id="7-7"/>
                <token content="then" id="7-8">
                    <pos type="RB"/>
                    <lemma type="then"/>
                    <dep head="7-9" type="advmod"/>
                </token>
                <token content="fill" id="7-9">
                    <pos type="VB"/>
                    <lemma type="fill"/>
                    <dep head="7-1" type="conj"/>
                </token>
                <token content="the" id="7-10">
                    <pos type="DT"/>
                    <lemma type="the"/>
                </token>
                <token content="hole" id="7-11">
                    <pos type="NN"/>
                    <lemma type="hole"/>
                    <dep head="7-9" type="dobj"/>
                </token>
                <token content="back" id="7-12">
                    <pos type="RB"/>
                    <lemma type="back"/>
                </token>
                <token content="up" id="7-13">
                    <pos type="RB"/>
                    <lemma type="up"/>
                    <dep head="7-9" type="advmod"/>
                </token>
                <token content="with" id="7-14"/>
                <token content="dirt" id="7-15">
                    <pos type="NN"/>
                    <lemma type="dirt"/>
                </token>
                <token content="." id="7-16"/>
            </sentence>
            <sentence id="8">
                <token content="Many" id="8-1">
                    <pos type="JJ"/>
                    <lemma type="many"/>
                </token>
                <token content="small" id="8-2">
                    <pos type="JJ"/>
                    <lemma type="small"/>
                </token>
                <token content="trees" id="8-3">
                    <pos type="NNS"/>
                    <lemma type="tree"/>
                    <dep head="8-5" type="nsubj"/>
                </token>
                <token content="will" id="8-4">
                    <pos type="MD"/>
                    <lemma type="will"/>
                    <dep head="8-5" type="aux"/>
                </token>
                <token content="need" id="8-5">
                    <pos type="VB"/>
                    <lemma type="need"/>
                </token>
                <token content="support" id="8-6">
                    <pos type="NN"/>
                    <lemma type="support"/>
                    <dep head="8-5" type="dobj"/>
                </token>
                <token content="until" id="8-7">
                    <pos type="IN"/>
                    <lemma type="until"/>
                </token>
                <token content="they" id="8-8">
                    <pos type="PRP"/>
                    <lemma type="they"/>
                </token>
                <token content="are" id="8-9">
                    <pos type="VBP"/>
                    <lemma type="be"/>
                </token>
                <token content="bigger" id="8-10">
                    <pos type="JJR"/>
                    <lemma type="bigger"/>
                    <dep head="8-5" type="advcl"/>
                </token>
                <token content="." id="8-11"/>
            </sentence>
            <sentence id="9">
                <token content="This" id="9-1">
                    <pos type="DT"/>
                    <lemma type="this"/>
                    <dep head="9-3" type="nsubj"/>
                </token>
                <token content="will" id="9-2">
                    <pos type="MD"/>
                    <lemma type="will"/>
                    <dep head="9-3" type="aux"/>
                </token>
                <token content="ensure" id="9-3">
                    <pos type="VB"/>
                    <lemma type="ensure"/>
                </token>
                <token content="they" id="9-4">
                    <pos type="PRP"/>
                    <lemma type="they"/>
                    <dep head="9-5" type="nsubj"/>
                </token>
                <token content="grow" id="9-5">
                    <pos type="VB"/>
                    <lemma type="grow"/>
                    <dep head="9-3" type="ccomp"/>
                </token>
                <token content="tall" id="9-6">
                    <pos type="JJ"/>
                    <lemma type="tall"/>
                    <dep head="9-5" type="acomp"/>
                </token>
                <token content="and" id="9-7"/>
                <token content="straight" id="9-8">
                    <pos type="JJ"/>
                    <lemma type="straight"/>
                </token>
                <token content="." id="9-9"/>
            </sentence>
            <sentence id="10">
                <token content="It" id="10-1">
                    <pos type="PRP"/>
                    <lemma type="it"/>
                </token>
                <token content="is" id="10-2">
                    <pos type="VBZ"/>
                    <lemma type="be"/>
                </token>
                <token content="crucial" id="10-3">
                    <pos type="JJ"/>
                    <lemma type="crucial"/>
                </token>
                <token content="to" id="10-4">
                    <pos type="TO"/>
                    <lemma type="to"/>
                    <dep head="10-5" type="aux"/>
                </token>
                <token content="keep" id="10-5">
                    <pos type="VB"/>
                    <lemma type="keep"/>
                </token>
                <token content="the" id="10-6">
                    <pos type="DT"/>
                    <lemma type="the"/>
                </token>
                <token content="tree" id="10-7">
                    <pos type="NN"/>
                    <lemma type="tree"/>
                </token>
                <token content="watered" id="10-8">
                    <pos type="NN"/>
                    <lemma type="watered"/>
                    <dep head="10-5" type="dobj"/>
                </token>
                <token content="!" id="10-9"/>
            </sentence>
            <sentence id="11">
                <token content="It" id="11-1">
                    <pos type="PRP"/>
                    <lemma type="it"/>
                    <dep head="11-3" type="nsubj"/>
                </token>
                <token content="will" id="11-2">
                    <pos type="MD"/>
                    <lemma type="will"/>
                    <dep head="11-3" type="aux"/>
                </token>
                <token content="need" id="11-3">
                    <pos type="VB"/>
                    <lemma type="need"/>
                </token>
                <token content="a" id="11-4">
                    <pos type="DT"/>
                    <lemma type="a"/>
                </token>
                <token content="lot" id="11-5">
                    <pos type="NN"/>
                    <lemma type="lot"/>
                    <dep head="11-3" type="dobj"/>
                </token>
                <token content="of" id="11-6"/>
                <token content="water" id="11-7">
                    <pos type="NN"/>
                    <lemma type="water"/>
                </token>
                <token content="at" id="11-8"/>
                <token content="first" id="11-9">
                    <pos type="JJ"/>
                    <lemma type="first"/>
                    <dep head="11-3" type="prep"/>
                </token>
                <token content="." id="11-10"/>
            </sentence>
            <sentence id="12">
                <token content="Mulch" id="12-1">
                    <pos type="NNP"/>
                    <lemma type="Mulch"/>
                </token>
                <token content="is" id="12-2">
                    <pos type="VBZ"/>
                    <lemma type="be"/>
                </token>
                <token content="helpful" id="12-3">
                    <pos type="JJ"/>
                    <lemma type="helpful"/>
                </token>
                <token content="to" id="12-4">
                    <pos type="TO"/>
                    <lemma type="to"/>
                    <dep head="12-5" type="aux"/>
                </token>
                <token content="keep" id="12-5">
                    <pos type="VB"/>
                    <lemma type="keep"/>
                </token>
                <token content="the" id="12-6">
                    <pos type="DT"/>
                    <lemma type="the"/>
                </token>
                <token content="soil" id="12-7">
                    <pos type="NN"/>
                    <lemma type="soil"/>
                </token>
                <token content="moist" id="12-8">
                    <pos type="NN"/>
                    <lemma type="moist"/>
                    <dep head="12-5" type="dobj"/>
                </token>
                <token content="." id="12-9"/>
            </sentence>
            <sentence id="13">
                <token content="It" id="13-1">
                    <pos type="PRP"/>
                    <lemma type="it"/>
                </token>
                <token content="'s" id="13-2">
                    <pos type="VBZ"/>
                    <lemma type="be"/>
                </token>
                <token content="also" id="13-3">
                    <pos type="RB"/>
                    <lemma type="also"/>
                </token>
                <token content="important" id="13-4">
                    <pos type="JJ"/>
                    <lemma type="important"/>
                </token>
                <token content="to" id="13-5">
                    <pos type="TO"/>
                    <lemma type="to"/>
                    <dep head="13-6" type="aux"/>
                </token>
                <token content="wait" id="13-6">
                    <pos type="VB"/>
                    <lemma type="wait"/>
                </token>
                <token content="until" id="13-7">
                    <pos type="IN"/>
                    <lemma type="until"/>
                    <dep head="13-14" type="mark"/>
                </token>
                <token content="the" id="13-8">
                    <pos type="DT"/>
                    <lemma type="the"/>
                </token>
                <token content="threat" id="13-9">
                    <pos type="NN"/>
                    <lemma type="threat"/>
                    <dep head="13-14" type="nsubj"/>
                </token>
                <token content="of" id="13-10"/>
                <token content="a" id="13-11">
                    <pos type="DT"/>
                    <lemma type="a"/>
                </token>
                <token content="frost" id="13-12">
                    <pos type="NN"/>
                    <lemma type="frost"/>
                </token>
                <token content="has" id="13-13">
                    <pos type="VBZ"/>
                    <lemma type="have"/>
                    <dep head="13-14" type="aux"/>
                </token>
                <token content="passed" id="13-14">
                    <pos type="VBN"/>
                    <lemma type="pass"/>
                    <dep head="13-6" type="advcl"/>
                </token>
                <token content="or" id="13-15"/>
                <token content="is" id="13-16">
                    <pos type="VBZ"/>
                    <lemma type="be"/>
                </token>
                <token content="not" id="13-17">
                    <pos type="RB"/>
                    <lemma type="not"/>
                    <dep head="13-16" type="neg"/>
                </token>
                <token content="in" id="13-18"/>
                <token content="the" id="13-19">
                    <pos type="DT"/>
                    <lemma type="the"/>
                </token>
                <token content="near" id="13-20">
                    <pos type="JJ"/>
                    <lemma type="near"/>
                </token>
                <token content="future" id="13-21">
                    <pos type="NN"/>
                    <lemma type="future"/>
                    <dep head="13-16" type="prep"/>
                </token>
                <token content="." id="13-22"/>
            </sentence>
            <sentence id="14">
                <token content="Giving" id="14-1">
                    <pos type="VBG"/>
                    <lemma type="give"/>
                </token>
                <token content="care" id="14-2">
                    <pos type="NN"/>
                    <lemma type="care"/>
                    <dep head="14-8" type="nsubj"/>
                </token>
                <token content="to" id="14-3"/>
                <token content="your" id="14-4">
                    <pos type="PRP$"/>
                    <lemma type="you"/>
                </token>
                <token content="new" id="14-5">
                    <pos type="JJ"/>
                    <lemma type="new"/>
                </token>
                <token content="tree" id="14-6">
                    <pos type="NN"/>
                    <lemma type="tree"/>
                </token>
                <token content="will" id="14-7">
                    <pos type="MD"/>
                    <lemma type="will"/>
                    <dep head="14-8" type="aux"/>
                </token>
                <token content="ensure" id="14-8">
                    <pos type="VB"/>
                    <lemma type="ensure"/>
                </token>
                <token content="that" id="14-9">
                    <pos type="IN"/>
                    <lemma type="that"/>
                    <dep head="14-12" type="mark"/>
                </token>
                <token content="it" id="14-10">
                    <pos type="PRP"/>
                    <lemma type="it"/>
                    <dep head="14-12" type="nsubj"/>
                </token>
                <token content="will" id="14-11">
                    <pos type="MD"/>
                    <lemma type="will"/>
                    <dep head="14-12" type="aux"/>
                </token>
                <token content="grow" id="14-12">
                    <pos type="VB"/>
                    <lemma type="grow"/>
                    <dep head="14-8" type="ccomp"/>
                </token>
                <token content="big" id="14-13">
                    <pos type="JJ"/>
                    <lemma type="big"/>
                    <dep head="14-12" type="acomp"/>
                </token>
                <token content="and" id="14-14"/>
                <token content="strong" id="14-15">
                    <pos type="JJ"/>
                    <lemma type="strong"/>
                </token>
                <token content="!" id="14-16"/>
            </sentence>
        </sentences>
    </text>
    <annotations>
        <participants>
            <label from="1-2" id="0" name="ScrPart_gardener" text="you" type="participant"/>
            <label from="1-5" id="1" name="ScrPart_tree" text="tree" type="participant"/>
            <label from="1-7" id="2" name="ScrPart_gardener" text="you" type="participant"/>
            <label from="1-11" id="3" name="NPart" text="utility company" to="1-12" type="participant"/>
            <label from="1-12" id="4" name="NPart" text="company" type="participant"/>
            <label from="2-1" id="5" name="NPart" text="They" type="participant"/>
            <label from="2-5" id="6" name="ScrPart_gardener" text="your" type="participant"/>
            <label from="2-6" id="7" name="NPart" text="property" type="participant"/>
            <label from="2-10" id="8" name="NPart" text="utility lines" to="2-11" type="participant"/>
            <label from="2-11" id="9" name="NPart" text="lines" type="participant"/>
            <label from="3-5" id="10" name="ScrPart_gardener" text="you" type="participant"/>
            <label from="3-12" id="11" name="NPart" text="line" type="participant"/>
            <label from="4-2" id="12" name="ScrPart_gardener" text="you" type="participant"/>
            <label from="4-10" id="13" name="NPart" text="type" type="participant"/>
            <label from="4-12" id="14" name="ScrPart_tree" text="tree" type="participant"/>
            <label from="4-13" id="15" name="ScrPart_gardener" text="you" type="participant"/>
            <label from="5-2" id="16" name="No_label" text="things" type="participant"/>
            <label from="5-4" id="17" name="NPart" text="consideration" type="participant"/>
            <label from="5-9" id="18" name="NPart" text="sun" type="participant"/>
            <label from="5-10" id="19" name="ScrPart_tree" text="it" type="participant"/>
            <label from="5-14" id="20" name="NPart" text="zone" type="participant"/>
            <label from="5-15" id="21" name="ScrPart_gardener" text="you" type="participant"/>
            <label from="5-22" id="22" name="ScrPart_gardener" text="you" type="participant"/>
            <label from="5-24" id="23" name="ScrPart_tree" text="it" type="participant"/>
            <label from="6-3" id="24" name="ScrPart_hole" text="hole" type="participant"/>
            <label from="6-8" id="25" name="ScrPart_tree" text="tree" type="participant"/>
            <label from="6-10" id="26" name="ScrPart_root" text="roots" type="participant"/>
            <label from="7-3" id="27" name="ScrPart_tree" text="tree" type="participant"/>
            <label from="7-6" id="28" name="ScrPart_hole" text="hole" type="participant"/>
            <label from="7-11" id="29" name="ScrPart_hole" text="hole" type="participant"/>
            <label from="7-15" id="30" name="ScrPart_dirt" text="dirt" type="participant"/>
            <label from="8-3" id="31" name="ScrPart_tree" text="trees" type="participant"/>
            <label from="8-6" id="32" name="Unclear" text="support" type="participant"/>
            <label from="8-8" id="33" name="ScrPart_tree" text="they" type="participant"/>
            <label from="9-4" id="34" name="ScrPart_tree" text="they" type="participant"/>
            <label from="10-1" id="35" name="No_label" text="It" type="participant"/>
            <label from="10-7" id="36" name="ScrPart_tree" text="tree" type="participant"/>
            <label from="11-1" id="37" name="ScrPart_tree" text="It" type="participant"/>
            <label from="11-5" id="38" name="Head_of_Partitive" text="lot" type="participant"/>
            <label from="11-7" id="39" name="ScrPart_water" text="water" type="participant"/>
            <label from="12-1" id="40" name="ScrPart_fertilizer" text="Mulch" type="participant"/>
            <label from="12-7" id="41" name="ScrPart_dirt" text="soil" type="participant"/>
            <label from="13-1" id="42" name="No_label" text="It" type="participant"/>
            <label from="13-9" id="43" name="NPart" text="threat" type="participant"/>
            <label from="13-12" id="44" name="NPart" text="frost" type="participant"/>
            <label from="13-21" id="45" name="NPart" text="future" type="participant"/>
            <label from="14-2" id="46" name="SuppVComp" text="care" type="participant"/>
            <label from="14-4" id="47" name="ScrPart_gardener" text="your" type="participant"/>
            <label from="14-6" id="48" name="ScrPart_tree" text="tree" type="participant"/>
            <label from="14-10" id="49" name="ScrPart_tree" text="it" type="participant"/>
        </participants>
        <events>
            <label from="1-3" id="50" name="Evoking" text="plant a tree" to="1-5" type="event"/>
            <label from="1-9" id="51" name="UnrelEv" text="contact" type="event"/>
            <label from="2-3" id="52" name="UnrelEv" text="come" type="event"/>
            <label from="2-8" id="53" name="UnrelEv" text="mark out" to="2-9" type="event"/>
            <label from="3-2" id="54" name="UnrelEv" text="doing" type="event"/>
            <label from="3-7" id="55" name="ScrEv_dig_hole" text="dig down" to="3-8" type="event"/>
            <label from="3-10" id="56" name="UnrelEv" text="hit" type="event"/>
            <label from="3-16" id="57" name="UnrelEv" text="be" type="event"/>
            <label from="4-3" id="58" name="UnrelEv" text="know" type="event"/>
            <label from="4-6" id="59" name="ScrEv_dig_hole" text="dig" type="event"/>
            <label from="4-8" id="60" name="ScrEv_choose_tree" text="select" type="event"/>
            <label from="4-14" id="61" name="UnrelEv" text="want" type="event"/>
            <label from="5-1" id="62" name="UnrelEv" text="Take" type="event"/>
            <label from="5-11" id="63" name="UnrelEv" text="gets" type="event"/>
            <label from="5-16" id="64" name="UnrelEv" text="are" type="event"/>
            <label from="5-23" id="65" name="UnrelEv" text="want" type="event"/>
            <label from="5-26" id="66" name="RelNScrEv" text="grow" type="event"/>
            <label from="6-1" id="67" name="ScrEv_dig_hole" text="Dig" type="event"/>
            <label from="7-1" id="68" name="ScrEv_place_root" text="Place" type="event"/>
            <label from="7-9" id="69" name="ScrEv_refill_hole" text="fill" type="event"/>
            <label from="8-5" id="70" name="UnrelEv" text="need" type="event"/>
            <label from="8-9" id="71" name="UnrelEv" text="are" type="event"/>
            <label from="9-3" id="72" name="UnrelEv" text="ensure" type="event"/>
            <label from="9-5" id="73" name="RelNScrEv" text="grow" type="event"/>
            <label from="10-2" id="74" name="UnrelEv" text="is" type="event"/>
            <label from="10-5" id="75" name="UnrelEv" text="keep" type="event"/>
            <label from="10-8" id="76" name="ScrEv_water" text="watered" type="event"/>
            <label from="11-3" id="77" name="UnrelEv" text="need" type="event"/>
            <label from="12-2" id="78" name="UnrelEv" text="is" type="event"/>
            <label from="12-5" id="79" name="UnrelEv" text="keep" type="event"/>
            <label from="13-2" id="80" name="UnrelEv" text="'s" type="event"/>
            <label from="13-6" id="81" name="UnrelEv" text="wait" type="event"/>
            <label from="13-14" id="82" name="UnrelEv" text="passed" type="event"/>
            <label from="13-16" id="83" name="UnrelEv" text="is" type="event"/>
            <label from="14-1" id="84" name="UnrelEv" text="Giving" type="event"/>
            <label from="14-8" id="85" name="UnrelEv" text="ensure" type="event"/>
            <label from="14-12" id="86" name="RelNScrEv" text="grow" type="event"/>
        </events>
        <chains>
            <chain elements="0 2 6 10 12 21 15 22 47"/>
            <chain elements="1 14 19 23 25 27 31 33 34 36 37 48 49"/>
            <chain elements="24 28 29"/>
            <chain elements="30 41"/>
        </chains>
    </annotations>
</story>
