<?xml version="1.0" encoding="UTF-8" standalone="no"?>
<!DOCTYPE story SYSTEM "../InScript.dtd">
<story id="033" scenario="tree">
    <text>
        <content>Today I decided I wanted to do something special and plant a tree in my back yard . 
I went to the gardening supply store and bought everything I needed to make this happen . 
I purchased a shovel , some work gloves , and a small potted tree . 
When I got back home I quickly went to my backyard to find the perfect spot for the tree . 
After picking out the spot , I put on my new work gloves to protect my hands . 
Then I got down on my knees , grabbed the small shovel , and started digging a deep enough hole . 
When I was satisfied with the depth of the hole I removed the small tree from the pot and placed it into the hole . 
I then covered up the hole with the dirt and made sure it was secure and safe . 
When I was finished securing it , I watered the surrounding area of the tree and admired my handy work . </content>
        <sentences>
            <sentence id="1">
                <token content="Today" id="1-1">
                    <pos type="NN"/>
                    <lemma type="today"/>
                    <dep head="1-3" type="tmod"/>
                </token>
                <token content="I" id="1-2">
                    <pos type="PRP"/>
                    <lemma type="I"/>
                    <dep head="1-3" type="nsubj"/>
                </token>
                <token content="decided" id="1-3">
                    <pos type="VBD"/>
                    <lemma type="decide"/>
                </token>
                <token content="I" id="1-4">
                    <pos type="PRP"/>
                    <lemma type="I"/>
                    <dep head="1-5" type="nsubj"/>
                </token>
                <token content="wanted" id="1-5">
                    <pos type="VBD"/>
                    <lemma type="want"/>
                    <dep head="1-3" type="ccomp"/>
                </token>
                <token content="to" id="1-6">
                    <pos type="TO"/>
                    <lemma type="to"/>
                    <dep head="1-7" type="aux"/>
                </token>
                <token content="do" id="1-7">
                    <pos type="VB"/>
                    <lemma type="do"/>
                    <dep head="1-5" type="xcomp"/>
                </token>
                <token content="something" id="1-8">
                    <pos type="NN"/>
                    <lemma type="something"/>
                    <dep head="1-7" type="dobj"/>
                </token>
                <token content="special" id="1-9">
                    <pos type="JJ"/>
                    <lemma type="special"/>
                </token>
                <token content="and" id="1-10"/>
                <token content="plant" id="1-11">
                    <pos type="VB"/>
                    <lemma type="plant"/>
                    <dep head="1-7" type="conj"/>
                </token>
                <token content="a" id="1-12">
                    <pos type="DT"/>
                    <lemma type="a"/>
                </token>
                <token content="tree" id="1-13">
                    <pos type="NN"/>
                    <lemma type="tree"/>
                    <dep head="1-11" type="dobj"/>
                </token>
                <token content="in" id="1-14"/>
                <token content="my" id="1-15">
                    <pos type="PRP$"/>
                    <lemma type="my"/>
                </token>
                <token content="back" id="1-16">
                    <pos type="JJ"/>
                    <lemma type="back"/>
                </token>
                <token content="yard" id="1-17">
                    <pos type="NN"/>
                    <lemma type="yard"/>
                </token>
                <token content="." id="1-18"/>
            </sentence>
            <sentence id="2">
                <token content="I" id="2-1">
                    <pos type="PRP"/>
                    <lemma type="I"/>
                    <dep head="2-2" type="nsubj"/>
                </token>
                <token content="went" id="2-2">
                    <pos type="VBD"/>
                    <lemma type="go"/>
                </token>
                <token content="to" id="2-3"/>
                <token content="the" id="2-4">
                    <pos type="DT"/>
                    <lemma type="the"/>
                </token>
                <token content="gardening" id="2-5">
                    <pos type="VBG"/>
                    <lemma type="garden"/>
                </token>
                <token content="supply" id="2-6">
                    <pos type="NN"/>
                    <lemma type="supply"/>
                </token>
                <token content="store" id="2-7">
                    <pos type="NN"/>
                    <lemma type="store"/>
                    <dep head="2-2" type="prep"/>
                </token>
                <token content="and" id="2-8"/>
                <token content="bought" id="2-9">
                    <pos type="VBD"/>
                    <lemma type="buy"/>
                    <dep head="2-2" type="conj"/>
                </token>
                <token content="everything" id="2-10">
                    <pos type="NN"/>
                    <lemma type="everything"/>
                    <dep head="2-9" type="dobj"/>
                </token>
                <token content="I" id="2-11">
                    <pos type="PRP"/>
                    <lemma type="I"/>
                    <dep head="2-12" type="nsubj"/>
                </token>
                <token content="needed" id="2-12">
                    <pos type="VBD"/>
                    <lemma type="need"/>
                    <dep head="2-9" type="dep"/>
                </token>
                <token content="to" id="2-13">
                    <pos type="TO"/>
                    <lemma type="to"/>
                    <dep head="2-14" type="aux"/>
                </token>
                <token content="make" id="2-14">
                    <pos type="VB"/>
                    <lemma type="make"/>
                    <dep head="2-12" type="xcomp"/>
                </token>
                <token content="this" id="2-15">
                    <pos type="DT"/>
                    <lemma type="this"/>
                    <dep head="2-16" type="nsubj"/>
                </token>
                <token content="happen" id="2-16">
                    <pos type="VB"/>
                    <lemma type="happen"/>
                    <dep head="2-14" type="ccomp"/>
                </token>
                <token content="." id="2-17"/>
            </sentence>
            <sentence id="3">
                <token content="I" id="3-1">
                    <pos type="PRP"/>
                    <lemma type="I"/>
                    <dep head="3-2" type="nsubj"/>
                </token>
                <token content="purchased" id="3-2">
                    <pos type="VBD"/>
                    <lemma type="purchase"/>
                </token>
                <token content="a" id="3-3">
                    <pos type="DT"/>
                    <lemma type="a"/>
                </token>
                <token content="shovel" id="3-4">
                    <pos type="NN"/>
                    <lemma type="shovel"/>
                    <dep head="3-2" type="dobj"/>
                </token>
                <token content="," id="3-5"/>
                <token content="some" id="3-6">
                    <pos type="DT"/>
                    <lemma type="some"/>
                </token>
                <token content="work" id="3-7">
                    <pos type="NN"/>
                    <lemma type="work"/>
                </token>
                <token content="gloves" id="3-8">
                    <pos type="NNS"/>
                    <lemma type="glove"/>
                </token>
                <token content="," id="3-9"/>
                <token content="and" id="3-10"/>
                <token content="a" id="3-11">
                    <pos type="DT"/>
                    <lemma type="a"/>
                </token>
                <token content="small" id="3-12">
                    <pos type="JJ"/>
                    <lemma type="small"/>
                </token>
                <token content="potted" id="3-13">
                    <pos type="JJ"/>
                    <lemma type="potted"/>
                </token>
                <token content="tree" id="3-14">
                    <pos type="NN"/>
                    <lemma type="tree"/>
                </token>
                <token content="." id="3-15"/>
            </sentence>
            <sentence id="4">
                <token content="When" id="4-1">
                    <pos type="WRB"/>
                    <lemma type="when"/>
                    <dep head="4-3" type="advmod"/>
                </token>
                <token content="I" id="4-2">
                    <pos type="PRP"/>
                    <lemma type="I"/>
                    <dep head="4-3" type="nsubj"/>
                </token>
                <token content="got" id="4-3">
                    <pos type="VBD"/>
                    <lemma type="get"/>
                    <dep head="4-8" type="advcl"/>
                </token>
                <token content="back" id="4-4">
                    <pos type="RB"/>
                    <lemma type="back"/>
                    <dep head="4-3" type="advmod"/>
                </token>
                <token content="home" id="4-5">
                    <pos type="NN"/>
                    <lemma type="home"/>
                </token>
                <token content="I" id="4-6">
                    <pos type="PRP"/>
                    <lemma type="I"/>
                    <dep head="4-8" type="nsubj"/>
                </token>
                <token content="quickly" id="4-7">
                    <pos type="RB"/>
                    <lemma type="quickly"/>
                    <dep head="4-8" type="advmod"/>
                </token>
                <token content="went" id="4-8">
                    <pos type="VBD"/>
                    <lemma type="go"/>
                </token>
                <token content="to" id="4-9"/>
                <token content="my" id="4-10">
                    <pos type="PRP$"/>
                    <lemma type="my"/>
                </token>
                <token content="backyard" id="4-11">
                    <pos type="NN"/>
                    <lemma type="backyard"/>
                    <dep head="4-8" type="prep"/>
                </token>
                <token content="to" id="4-12">
                    <pos type="TO"/>
                    <lemma type="to"/>
                    <dep head="4-13" type="aux"/>
                </token>
                <token content="find" id="4-13">
                    <pos type="VB"/>
                    <lemma type="find"/>
                </token>
                <token content="the" id="4-14">
                    <pos type="DT"/>
                    <lemma type="the"/>
                </token>
                <token content="perfect" id="4-15">
                    <pos type="JJ"/>
                    <lemma type="perfect"/>
                </token>
                <token content="spot" id="4-16">
                    <pos type="NN"/>
                    <lemma type="spot"/>
                    <dep head="4-13" type="dobj"/>
                </token>
                <token content="for" id="4-17"/>
                <token content="the" id="4-18">
                    <pos type="DT"/>
                    <lemma type="the"/>
                </token>
                <token content="tree" id="4-19">
                    <pos type="NN"/>
                    <lemma type="tree"/>
                </token>
                <token content="." id="4-20"/>
            </sentence>
            <sentence id="5">
                <token content="After" id="5-1"/>
                <token content="picking" id="5-2">
                    <pos type="VBG"/>
                    <lemma type="pick"/>
                    <dep head="5-8" type="prepc"/>
                </token>
                <token content="out" id="5-3">
                    <pos type="RP"/>
                    <lemma type="out"/>
                    <dep head="5-2" type="prt"/>
                </token>
                <token content="the" id="5-4">
                    <pos type="DT"/>
                    <lemma type="the"/>
                </token>
                <token content="spot" id="5-5">
                    <pos type="NN"/>
                    <lemma type="spot"/>
                    <dep head="5-2" type="dobj"/>
                </token>
                <token content="," id="5-6"/>
                <token content="I" id="5-7">
                    <pos type="PRP"/>
                    <lemma type="I"/>
                    <dep head="5-8" type="nsubj"/>
                </token>
                <token content="put" id="5-8">
                    <pos type="VBD"/>
                    <lemma type="put"/>
                </token>
                <token content="on" id="5-9"/>
                <token content="my" id="5-10">
                    <pos type="PRP$"/>
                    <lemma type="my"/>
                </token>
                <token content="new" id="5-11">
                    <pos type="JJ"/>
                    <lemma type="new"/>
                </token>
                <token content="work" id="5-12">
                    <pos type="NN"/>
                    <lemma type="work"/>
                </token>
                <token content="gloves" id="5-13">
                    <pos type="NNS"/>
                    <lemma type="glove"/>
                    <dep head="5-8" type="prep"/>
                </token>
                <token content="to" id="5-14">
                    <pos type="TO"/>
                    <lemma type="to"/>
                    <dep head="5-15" type="aux"/>
                </token>
                <token content="protect" id="5-15">
                    <pos type="VB"/>
                    <lemma type="protect"/>
                    <dep head="5-8" type="xcomp"/>
                </token>
                <token content="my" id="5-16">
                    <pos type="PRP$"/>
                    <lemma type="my"/>
                </token>
                <token content="hands" id="5-17">
                    <pos type="NNS"/>
                    <lemma type="hand"/>
                    <dep head="5-15" type="dobj"/>
                </token>
                <token content="." id="5-18"/>
            </sentence>
            <sentence id="6">
                <token content="Then" id="6-1">
                    <pos type="RB"/>
                    <lemma type="then"/>
                    <dep head="6-3" type="advmod"/>
                </token>
                <token content="I" id="6-2">
                    <pos type="PRP"/>
                    <lemma type="I"/>
                    <dep head="6-3" type="nsubj"/>
                </token>
                <token content="got" id="6-3">
                    <pos type="VBD"/>
                    <lemma type="get"/>
                </token>
                <token content="down" id="6-4">
                    <pos type="RP"/>
                    <lemma type="down"/>
                    <dep head="6-3" type="prt"/>
                </token>
                <token content="on" id="6-5"/>
                <token content="my" id="6-6">
                    <pos type="PRP$"/>
                    <lemma type="my"/>
                </token>
                <token content="knees" id="6-7">
                    <pos type="NNS"/>
                    <lemma type="knee"/>
                    <dep head="6-3" type="prep"/>
                </token>
                <token content="," id="6-8"/>
                <token content="grabbed" id="6-9">
                    <pos type="VBD"/>
                    <lemma type="grab"/>
                    <dep head="6-3" type="conj"/>
                </token>
                <token content="the" id="6-10">
                    <pos type="DT"/>
                    <lemma type="the"/>
                </token>
                <token content="small" id="6-11">
                    <pos type="JJ"/>
                    <lemma type="small"/>
                </token>
                <token content="shovel" id="6-12">
                    <pos type="NN"/>
                    <lemma type="shovel"/>
                    <dep head="6-9" type="dobj"/>
                </token>
                <token content="," id="6-13"/>
                <token content="and" id="6-14"/>
                <token content="started" id="6-15">
                    <pos type="VBD"/>
                    <lemma type="start"/>
                    <dep head="6-3" type="conj"/>
                </token>
                <token content="digging" id="6-16">
                    <pos type="NN"/>
                    <lemma type="digging"/>
                    <dep head="6-15" type="iobj"/>
                </token>
                <token content="a" id="6-17">
                    <pos type="DT"/>
                    <lemma type="a"/>
                </token>
                <token content="deep" id="6-18">
                    <pos type="JJ"/>
                    <lemma type="deep"/>
                </token>
                <token content="enough" id="6-19">
                    <pos type="JJ"/>
                    <lemma type="enough"/>
                </token>
                <token content="hole" id="6-20">
                    <pos type="NN"/>
                    <lemma type="hole"/>
                    <dep head="6-15" type="dobj"/>
                </token>
                <token content="." id="6-21"/>
            </sentence>
            <sentence id="7">
                <token content="When" id="7-1">
                    <pos type="WRB"/>
                    <lemma type="when"/>
                    <dep head="7-4" type="advmod"/>
                </token>
                <token content="I" id="7-2">
                    <pos type="PRP"/>
                    <lemma type="I"/>
                    <dep head="7-4" type="nsubjpass"/>
                </token>
                <token content="was" id="7-3">
                    <pos type="VBD"/>
                    <lemma type="be"/>
                    <dep head="7-4" type="auxpass"/>
                </token>
                <token content="satisfied" id="7-4">
                    <pos type="VBN"/>
                    <lemma type="satisfy"/>
                    <dep head="7-12" type="advcl"/>
                </token>
                <token content="with" id="7-5"/>
                <token content="the" id="7-6">
                    <pos type="DT"/>
                    <lemma type="the"/>
                </token>
                <token content="depth" id="7-7">
                    <pos type="NN"/>
                    <lemma type="depth"/>
                    <dep head="7-4" type="prep"/>
                </token>
                <token content="of" id="7-8"/>
                <token content="the" id="7-9">
                    <pos type="DT"/>
                    <lemma type="the"/>
                </token>
                <token content="hole" id="7-10">
                    <pos type="NN"/>
                    <lemma type="hole"/>
                </token>
                <token content="I" id="7-11">
                    <pos type="PRP"/>
                    <lemma type="I"/>
                    <dep head="7-12" type="nsubj"/>
                </token>
                <token content="removed" id="7-12">
                    <pos type="VBD"/>
                    <lemma type="remove"/>
                </token>
                <token content="the" id="7-13">
                    <pos type="DT"/>
                    <lemma type="the"/>
                </token>
                <token content="small" id="7-14">
                    <pos type="JJ"/>
                    <lemma type="small"/>
                </token>
                <token content="tree" id="7-15">
                    <pos type="NN"/>
                    <lemma type="tree"/>
                    <dep head="7-12" type="dobj"/>
                </token>
                <token content="from" id="7-16"/>
                <token content="the" id="7-17">
                    <pos type="DT"/>
                    <lemma type="the"/>
                </token>
                <token content="pot" id="7-18">
                    <pos type="NN"/>
                    <lemma type="pot"/>
                    <dep head="7-12" type="prep"/>
                </token>
                <token content="and" id="7-19"/>
                <token content="placed" id="7-20">
                    <pos type="VBD"/>
                    <lemma type="place"/>
                    <dep head="7-12" type="conj"/>
                </token>
                <token content="it" id="7-21">
                    <pos type="PRP"/>
                    <lemma type="it"/>
                    <dep head="7-20" type="dobj"/>
                </token>
                <token content="into" id="7-22"/>
                <token content="the" id="7-23">
                    <pos type="DT"/>
                    <lemma type="the"/>
                </token>
                <token content="hole" id="7-24">
                    <pos type="NN"/>
                    <lemma type="hole"/>
                    <dep head="7-20" type="prep"/>
                </token>
                <token content="." id="7-25"/>
            </sentence>
            <sentence id="8">
                <token content="I" id="8-1">
                    <pos type="PRP"/>
                    <lemma type="I"/>
                    <dep head="8-3" type="nsubj"/>
                </token>
                <token content="then" id="8-2">
                    <pos type="RB"/>
                    <lemma type="then"/>
                    <dep head="8-3" type="advmod"/>
                </token>
                <token content="covered" id="8-3">
                    <pos type="VBD"/>
                    <lemma type="cover"/>
                </token>
                <token content="up" id="8-4">
                    <pos type="RP"/>
                    <lemma type="up"/>
                    <dep head="8-3" type="prt"/>
                </token>
                <token content="the" id="8-5">
                    <pos type="DT"/>
                    <lemma type="the"/>
                </token>
                <token content="hole" id="8-6">
                    <pos type="NN"/>
                    <lemma type="hole"/>
                    <dep head="8-3" type="dobj"/>
                </token>
                <token content="with" id="8-7"/>
                <token content="the" id="8-8">
                    <pos type="DT"/>
                    <lemma type="the"/>
                </token>
                <token content="dirt" id="8-9">
                    <pos type="NN"/>
                    <lemma type="dirt"/>
                    <dep head="8-3" type="prep"/>
                </token>
                <token content="and" id="8-10"/>
                <token content="made" id="8-11">
                    <pos type="VBD"/>
                    <lemma type="make"/>
                    <dep head="8-3" type="conj"/>
                </token>
                <token content="sure" id="8-12">
                    <pos type="JJ"/>
                    <lemma type="sure"/>
                    <dep head="8-11" type="acomp"/>
                </token>
                <token content="it" id="8-13">
                    <pos type="PRP"/>
                    <lemma type="it"/>
                </token>
                <token content="was" id="8-14">
                    <pos type="VBD"/>
                    <lemma type="be"/>
                </token>
                <token content="secure" id="8-15">
                    <pos type="JJ"/>
                    <lemma type="secure"/>
                </token>
                <token content="and" id="8-16"/>
                <token content="safe" id="8-17">
                    <pos type="JJ"/>
                    <lemma type="safe"/>
                </token>
                <token content="." id="8-18"/>
            </sentence>
            <sentence id="9">
                <token content="When" id="9-1">
                    <pos type="WRB"/>
                    <lemma type="when"/>
                    <dep head="9-4" type="advmod"/>
                </token>
                <token content="I" id="9-2">
                    <pos type="PRP"/>
                    <lemma type="I"/>
                    <dep head="9-4" type="nsubjpass"/>
                </token>
                <token content="was" id="9-3">
                    <pos type="VBD"/>
                    <lemma type="be"/>
                    <dep head="9-4" type="auxpass"/>
                </token>
                <token content="finished" id="9-4">
                    <pos type="VBN"/>
                    <lemma type="finish"/>
                    <dep head="9-9" type="advcl"/>
                </token>
                <token content="securing" id="9-5">
                    <pos type="VBG"/>
                    <lemma type="secure"/>
                    <dep head="9-4" type="xcomp"/>
                </token>
                <token content="it" id="9-6">
                    <pos type="PRP"/>
                    <lemma type="it"/>
                    <dep head="9-5" type="dobj"/>
                </token>
                <token content="," id="9-7"/>
                <token content="I" id="9-8">
                    <pos type="PRP"/>
                    <lemma type="I"/>
                    <dep head="9-9" type="nsubj"/>
                </token>
                <token content="watered" id="9-9">
                    <pos type="VBD"/>
                    <lemma type="water"/>
                </token>
                <token content="the" id="9-10">
                    <pos type="DT"/>
                    <lemma type="the"/>
                </token>
                <token content="surrounding" id="9-11">
                    <pos type="VBG"/>
                    <lemma type="surround"/>
                </token>
                <token content="area" id="9-12">
                    <pos type="NN"/>
                    <lemma type="area"/>
                    <dep head="9-9" type="dobj"/>
                </token>
                <token content="of" id="9-13"/>
                <token content="the" id="9-14">
                    <pos type="DT"/>
                    <lemma type="the"/>
                </token>
                <token content="tree" id="9-15">
                    <pos type="NN"/>
                    <lemma type="tree"/>
                </token>
                <token content="and" id="9-16"/>
                <token content="admired" id="9-17">
                    <pos type="VBD"/>
                    <lemma type="admire"/>
                    <dep head="9-9" type="conj"/>
                </token>
                <token content="my" id="9-18">
                    <pos type="PRP$"/>
                    <lemma type="my"/>
                </token>
                <token content="handy" id="9-19">
                    <pos type="JJ"/>
                    <lemma type="handy"/>
                </token>
                <token content="work" id="9-20">
                    <pos type="NN"/>
                    <lemma type="work"/>
                    <dep head="9-17" type="dobj"/>
                </token>
                <token content="." id="9-21"/>
            </sentence>
        </sentences>
    </text>
    <annotations>
        <participants>
            <label from="1-2" id="0" name="ScrPart_gardener" text="I" type="participant"/>
            <label from="1-4" id="1" name="ScrPart_gardener" text="I" type="participant"/>
            <label from="1-8" id="2" name="No_label" text="something" type="participant"/>
            <label from="1-13" id="3" name="ScrPart_tree" text="tree" type="participant"/>
            <label from="1-15" id="4" name="ScrPart_gardener" text="my" type="participant"/>
            <label from="1-16" id="5" name="ScrPart_location_garden" text="back yard" to="1-17" type="participant"/>
            <label from="1-17" id="6" name="ScrPart_location_garden" text="yard" type="participant"/>
            <label from="2-1" id="7" name="ScrPart_gardener" text="I" type="participant"/>
            <label from="2-5" id="8" name="ScrPart_shop" text="gardening supply store" to="2-7" type="participant"/>
            <label from="2-7" id="9" name="ScrPart_shop" text="store" type="participant"/>
            <label from="2-10" id="10" name="Unclear" text="everything" type="participant"/>
            <label from="2-11" id="11" name="ScrPart_gardener" text="I" type="participant"/>
            <label from="3-1" id="12" name="ScrPart_gardener" text="I" type="participant"/>
            <label from="3-4" id="13" name="ScrPart_gardening_tool" text="shovel" type="participant"/>
            <label from="3-7" id="14" name="ScrPart_gardening_tool" text="work gloves" to="3-8" type="participant"/>
            <label from="3-8" id="15" name="ScrPart_gardening_tool" text="gloves" type="participant"/>
            <label from="3-14" id="16" name="ScrPart_tree" text="tree" type="participant"/>
            <label from="4-2" id="17" name="ScrPart_gardener" text="I" type="participant"/>
            <label from="4-5" id="18" name="NPart" text="home" type="participant"/>
            <label from="4-6" id="19" name="ScrPart_gardener" text="I" type="participant"/>
            <label from="4-10" id="20" name="ScrPart_gardener" text="my" type="participant"/>
            <label from="4-11" id="21" name="ScrPart_location_garden" text="backyard" type="participant"/>
            <label from="4-16" id="22" name="ScrPart_location_garden" text="spot" type="participant"/>
            <label from="4-19" id="23" name="ScrPart_tree" text="tree" type="participant"/>
            <label from="5-5" id="24" name="ScrPart_location_garden" text="spot" type="participant"/>
            <label from="5-7" id="25" name="ScrPart_gardener" text="I" type="participant"/>
            <label from="5-10" id="26" name="ScrPart_gardener" text="my" type="participant"/>
            <label from="5-12" id="27" name="ScrPart_gardening_tool" text="work gloves" to="5-13" type="participant"/>
            <label from="5-13" id="28" name="ScrPart_gardening_tool" text="gloves" type="participant"/>
            <label from="5-16" id="29" name="ScrPart_gardener" text="my" type="participant"/>
            <label from="5-17" id="30" name="NPart" text="hands" type="participant"/>
            <label from="6-2" id="31" name="ScrPart_gardener" text="I" type="participant"/>
            <label from="6-6" id="32" name="ScrPart_gardener" text="my" type="participant"/>
            <label from="6-7" id="33" name="NPart" text="knees" type="participant"/>
            <label from="6-12" id="34" name="ScrPart_gardening_tool" text="shovel" type="participant"/>
            <label from="6-20" id="35" name="ScrPart_hole" text="hole" type="participant"/>
            <label from="7-2" id="36" name="ScrPart_gardener" text="I" type="participant"/>
            <label from="7-7" id="37" name="NPart" text="depth" type="participant"/>
            <label from="7-10" id="38" name="ScrPart_hole" text="hole" type="participant"/>
            <label from="7-11" id="39" name="ScrPart_gardener" text="I" type="participant"/>
            <label from="7-15" id="40" name="ScrPart_tree" text="tree" type="participant"/>
            <label from="7-18" id="41" name="ScrPart_wrapping" text="pot" type="participant"/>
            <label from="7-21" id="42" name="ScrPart_tree" text="it" type="participant"/>
            <label from="7-24" id="43" name="ScrPart_hole" text="hole" type="participant"/>
            <label from="8-1" id="44" name="ScrPart_gardener" text="I" type="participant"/>
            <label from="8-6" id="45" name="ScrPart_hole" text="hole" type="participant"/>
            <label from="8-9" id="46" name="ScrPart_dirt" text="dirt" type="participant"/>
            <label from="8-13" id="47" name="ScrPart_tree" text="it" type="participant"/>
            <label from="9-2" id="48" name="ScrPart_gardener" text="I" type="participant"/>
            <label from="9-6" id="49" name="ScrPart_tree" text="it" type="participant"/>
            <label from="9-8" id="50" name="ScrPart_gardener" text="I" type="participant"/>
            <label from="9-12" id="51" name="ScrPart_location_garden" text="area" type="participant"/>
            <label from="9-15" id="52" name="ScrPart_tree" text="tree" type="participant"/>
            <label from="9-18" id="53" name="ScrPart_gardener" text="my" type="participant"/>
            <label from="9-20" id="54" name="NPart" text="work" type="participant"/>
        </participants>
        <events>
            <label from="1-3" id="55" name="UnrelEv" text="decided" type="event"/>
            <label from="1-5" id="56" name="UnrelEv" text="wanted" type="event"/>
            <label from="1-7" id="57" name="UnrelEv" text="do" type="event"/>
            <label from="1-11" id="58" name="Evoking" text="plant a tree" to="1-13" type="event"/>
            <label from="2-2" id="59" name="RelNScrEv" text="went" type="event"/>
            <label from="2-9" id="60" name="ScrEv_get_tree" text="bought" type="event"/>
            <label from="2-12" id="61" name="RelNScrEv" text="needed" type="event"/>
            <label from="2-14" id="62" name="UnrelEv" text="make" type="event"/>
            <label from="2-16" id="63" name="Unclear" text="happen" type="event"/>
            <label from="3-2" id="64" name="ScrEv_get_tree" text="purchased" type="event"/>
            <label from="3-13" id="65" name="ScrEv_unwrap_root" text="potted" type="event"/>
            <label from="4-3" id="66" name="ScrEv_take_home" text="got back" to="4-4" type="event"/>
            <label from="4-8" id="67" name="RelNScrEv" text="went" type="event"/>
            <label from="4-13" id="68" name="ScrEv_find_place" text="find" type="event"/>
            <label from="5-2" id="69" name="ScrEv_find_place" text="picking out" to="5-3" type="event"/>
            <label from="5-8" id="70" name="ScrEv_get_tools" text="put on" to="5-9" type="event"/>
            <label from="5-15" id="71" name="RelNScrEv" text="protect" type="event"/>
            <label from="6-3" id="72" name="RelNScrEv" text="got down" to="6-4" type="event"/>
            <label from="6-9" id="73" name="ScrEv_get_tools" text="grabbed" type="event"/>
            <label from="6-15" id="74" name="UnrelEv" text="started" type="event"/>
            <label from="6-16" id="75" name="ScrEv_dig_hole" text="digging" type="event"/>
            <label from="7-4" id="76" name="UnrelEv" text="satisfied" type="event"/>
            <label from="7-12" id="77" name="ScrEv_unwrap_root" text="removed" type="event"/>
            <label from="7-20" id="78" name="ScrEv_place_root" text="placed" type="event"/>
            <label from="8-3" id="79" name="ScrEv_refill_hole" text="covered up" to="8-4" type="event"/>
            <label from="8-11" id="80" name="RelNScrEv" text="made sure" to="8-12" type="event"/>
            <label from="8-14" id="81" name="UnrelEv" text="was" type="event"/>
            <label from="9-4" id="82" name="UnrelEv" text="finished" type="event"/>
            <label from="9-5" id="83" name="ScrEv_tie_stakes_up" text="securing" type="event"/>
            <label from="9-9" id="84" name="ScrEv_water" text="watered" type="event"/>
            <label from="9-11" id="85" name="UnrelEv" text="surrounding" type="event"/>
            <label from="9-17" id="86" name="UnrelEv" text="admired" type="event"/>
        </events>
        <chains>
            <chain elements="1 0 4 7 11 12 17 19 20 25 26 29 31 32 36 39 44 48 50 53"/>
            <chain elements="16 3 10 15 13 34 28 23 40 42 47 49 52"/>
            <chain elements="21 6 22 24 51"/>
            <chain elements="38 35 43 45"/>
        </chains>
    </annotations>
</story>
