<?xml version="1.0" encoding="UTF-8" standalone="no"?>
<!DOCTYPE story SYSTEM "../InScript.dtd">
<story id="026" scenario="tree">
    <text>
        <content>Two days ago , it was Earth Day . 
A few people were giving out seeds in order to project the idea of green living into people 's minds . 
My friend and I , Joey , decided that we would help to plant a few trees in order to contribute to the efforts . 
We received a few tree saplings in the mail from a catalog . 
Joey and I decided that we would plant them in our backyard to provide shade . 
While the trees might be small now , hopefully they would grow into big trees for maybe our kids . 
We got all down and dirty in the grass , starting to rake up a circle of grass in order to turn over some topsoil . 
We had a trowel , and yes we called it a trowel , and we dug into the dirt to start planting the tree . 
We made a six inch deep hole in the soil , and then put the tree in . 
We finished by packing the soil down around the roots of the small tree , and then we watered it . </content>
        <sentences>
            <sentence id="1">
                <token content="Two" id="1-1">
                    <pos type="CD"/>
                    <lemma type="two"/>
                </token>
                <token content="days" id="1-2">
                    <pos type="NNS"/>
                    <lemma type="day"/>
                </token>
                <token content="ago" id="1-3">
                    <pos type="RB"/>
                    <lemma type="ago"/>
                </token>
                <token content="," id="1-4"/>
                <token content="it" id="1-5">
                    <pos type="PRP"/>
                    <lemma type="it"/>
                </token>
                <token content="was" id="1-6">
                    <pos type="VBD"/>
                    <lemma type="be"/>
                </token>
                <token content="Earth" id="1-7">
                    <pos type="NNP"/>
                    <lemma type="Earth"/>
                </token>
                <token content="Day" id="1-8">
                    <pos type="NNP"/>
                    <lemma type="Day"/>
                </token>
                <token content="." id="1-9"/>
            </sentence>
            <sentence id="2">
                <token content="A" id="2-1">
                    <pos type="DT"/>
                    <lemma type="a"/>
                </token>
                <token content="few" id="2-2">
                    <pos type="JJ"/>
                    <lemma type="few"/>
                </token>
                <token content="people" id="2-3">
                    <pos type="NNS"/>
                    <lemma type="people"/>
                    <dep head="2-5" type="nsubj"/>
                </token>
                <token content="were" id="2-4">
                    <pos type="VBD"/>
                    <lemma type="be"/>
                    <dep head="2-5" type="aux"/>
                </token>
                <token content="giving" id="2-5">
                    <pos type="VBG"/>
                    <lemma type="give"/>
                </token>
                <token content="out" id="2-6">
                    <pos type="RP"/>
                    <lemma type="out"/>
                    <dep head="2-5" type="prt"/>
                </token>
                <token content="seeds" id="2-7">
                    <pos type="NNS"/>
                    <lemma type="seed"/>
                    <dep head="2-5" type="dobj"/>
                </token>
                <token content="in" id="2-8"/>
                <token content="order" id="2-9">
                    <pos type="NN"/>
                    <lemma type="order"/>
                </token>
                <token content="to" id="2-10">
                    <pos type="TO"/>
                    <lemma type="to"/>
                    <dep head="2-11" type="aux"/>
                </token>
                <token content="project" id="2-11">
                    <pos type="VB"/>
                    <lemma type="project"/>
                    <dep head="2-5" type="vmod"/>
                </token>
                <token content="the" id="2-12">
                    <pos type="DT"/>
                    <lemma type="the"/>
                </token>
                <token content="idea" id="2-13">
                    <pos type="NN"/>
                    <lemma type="idea"/>
                    <dep head="2-11" type="dobj"/>
                </token>
                <token content="of" id="2-14"/>
                <token content="green" id="2-15">
                    <pos type="JJ"/>
                    <lemma type="green"/>
                </token>
                <token content="living" id="2-16">
                    <pos type="NN"/>
                    <lemma type="living"/>
                </token>
                <token content="into" id="2-17"/>
                <token content="people" id="2-18">
                    <pos type="NNS"/>
                    <lemma type="people"/>
                </token>
                <token content="'s" id="2-19"/>
                <token content="minds" id="2-20">
                    <pos type="NNS"/>
                    <lemma type="mind"/>
                    <dep head="2-11" type="prep"/>
                </token>
                <token content="." id="2-21"/>
            </sentence>
            <sentence id="3">
                <token content="My" id="3-1">
                    <pos type="PRP$"/>
                    <lemma type="my"/>
                </token>
                <token content="friend" id="3-2">
                    <pos type="NN"/>
                    <lemma type="friend"/>
                    <dep head="3-8" type="nsubj"/>
                </token>
                <token content="and" id="3-3"/>
                <token content="I" id="3-4">
                    <pos type="PRP"/>
                    <lemma type="I"/>
                </token>
                <token content="," id="3-5"/>
                <token content="Joey" id="3-6">
                    <pos type="NNP"/>
                    <lemma type="Joey"/>
                </token>
                <token content="," id="3-7"/>
                <token content="decided" id="3-8">
                    <pos type="VBD"/>
                    <lemma type="decide"/>
                </token>
                <token content="that" id="3-9">
                    <pos type="IN"/>
                    <lemma type="that"/>
                    <dep head="3-12" type="mark"/>
                </token>
                <token content="we" id="3-10">
                    <pos type="PRP"/>
                    <lemma type="we"/>
                    <dep head="3-12" type="nsubj"/>
                </token>
                <token content="would" id="3-11">
                    <pos type="MD"/>
                    <lemma type="would"/>
                    <dep head="3-12" type="aux"/>
                </token>
                <token content="help" id="3-12">
                    <pos type="VB"/>
                    <lemma type="help"/>
                    <dep head="3-8" type="ccomp"/>
                </token>
                <token content="to" id="3-13">
                    <pos type="TO"/>
                    <lemma type="to"/>
                    <dep head="3-14" type="aux"/>
                </token>
                <token content="plant" id="3-14">
                    <pos type="VB"/>
                    <lemma type="plant"/>
                    <dep head="3-12" type="xcomp"/>
                </token>
                <token content="a" id="3-15">
                    <pos type="DT"/>
                    <lemma type="a"/>
                </token>
                <token content="few" id="3-16">
                    <pos type="JJ"/>
                    <lemma type="few"/>
                </token>
                <token content="trees" id="3-17">
                    <pos type="NNS"/>
                    <lemma type="tree"/>
                    <dep head="3-14" type="dobj"/>
                </token>
                <token content="in" id="3-18">
                    <pos type="IN"/>
                    <lemma type="in"/>
                    <dep head="3-21" type="mark"/>
                </token>
                <token content="order" id="3-19">
                    <pos type="NN"/>
                    <lemma type="order"/>
                    <dep head="3-21" type="dep"/>
                </token>
                <token content="to" id="3-20">
                    <pos type="TO"/>
                    <lemma type="to"/>
                    <dep head="3-21" type="aux"/>
                </token>
                <token content="contribute" id="3-21">
                    <pos type="VB"/>
                    <lemma type="contribute"/>
                    <dep head="3-14" type="advcl"/>
                </token>
                <token content="to" id="3-22"/>
                <token content="the" id="3-23">
                    <pos type="DT"/>
                    <lemma type="the"/>
                </token>
                <token content="efforts" id="3-24">
                    <pos type="NNS"/>
                    <lemma type="effort"/>
                    <dep head="3-21" type="prep"/>
                </token>
                <token content="." id="3-25"/>
            </sentence>
            <sentence id="4">
                <token content="We" id="4-1">
                    <pos type="PRP"/>
                    <lemma type="we"/>
                    <dep head="4-2" type="nsubj"/>
                </token>
                <token content="received" id="4-2">
                    <pos type="VBD"/>
                    <lemma type="receive"/>
                </token>
                <token content="a" id="4-3">
                    <pos type="DT"/>
                    <lemma type="a"/>
                </token>
                <token content="few" id="4-4">
                    <pos type="JJ"/>
                    <lemma type="few"/>
                </token>
                <token content="tree" id="4-5">
                    <pos type="NN"/>
                    <lemma type="tree"/>
                </token>
                <token content="saplings" id="4-6">
                    <pos type="NNS"/>
                    <lemma type="sapling"/>
                    <dep head="4-2" type="dobj"/>
                </token>
                <token content="in" id="4-7"/>
                <token content="the" id="4-8">
                    <pos type="DT"/>
                    <lemma type="the"/>
                </token>
                <token content="mail" id="4-9">
                    <pos type="NN"/>
                    <lemma type="mail"/>
                    <dep head="4-2" type="prep"/>
                </token>
                <token content="from" id="4-10"/>
                <token content="a" id="4-11">
                    <pos type="DT"/>
                    <lemma type="a"/>
                </token>
                <token content="catalog" id="4-12">
                    <pos type="NN"/>
                    <lemma type="catalog"/>
                    <dep head="4-2" type="prep"/>
                </token>
                <token content="." id="4-13"/>
            </sentence>
            <sentence id="5">
                <token content="Joey" id="5-1">
                    <pos type="NNP"/>
                    <lemma type="Joey"/>
                    <dep head="5-4" type="nsubj"/>
                </token>
                <token content="and" id="5-2"/>
                <token content="I" id="5-3">
                    <pos type="PRP"/>
                    <lemma type="I"/>
                </token>
                <token content="decided" id="5-4">
                    <pos type="VBD"/>
                    <lemma type="decide"/>
                </token>
                <token content="that" id="5-5">
                    <pos type="IN"/>
                    <lemma type="that"/>
                    <dep head="5-8" type="mark"/>
                </token>
                <token content="we" id="5-6">
                    <pos type="PRP"/>
                    <lemma type="we"/>
                    <dep head="5-8" type="nsubj"/>
                </token>
                <token content="would" id="5-7">
                    <pos type="MD"/>
                    <lemma type="would"/>
                    <dep head="5-8" type="aux"/>
                </token>
                <token content="plant" id="5-8">
                    <pos type="VB"/>
                    <lemma type="plant"/>
                    <dep head="5-4" type="ccomp"/>
                </token>
                <token content="them" id="5-9">
                    <pos type="PRP"/>
                    <lemma type="they"/>
                    <dep head="5-8" type="dobj"/>
                </token>
                <token content="in" id="5-10"/>
                <token content="our" id="5-11">
                    <pos type="PRP$"/>
                    <lemma type="we"/>
                </token>
                <token content="backyard" id="5-12">
                    <pos type="NN"/>
                    <lemma type="backyard"/>
                    <dep head="5-8" type="prep"/>
                </token>
                <token content="to" id="5-13">
                    <pos type="TO"/>
                    <lemma type="to"/>
                    <dep head="5-14" type="aux"/>
                </token>
                <token content="provide" id="5-14">
                    <pos type="VB"/>
                    <lemma type="provide"/>
                </token>
                <token content="shade" id="5-15">
                    <pos type="NN"/>
                    <lemma type="shade"/>
                    <dep head="5-14" type="dobj"/>
                </token>
                <token content="." id="5-16"/>
            </sentence>
            <sentence id="6">
                <token content="While" id="6-1">
                    <pos type="IN"/>
                    <lemma type="while"/>
                </token>
                <token content="the" id="6-2">
                    <pos type="DT"/>
                    <lemma type="the"/>
                </token>
                <token content="trees" id="6-3">
                    <pos type="NNS"/>
                    <lemma type="tree"/>
                </token>
                <token content="might" id="6-4">
                    <pos type="MD"/>
                    <lemma type="might"/>
                </token>
                <token content="be" id="6-5">
                    <pos type="VB"/>
                    <lemma type="be"/>
                </token>
                <token content="small" id="6-6">
                    <pos type="JJ"/>
                    <lemma type="small"/>
                    <dep head="6-12" type="advcl"/>
                </token>
                <token content="now" id="6-7">
                    <pos type="RB"/>
                    <lemma type="now"/>
                </token>
                <token content="," id="6-8"/>
                <token content="hopefully" id="6-9">
                    <pos type="RB"/>
                    <lemma type="hopefully"/>
                </token>
                <token content="they" id="6-10">
                    <pos type="PRP"/>
                    <lemma type="they"/>
                    <dep head="6-12" type="nsubj"/>
                </token>
                <token content="would" id="6-11">
                    <pos type="MD"/>
                    <lemma type="would"/>
                    <dep head="6-12" type="aux"/>
                </token>
                <token content="grow" id="6-12">
                    <pos type="VB"/>
                    <lemma type="grow"/>
                </token>
                <token content="into" id="6-13"/>
                <token content="big" id="6-14">
                    <pos type="JJ"/>
                    <lemma type="big"/>
                </token>
                <token content="trees" id="6-15">
                    <pos type="NNS"/>
                    <lemma type="tree"/>
                    <dep head="6-12" type="prep"/>
                </token>
                <token content="for" id="6-16"/>
                <token content="maybe" id="6-17">
                    <pos type="RB"/>
                    <lemma type="maybe"/>
                </token>
                <token content="our" id="6-18">
                    <pos type="PRP$"/>
                    <lemma type="we"/>
                </token>
                <token content="kids" id="6-19">
                    <pos type="NNS"/>
                    <lemma type="kid"/>
                </token>
                <token content="." id="6-20"/>
            </sentence>
            <sentence id="7">
                <token content="We" id="7-1">
                    <pos type="PRP"/>
                    <lemma type="we"/>
                    <dep head="7-2" type="nsubj"/>
                </token>
                <token content="got" id="7-2">
                    <pos type="VBD"/>
                    <lemma type="get"/>
                </token>
                <token content="all" id="7-3">
                    <pos type="DT"/>
                    <lemma type="all"/>
                </token>
                <token content="down" id="7-4">
                    <pos type="RB"/>
                    <lemma type="down"/>
                    <dep head="7-2" type="advmod"/>
                </token>
                <token content="and" id="7-5"/>
                <token content="dirty" id="7-6">
                    <pos type="RB"/>
                    <lemma type="dirty"/>
                </token>
                <token content="in" id="7-7"/>
                <token content="the" id="7-8">
                    <pos type="DT"/>
                    <lemma type="the"/>
                </token>
                <token content="grass" id="7-9">
                    <pos type="NN"/>
                    <lemma type="grass"/>
                    <dep head="7-2" type="prep"/>
                </token>
                <token content="," id="7-10"/>
                <token content="starting" id="7-11">
                    <pos type="VBG"/>
                    <lemma type="start"/>
                    <dep head="7-2" type="xcomp"/>
                </token>
                <token content="to" id="7-12">
                    <pos type="TO"/>
                    <lemma type="to"/>
                    <dep head="7-13" type="aux"/>
                </token>
                <token content="rake" id="7-13">
                    <pos type="VB"/>
                    <lemma type="rake"/>
                    <dep head="7-11" type="xcomp"/>
                </token>
                <token content="up" id="7-14">
                    <pos type="RP"/>
                    <lemma type="up"/>
                    <dep head="7-13" type="prt"/>
                </token>
                <token content="a" id="7-15">
                    <pos type="DT"/>
                    <lemma type="a"/>
                </token>
                <token content="circle" id="7-16">
                    <pos type="NN"/>
                    <lemma type="circle"/>
                    <dep head="7-13" type="dobj"/>
                </token>
                <token content="of" id="7-17"/>
                <token content="grass" id="7-18">
                    <pos type="NN"/>
                    <lemma type="grass"/>
                </token>
                <token content="in" id="7-19">
                    <pos type="IN"/>
                    <lemma type="in"/>
                    <dep head="7-22" type="mark"/>
                </token>
                <token content="order" id="7-20">
                    <pos type="NN"/>
                    <lemma type="order"/>
                    <dep head="7-22" type="dep"/>
                </token>
                <token content="to" id="7-21">
                    <pos type="TO"/>
                    <lemma type="to"/>
                    <dep head="7-22" type="aux"/>
                </token>
                <token content="turn" id="7-22">
                    <pos type="VB"/>
                    <lemma type="turn"/>
                    <dep head="7-13" type="advcl"/>
                </token>
                <token content="over" id="7-23">
                    <pos type="RP"/>
                    <lemma type="over"/>
                    <dep head="7-22" type="prt"/>
                </token>
                <token content="some" id="7-24">
                    <pos type="DT"/>
                    <lemma type="some"/>
                </token>
                <token content="topsoil" id="7-25">
                    <pos type="NN"/>
                    <lemma type="topsoil"/>
                    <dep head="7-22" type="dobj"/>
                </token>
                <token content="." id="7-26"/>
            </sentence>
            <sentence id="8">
                <token content="We" id="8-1">
                    <pos type="PRP"/>
                    <lemma type="we"/>
                    <dep head="8-2" type="nsubj"/>
                </token>
                <token content="had" id="8-2">
                    <pos type="VBD"/>
                    <lemma type="have"/>
                </token>
                <token content="a" id="8-3">
                    <pos type="DT"/>
                    <lemma type="a"/>
                </token>
                <token content="trowel" id="8-4">
                    <pos type="NN"/>
                    <lemma type="trowel"/>
                    <dep head="8-2" type="dobj"/>
                </token>
                <token content="," id="8-5"/>
                <token content="and" id="8-6"/>
                <token content="yes" id="8-7">
                    <pos type="UH"/>
                    <lemma type="yes"/>
                    <dep head="8-9" type="discourse"/>
                </token>
                <token content="we" id="8-8">
                    <pos type="PRP"/>
                    <lemma type="we"/>
                    <dep head="8-9" type="nsubj"/>
                </token>
                <token content="called" id="8-9">
                    <pos type="VBD"/>
                    <lemma type="call"/>
                    <dep head="8-2" type="conj"/>
                </token>
                <token content="it" id="8-10">
                    <pos type="PRP"/>
                    <lemma type="it"/>
                </token>
                <token content="a" id="8-11">
                    <pos type="DT"/>
                    <lemma type="a"/>
                </token>
                <token content="trowel" id="8-12">
                    <pos type="NN"/>
                    <lemma type="trowel"/>
                    <dep head="8-9" type="xcomp"/>
                </token>
                <token content="," id="8-13"/>
                <token content="and" id="8-14"/>
                <token content="we" id="8-15">
                    <pos type="PRP"/>
                    <lemma type="we"/>
                    <dep head="8-16" type="nsubj"/>
                </token>
                <token content="dug" id="8-16">
                    <pos type="VBD"/>
                    <lemma type="dig"/>
                    <dep head="8-9" type="conj"/>
                </token>
                <token content="into" id="8-17"/>
                <token content="the" id="8-18">
                    <pos type="DT"/>
                    <lemma type="the"/>
                </token>
                <token content="dirt" id="8-19">
                    <pos type="NN"/>
                    <lemma type="dirt"/>
                    <dep head="8-16" type="prep"/>
                </token>
                <token content="to" id="8-20">
                    <pos type="TO"/>
                    <lemma type="to"/>
                    <dep head="8-21" type="aux"/>
                </token>
                <token content="start" id="8-21">
                    <pos type="VB"/>
                    <lemma type="start"/>
                    <dep head="8-16" type="xcomp"/>
                </token>
                <token content="planting" id="8-22">
                    <pos type="VBG"/>
                    <lemma type="plant"/>
                    <dep head="8-21" type="xcomp"/>
                </token>
                <token content="the" id="8-23">
                    <pos type="DT"/>
                    <lemma type="the"/>
                </token>
                <token content="tree" id="8-24">
                    <pos type="NN"/>
                    <lemma type="tree"/>
                    <dep head="8-22" type="dobj"/>
                </token>
                <token content="." id="8-25"/>
            </sentence>
            <sentence id="9">
                <token content="We" id="9-1">
                    <pos type="PRP"/>
                    <lemma type="we"/>
                    <dep head="9-2" type="nsubj"/>
                </token>
                <token content="made" id="9-2">
                    <pos type="VBD"/>
                    <lemma type="make"/>
                </token>
                <token content="a" id="9-3">
                    <pos type="DT"/>
                    <lemma type="a"/>
                </token>
                <token content="six" id="9-4">
                    <pos type="CD"/>
                    <lemma type="six"/>
                </token>
                <token content="inch" id="9-5">
                    <pos type="NN"/>
                    <lemma type="inch"/>
                </token>
                <token content="deep" id="9-6">
                    <pos type="JJ"/>
                    <lemma type="deep"/>
                </token>
                <token content="hole" id="9-7">
                    <pos type="NN"/>
                    <lemma type="hole"/>
                    <dep head="9-2" type="dobj"/>
                </token>
                <token content="in" id="9-8"/>
                <token content="the" id="9-9">
                    <pos type="DT"/>
                    <lemma type="the"/>
                </token>
                <token content="soil" id="9-10">
                    <pos type="NN"/>
                    <lemma type="soil"/>
                    <dep head="9-2" type="prep"/>
                </token>
                <token content="," id="9-11"/>
                <token content="and" id="9-12"/>
                <token content="then" id="9-13">
                    <pos type="RB"/>
                    <lemma type="then"/>
                    <dep head="9-14" type="advmod"/>
                </token>
                <token content="put" id="9-14">
                    <pos type="VBD"/>
                    <lemma type="put"/>
                    <dep head="9-2" type="conj"/>
                </token>
                <token content="the" id="9-15">
                    <pos type="DT"/>
                    <lemma type="the"/>
                </token>
                <token content="tree" id="9-16">
                    <pos type="NN"/>
                    <lemma type="tree"/>
                    <dep head="9-14" type="dobj"/>
                </token>
                <token content="in" id="9-17">
                    <pos type="RP"/>
                    <lemma type="in"/>
                    <dep head="9-14" type="prt"/>
                </token>
                <token content="." id="9-18"/>
            </sentence>
            <sentence id="10">
                <token content="We" id="10-1">
                    <pos type="PRP"/>
                    <lemma type="we"/>
                    <dep head="10-2" type="nsubj"/>
                </token>
                <token content="finished" id="10-2">
                    <pos type="VBD"/>
                    <lemma type="finish"/>
                </token>
                <token content="by" id="10-3"/>
                <token content="packing" id="10-4">
                    <pos type="VBG"/>
                    <lemma type="pack"/>
                    <dep head="10-2" type="prepc"/>
                </token>
                <token content="the" id="10-5">
                    <pos type="DT"/>
                    <lemma type="the"/>
                </token>
                <token content="soil" id="10-6">
                    <pos type="NN"/>
                    <lemma type="soil"/>
                    <dep head="10-4" type="dobj"/>
                </token>
                <token content="down" id="10-7">
                    <pos type="RP"/>
                    <lemma type="down"/>
                    <dep head="10-4" type="prt"/>
                </token>
                <token content="around" id="10-8"/>
                <token content="the" id="10-9">
                    <pos type="DT"/>
                    <lemma type="the"/>
                </token>
                <token content="roots" id="10-10">
                    <pos type="NNS"/>
                    <lemma type="root"/>
                    <dep head="10-4" type="prep"/>
                </token>
                <token content="of" id="10-11"/>
                <token content="the" id="10-12">
                    <pos type="DT"/>
                    <lemma type="the"/>
                </token>
                <token content="small" id="10-13">
                    <pos type="JJ"/>
                    <lemma type="small"/>
                </token>
                <token content="tree" id="10-14">
                    <pos type="NN"/>
                    <lemma type="tree"/>
                </token>
                <token content="," id="10-15"/>
                <token content="and" id="10-16"/>
                <token content="then" id="10-17">
                    <pos type="RB"/>
                    <lemma type="then"/>
                    <dep head="10-19" type="advmod"/>
                </token>
                <token content="we" id="10-18">
                    <pos type="PRP"/>
                    <lemma type="we"/>
                    <dep head="10-19" type="nsubj"/>
                </token>
                <token content="watered" id="10-19">
                    <pos type="VBD"/>
                    <lemma type="water"/>
                    <dep head="10-2" type="conj"/>
                </token>
                <token content="it" id="10-20">
                    <pos type="PRP"/>
                    <lemma type="it"/>
                    <dep head="10-19" type="dobj"/>
                </token>
                <token content="." id="10-21"/>
            </sentence>
        </sentences>
    </text>
    <annotations>
        <participants>
            <label from="1-2" id="0" name="NPart" text="days" type="participant"/>
            <label from="1-5" id="1" name="No_label" text="it" type="participant"/>
            <label from="1-7" id="2" name="NPart" text="Earth Day" to="1-8" type="participant"/>
            <label from="2-3" id="3" name="NPart" text="people" type="participant"/>
            <label from="2-7" id="4" name="ScrPart_seeds" text="seeds" type="participant"/>
            <label from="2-13" id="5" name="NPart" text="idea" type="participant"/>
            <label from="2-18" id="6" name="NPart" text="people" type="participant"/>
            <label from="2-20" id="7" name="NPart" text="minds" type="participant"/>
            <label from="3-1" id="8" name="ScrPart_gardener" text="My friend and I" to="3-4" type="participant"/>
            <label from="3-1" id="9" name="ScrPart_gardener" text="My" type="participant"/>
            <label from="3-2" id="10" name="ScrPart_gardener" text="friend" type="participant"/>
            <label from="3-4" id="11" name="ScrPart_gardener" text="I" type="participant"/>
            <label from="3-6" id="12" name="ScrPart_gardener" text="Joey" type="participant"/>
            <label from="3-10" id="13" name="ScrPart_gardener" text="we" type="participant"/>
            <label from="3-17" id="14" name="ScrPart_tree" text="trees" type="participant"/>
            <label from="3-24" id="15" name="NPart" text="efforts" type="participant"/>
            <label from="4-1" id="16" name="ScrPart_gardener" text="We" type="participant"/>
            <label from="4-5" id="17" name="ScrPart_tree" text="tree saplings" to="4-6" type="participant"/>
            <label from="4-6" id="18" name="ScrPart_tree" text="saplings" type="participant"/>
            <label from="4-9" id="19" name="NPart" text="mail" type="participant"/>
            <label from="4-12" id="20" name="NPart" text="catalog" type="participant"/>
            <label from="5-1" id="21" name="ScrPart_gardener" text="Joey and I" to="5-3" type="participant"/>
            <label from="5-1" id="22" name="ScrPart_gardener" text="Joey" type="participant"/>
            <label from="5-3" id="23" name="ScrPart_gardener" text="I" type="participant"/>
            <label from="5-6" id="24" name="ScrPart_gardener" text="we" type="participant"/>
            <label from="5-9" id="25" name="ScrPart_tree" text="them" type="participant"/>
            <label from="5-11" id="26" name="ScrPart_gardener" text="our" type="participant"/>
            <label from="5-12" id="27" name="NPart" text="backyard" type="participant"/>
            <label from="5-15" id="28" name="NPart" text="shade" type="participant"/>
            <label from="6-3" id="29" name="ScrPart_tree" text="trees" type="participant"/>
            <label from="6-10" id="30" name="ScrPart_tree" text="they" type="participant"/>
            <label from="6-15" id="31" name="ScrPart_tree" text="trees" type="participant"/>
            <label from="6-18" id="32" name="ScrPart_gardener" text="our" type="participant"/>
            <label from="6-19" id="33" name="NPart" text="kids" type="participant"/>
            <label from="7-1" id="34" name="ScrPart_gardener" text="We" type="participant"/>
            <label from="7-9" id="35" name="NPart" text="grass" type="participant"/>
            <label from="7-16" id="36" name="NPart" text="circle" type="participant"/>
            <label from="7-18" id="37" name="NPart" text="grass" type="participant"/>
            <label from="7-25" id="38" name="ScrPart_dirt" text="topsoil" type="participant"/>
            <label from="8-1" id="39" name="ScrPart_gardener" text="We" type="participant"/>
            <label from="8-4" id="40" name="ScrPart_gardening_tool" text="trowel" type="participant"/>
            <label from="8-8" id="41" name="ScrPart_gardener" text="we" type="participant"/>
            <label from="8-10" id="42" name="ScrPart_gardening_tool" text="it" type="participant"/>
            <label from="8-12" id="43" name="ScrPart_gardening_tool" text="trowel" type="participant"/>
            <label from="8-15" id="44" name="ScrPart_gardener" text="we" type="participant"/>
            <label from="8-19" id="45" name="ScrPart_dirt" text="dirt" type="participant"/>
            <label from="8-24" id="46" name="ScrPart_tree" text="tree" type="participant"/>
            <label from="9-1" id="47" name="ScrPart_gardener" text="We" type="participant"/>
            <label from="9-5" id="48" name="NPart" text="inch" type="participant"/>
            <label from="9-7" id="49" name="ScrPart_hole" text="hole" type="participant"/>
            <label from="9-10" id="50" name="ScrPart_dirt" text="soil" type="participant"/>
            <label from="9-16" id="51" name="ScrPart_tree" text="tree" type="participant"/>
            <label from="10-1" id="52" name="ScrPart_gardener" text="We" type="participant"/>
            <label from="10-6" id="53" name="ScrPart_dirt" text="soil" type="participant"/>
            <label from="10-10" id="54" name="ScrPart_root" text="roots" type="participant"/>
            <label from="10-14" id="55" name="ScrPart_tree" text="tree" type="participant"/>
            <label from="10-18" id="56" name="ScrPart_gardener" text="we" type="participant"/>
            <label from="10-20" id="57" name="ScrPart_tree" text="it" type="participant"/>
        </participants>
        <events>
            <label from="1-6" id="58" name="UnrelEv" text="was" type="event"/>
            <label from="2-5" id="59" name="UnrelEv" text="giving out" to="2-6" type="event"/>
            <label from="2-11" id="60" name="UnrelEv" text="project" type="event"/>
            <label from="2-16" id="61" name="UnrelEv" text="living" type="event"/>
            <label from="3-8" id="62" name="UnrelEv" text="decided" type="event"/>
            <label from="3-12" id="63" name="UnrelEv" text="help" type="event"/>
            <label from="3-14" id="64" name="Evoking" text="plant a few trees" to="3-17" type="event"/>
            <label from="3-21" id="65" name="UnrelEv" text="contribute" type="event"/>
            <label from="4-2" id="66" name="ScrEv_get_tree" text="received" type="event"/>
            <label from="5-4" id="67" name="UnrelEv" text="decided" type="event"/>
            <label from="5-8" id="68" name="Evoking" text="plant them" to="5-9" type="event"/>
            <label from="5-14" id="69" name="UnrelEv" text="provide" type="event"/>
            <label from="6-5" id="70" name="UnrelEv" text="be" type="event"/>
            <label from="6-12" id="71" name="RelNScrEv" text="grow" type="event"/>
            <label from="7-2" id="72" name="UnrelEv" text="got" type="event"/>
            <label from="7-11" id="73" name="UnrelEv" text="starting" type="event"/>
            <label from="7-13" id="74" name="RelNScrEv" text="rake up" to="7-14" type="event"/>
            <label from="7-22" id="75" name="RelNScrEv" text="turn over" to="7-23" type="event"/>
            <label from="8-2" id="76" name="UnrelEv" text="had" type="event"/>
            <label from="8-9" id="77" name="UnrelEv" text="called" type="event"/>
            <label from="8-16" id="78" name="ScrEv_dig_hole" text="dug" type="event"/>
            <label from="8-21" id="79" name="UnrelEv" text="start" type="event"/>
            <label from="8-22" id="80" name="Evoking" text="planting the tree" to="8-24" type="event"/>
            <label from="9-2" id="81" name="ScrEv_dig_hole" text="made" type="event"/>
            <label from="9-14" id="82" name="ScrEv_place_root" text="put" type="event"/>
            <label from="10-2" id="83" name="UnrelEv" text="finished" type="event"/>
            <label from="10-4" id="84" name="ScrEv_refill_hole" text="packing" type="event"/>
            <label from="10-19" id="85" name="ScrEv_water" text="watered" type="event"/>
        </events>
        <chains>
            <chain elements="8 11 13 16 21 23 24 32 34 39 41 44 47 52 56 26"/>
            <chain elements="10 12 21"/>
            <chain elements="14 18 25 29 30 31 46 51 55 57"/>
            <chain elements="40 42 43"/>
            <chain elements="38 45 50 53"/>
        </chains>
    </annotations>
</story>
