<?xml version="1.0" encoding="UTF-8" standalone="no"?>
<!DOCTYPE story SYSTEM "../InScript.dtd">
<story id="037" scenario="tree">
    <text>
        <content>I decided one day to plant a tree in my front yard . 
I was unsure of what sort of tree I should plant so I went online and did research as to which type of tree would be best for my situation . 
I settled on a magnificent Norway Pine , as it is common in Northern Minnesota . 
I went out to my nearest greenhouse , which I found via Google Maps , and asked them where they kept their saplings -LRB- as I had read that this is how one should plant a tree -RRB- . 
I got the sapling and brought it home with me . 
It was only six inches high but I knew I could make it grow tall and strong . 
I grabbed a shovel and started to dig , one small hole the size of the pot the sapling was in . 
I carefully took the sapling out of the pot and placed it into the freshly dug hole . 
Filling in the empty parts of the hole with extra dirt , I marveled at my creation . 
That was the day I planted a tree in my front yard . </content>
        <sentences>
            <sentence id="1">
                <token content="I" id="1-1">
                    <pos type="PRP"/>
                    <lemma type="I"/>
                    <dep head="1-2" type="nsubj"/>
                </token>
                <token content="decided" id="1-2">
                    <pos type="VBD"/>
                    <lemma type="decide"/>
                </token>
                <token content="one" id="1-3">
                    <pos type="CD"/>
                    <lemma type="one"/>
                </token>
                <token content="day" id="1-4">
                    <pos type="NN"/>
                    <lemma type="day"/>
                    <dep head="1-2" type="tmod"/>
                </token>
                <token content="to" id="1-5">
                    <pos type="TO"/>
                    <lemma type="to"/>
                    <dep head="1-6" type="aux"/>
                </token>
                <token content="plant" id="1-6">
                    <pos type="VB"/>
                    <lemma type="plant"/>
                    <dep head="1-2" type="vmod"/>
                </token>
                <token content="a" id="1-7">
                    <pos type="DT"/>
                    <lemma type="a"/>
                </token>
                <token content="tree" id="1-8">
                    <pos type="NN"/>
                    <lemma type="tree"/>
                    <dep head="1-6" type="dobj"/>
                </token>
                <token content="in" id="1-9"/>
                <token content="my" id="1-10">
                    <pos type="PRP$"/>
                    <lemma type="my"/>
                </token>
                <token content="front" id="1-11">
                    <pos type="JJ"/>
                    <lemma type="front"/>
                </token>
                <token content="yard" id="1-12">
                    <pos type="NN"/>
                    <lemma type="yard"/>
                </token>
                <token content="." id="1-13"/>
            </sentence>
            <sentence id="2">
                <token content="I" id="2-1">
                    <pos type="PRP"/>
                    <lemma type="I"/>
                </token>
                <token content="was" id="2-2">
                    <pos type="VBD"/>
                    <lemma type="be"/>
                </token>
                <token content="unsure" id="2-3">
                    <pos type="JJ"/>
                    <lemma type="unsure"/>
                    <dep head="2-11" type="dep"/>
                </token>
                <token content="of" id="2-4"/>
                <token content="what" id="2-5">
                    <pos type="WP"/>
                    <lemma type="what"/>
                </token>
                <token content="sort" id="2-6">
                    <pos type="NN"/>
                    <lemma type="sort"/>
                </token>
                <token content="of" id="2-7"/>
                <token content="tree" id="2-8">
                    <pos type="NN"/>
                    <lemma type="tree"/>
                </token>
                <token content="I" id="2-9">
                    <pos type="PRP"/>
                    <lemma type="I"/>
                    <dep head="2-11" type="nsubj"/>
                </token>
                <token content="should" id="2-10">
                    <pos type="MD"/>
                    <lemma type="should"/>
                    <dep head="2-11" type="aux"/>
                </token>
                <token content="plant" id="2-11">
                    <pos type="VB"/>
                    <lemma type="plant"/>
                </token>
                <token content="so" id="2-12">
                    <pos type="IN"/>
                    <lemma type="so"/>
                    <dep head="2-14" type="mark"/>
                </token>
                <token content="I" id="2-13">
                    <pos type="PRP"/>
                    <lemma type="I"/>
                    <dep head="2-14" type="nsubj"/>
                </token>
                <token content="went" id="2-14">
                    <pos type="VBD"/>
                    <lemma type="go"/>
                    <dep head="2-11" type="advcl"/>
                </token>
                <token content="online" id="2-15">
                    <pos type="NN"/>
                    <lemma type="online"/>
                    <dep head="2-14" type="prep"/>
                </token>
                <token content="and" id="2-16"/>
                <token content="did" id="2-17">
                    <pos type="VBD"/>
                    <lemma type="do"/>
                    <dep head="2-14" type="conj"/>
                </token>
                <token content="research" id="2-18">
                    <pos type="NN"/>
                    <lemma type="research"/>
                    <dep head="2-17" type="dobj"/>
                </token>
                <token content="as" id="2-19"/>
                <token content="to" id="2-20"/>
                <token content="which" id="2-21">
                    <pos type="WDT"/>
                    <lemma type="which"/>
                </token>
                <token content="type" id="2-22">
                    <pos type="NN"/>
                    <lemma type="type"/>
                </token>
                <token content="of" id="2-23"/>
                <token content="tree" id="2-24">
                    <pos type="NN"/>
                    <lemma type="tree"/>
                </token>
                <token content="would" id="2-25">
                    <pos type="MD"/>
                    <lemma type="would"/>
                </token>
                <token content="be" id="2-26">
                    <pos type="VB"/>
                    <lemma type="be"/>
                </token>
                <token content="best" id="2-27">
                    <pos type="JJS"/>
                    <lemma type="best"/>
                    <dep head="2-17" type="prepc"/>
                </token>
                <token content="for" id="2-28"/>
                <token content="my" id="2-29">
                    <pos type="PRP$"/>
                    <lemma type="my"/>
                </token>
                <token content="situation" id="2-30">
                    <pos type="NN"/>
                    <lemma type="situation"/>
                </token>
                <token content="." id="2-31"/>
            </sentence>
            <sentence id="3">
                <token content="I" id="3-1">
                    <pos type="PRP"/>
                    <lemma type="I"/>
                    <dep head="3-2" type="nsubj"/>
                </token>
                <token content="settled" id="3-2">
                    <pos type="VBD"/>
                    <lemma type="settle"/>
                </token>
                <token content="on" id="3-3"/>
                <token content="a" id="3-4">
                    <pos type="DT"/>
                    <lemma type="a"/>
                </token>
                <token content="magnificent" id="3-5">
                    <pos type="JJ"/>
                    <lemma type="magnificent"/>
                </token>
                <token content="Norway" id="3-6">
                    <pos type="NNP"/>
                    <lemma type="Norway"/>
                </token>
                <token content="Pine" id="3-7">
                    <pos type="NNP"/>
                    <lemma type="Pine"/>
                    <dep head="3-2" type="prep"/>
                </token>
                <token content="," id="3-8"/>
                <token content="as" id="3-9">
                    <pos type="IN"/>
                    <lemma type="as"/>
                </token>
                <token content="it" id="3-10">
                    <pos type="PRP"/>
                    <lemma type="it"/>
                </token>
                <token content="is" id="3-11">
                    <pos type="VBZ"/>
                    <lemma type="be"/>
                </token>
                <token content="common" id="3-12">
                    <pos type="JJ"/>
                    <lemma type="common"/>
                    <dep head="3-2" type="advcl"/>
                </token>
                <token content="in" id="3-13"/>
                <token content="Northern" id="3-14">
                    <pos type="NNP"/>
                    <lemma type="Northern"/>
                </token>
                <token content="Minnesota" id="3-15">
                    <pos type="NNP"/>
                    <lemma type="Minnesota"/>
                </token>
                <token content="." id="3-16"/>
            </sentence>
            <sentence id="4">
                <token content="I" id="4-1">
                    <pos type="PRP"/>
                    <lemma type="I"/>
                    <dep head="4-2" type="nsubj"/>
                </token>
                <token content="went" id="4-2">
                    <pos type="VBD"/>
                    <lemma type="go"/>
                </token>
                <token content="out" id="4-3">
                    <pos type="RP"/>
                    <lemma type="out"/>
                    <dep head="4-2" type="prt"/>
                </token>
                <token content="to" id="4-4"/>
                <token content="my" id="4-5">
                    <pos type="PRP$"/>
                    <lemma type="my"/>
                </token>
                <token content="nearest" id="4-6">
                    <pos type="JJS"/>
                    <lemma type="nearest"/>
                </token>
                <token content="greenhouse" id="4-7">
                    <pos type="NN"/>
                    <lemma type="greenhouse"/>
                    <dep head="4-2" type="prep"/>
                </token>
                <token content="," id="4-8"/>
                <token content="which" id="4-9">
                    <pos type="WDT"/>
                    <lemma type="which"/>
                    <dep head="4-11" type="dep"/>
                </token>
                <token content="I" id="4-10">
                    <pos type="PRP"/>
                    <lemma type="I"/>
                    <dep head="4-11" type="nsubj"/>
                </token>
                <token content="found" id="4-11">
                    <pos type="VBD"/>
                    <lemma type="find"/>
                </token>
                <token content="via" id="4-12"/>
                <token content="Google" id="4-13">
                    <pos type="NNP"/>
                    <lemma type="Google"/>
                </token>
                <token content="Maps" id="4-14">
                    <pos type="NNPS"/>
                    <lemma type="Maps"/>
                    <dep head="4-11" type="prep"/>
                </token>
                <token content="," id="4-15"/>
                <token content="and" id="4-16"/>
                <token content="asked" id="4-17">
                    <pos type="VBD"/>
                    <lemma type="ask"/>
                    <dep head="4-11" type="conj"/>
                </token>
                <token content="them" id="4-18">
                    <pos type="PRP"/>
                    <lemma type="they"/>
                    <dep head="4-17" type="dobj"/>
                </token>
                <token content="where" id="4-19">
                    <pos type="WRB"/>
                    <lemma type="where"/>
                    <dep head="4-21" type="advmod"/>
                </token>
                <token content="they" id="4-20">
                    <pos type="PRP"/>
                    <lemma type="they"/>
                    <dep head="4-21" type="nsubj"/>
                </token>
                <token content="kept" id="4-21">
                    <pos type="VBD"/>
                    <lemma type="keep"/>
                    <dep head="4-17" type="advcl"/>
                </token>
                <token content="their" id="4-22">
                    <pos type="PRP$"/>
                    <lemma type="they"/>
                </token>
                <token content="saplings" id="4-23">
                    <pos type="NNS"/>
                    <lemma type="sapling"/>
                    <dep head="4-21" type="dobj"/>
                </token>
                <token content="-LRB-" id="4-24"/>
                <token content="as" id="4-25">
                    <pos type="IN"/>
                    <lemma type="as"/>
                    <dep head="4-28" type="mark"/>
                </token>
                <token content="I" id="4-26">
                    <pos type="PRP"/>
                    <lemma type="I"/>
                    <dep head="4-28" type="nsubj"/>
                </token>
                <token content="had" id="4-27">
                    <pos type="VBD"/>
                    <lemma type="have"/>
                    <dep head="4-28" type="aux"/>
                </token>
                <token content="read" id="4-28">
                    <pos type="VBN"/>
                    <lemma type="read"/>
                    <dep head="4-11" type="dep"/>
                </token>
                <token content="that" id="4-29">
                    <pos type="IN"/>
                    <lemma type="that"/>
                    <dep head="4-31" type="mark"/>
                </token>
                <token content="this" id="4-30">
                    <pos type="DT"/>
                    <lemma type="this"/>
                    <dep head="4-31" type="nsubj"/>
                </token>
                <token content="is" id="4-31">
                    <pos type="VBZ"/>
                    <lemma type="be"/>
                    <dep head="4-28" type="ccomp"/>
                </token>
                <token content="how" id="4-32">
                    <pos type="WRB"/>
                    <lemma type="how"/>
                    <dep head="4-35" type="advmod"/>
                </token>
                <token content="one" id="4-33">
                    <pos type="PRP"/>
                    <lemma type="one"/>
                    <dep head="4-35" type="nsubj"/>
                </token>
                <token content="should" id="4-34">
                    <pos type="MD"/>
                    <lemma type="should"/>
                    <dep head="4-35" type="aux"/>
                </token>
                <token content="plant" id="4-35">
                    <pos type="VB"/>
                    <lemma type="plant"/>
                    <dep head="4-31" type="ccomp"/>
                </token>
                <token content="a" id="4-36">
                    <pos type="DT"/>
                    <lemma type="a"/>
                </token>
                <token content="tree" id="4-37">
                    <pos type="NN"/>
                    <lemma type="tree"/>
                    <dep head="4-35" type="dobj"/>
                </token>
                <token content="-RRB-" id="4-38"/>
                <token content="." id="4-39"/>
            </sentence>
            <sentence id="5">
                <token content="I" id="5-1">
                    <pos type="PRP"/>
                    <lemma type="I"/>
                    <dep head="5-2" type="nsubj"/>
                </token>
                <token content="got" id="5-2">
                    <pos type="VBD"/>
                    <lemma type="get"/>
                </token>
                <token content="the" id="5-3">
                    <pos type="DT"/>
                    <lemma type="the"/>
                </token>
                <token content="sapling" id="5-4">
                    <pos type="NN"/>
                    <lemma type="sapling"/>
                    <dep head="5-2" type="dobj"/>
                </token>
                <token content="and" id="5-5"/>
                <token content="brought" id="5-6">
                    <pos type="VBD"/>
                    <lemma type="bring"/>
                    <dep head="5-2" type="conj"/>
                </token>
                <token content="it" id="5-7">
                    <pos type="PRP"/>
                    <lemma type="it"/>
                    <dep head="5-6" type="dobj"/>
                </token>
                <token content="home" id="5-8">
                    <pos type="NN"/>
                    <lemma type="home"/>
                    <dep head="5-6" type="advmod"/>
                </token>
                <token content="with" id="5-9"/>
                <token content="me" id="5-10">
                    <pos type="PRP"/>
                    <lemma type="I"/>
                    <dep head="5-6" type="prep"/>
                </token>
                <token content="." id="5-11"/>
            </sentence>
            <sentence id="6">
                <token content="It" id="6-1">
                    <pos type="PRP"/>
                    <lemma type="it"/>
                </token>
                <token content="was" id="6-2">
                    <pos type="VBD"/>
                    <lemma type="be"/>
                </token>
                <token content="only" id="6-3">
                    <pos type="RB"/>
                    <lemma type="only"/>
                </token>
                <token content="six" id="6-4">
                    <pos type="CD"/>
                    <lemma type="six"/>
                </token>
                <token content="inches" id="6-5">
                    <pos type="NNS"/>
                    <lemma type="inch"/>
                </token>
                <token content="high" id="6-6">
                    <pos type="JJ"/>
                    <lemma type="high"/>
                </token>
                <token content="but" id="6-7"/>
                <token content="I" id="6-8">
                    <pos type="PRP"/>
                    <lemma type="I"/>
                    <dep head="6-9" type="nsubj"/>
                </token>
                <token content="knew" id="6-9">
                    <pos type="VBD"/>
                    <lemma type="know"/>
                </token>
                <token content="I" id="6-10">
                    <pos type="PRP"/>
                    <lemma type="I"/>
                    <dep head="6-12" type="nsubj"/>
                </token>
                <token content="could" id="6-11">
                    <pos type="MD"/>
                    <lemma type="could"/>
                    <dep head="6-12" type="aux"/>
                </token>
                <token content="make" id="6-12">
                    <pos type="VB"/>
                    <lemma type="make"/>
                    <dep head="6-9" type="ccomp"/>
                </token>
                <token content="it" id="6-13">
                    <pos type="PRP"/>
                    <lemma type="it"/>
                    <dep head="6-14" type="nsubj"/>
                </token>
                <token content="grow" id="6-14">
                    <pos type="VB"/>
                    <lemma type="grow"/>
                    <dep head="6-12" type="ccomp"/>
                </token>
                <token content="tall" id="6-15">
                    <pos type="JJ"/>
                    <lemma type="tall"/>
                    <dep head="6-14" type="acomp"/>
                </token>
                <token content="and" id="6-16"/>
                <token content="strong" id="6-17">
                    <pos type="JJ"/>
                    <lemma type="strong"/>
                </token>
                <token content="." id="6-18"/>
            </sentence>
            <sentence id="7">
                <token content="I" id="7-1">
                    <pos type="PRP"/>
                    <lemma type="I"/>
                    <dep head="7-2" type="nsubj"/>
                </token>
                <token content="grabbed" id="7-2">
                    <pos type="VBD"/>
                    <lemma type="grab"/>
                    <dep head="7-20" type="dep"/>
                </token>
                <token content="a" id="7-3">
                    <pos type="DT"/>
                    <lemma type="a"/>
                </token>
                <token content="shovel" id="7-4">
                    <pos type="NN"/>
                    <lemma type="shovel"/>
                    <dep head="7-2" type="dobj"/>
                </token>
                <token content="and" id="7-5"/>
                <token content="started" id="7-6">
                    <pos type="VBN"/>
                    <lemma type="start"/>
                    <dep head="7-2" type="conj"/>
                </token>
                <token content="to" id="7-7">
                    <pos type="TO"/>
                    <lemma type="to"/>
                    <dep head="7-8" type="aux"/>
                </token>
                <token content="dig" id="7-8">
                    <pos type="VB"/>
                    <lemma type="dig"/>
                    <dep head="7-6" type="xcomp"/>
                </token>
                <token content="," id="7-9"/>
                <token content="one" id="7-10">
                    <pos type="CD"/>
                    <lemma type="one"/>
                </token>
                <token content="small" id="7-11">
                    <pos type="JJ"/>
                    <lemma type="small"/>
                </token>
                <token content="hole" id="7-12">
                    <pos type="NN"/>
                    <lemma type="hole"/>
                </token>
                <token content="the" id="7-13">
                    <pos type="DT"/>
                    <lemma type="the"/>
                </token>
                <token content="size" id="7-14">
                    <pos type="NN"/>
                    <lemma type="size"/>
                    <dep head="7-2" type="xcomp"/>
                </token>
                <token content="of" id="7-15"/>
                <token content="the" id="7-16">
                    <pos type="DT"/>
                    <lemma type="the"/>
                </token>
                <token content="pot" id="7-17">
                    <pos type="NN"/>
                    <lemma type="pot"/>
                </token>
                <token content="the" id="7-18">
                    <pos type="DT"/>
                    <lemma type="the"/>
                </token>
                <token content="sapling" id="7-19">
                    <pos type="NN"/>
                    <lemma type="sapling"/>
                    <dep head="7-20" type="nsubj"/>
                </token>
                <token content="was" id="7-20">
                    <pos type="VBD"/>
                    <lemma type="be"/>
                </token>
                <token content="in" id="7-21">
                    <pos type="IN"/>
                    <lemma type="in"/>
                    <dep head="7-20" type="prep"/>
                </token>
                <token content="." id="7-22"/>
            </sentence>
            <sentence id="8">
                <token content="I" id="8-1">
                    <pos type="PRP"/>
                    <lemma type="I"/>
                    <dep head="8-3" type="nsubj"/>
                </token>
                <token content="carefully" id="8-2">
                    <pos type="RB"/>
                    <lemma type="carefully"/>
                    <dep head="8-3" type="advmod"/>
                </token>
                <token content="took" id="8-3">
                    <pos type="VBD"/>
                    <lemma type="take"/>
                </token>
                <token content="the" id="8-4">
                    <pos type="DT"/>
                    <lemma type="the"/>
                    <dep head="8-3" type="dobj"/>
                </token>
                <token content="sapling" id="8-5">
                    <pos type="VBG"/>
                    <lemma type="saple"/>
                </token>
                <token content="out" id="8-6"/>
                <token content="of" id="8-7"/>
                <token content="the" id="8-8">
                    <pos type="DT"/>
                    <lemma type="the"/>
                </token>
                <token content="pot" id="8-9">
                    <pos type="NN"/>
                    <lemma type="pot"/>
                </token>
                <token content="and" id="8-10"/>
                <token content="placed" id="8-11">
                    <pos type="VBD"/>
                    <lemma type="place"/>
                    <dep head="8-3" type="conj"/>
                </token>
                <token content="it" id="8-12">
                    <pos type="PRP"/>
                    <lemma type="it"/>
                    <dep head="8-11" type="dobj"/>
                </token>
                <token content="into" id="8-13"/>
                <token content="the" id="8-14">
                    <pos type="DT"/>
                    <lemma type="the"/>
                </token>
                <token content="freshly" id="8-15">
                    <pos type="RB"/>
                    <lemma type="freshly"/>
                </token>
                <token content="dug" id="8-16">
                    <pos type="JJ"/>
                    <lemma type="dug"/>
                </token>
                <token content="hole" id="8-17">
                    <pos type="NN"/>
                    <lemma type="hole"/>
                    <dep head="8-11" type="prep"/>
                </token>
                <token content="." id="8-18"/>
            </sentence>
            <sentence id="9">
                <token content="Filling" id="9-1">
                    <pos type="VBG"/>
                    <lemma type="fill"/>
                    <dep head="9-14" type="vmod"/>
                </token>
                <token content="in" id="9-2"/>
                <token content="the" id="9-3">
                    <pos type="DT"/>
                    <lemma type="the"/>
                </token>
                <token content="empty" id="9-4">
                    <pos type="JJ"/>
                    <lemma type="empty"/>
                </token>
                <token content="parts" id="9-5">
                    <pos type="NNS"/>
                    <lemma type="part"/>
                    <dep head="9-1" type="prep"/>
                </token>
                <token content="of" id="9-6"/>
                <token content="the" id="9-7">
                    <pos type="DT"/>
                    <lemma type="the"/>
                </token>
                <token content="hole" id="9-8">
                    <pos type="NN"/>
                    <lemma type="hole"/>
                </token>
                <token content="with" id="9-9"/>
                <token content="extra" id="9-10">
                    <pos type="JJ"/>
                    <lemma type="extra"/>
                </token>
                <token content="dirt" id="9-11">
                    <pos type="NN"/>
                    <lemma type="dirt"/>
                </token>
                <token content="," id="9-12"/>
                <token content="I" id="9-13">
                    <pos type="PRP"/>
                    <lemma type="I"/>
                    <dep head="9-14" type="nsubj"/>
                </token>
                <token content="marveled" id="9-14">
                    <pos type="VBD"/>
                    <lemma type="marvel"/>
                </token>
                <token content="at" id="9-15"/>
                <token content="my" id="9-16">
                    <pos type="PRP$"/>
                    <lemma type="my"/>
                </token>
                <token content="creation" id="9-17">
                    <pos type="NN"/>
                    <lemma type="creation"/>
                    <dep head="9-14" type="prep"/>
                </token>
                <token content="." id="9-18"/>
            </sentence>
            <sentence id="10">
                <token content="That" id="10-1">
                    <pos type="DT"/>
                    <lemma type="that"/>
                </token>
                <token content="was" id="10-2">
                    <pos type="VBD"/>
                    <lemma type="be"/>
                </token>
                <token content="the" id="10-3">
                    <pos type="DT"/>
                    <lemma type="the"/>
                </token>
                <token content="day" id="10-4">
                    <pos type="NN"/>
                    <lemma type="day"/>
                </token>
                <token content="I" id="10-5">
                    <pos type="PRP"/>
                    <lemma type="I"/>
                    <dep head="10-6" type="nsubj"/>
                </token>
                <token content="planted" id="10-6">
                    <pos type="VBD"/>
                    <lemma type="plant"/>
                </token>
                <token content="a" id="10-7">
                    <pos type="DT"/>
                    <lemma type="a"/>
                </token>
                <token content="tree" id="10-8">
                    <pos type="NN"/>
                    <lemma type="tree"/>
                    <dep head="10-6" type="dobj"/>
                </token>
                <token content="in" id="10-9"/>
                <token content="my" id="10-10">
                    <pos type="PRP$"/>
                    <lemma type="my"/>
                </token>
                <token content="front" id="10-11">
                    <pos type="JJ"/>
                    <lemma type="front"/>
                </token>
                <token content="yard" id="10-12">
                    <pos type="NN"/>
                    <lemma type="yard"/>
                    <dep head="10-6" type="prep"/>
                </token>
                <token content="." id="10-13"/>
            </sentence>
        </sentences>
    </text>
    <annotations>
        <participants>
            <label from="1-1" id="0" name="ScrPart_gardener" text="I" type="participant"/>
            <label from="1-4" id="1" name="No_label" text="day" type="participant"/>
            <label from="1-8" id="2" name="ScrPart_tree" text="tree" type="participant"/>
            <label from="1-10" id="3" name="ScrPart_gardener" text="my" type="participant"/>
            <label from="1-11" id="4" name="ScrPart_location_garden" text="front yard" to="1-12" type="participant"/>
            <label from="1-12" id="5" name="ScrPart_location_garden" text="yard" type="participant"/>
            <label from="2-1" id="6" name="ScrPart_gardener" text="I" type="participant"/>
            <label from="2-6" id="7" name="Head_of_Partitive" text="sort" type="participant"/>
            <label from="2-8" id="8" name="ScrPart_tree" text="tree" type="participant"/>
            <label from="2-9" id="9" name="ScrPart_gardener" text="I" type="participant"/>
            <label from="2-13" id="10" name="ScrPart_gardener" text="I" type="participant"/>
            <label from="2-18" id="11" name="NPart" text="research" type="participant"/>
            <label from="2-22" id="12" name="Head_of_Partitive" text="type" type="participant"/>
            <label from="2-24" id="13" name="ScrPart_tree" text="tree" type="participant"/>
            <label from="2-29" id="14" name="ScrPart_gardener" text="my" type="participant"/>
            <label from="2-30" id="15" name="NPart" text="situation" type="participant"/>
            <label from="3-1" id="16" name="ScrPart_gardener" text="I" type="participant"/>
            <label from="3-6" id="17" name="ScrPart_tree" text="Norway Pine" to="3-7" type="participant"/>
            <label from="3-7" id="18" name="ScrPart_tree" text="Pine" type="participant"/>
            <label from="3-10" id="19" name="ScrPart_tree" text="it" type="participant"/>
            <label from="3-15" id="20" name="NPart" text="Minnesota" type="participant"/>
            <label from="4-1" id="21" name="ScrPart_gardener" text="I" type="participant"/>
            <label from="4-5" id="22" name="ScrPart_gardener" text="my" type="participant"/>
            <label from="4-7" id="23" name="ScrPart_shop" text="greenhouse" type="participant"/>
            <label from="4-9" id="24" name="ScrPart_shop" text="which" type="participant"/>
            <label from="4-10" id="25" name="ScrPart_gardener" text="I" type="participant"/>
            <label from="4-13" id="26" name="NPart" text="Google Maps" to="4-14" type="participant"/>
            <label from="4-18" id="27" name="ScrPart_staff" text="them" type="participant"/>
            <label from="4-20" id="28" name="ScrPart_staff" text="they" type="participant"/>
            <label from="4-22" id="29" name="ScrPart_staff" text="their" type="participant"/>
            <label from="4-23" id="30" name="ScrPart_tree" text="saplings" type="participant"/>
            <label from="4-26" id="31" name="ScrPart_gardener" text="I" type="participant"/>
            <label from="4-33" id="32" name="ScrPart_gardener" text="one" type="participant"/>
            <label from="4-37" id="33" name="ScrPart_tree" text="tree" type="participant"/>
            <label from="5-1" id="34" name="ScrPart_gardener" text="I" type="participant"/>
            <label from="5-4" id="35" name="ScrPart_tree" text="sapling" type="participant"/>
            <label from="5-7" id="36" name="ScrPart_tree" text="it" type="participant"/>
            <label from="5-8" id="37" name="NPart" text="home" type="participant"/>
            <label from="5-10" id="38" name="ScrPart_gardener" text="me" type="participant"/>
            <label from="6-1" id="39" name="ScrPart_tree" text="It" type="participant"/>
            <label from="6-5" id="40" name="NPart" text="inches" type="participant"/>
            <label from="6-8" id="41" name="ScrPart_gardener" text="I" type="participant"/>
            <label from="6-10" id="42" name="ScrPart_gardener" text="I" type="participant"/>
            <label from="6-13" id="43" name="ScrPart_tree" text="it" type="participant"/>
            <label from="7-1" id="44" name="ScrPart_gardener" text="I" type="participant"/>
            <label from="7-4" id="45" name="ScrPart_gardening_tool" text="shovel" type="participant"/>
            <label from="7-12" id="46" name="ScrPart_hole" text="hole" type="participant"/>
            <label from="7-14" id="47" name="NPart" text="size" type="participant"/>
            <label from="7-17" id="48" name="ScrPart_wrapping" text="pot" type="participant"/>
            <label from="7-19" id="49" name="ScrPart_tree" text="sapling" type="participant"/>
            <label from="8-1" id="50" name="ScrPart_gardener" text="I" type="participant"/>
            <label from="8-5" id="51" name="ScrPart_tree" text="sapling" type="participant"/>
            <label from="8-9" id="52" name="ScrPart_wrapping" text="pot" type="participant"/>
            <label from="8-12" id="53" name="ScrPart_tree" text="it" type="participant"/>
            <label from="8-17" id="54" name="ScrPart_hole" text="hole" type="participant"/>
            <label from="9-5" id="55" name="NPart" text="parts" type="participant"/>
            <label from="9-8" id="56" name="ScrPart_hole" text="hole" type="participant"/>
            <label from="9-11" id="57" name="ScrPart_dirt" text="dirt" type="participant"/>
            <label from="9-13" id="58" name="ScrPart_gardener" text="I" type="participant"/>
            <label from="9-16" id="59" name="ScrPart_gardener" text="my" type="participant"/>
            <label from="9-17" id="60" name="NPart" text="creation" type="participant"/>
            <label from="10-4" id="61" name="ScrPart_time" text="day" type="participant"/>
            <label from="10-5" id="62" name="ScrPart_gardener" text="I" type="participant"/>
            <label from="10-8" id="63" name="ScrPart_tree" text="tree" type="participant"/>
            <label from="10-10" id="64" name="ScrPart_gardener" text="my" type="participant"/>
            <label from="10-11" id="65" name="ScrPart_location_garden" text="front yard" to="10-12" type="participant"/>
            <label from="10-12" id="66" name="ScrPart_location_garden" text="yard" type="participant"/>
        </participants>
        <events>
            <label from="1-2" id="67" name="UnrelEv" text="decided" type="event"/>
            <label from="1-6" id="68" name="Evoking" text="plant a tree" to="1-8" type="event"/>
            <label from="2-2" id="69" name="UnrelEv" text="was" type="event"/>
            <label from="2-11" id="70" name="Evoking" text="plant" type="event"/>
            <label from="2-14" id="71" name="UnrelEv" text="went" type="event"/>
            <label from="2-17" id="72" name="UnrelEv" text="did" type="event"/>
            <label from="2-26" id="73" name="UnrelEv" text="be" type="event"/>
            <label from="3-2" id="74" name="ScrEv_choose_tree" text="settled" type="event"/>
            <label from="3-11" id="75" name="UnrelEv" text="is" type="event"/>
            <label from="4-2" id="76" name="RelNScrEv" text="went out" to="4-3" type="event"/>
            <label from="4-11" id="77" name="UnrelEv" text="found" type="event"/>
            <label from="4-17" id="78" name="RelNScrEv" text="asked" type="event"/>
            <label from="4-21" id="79" name="RelNScrEv" text="kept" type="event"/>
            <label from="4-28" id="80" name="UnrelEv" text="read" type="event"/>
            <label from="4-31" id="81" name="UnrelEv" text="is" type="event"/>
            <label from="4-35" id="82" name="Evoking" text="plant a tree" to="4-37" type="event"/>
            <label from="5-2" id="83" name="ScrEv_get_tree" text="got" type="event"/>
            <label from="5-6" id="84" name="ScrEv_take_home" text="brought" type="event"/>
            <label from="6-2" id="85" name="UnrelEv" text="was" type="event"/>
            <label from="6-9" id="86" name="UnrelEv" text="knew" type="event"/>
            <label from="6-12" id="87" name="UnrelEv" text="make" type="event"/>
            <label from="6-14" id="88" name="RelNScrEv" text="grow" type="event"/>
            <label from="7-2" id="89" name="ScrEv_get_tools" text="grabbed" type="event"/>
            <label from="7-6" id="90" name="UnrelEv" text="started" type="event"/>
            <label from="7-8" id="91" name="ScrEv_dig_hole" text="dig" type="event"/>
            <label from="7-20" id="92" name="UnrelEv" text="was" type="event"/>
            <label from="8-3" id="93" name="ScrEv_unwrap_root" text="took" type="event"/>
            <label from="8-11" id="94" name="ScrEv_place_root" text="placed" type="event"/>
            <label from="8-16" id="95" name="ScrEv_dig_hole" text="dug" type="event"/>
            <label from="9-1" id="96" name="ScrEv_refill_hole" text="Filling in" to="9-2" type="event"/>
            <label from="9-14" id="97" name="UnrelEv" text="marveled" type="event"/>
            <label from="10-2" id="98" name="UnrelEv" text="was" type="event"/>
            <label from="10-6" id="99" name="Evoking" text="planted a tree" to="10-8" type="event"/>
        </events>
        <chains>
            <chain elements="3 0 6 9 10 14 16 21 22 25 31 32 34 38 41 42 44 50 58 59 62 64"/>
            <chain elements="8 2 13 18 19 30 33 35 36 39 43 49 51 53 63"/>
            <chain elements="66 5"/>
            <chain elements="24 23"/>
            <chain elements="28 27 29"/>
            <chain elements="54 46 56"/>
            <chain elements="52 48"/>
        </chains>
    </annotations>
</story>
