<?xml version="1.0" encoding="UTF-8" standalone="no"?>
<!DOCTYPE story SYSTEM "../InScript.dtd">
<story id="008" scenario="tree">
    <text>
        <content>Recently , my kids reminded me that Arbor Day was approaching . 
I always wanted to do something in honor of my mom , and why not plant a tree that I could watch grow in our backyard . 
The tree would help with the Arbor Day festivities , as well as be a memory tree that is in dedication of my mom . 
We went to our local home improvement store in search of the perfect tree for our task . 
The kids decided that we should have some sort of fruit tree , and what better tree than an orange tree , because after all we do live in Florida . 
Once we got the tree , a worker assisted us in loading the tree onto my truck , and home bound we were . 
Once we got home , we decided on a spot for the tree , and began to dig a hole to place the tree into . 
We placed the tree in the hole , and then covered back up the hole . 
We then watered the tree , and the process of watching the tree grow began . </content>
        <sentences>
            <sentence id="1">
                <token content="Recently" id="1-1">
                    <pos type="RB"/>
                    <lemma type="recently"/>
                    <dep head="1-5" type="advmod"/>
                </token>
                <token content="," id="1-2"/>
                <token content="my" id="1-3">
                    <pos type="PRP$"/>
                    <lemma type="my"/>
                </token>
                <token content="kids" id="1-4">
                    <pos type="NNS"/>
                    <lemma type="kid"/>
                    <dep head="1-5" type="nsubj"/>
                </token>
                <token content="reminded" id="1-5">
                    <pos type="VBD"/>
                    <lemma type="remind"/>
                </token>
                <token content="me" id="1-6">
                    <pos type="PRP"/>
                    <lemma type="I"/>
                    <dep head="1-5" type="dobj"/>
                </token>
                <token content="that" id="1-7">
                    <pos type="IN"/>
                    <lemma type="that"/>
                    <dep head="1-11" type="mark"/>
                </token>
                <token content="Arbor" id="1-8">
                    <pos type="NNP"/>
                    <lemma type="Arbor"/>
                </token>
                <token content="Day" id="1-9">
                    <pos type="NNP"/>
                    <lemma type="Day"/>
                    <dep head="1-11" type="nsubj"/>
                </token>
                <token content="was" id="1-10">
                    <pos type="VBD"/>
                    <lemma type="be"/>
                    <dep head="1-11" type="aux"/>
                </token>
                <token content="approaching" id="1-11">
                    <pos type="VBG"/>
                    <lemma type="approach"/>
                    <dep head="1-5" type="ccomp"/>
                </token>
                <token content="." id="1-12"/>
            </sentence>
            <sentence id="2">
                <token content="I" id="2-1">
                    <pos type="PRP"/>
                    <lemma type="I"/>
                </token>
                <token content="always" id="2-2">
                    <pos type="RB"/>
                    <lemma type="always"/>
                    <dep head="2-3" type="advmod"/>
                </token>
                <token content="wanted" id="2-3">
                    <pos type="VBD"/>
                    <lemma type="want"/>
                </token>
                <token content="to" id="2-4">
                    <pos type="TO"/>
                    <lemma type="to"/>
                    <dep head="2-5" type="aux"/>
                </token>
                <token content="do" id="2-5">
                    <pos type="VB"/>
                    <lemma type="do"/>
                    <dep head="2-3" type="xcomp"/>
                </token>
                <token content="something" id="2-6">
                    <pos type="NN"/>
                    <lemma type="something"/>
                    <dep head="2-5" type="dobj"/>
                </token>
                <token content="in" id="2-7"/>
                <token content="honor" id="2-8">
                    <pos type="NN"/>
                    <lemma type="honor"/>
                    <dep head="2-5" type="prep"/>
                </token>
                <token content="of" id="2-9"/>
                <token content="my" id="2-10">
                    <pos type="PRP$"/>
                    <lemma type="my"/>
                </token>
                <token content="mom" id="2-11">
                    <pos type="NN"/>
                    <lemma type="mom"/>
                </token>
                <token content="," id="2-12"/>
                <token content="and" id="2-13">
                    <pos type="CC"/>
                    <lemma type="and"/>
                </token>
                <token content="why" id="2-14">
                    <pos type="WRB"/>
                    <lemma type="why"/>
                    <dep head="2-16" type="dep"/>
                </token>
                <token content="not" id="2-15">
                    <pos type="RB"/>
                    <lemma type="not"/>
                    <dep head="2-16" type="neg"/>
                </token>
                <token content="plant" id="2-16">
                    <pos type="VB"/>
                    <lemma type="plant"/>
                </token>
                <token content="a" id="2-17">
                    <pos type="DT"/>
                    <lemma type="a"/>
                </token>
                <token content="tree" id="2-18">
                    <pos type="NN"/>
                    <lemma type="tree"/>
                    <dep head="2-16" type="dobj"/>
                </token>
                <token content="that" id="2-19">
                    <pos type="IN"/>
                    <lemma type="that"/>
                    <dep head="2-22" type="mark"/>
                </token>
                <token content="I" id="2-20">
                    <pos type="PRP"/>
                    <lemma type="I"/>
                    <dep head="2-22" type="nsubj"/>
                </token>
                <token content="could" id="2-21">
                    <pos type="MD"/>
                    <lemma type="could"/>
                    <dep head="2-22" type="aux"/>
                </token>
                <token content="watch" id="2-22">
                    <pos type="VB"/>
                    <lemma type="watch"/>
                    <dep head="2-16" type="ccomp"/>
                </token>
                <token content="grow" id="2-23">
                    <pos type="VB"/>
                    <lemma type="grow"/>
                    <dep head="2-22" type="xcomp"/>
                </token>
                <token content="in" id="2-24"/>
                <token content="our" id="2-25">
                    <pos type="PRP$"/>
                    <lemma type="we"/>
                </token>
                <token content="backyard" id="2-26">
                    <pos type="NN"/>
                    <lemma type="backyard"/>
                    <dep head="2-23" type="prep"/>
                </token>
                <token content="." id="2-27"/>
            </sentence>
            <sentence id="3">
                <token content="The" id="3-1">
                    <pos type="DT"/>
                    <lemma type="the"/>
                </token>
                <token content="tree" id="3-2">
                    <pos type="NN"/>
                    <lemma type="tree"/>
                    <dep head="3-4" type="nsubj"/>
                </token>
                <token content="would" id="3-3">
                    <pos type="MD"/>
                    <lemma type="would"/>
                    <dep head="3-4" type="aux"/>
                </token>
                <token content="help" id="3-4">
                    <pos type="VB"/>
                    <lemma type="help"/>
                </token>
                <token content="with" id="3-5"/>
                <token content="the" id="3-6">
                    <pos type="DT"/>
                    <lemma type="the"/>
                </token>
                <token content="Arbor" id="3-7">
                    <pos type="NNP"/>
                    <lemma type="Arbor"/>
                </token>
                <token content="Day" id="3-8">
                    <pos type="NNP"/>
                    <lemma type="Day"/>
                </token>
                <token content="festivities" id="3-9">
                    <pos type="NNS"/>
                    <lemma type="festivity"/>
                    <dep head="3-4" type="prep"/>
                </token>
                <token content="," id="3-10"/>
                <token content="as" id="3-11"/>
                <token content="well" id="3-12"/>
                <token content="as" id="3-13"/>
                <token content="be" id="3-14">
                    <pos type="VB"/>
                    <lemma type="be"/>
                </token>
                <token content="a" id="3-15">
                    <pos type="DT"/>
                    <lemma type="a"/>
                </token>
                <token content="memory" id="3-16">
                    <pos type="NN"/>
                    <lemma type="memory"/>
                </token>
                <token content="tree" id="3-17">
                    <pos type="NN"/>
                    <lemma type="tree"/>
                    <dep head="3-4" type="conj"/>
                </token>
                <token content="that" id="3-18">
                    <pos type="WDT"/>
                    <lemma type="that"/>
                    <dep head="3-19" type="nsubj"/>
                </token>
                <token content="is" id="3-19">
                    <pos type="VBZ"/>
                    <lemma type="be"/>
                </token>
                <token content="in" id="3-20"/>
                <token content="dedication" id="3-21">
                    <pos type="NN"/>
                    <lemma type="dedication"/>
                    <dep head="3-19" type="prep"/>
                </token>
                <token content="of" id="3-22"/>
                <token content="my" id="3-23">
                    <pos type="PRP$"/>
                    <lemma type="my"/>
                </token>
                <token content="mom" id="3-24">
                    <pos type="NN"/>
                    <lemma type="mom"/>
                </token>
                <token content="." id="3-25"/>
            </sentence>
            <sentence id="4">
                <token content="We" id="4-1">
                    <pos type="PRP"/>
                    <lemma type="we"/>
                    <dep head="4-2" type="nsubj"/>
                </token>
                <token content="went" id="4-2">
                    <pos type="VBD"/>
                    <lemma type="go"/>
                </token>
                <token content="to" id="4-3"/>
                <token content="our" id="4-4">
                    <pos type="PRP$"/>
                    <lemma type="we"/>
                </token>
                <token content="local" id="4-5">
                    <pos type="JJ"/>
                    <lemma type="local"/>
                </token>
                <token content="home" id="4-6">
                    <pos type="NN"/>
                    <lemma type="home"/>
                </token>
                <token content="improvement" id="4-7">
                    <pos type="NN"/>
                    <lemma type="improvement"/>
                </token>
                <token content="store" id="4-8">
                    <pos type="NN"/>
                    <lemma type="store"/>
                    <dep head="4-2" type="prep"/>
                </token>
                <token content="in" id="4-9"/>
                <token content="search" id="4-10">
                    <pos type="NN"/>
                    <lemma type="search"/>
                    <dep head="4-2" type="prep"/>
                </token>
                <token content="of" id="4-11"/>
                <token content="the" id="4-12">
                    <pos type="DT"/>
                    <lemma type="the"/>
                </token>
                <token content="perfect" id="4-13">
                    <pos type="JJ"/>
                    <lemma type="perfect"/>
                </token>
                <token content="tree" id="4-14">
                    <pos type="NN"/>
                    <lemma type="tree"/>
                </token>
                <token content="for" id="4-15"/>
                <token content="our" id="4-16">
                    <pos type="PRP$"/>
                    <lemma type="we"/>
                </token>
                <token content="task" id="4-17">
                    <pos type="NN"/>
                    <lemma type="task"/>
                </token>
                <token content="." id="4-18"/>
            </sentence>
            <sentence id="5">
                <token content="The" id="5-1">
                    <pos type="DT"/>
                    <lemma type="the"/>
                </token>
                <token content="kids" id="5-2">
                    <pos type="NNS"/>
                    <lemma type="kid"/>
                    <dep head="5-3" type="nsubj"/>
                </token>
                <token content="decided" id="5-3">
                    <pos type="VBD"/>
                    <lemma type="decide"/>
                </token>
                <token content="that" id="5-4">
                    <pos type="IN"/>
                    <lemma type="that"/>
                    <dep head="5-7" type="mark"/>
                </token>
                <token content="we" id="5-5">
                    <pos type="PRP"/>
                    <lemma type="we"/>
                    <dep head="5-7" type="nsubj"/>
                </token>
                <token content="should" id="5-6">
                    <pos type="MD"/>
                    <lemma type="should"/>
                    <dep head="5-7" type="aux"/>
                </token>
                <token content="have" id="5-7">
                    <pos type="VB"/>
                    <lemma type="have"/>
                    <dep head="5-3" type="ccomp"/>
                </token>
                <token content="some" id="5-8">
                    <pos type="DT"/>
                    <lemma type="some"/>
                </token>
                <token content="sort" id="5-9">
                    <pos type="NN"/>
                    <lemma type="sort"/>
                    <dep head="5-7" type="dobj"/>
                </token>
                <token content="of" id="5-10"/>
                <token content="fruit" id="5-11">
                    <pos type="NN"/>
                    <lemma type="fruit"/>
                </token>
                <token content="tree" id="5-12">
                    <pos type="NN"/>
                    <lemma type="tree"/>
                </token>
                <token content="," id="5-13"/>
                <token content="and" id="5-14"/>
                <token content="what" id="5-15">
                    <pos type="WP"/>
                    <lemma type="what"/>
                    <dep head="5-28" type="dobj"/>
                </token>
                <token content="better" id="5-16">
                    <pos type="JJR"/>
                    <lemma type="better"/>
                </token>
                <token content="tree" id="5-17">
                    <pos type="NN"/>
                    <lemma type="tree"/>
                    <dep head="5-28" type="nsubj"/>
                </token>
                <token content="than" id="5-18"/>
                <token content="an" id="5-19">
                    <pos type="DT"/>
                    <lemma type="a"/>
                </token>
                <token content="orange" id="5-20">
                    <pos type="JJ"/>
                    <lemma type="orange"/>
                </token>
                <token content="tree" id="5-21">
                    <pos type="NN"/>
                    <lemma type="tree"/>
                </token>
                <token content="," id="5-22"/>
                <token content="because" id="5-23">
                    <pos type="IN"/>
                    <lemma type="because"/>
                    <dep head="5-27" type="mark"/>
                </token>
                <token content="after" id="5-24"/>
                <token content="all" id="5-25">
                    <pos type="DT"/>
                    <lemma type="all"/>
                    <dep head="5-27" type="prep"/>
                </token>
                <token content="we" id="5-26">
                    <pos type="PRP"/>
                    <lemma type="we"/>
                    <dep head="5-27" type="nsubj"/>
                </token>
                <token content="do" id="5-27">
                    <pos type="VBP"/>
                    <lemma type="do"/>
                </token>
                <token content="live" id="5-28">
                    <pos type="VBP"/>
                    <lemma type="live"/>
                    <dep head="5-7" type="conj"/>
                </token>
                <token content="in" id="5-29"/>
                <token content="Florida" id="5-30">
                    <pos type="NNP"/>
                    <lemma type="Florida"/>
                    <dep head="5-28" type="prep"/>
                </token>
                <token content="." id="5-31"/>
            </sentence>
            <sentence id="6">
                <token content="Once" id="6-1">
                    <pos type="IN"/>
                    <lemma type="once"/>
                    <dep head="6-3" type="mark"/>
                </token>
                <token content="we" id="6-2">
                    <pos type="PRP"/>
                    <lemma type="we"/>
                    <dep head="6-3" type="nsubj"/>
                </token>
                <token content="got" id="6-3">
                    <pos type="VBD"/>
                    <lemma type="get"/>
                    <dep head="6-9" type="advcl"/>
                </token>
                <token content="the" id="6-4">
                    <pos type="DT"/>
                    <lemma type="the"/>
                </token>
                <token content="tree" id="6-5">
                    <pos type="NN"/>
                    <lemma type="tree"/>
                    <dep head="6-3" type="dobj"/>
                </token>
                <token content="," id="6-6"/>
                <token content="a" id="6-7">
                    <pos type="DT"/>
                    <lemma type="a"/>
                </token>
                <token content="worker" id="6-8">
                    <pos type="NN"/>
                    <lemma type="worker"/>
                    <dep head="6-9" type="nsubj"/>
                </token>
                <token content="assisted" id="6-9">
                    <pos type="VBD"/>
                    <lemma type="assist"/>
                </token>
                <token content="us" id="6-10">
                    <pos type="PRP"/>
                    <lemma type="we"/>
                    <dep head="6-9" type="dobj"/>
                </token>
                <token content="in" id="6-11"/>
                <token content="loading" id="6-12">
                    <pos type="VBG"/>
                    <lemma type="load"/>
                    <dep head="6-9" type="prepc"/>
                </token>
                <token content="the" id="6-13">
                    <pos type="DT"/>
                    <lemma type="the"/>
                </token>
                <token content="tree" id="6-14">
                    <pos type="NN"/>
                    <lemma type="tree"/>
                    <dep head="6-12" type="dobj"/>
                </token>
                <token content="onto" id="6-15"/>
                <token content="my" id="6-16">
                    <pos type="PRP$"/>
                    <lemma type="my"/>
                </token>
                <token content="truck" id="6-17">
                    <pos type="NN"/>
                    <lemma type="truck"/>
                    <dep head="6-12" type="prep"/>
                </token>
                <token content="," id="6-18"/>
                <token content="and" id="6-19"/>
                <token content="home" id="6-20">
                    <pos type="NN"/>
                    <lemma type="home"/>
                    <dep head="6-23" type="nsubj"/>
                </token>
                <token content="bound" id="6-21">
                    <pos type="VBN"/>
                    <lemma type="bind"/>
                </token>
                <token content="we" id="6-22">
                    <pos type="PRP"/>
                    <lemma type="we"/>
                    <dep head="6-21" type="dobj"/>
                </token>
                <token content="were" id="6-23">
                    <pos type="VBD"/>
                    <lemma type="be"/>
                    <dep head="6-9" type="conj"/>
                </token>
                <token content="." id="6-24"/>
            </sentence>
            <sentence id="7">
                <token content="Once" id="7-1">
                    <pos type="IN"/>
                    <lemma type="once"/>
                    <dep head="7-3" type="mark"/>
                </token>
                <token content="we" id="7-2">
                    <pos type="PRP"/>
                    <lemma type="we"/>
                    <dep head="7-3" type="nsubj"/>
                </token>
                <token content="got" id="7-3">
                    <pos type="VBD"/>
                    <lemma type="get"/>
                    <dep head="7-7" type="advcl"/>
                </token>
                <token content="home" id="7-4">
                    <pos type="NN"/>
                    <lemma type="home"/>
                    <dep head="7-3" type="dobj"/>
                </token>
                <token content="," id="7-5"/>
                <token content="we" id="7-6">
                    <pos type="PRP"/>
                    <lemma type="we"/>
                    <dep head="7-7" type="nsubj"/>
                </token>
                <token content="decided" id="7-7">
                    <pos type="VBD"/>
                    <lemma type="decide"/>
                </token>
                <token content="on" id="7-8"/>
                <token content="a" id="7-9">
                    <pos type="DT"/>
                    <lemma type="a"/>
                </token>
                <token content="spot" id="7-10">
                    <pos type="NN"/>
                    <lemma type="spot"/>
                    <dep head="7-7" type="prep"/>
                </token>
                <token content="for" id="7-11"/>
                <token content="the" id="7-12">
                    <pos type="DT"/>
                    <lemma type="the"/>
                </token>
                <token content="tree" id="7-13">
                    <pos type="NN"/>
                    <lemma type="tree"/>
                </token>
                <token content="," id="7-14"/>
                <token content="and" id="7-15"/>
                <token content="began" id="7-16">
                    <pos type="VBD"/>
                    <lemma type="begin"/>
                    <dep head="7-7" type="conj"/>
                </token>
                <token content="to" id="7-17">
                    <pos type="TO"/>
                    <lemma type="to"/>
                    <dep head="7-18" type="aux"/>
                </token>
                <token content="dig" id="7-18">
                    <pos type="VB"/>
                    <lemma type="dig"/>
                    <dep head="7-16" type="xcomp"/>
                </token>
                <token content="a" id="7-19">
                    <pos type="DT"/>
                    <lemma type="a"/>
                </token>
                <token content="hole" id="7-20">
                    <pos type="NN"/>
                    <lemma type="hole"/>
                    <dep head="7-18" type="dobj"/>
                </token>
                <token content="to" id="7-21">
                    <pos type="TO"/>
                    <lemma type="to"/>
                    <dep head="7-22" type="aux"/>
                </token>
                <token content="place" id="7-22">
                    <pos type="VB"/>
                    <lemma type="place"/>
                </token>
                <token content="the" id="7-23">
                    <pos type="DT"/>
                    <lemma type="the"/>
                </token>
                <token content="tree" id="7-24">
                    <pos type="NN"/>
                    <lemma type="tree"/>
                    <dep head="7-22" type="dobj"/>
                </token>
                <token content="into" id="7-25">
                    <pos type="IN"/>
                    <lemma type="into"/>
                    <dep head="7-22" type="prep"/>
                </token>
                <token content="." id="7-26"/>
            </sentence>
            <sentence id="8">
                <token content="We" id="8-1">
                    <pos type="PRP"/>
                    <lemma type="we"/>
                    <dep head="8-2" type="nsubj"/>
                </token>
                <token content="placed" id="8-2">
                    <pos type="VBD"/>
                    <lemma type="place"/>
                </token>
                <token content="the" id="8-3">
                    <pos type="DT"/>
                    <lemma type="the"/>
                </token>
                <token content="tree" id="8-4">
                    <pos type="NN"/>
                    <lemma type="tree"/>
                    <dep head="8-2" type="dobj"/>
                </token>
                <token content="in" id="8-5"/>
                <token content="the" id="8-6">
                    <pos type="DT"/>
                    <lemma type="the"/>
                </token>
                <token content="hole" id="8-7">
                    <pos type="NN"/>
                    <lemma type="hole"/>
                    <dep head="8-2" type="prep"/>
                </token>
                <token content="," id="8-8"/>
                <token content="and" id="8-9"/>
                <token content="then" id="8-10">
                    <pos type="RB"/>
                    <lemma type="then"/>
                    <dep head="8-11" type="advmod"/>
                </token>
                <token content="covered" id="8-11">
                    <pos type="VBD"/>
                    <lemma type="cover"/>
                    <dep head="8-2" type="conj"/>
                </token>
                <token content="back" id="8-12">
                    <pos type="RB"/>
                    <lemma type="back"/>
                </token>
                <token content="up" id="8-13">
                    <pos type="RB"/>
                    <lemma type="up"/>
                    <dep head="8-11" type="advmod"/>
                </token>
                <token content="the" id="8-14">
                    <pos type="DT"/>
                    <lemma type="the"/>
                </token>
                <token content="hole" id="8-15">
                    <pos type="NN"/>
                    <lemma type="hole"/>
                    <dep head="8-11" type="dobj"/>
                </token>
                <token content="." id="8-16"/>
            </sentence>
            <sentence id="9">
                <token content="We" id="9-1">
                    <pos type="PRP"/>
                    <lemma type="we"/>
                    <dep head="9-3" type="nsubj"/>
                </token>
                <token content="then" id="9-2">
                    <pos type="RB"/>
                    <lemma type="then"/>
                    <dep head="9-3" type="advmod"/>
                </token>
                <token content="watered" id="9-3">
                    <pos type="VBD"/>
                    <lemma type="water"/>
                </token>
                <token content="the" id="9-4">
                    <pos type="DT"/>
                    <lemma type="the"/>
                </token>
                <token content="tree" id="9-5">
                    <pos type="NN"/>
                    <lemma type="tree"/>
                    <dep head="9-3" type="dobj"/>
                </token>
                <token content="," id="9-6"/>
                <token content="and" id="9-7"/>
                <token content="the" id="9-8">
                    <pos type="DT"/>
                    <lemma type="the"/>
                </token>
                <token content="process" id="9-9">
                    <pos type="NN"/>
                    <lemma type="process"/>
                    <dep head="9-15" type="nsubj"/>
                </token>
                <token content="of" id="9-10"/>
                <token content="watching" id="9-11">
                    <pos type="VBG"/>
                    <lemma type="watch"/>
                </token>
                <token content="the" id="9-12">
                    <pos type="DT"/>
                    <lemma type="the"/>
                </token>
                <token content="tree" id="9-13">
                    <pos type="NN"/>
                    <lemma type="tree"/>
                    <dep head="9-14" type="nsubj"/>
                </token>
                <token content="grow" id="9-14">
                    <pos type="VB"/>
                    <lemma type="grow"/>
                    <dep head="9-11" type="ccomp"/>
                </token>
                <token content="began" id="9-15">
                    <pos type="VBD"/>
                    <lemma type="begin"/>
                    <dep head="9-3" type="conj"/>
                </token>
                <token content="." id="9-16"/>
            </sentence>
        </sentences>
    </text>
    <annotations>
        <participants>
            <label from="1-3" id="0" name="ScrPart_gardener" text="my" type="participant"/>
            <label from="1-4" id="1" name="ScrPart_gardener" text="kids" type="participant"/>
            <label from="1-6" id="2" name="ScrPart_gardener" text="me" type="participant"/>
            <label from="1-8" id="3" name="NPart" text="Arbor Day" to="1-9" type="participant"/>
            <label from="2-1" id="4" name="ScrPart_gardener" text="I" type="participant"/>
            <label from="2-6" id="5" name="NPart" text="something" type="participant"/>
            <label from="2-8" id="6" name="No_label" text="honor" type="participant"/>
            <label from="2-10" id="7" name="ScrPart_gardener" text="my" type="participant"/>
            <label from="2-11" id="8" name="NPart" text="mom" type="participant"/>
            <label from="2-18" id="9" name="ScrPart_tree" text="tree" type="participant"/>
            <label from="2-20" id="10" name="ScrPart_gardener" text="I" type="participant"/>
            <label from="2-25" id="11" name="ScrPart_gardener" text="our" type="participant"/>
            <label from="2-26" id="12" name="NPart" text="backyard" type="participant"/>
            <label from="3-2" id="13" name="ScrPart_tree" text="tree" type="participant"/>
            <label from="3-7" id="14" name="NPart" text="Arbor Day festivities" to="3-9" type="participant"/>
            <label from="3-9" id="15" name="NPart" text="festivities" type="participant"/>
            <label from="3-16" id="16" name="ScrPart_tree" text="memory tree" to="3-17" type="participant"/>
            <label from="3-17" id="17" name="ScrPart_tree" text="tree" type="participant"/>
            <label from="3-21" id="18" name="NPart" text="dedication" type="participant"/>
            <label from="3-23" id="19" name="ScrPart_gardener" text="my" type="participant"/>
            <label from="3-24" id="20" name="NPart" text="mom" type="participant"/>
            <label from="4-1" id="21" name="ScrPart_gardener" text="We" type="participant"/>
            <label from="4-4" id="22" name="NPart" text="our" type="participant"/>
            <label from="4-6" id="23" name="ScrPart_shop" text="home improvement store" to="4-8" type="participant"/>
            <label from="4-8" id="24" name="ScrPart_shop" text="store" type="participant"/>
            <label from="4-10" id="25" name="NPart" text="search" type="participant"/>
            <label from="4-14" id="26" name="ScrPart_tree" text="tree" type="participant"/>
            <label from="4-16" id="27" name="NPart" text="our" type="participant"/>
            <label from="4-17" id="28" name="NPart" text="task" type="participant"/>
            <label from="5-2" id="29" name="ScrPart_gardener" text="kids" type="participant"/>
            <label from="5-5" id="30" name="ScrPart_gardener" text="we" type="participant"/>
            <label from="5-9" id="31" name="NPart" text="sort" type="participant"/>
            <label from="5-11" id="32" name="ScrPart_tree" text="fruit tree" to="5-12" type="participant"/>
            <label from="5-12" id="33" name="ScrPart_tree" text="tree" type="participant"/>
            <label from="5-17" id="34" name="ScrPart_tree" text="tree" type="participant"/>
            <label from="5-20" id="35" name="ScrPart_tree" text="orange tree" to="5-21" type="participant"/>
            <label from="5-21" id="36" name="ScrPart_tree" text="tree" type="participant"/>
            <label from="5-26" id="37" name="ScrPart_gardener" text="we" type="participant"/>
            <label from="5-30" id="38" name="NPart" text="Florida" type="participant"/>
            <label from="6-2" id="39" name="ScrPart_gardener" text="we" type="participant"/>
            <label from="6-5" id="40" name="ScrPart_tree" text="tree" type="participant"/>
            <label from="6-8" id="41" name="ScrPart_staff" text="worker" type="participant"/>
            <label from="6-10" id="42" name="ScrPart_gardener" text="us" type="participant"/>
            <label from="6-14" id="43" name="ScrPart_tree" text="tree" type="participant"/>
            <label from="6-16" id="44" name="ScrPart_gardener" text="my" type="participant"/>
            <label from="6-17" id="45" name="NPart" text="truck" type="participant"/>
            <label from="6-22" id="46" name="ScrPart_gardener" text="we" type="participant"/>
            <label from="7-2" id="47" name="ScrPart_gardener" text="we" type="participant"/>
            <label from="7-4" id="48" name="NPart" text="home" type="participant"/>
            <label from="7-6" id="49" name="ScrPart_gardener" text="we" type="participant"/>
            <label from="7-10" id="50" name="ScrPart_location_garden" text="spot" type="participant"/>
            <label from="7-13" id="51" name="ScrPart_tree" text="tree" type="participant"/>
            <label from="7-20" id="52" name="ScrPart_hole" text="hole" type="participant"/>
            <label from="7-24" id="53" name="ScrPart_tree" text="tree" type="participant"/>
            <label from="8-1" id="54" name="ScrPart_gardener" text="We" type="participant"/>
            <label from="8-4" id="55" name="ScrPart_tree" text="tree" type="participant"/>
            <label from="8-7" id="56" name="ScrPart_hole" text="hole" type="participant"/>
            <label from="8-15" id="57" name="ScrPart_hole" text="hole" type="participant"/>
            <label from="9-1" id="58" name="ScrPart_gardener" text="We" type="participant"/>
            <label from="9-5" id="59" name="ScrPart_tree" text="tree" type="participant"/>
            <label from="9-9" id="60" name="NPart" text="process" type="participant"/>
            <label from="9-13" id="61" name="ScrPart_tree" text="tree" type="participant"/>
        </participants>
        <events>
            <label from="1-5" id="62" name="UnrelEv" text="reminded" type="event"/>
            <label from="1-11" id="63" name="UnrelEv" text="approaching" type="event"/>
            <label from="2-5" id="64" name="UnrelEv" text="do" type="event"/>
            <label from="2-16" id="65" name="Evoking" text="plant a tree" to="2-18" type="event"/>
            <label from="2-22" id="66" name="UnrelEv" text="watch" type="event"/>
            <label from="2-23" id="67" name="RelNScrEv" text="grow" type="event"/>
            <label from="3-4" id="68" name="UnrelEv" text="help" type="event"/>
            <label from="3-14" id="69" name="UnrelEv" text="be" type="event"/>
            <label from="3-19" id="70" name="UnrelEv" text="is" type="event"/>
            <label from="4-2" id="71" name="RelNScrEv" text="went" type="event"/>
            <label from="5-3" id="72" name="ScrEv_choose_tree" text="decided" type="event"/>
            <label from="5-7" id="73" name="UnrelEv" text="have" type="event"/>
            <label from="5-28" id="74" name="UnrelEv" text="live" type="event"/>
            <label from="6-3" id="75" name="ScrEv_get_tree" text="got" type="event"/>
            <label from="6-9" id="76" name="UnrelEv" text="assisted" type="event"/>
            <label from="6-12" id="77" name="RelNScrEv" text="loading" type="event"/>
            <label from="6-23" id="78" name="UnrelEv" text="were" type="event"/>
            <label from="7-3" id="79" name="ScrEv_take_home" text="got" type="event"/>
            <label from="7-7" id="80" name="ScrEv_find_place" text="decided" type="event"/>
            <label from="7-18" id="81" name="ScrEv_dig_hole" text="dig" type="event"/>
            <label from="7-22" id="82" name="ScrEv_place_root" text="place" type="event"/>
            <label from="8-2" id="83" name="ScrEv_place_root" text="placed" type="event"/>
            <label from="8-11" id="84" name="ScrEv_refill_hole" text="covered" type="event"/>
            <label from="9-3" id="85" name="ScrEv_water" text="watered" type="event"/>
            <label from="9-11" id="86" name="UnrelEv" text="watching" type="event"/>
            <label from="9-14" id="87" name="RelNScrEv" text="grow" type="event"/>
            <label from="9-15" id="88" name="UnrelEv" text="began" type="event"/>
        </events>
        <chains>
            <chain elements="11 0 1" name="group_I_kids"/>
            <chain elements="0 2 4 7 10 19 44"/>
            <chain elements="9 13 17 26 33 34 36 40 43 51 53 55 59 61"/>
            <chain elements="11 21 30 37 39 42 46 47 49 54 58"/>
            <chain elements="1 29"/>
            <chain elements="52 56 57"/>
        </chains>
    </annotations>
</story>
