<?xml version="1.0" encoding="UTF-8" standalone="no"?>
<!DOCTYPE story SYSTEM "../InScript.dtd">
<story id="046" scenario="tree">
    <text>
        <content>Last summer , my friend Heidi and I were walking through Home Depot when we saw tree seedlings for sale . 
We had been looking for a new project to do together , so we decided to purchase one . 
. 
After making the purchase , we went looking for a place to plant our tree . 
We agreed on her backyard , since my house does not have much of a yard . 
When we got to her house , we found a perfect place in the corner of her backyard . 
We grabbed our shovels and began to roughen the sides and bottom of where we were planting a tree , so that the root tips can penetrate the soil . 
Then we created a water basin with mulch and filled the basin with water . 
We were proud of our newly planted tree , so we made sure to take many pictures . 
We ca n't wait to see how our tree will grow over the years . </content>
        <sentences>
            <sentence id="1">
                <token content="Last" id="1-1">
                    <pos type="JJ"/>
                    <lemma type="last"/>
                </token>
                <token content="summer" id="1-2">
                    <pos type="NN"/>
                    <lemma type="summer"/>
                    <dep head="1-10" type="tmod"/>
                </token>
                <token content="," id="1-3"/>
                <token content="my" id="1-4">
                    <pos type="PRP$"/>
                    <lemma type="my"/>
                </token>
                <token content="friend" id="1-5">
                    <pos type="NN"/>
                    <lemma type="friend"/>
                </token>
                <token content="Heidi" id="1-6">
                    <pos type="NNP"/>
                    <lemma type="Heidi"/>
                    <dep head="1-10" type="nsubj"/>
                </token>
                <token content="and" id="1-7"/>
                <token content="I" id="1-8">
                    <pos type="PRP"/>
                    <lemma type="I"/>
                </token>
                <token content="were" id="1-9">
                    <pos type="VBD"/>
                    <lemma type="be"/>
                    <dep head="1-10" type="aux"/>
                </token>
                <token content="walking" id="1-10">
                    <pos type="VBG"/>
                    <lemma type="walk"/>
                </token>
                <token content="through" id="1-11"/>
                <token content="Home" id="1-12">
                    <pos type="NNP"/>
                    <lemma type="Home"/>
                </token>
                <token content="Depot" id="1-13">
                    <pos type="NNP"/>
                    <lemma type="Depot"/>
                    <dep head="1-10" type="prep"/>
                </token>
                <token content="when" id="1-14">
                    <pos type="WRB"/>
                    <lemma type="when"/>
                    <dep head="1-16" type="advmod"/>
                </token>
                <token content="we" id="1-15">
                    <pos type="PRP"/>
                    <lemma type="we"/>
                    <dep head="1-16" type="nsubj"/>
                </token>
                <token content="saw" id="1-16">
                    <pos type="VBD"/>
                    <lemma type="see"/>
                </token>
                <token content="tree" id="1-17">
                    <pos type="NN"/>
                    <lemma type="tree"/>
                </token>
                <token content="seedlings" id="1-18">
                    <pos type="NNS"/>
                    <lemma type="seedling"/>
                    <dep head="1-16" type="dobj"/>
                </token>
                <token content="for" id="1-19"/>
                <token content="sale" id="1-20">
                    <pos type="NN"/>
                    <lemma type="sale"/>
                    <dep head="1-16" type="prep"/>
                </token>
                <token content="." id="1-21"/>
            </sentence>
            <sentence id="2">
                <token content="We" id="2-1">
                    <pos type="PRP"/>
                    <lemma type="we"/>
                    <dep head="2-4" type="nsubj"/>
                </token>
                <token content="had" id="2-2">
                    <pos type="VBD"/>
                    <lemma type="have"/>
                    <dep head="2-4" type="aux"/>
                </token>
                <token content="been" id="2-3">
                    <pos type="VBN"/>
                    <lemma type="be"/>
                    <dep head="2-4" type="aux"/>
                </token>
                <token content="looking" id="2-4">
                    <pos type="VBG"/>
                    <lemma type="look"/>
                </token>
                <token content="for" id="2-5"/>
                <token content="a" id="2-6">
                    <pos type="DT"/>
                    <lemma type="a"/>
                </token>
                <token content="new" id="2-7">
                    <pos type="JJ"/>
                    <lemma type="new"/>
                </token>
                <token content="project" id="2-8">
                    <pos type="NN"/>
                    <lemma type="project"/>
                    <dep head="2-4" type="prep"/>
                </token>
                <token content="to" id="2-9">
                    <pos type="TO"/>
                    <lemma type="to"/>
                    <dep head="2-10" type="aux"/>
                </token>
                <token content="do" id="2-10">
                    <pos type="VB"/>
                    <lemma type="do"/>
                    <dep head="2-4" type="xcomp"/>
                </token>
                <token content="together" id="2-11">
                    <pos type="RB"/>
                    <lemma type="together"/>
                    <dep head="2-10" type="advmod"/>
                </token>
                <token content="," id="2-12"/>
                <token content="so" id="2-13">
                    <pos type="IN"/>
                    <lemma type="so"/>
                    <dep head="2-4" type="dep"/>
                </token>
                <token content="we" id="2-14">
                    <pos type="PRP"/>
                    <lemma type="we"/>
                    <dep head="2-15" type="nsubj"/>
                </token>
                <token content="decided" id="2-15">
                    <pos type="VBD"/>
                    <lemma type="decide"/>
                    <dep head="2-4" type="parataxis"/>
                </token>
                <token content="to" id="2-16">
                    <pos type="TO"/>
                    <lemma type="to"/>
                    <dep head="2-17" type="aux"/>
                </token>
                <token content="purchase" id="2-17">
                    <pos type="VB"/>
                    <lemma type="purchase"/>
                    <dep head="2-15" type="xcomp"/>
                </token>
                <token content="one" id="2-18">
                    <pos type="CD"/>
                    <lemma type="one"/>
                    <dep head="2-17" type="dobj"/>
                </token>
                <token content="." id="2-19"/>
            </sentence>
            <sentence id="3">
                <token content="." id="3-1"/>
            </sentence>
            <sentence id="4">
                <token content="After" id="4-1"/>
                <token content="making" id="4-2">
                    <pos type="VBG"/>
                    <lemma type="make"/>
                    <dep head="4-7" type="prepc"/>
                </token>
                <token content="the" id="4-3">
                    <pos type="DT"/>
                    <lemma type="the"/>
                </token>
                <token content="purchase" id="4-4">
                    <pos type="NN"/>
                    <lemma type="purchase"/>
                    <dep head="4-2" type="dobj"/>
                </token>
                <token content="," id="4-5"/>
                <token content="we" id="4-6">
                    <pos type="PRP"/>
                    <lemma type="we"/>
                    <dep head="4-7" type="nsubj"/>
                </token>
                <token content="went" id="4-7">
                    <pos type="VBD"/>
                    <lemma type="go"/>
                </token>
                <token content="looking" id="4-8">
                    <pos type="VBG"/>
                    <lemma type="look"/>
                    <dep head="4-7" type="xcomp"/>
                </token>
                <token content="for" id="4-9"/>
                <token content="a" id="4-10">
                    <pos type="DT"/>
                    <lemma type="a"/>
                </token>
                <token content="place" id="4-11">
                    <pos type="NN"/>
                    <lemma type="place"/>
                    <dep head="4-8" type="prep"/>
                </token>
                <token content="to" id="4-12">
                    <pos type="TO"/>
                    <lemma type="to"/>
                    <dep head="4-13" type="aux"/>
                </token>
                <token content="plant" id="4-13">
                    <pos type="VB"/>
                    <lemma type="plant"/>
                </token>
                <token content="our" id="4-14">
                    <pos type="PRP$"/>
                    <lemma type="we"/>
                </token>
                <token content="tree" id="4-15">
                    <pos type="NN"/>
                    <lemma type="tree"/>
                    <dep head="4-13" type="dobj"/>
                </token>
                <token content="." id="4-16"/>
            </sentence>
            <sentence id="5">
                <token content="We" id="5-1">
                    <pos type="PRP"/>
                    <lemma type="we"/>
                    <dep head="5-2" type="nsubj"/>
                </token>
                <token content="agreed" id="5-2">
                    <pos type="VBD"/>
                    <lemma type="agree"/>
                </token>
                <token content="on" id="5-3"/>
                <token content="her" id="5-4">
                    <pos type="PRP$"/>
                    <lemma type="she"/>
                </token>
                <token content="backyard" id="5-5">
                    <pos type="NN"/>
                    <lemma type="backyard"/>
                    <dep head="5-2" type="prep"/>
                </token>
                <token content="," id="5-6"/>
                <token content="since" id="5-7">
                    <pos type="IN"/>
                    <lemma type="since"/>
                    <dep head="5-12" type="mark"/>
                </token>
                <token content="my" id="5-8">
                    <pos type="PRP$"/>
                    <lemma type="my"/>
                </token>
                <token content="house" id="5-9">
                    <pos type="NN"/>
                    <lemma type="house"/>
                    <dep head="5-12" type="nsubj"/>
                </token>
                <token content="does" id="5-10">
                    <pos type="VBZ"/>
                    <lemma type="do"/>
                    <dep head="5-12" type="aux"/>
                </token>
                <token content="not" id="5-11">
                    <pos type="RB"/>
                    <lemma type="not"/>
                    <dep head="5-12" type="neg"/>
                </token>
                <token content="have" id="5-12">
                    <pos type="VB"/>
                    <lemma type="have"/>
                    <dep head="5-2" type="advcl"/>
                </token>
                <token content="much" id="5-13">
                    <pos type="RB"/>
                    <lemma type="much"/>
                    <dep head="5-12" type="dobj"/>
                </token>
                <token content="of" id="5-14"/>
                <token content="a" id="5-15">
                    <pos type="DT"/>
                    <lemma type="a"/>
                </token>
                <token content="yard" id="5-16">
                    <pos type="NN"/>
                    <lemma type="yard"/>
                </token>
                <token content="." id="5-17"/>
            </sentence>
            <sentence id="6">
                <token content="When" id="6-1">
                    <pos type="WRB"/>
                    <lemma type="when"/>
                    <dep head="6-3" type="advmod"/>
                </token>
                <token content="we" id="6-2">
                    <pos type="PRP"/>
                    <lemma type="we"/>
                    <dep head="6-3" type="nsubj"/>
                </token>
                <token content="got" id="6-3">
                    <pos type="VBD"/>
                    <lemma type="get"/>
                    <dep head="6-9" type="advcl"/>
                </token>
                <token content="to" id="6-4"/>
                <token content="her" id="6-5">
                    <pos type="PRP$"/>
                    <lemma type="she"/>
                </token>
                <token content="house" id="6-6">
                    <pos type="NN"/>
                    <lemma type="house"/>
                    <dep head="6-3" type="prep"/>
                </token>
                <token content="," id="6-7"/>
                <token content="we" id="6-8">
                    <pos type="PRP"/>
                    <lemma type="we"/>
                    <dep head="6-9" type="nsubj"/>
                </token>
                <token content="found" id="6-9">
                    <pos type="VBD"/>
                    <lemma type="find"/>
                </token>
                <token content="a" id="6-10">
                    <pos type="DT"/>
                    <lemma type="a"/>
                </token>
                <token content="perfect" id="6-11">
                    <pos type="JJ"/>
                    <lemma type="perfect"/>
                </token>
                <token content="place" id="6-12">
                    <pos type="NN"/>
                    <lemma type="place"/>
                    <dep head="6-9" type="dobj"/>
                </token>
                <token content="in" id="6-13"/>
                <token content="the" id="6-14">
                    <pos type="DT"/>
                    <lemma type="the"/>
                </token>
                <token content="corner" id="6-15">
                    <pos type="NN"/>
                    <lemma type="corner"/>
                    <dep head="6-9" type="prep"/>
                </token>
                <token content="of" id="6-16"/>
                <token content="her" id="6-17">
                    <pos type="PRP$"/>
                    <lemma type="she"/>
                </token>
                <token content="backyard" id="6-18">
                    <pos type="NN"/>
                    <lemma type="backyard"/>
                </token>
                <token content="." id="6-19"/>
            </sentence>
            <sentence id="7">
                <token content="We" id="7-1">
                    <pos type="PRP"/>
                    <lemma type="we"/>
                    <dep head="7-2" type="nsubj"/>
                </token>
                <token content="grabbed" id="7-2">
                    <pos type="VBD"/>
                    <lemma type="grab"/>
                </token>
                <token content="our" id="7-3">
                    <pos type="PRP$"/>
                    <lemma type="we"/>
                </token>
                <token content="shovels" id="7-4">
                    <pos type="NNS"/>
                    <lemma type="shovel"/>
                    <dep head="7-2" type="dobj"/>
                </token>
                <token content="and" id="7-5"/>
                <token content="began" id="7-6">
                    <pos type="VBD"/>
                    <lemma type="begin"/>
                    <dep head="7-2" type="conj"/>
                </token>
                <token content="to" id="7-7">
                    <pos type="TO"/>
                    <lemma type="to"/>
                    <dep head="7-8" type="aux"/>
                </token>
                <token content="roughen" id="7-8">
                    <pos type="VB"/>
                    <lemma type="roughen"/>
                    <dep head="7-6" type="xcomp"/>
                </token>
                <token content="the" id="7-9">
                    <pos type="DT"/>
                    <lemma type="the"/>
                </token>
                <token content="sides" id="7-10">
                    <pos type="NNS"/>
                    <lemma type="side"/>
                    <dep head="7-8" type="dobj"/>
                </token>
                <token content="and" id="7-11"/>
                <token content="bottom" id="7-12">
                    <pos type="NN"/>
                    <lemma type="bottom"/>
                </token>
                <token content="of" id="7-13"/>
                <token content="where" id="7-14">
                    <pos type="WRB"/>
                    <lemma type="where"/>
                    <dep head="7-17" type="advmod"/>
                </token>
                <token content="we" id="7-15">
                    <pos type="PRP"/>
                    <lemma type="we"/>
                    <dep head="7-17" type="nsubj"/>
                </token>
                <token content="were" id="7-16">
                    <pos type="VBD"/>
                    <lemma type="be"/>
                    <dep head="7-17" type="aux"/>
                </token>
                <token content="planting" id="7-17">
                    <pos type="VBG"/>
                    <lemma type="plant"/>
                </token>
                <token content="a" id="7-18">
                    <pos type="DT"/>
                    <lemma type="a"/>
                </token>
                <token content="tree" id="7-19">
                    <pos type="NN"/>
                    <lemma type="tree"/>
                    <dep head="7-17" type="dobj"/>
                </token>
                <token content="," id="7-20"/>
                <token content="so" id="7-21">
                    <pos type="RB"/>
                    <lemma type="so"/>
                    <dep head="7-27" type="advmod"/>
                </token>
                <token content="that" id="7-22">
                    <pos type="IN"/>
                    <lemma type="that"/>
                    <dep head="7-27" type="mark"/>
                </token>
                <token content="the" id="7-23">
                    <pos type="DT"/>
                    <lemma type="the"/>
                </token>
                <token content="root" id="7-24">
                    <pos type="NN"/>
                    <lemma type="root"/>
                </token>
                <token content="tips" id="7-25">
                    <pos type="NNS"/>
                    <lemma type="tip"/>
                    <dep head="7-27" type="nsubj"/>
                </token>
                <token content="can" id="7-26">
                    <pos type="MD"/>
                    <lemma type="can"/>
                    <dep head="7-27" type="aux"/>
                </token>
                <token content="penetrate" id="7-27">
                    <pos type="VB"/>
                    <lemma type="penetrate"/>
                    <dep head="7-17" type="advcl"/>
                </token>
                <token content="the" id="7-28">
                    <pos type="DT"/>
                    <lemma type="the"/>
                </token>
                <token content="soil" id="7-29">
                    <pos type="NN"/>
                    <lemma type="soil"/>
                    <dep head="7-27" type="dobj"/>
                </token>
                <token content="." id="7-30"/>
            </sentence>
            <sentence id="8">
                <token content="Then" id="8-1">
                    <pos type="RB"/>
                    <lemma type="then"/>
                    <dep head="8-3" type="advmod"/>
                </token>
                <token content="we" id="8-2">
                    <pos type="PRP"/>
                    <lemma type="we"/>
                    <dep head="8-3" type="nsubj"/>
                </token>
                <token content="created" id="8-3">
                    <pos type="VBD"/>
                    <lemma type="create"/>
                </token>
                <token content="a" id="8-4">
                    <pos type="DT"/>
                    <lemma type="a"/>
                </token>
                <token content="water" id="8-5">
                    <pos type="NN"/>
                    <lemma type="water"/>
                </token>
                <token content="basin" id="8-6">
                    <pos type="NN"/>
                    <lemma type="basin"/>
                    <dep head="8-3" type="dobj"/>
                </token>
                <token content="with" id="8-7"/>
                <token content="mulch" id="8-8">
                    <pos type="NN"/>
                    <lemma type="mulch"/>
                    <dep head="8-3" type="prep"/>
                </token>
                <token content="and" id="8-9"/>
                <token content="filled" id="8-10">
                    <pos type="VBD"/>
                    <lemma type="fill"/>
                    <dep head="8-3" type="conj"/>
                </token>
                <token content="the" id="8-11">
                    <pos type="DT"/>
                    <lemma type="the"/>
                </token>
                <token content="basin" id="8-12">
                    <pos type="NN"/>
                    <lemma type="basin"/>
                    <dep head="8-10" type="dobj"/>
                </token>
                <token content="with" id="8-13"/>
                <token content="water" id="8-14">
                    <pos type="NN"/>
                    <lemma type="water"/>
                    <dep head="8-10" type="prep"/>
                </token>
                <token content="." id="8-15"/>
            </sentence>
            <sentence id="9">
                <token content="We" id="9-1">
                    <pos type="PRP"/>
                    <lemma type="we"/>
                </token>
                <token content="were" id="9-2">
                    <pos type="VBD"/>
                    <lemma type="be"/>
                </token>
                <token content="proud" id="9-3">
                    <pos type="JJ"/>
                    <lemma type="proud"/>
                </token>
                <token content="of" id="9-4"/>
                <token content="our" id="9-5">
                    <pos type="PRP$"/>
                    <lemma type="we"/>
                </token>
                <token content="newly" id="9-6">
                    <pos type="RB"/>
                    <lemma type="newly"/>
                    <dep head="9-7" type="advmod"/>
                </token>
                <token content="planted" id="9-7">
                    <pos type="VBN"/>
                    <lemma type="plant"/>
                </token>
                <token content="tree" id="9-8">
                    <pos type="NN"/>
                    <lemma type="tree"/>
                </token>
                <token content="," id="9-9"/>
                <token content="so" id="9-10">
                    <pos type="IN"/>
                    <lemma type="so"/>
                </token>
                <token content="we" id="9-11">
                    <pos type="PRP"/>
                    <lemma type="we"/>
                    <dep head="9-12" type="nsubj"/>
                </token>
                <token content="made" id="9-12">
                    <pos type="VBD"/>
                    <lemma type="make"/>
                </token>
                <token content="sure" id="9-13">
                    <pos type="JJ"/>
                    <lemma type="sure"/>
                    <dep head="9-12" type="acomp"/>
                </token>
                <token content="to" id="9-14">
                    <pos type="TO"/>
                    <lemma type="to"/>
                    <dep head="9-15" type="aux"/>
                </token>
                <token content="take" id="9-15">
                    <pos type="VB"/>
                    <lemma type="take"/>
                </token>
                <token content="many" id="9-16">
                    <pos type="JJ"/>
                    <lemma type="many"/>
                </token>
                <token content="pictures" id="9-17">
                    <pos type="NNS"/>
                    <lemma type="picture"/>
                    <dep head="9-15" type="dobj"/>
                </token>
                <token content="." id="9-18"/>
            </sentence>
            <sentence id="10">
                <token content="We" id="10-1">
                    <pos type="PRP"/>
                    <lemma type="we"/>
                    <dep head="10-4" type="nsubj"/>
                </token>
                <token content="ca" id="10-2">
                    <pos type="MD"/>
                    <lemma type="can"/>
                    <dep head="10-4" type="aux"/>
                </token>
                <token content="n't" id="10-3">
                    <pos type="RB"/>
                    <lemma type="not"/>
                    <dep head="10-4" type="neg"/>
                </token>
                <token content="wait" id="10-4">
                    <pos type="VB"/>
                    <lemma type="wait"/>
                </token>
                <token content="to" id="10-5">
                    <pos type="TO"/>
                    <lemma type="to"/>
                    <dep head="10-6" type="aux"/>
                </token>
                <token content="see" id="10-6">
                    <pos type="VB"/>
                    <lemma type="see"/>
                    <dep head="10-4" type="xcomp"/>
                </token>
                <token content="how" id="10-7">
                    <pos type="WRB"/>
                    <lemma type="how"/>
                    <dep head="10-11" type="advmod"/>
                </token>
                <token content="our" id="10-8">
                    <pos type="PRP$"/>
                    <lemma type="we"/>
                </token>
                <token content="tree" id="10-9">
                    <pos type="NN"/>
                    <lemma type="tree"/>
                    <dep head="10-11" type="nsubj"/>
                </token>
                <token content="will" id="10-10">
                    <pos type="MD"/>
                    <lemma type="will"/>
                    <dep head="10-11" type="aux"/>
                </token>
                <token content="grow" id="10-11">
                    <pos type="VB"/>
                    <lemma type="grow"/>
                    <dep head="10-6" type="ccomp"/>
                </token>
                <token content="over" id="10-12">
                    <pos type="RP"/>
                    <lemma type="over"/>
                    <dep head="10-11" type="prt"/>
                </token>
                <token content="the" id="10-13">
                    <pos type="DT"/>
                    <lemma type="the"/>
                </token>
                <token content="years" id="10-14">
                    <pos type="NNS"/>
                    <lemma type="year"/>
                    <dep head="10-11" type="tmod"/>
                </token>
                <token content="." id="10-15"/>
            </sentence>
        </sentences>
    </text>
    <annotations>
        <participants>
            <label from="1-2" id="0" name="NPart" text="summer" type="participant"/>
            <label from="1-4" id="1" name="ScrPart_gardener" text="my friend Heidi and I" to="1-8" type="participant"/>
            <label from="1-4" id="2" name="ScrPart_gardener" text="my" type="participant"/>
            <label from="1-6" id="3" name="ScrPart_gardener" text="Heidi" type="participant"/>
            <label from="1-8" id="4" name="ScrPart_gardener" text="I" type="participant"/>
            <label from="1-12" id="5" name="ScrPart_shop" text="Home Depot" to="1-13" type="participant"/>
            <label from="1-15" id="6" name="ScrPart_gardener" text="we" type="participant"/>
            <label from="1-17" id="7" name="ScrPart_tree" text="tree seedlings" to="1-18" type="participant"/>
            <label from="1-18" id="8" name="ScrPart_tree" text="seedlings" type="participant"/>
            <label from="1-20" id="9" name="NPart" text="sale" type="participant"/>
            <label from="2-1" id="10" name="ScrPart_gardener" text="We" type="participant"/>
            <label from="2-8" id="11" name="NPart" text="project" type="participant"/>
            <label from="2-14" id="12" name="ScrPart_gardener" text="we" type="participant"/>
            <label from="2-18" id="13" name="ScrPart_tree" text="one" type="participant"/>
            <label from="4-4" id="14" name="NPart" text="purchase" type="participant"/>
            <label from="4-6" id="15" name="ScrPart_gardener" text="we" type="participant"/>
            <label from="4-11" id="16" name="ScrPart_location_garden" text="place" type="participant"/>
            <label from="4-14" id="17" name="ScrPart_gardener" text="our" type="participant"/>
            <label from="4-15" id="18" name="ScrPart_tree" text="tree" type="participant"/>
            <label from="5-1" id="19" name="ScrPart_gardener" text="We" type="participant"/>
            <label from="5-4" id="20" name="ScrPart_gardener" text="her" type="participant"/>
            <label from="5-5" id="21" name="ScrPart_location_garden" text="backyard" type="participant"/>
            <label from="5-8" id="22" name="ScrPart_gardener" text="my" type="participant"/>
            <label from="5-9" id="23" name="NPart" text="house" type="participant"/>
            <label from="5-16" id="24" name="NPart" text="yard" type="participant"/>
            <label from="6-2" id="25" name="ScrPart_gardener" text="we" type="participant"/>
            <label from="6-5" id="26" name="ScrPart_gardener" text="her" type="participant"/>
            <label from="6-6" id="27" name="NPart" text="house" type="participant"/>
            <label from="6-8" id="28" name="ScrPart_gardener" text="we" type="participant"/>
            <label from="6-12" id="29" name="ScrPart_location_garden" text="place" type="participant"/>
            <label from="6-15" id="30" name="NPart" text="corner" type="participant"/>
            <label from="6-17" id="31" name="ScrPart_gardener" text="her" type="participant"/>
            <label from="6-18" id="32" name="ScrPart_location_garden" text="backyard" type="participant"/>
            <label from="7-1" id="33" name="ScrPart_gardener" text="We" type="participant"/>
            <label from="7-3" id="34" name="ScrPart_gardener" text="our" type="participant"/>
            <label from="7-4" id="35" name="ScrPart_gardening_tool" text="shovels" type="participant"/>
            <label from="7-10" id="36" name="NPart" text="sides" type="participant"/>
            <label from="7-12" id="37" name="NPart" text="bottom" type="participant"/>
            <label from="7-14" id="38" name="ScrPart_location_garden" text="where" type="participant"/>
            <label from="7-15" id="39" name="ScrPart_gardener" text="we" type="participant"/>
            <label from="7-19" id="40" name="ScrPart_tree" text="tree" type="participant"/>
            <label from="7-24" id="41" name="ScrPart_root" text="root tips" to="7-25" type="participant"/>
            <label from="7-25" id="42" name="ScrPart_root" text="tips" type="participant"/>
            <label from="7-29" id="43" name="ScrPart_dirt" text="soil" type="participant"/>
            <label from="8-2" id="44" name="ScrPart_gardener" text="we" type="participant"/>
            <label from="8-5" id="45" name="Unclear" text="water basin" to="8-6" type="participant"/>
            <label from="8-6" id="46" name="Unclear" text="basin" type="participant"/>
            <label from="8-8" id="47" name="ScrPart_fertilizer" text="mulch" type="participant"/>
            <label from="8-12" id="48" name="Unclear" text="basin" type="participant"/>
            <label from="8-14" id="49" name="ScrPart_water" text="water" type="participant"/>
            <label from="9-1" id="50" name="ScrPart_gardener" text="We" type="participant"/>
            <label from="9-5" id="51" name="ScrPart_gardener" text="our" type="participant"/>
            <label from="9-8" id="52" name="ScrPart_tree" text="tree" type="participant"/>
            <label from="9-11" id="53" name="ScrPart_gardener" text="we" type="participant"/>
            <label from="9-17" id="54" name="NPart" text="pictures" type="participant"/>
            <label from="10-1" id="55" name="ScrPart_gardener" text="We" type="participant"/>
            <label from="10-8" id="56" name="ScrPart_gardener" text="our" type="participant"/>
            <label from="10-9" id="57" name="ScrPart_tree" text="tree" type="participant"/>
            <label from="10-14" id="58" name="ScrPart_time" text="years" type="participant"/>
        </participants>
        <events>
            <label from="1-10" id="59" name="RelNScrEv" text="walking" type="event"/>
            <label from="1-16" id="60" name="RelNScrEv" text="saw" type="event"/>
            <label from="2-4" id="61" name="UnrelEv" text="looking for" to="2-5" type="event"/>
            <label from="2-10" id="62" name="UnrelEv" text="do" type="event"/>
            <label from="2-15" id="63" name="UnrelEv" text="decided" type="event"/>
            <label from="2-17" id="64" name="ScrEv_get_tree" text="purchase" type="event"/>
            <label from="4-2" id="65" name="ScrEv_get_tree" text="making" type="event"/>
            <label from="4-8" id="66" name="ScrEv_find_place" text="looking for" to="4-9" type="event"/>
            <label from="4-13" id="67" name="Evoking" text="plant our tree" to="4-15" type="event"/>
            <label from="5-2" id="68" name="ScrEv_find_place" text="agreed on" to="5-3" type="event"/>
            <label from="5-12" id="69" name="UnrelEv" text="have" type="event"/>
            <label from="6-3" id="70" name="ScrEv_take_home" text="got to" to="6-4" type="event"/>
            <label from="6-9" id="71" name="ScrEv_find_place" text="found" type="event"/>
            <label from="7-2" id="72" name="ScrEv_get_tools" text="grabbed" type="event"/>
            <label from="7-6" id="73" name="UnrelEv" text="began" type="event"/>
            <label from="7-8" id="74" name="ScrEv_dig_hole" text="roughen" type="event"/>
            <label from="7-17" id="75" name="Evoking" text="planting a tree" to="7-19" type="event"/>
            <label from="7-27" id="76" name="RelNScrEv" text="penetrate" type="event"/>
            <label from="8-3" id="77" name="ScrEv_tamp_dirt" text="created" type="event"/>
            <label from="8-10" id="78" name="ScrEv_water" text="filled" type="event"/>
            <label from="9-2" id="79" name="UnrelEv" text="were" type="event"/>
            <label from="9-7" id="80" name="Evoking" text="planted" type="event"/>
            <label from="9-12" id="81" name="UnrelEv" text="made sure" to="9-13" type="event"/>
            <label from="9-15" id="82" name="UnrelEv" text="take" type="event"/>
            <label from="10-4" id="83" name="UnrelEv" text="wait" type="event"/>
            <label from="10-6" id="84" name="UnrelEv" text="see" type="event"/>
            <label from="10-11" id="85" name="RelNScrEv" text="grow" type="event"/>
        </events>
        <chains>
            <chain elements="6 1 4 3 20 22 10 12 15 17 19 25 26 28 31 33 34 39 44 50 51 53 55 56"/>
            <chain elements="13 8 18 40 52 57"/>
            <chain elements="21 16 29 32 38"/>
            <chain elements="48 46"/>
        </chains>
    </annotations>
</story>
