<?xml version="1.0" encoding="UTF-8" standalone="no"?>
<!DOCTYPE story SYSTEM "../InScript.dtd">
<story id="086" scenario="tree">
    <text>
        <content>On Arbor Day this year , I decided to plant a new tree in my front yard . 
I went out and dug a hole where I decided the tree would go , and I kept the dirt I dug up off to the side for easy access to replant with . 
I got in my car and drove to the local nursery to look at trees . 
I had an idea of what I wanted in mind , but they had so many different trees when I got there that I had a very hard time deciding . 
Finally , I just decided to go with the tree I had originally planned to purchase . 
I went to the cashier and paid for the tree and loaded it in my truck to drive home . 
Once I got home , I brought the tree out to the spot in my yard where I had dug the hole . 
I unwrapped the bottom of the tree that had been wrapped up to prevent a mess , and I placed it in the dirt . 
I packed the dirt I had dug up around the bottom of the tree to keep it secure , and I watered it and tied some stakes up to keep the tree level and upright . 
That 's how I planted a tree . </content>
        <sentences>
            <sentence id="1">
                <token content="On" id="1-1"/>
                <token content="Arbor" id="1-2">
                    <pos type="NNP"/>
                    <lemma type="Arbor"/>
                </token>
                <token content="Day" id="1-3">
                    <pos type="NNP"/>
                    <lemma type="Day"/>
                    <dep head="1-8" type="prep"/>
                </token>
                <token content="this" id="1-4">
                    <pos type="DT"/>
                    <lemma type="this"/>
                </token>
                <token content="year" id="1-5">
                    <pos type="NN"/>
                    <lemma type="year"/>
                    <dep head="1-8" type="tmod"/>
                </token>
                <token content="," id="1-6"/>
                <token content="I" id="1-7">
                    <pos type="PRP"/>
                    <lemma type="I"/>
                    <dep head="1-8" type="nsubj"/>
                </token>
                <token content="decided" id="1-8">
                    <pos type="VBD"/>
                    <lemma type="decide"/>
                </token>
                <token content="to" id="1-9">
                    <pos type="TO"/>
                    <lemma type="to"/>
                    <dep head="1-10" type="aux"/>
                </token>
                <token content="plant" id="1-10">
                    <pos type="VB"/>
                    <lemma type="plant"/>
                    <dep head="1-8" type="xcomp"/>
                </token>
                <token content="a" id="1-11">
                    <pos type="DT"/>
                    <lemma type="a"/>
                </token>
                <token content="new" id="1-12">
                    <pos type="JJ"/>
                    <lemma type="new"/>
                </token>
                <token content="tree" id="1-13">
                    <pos type="NN"/>
                    <lemma type="tree"/>
                    <dep head="1-10" type="dobj"/>
                </token>
                <token content="in" id="1-14"/>
                <token content="my" id="1-15">
                    <pos type="PRP$"/>
                    <lemma type="my"/>
                </token>
                <token content="front" id="1-16">
                    <pos type="JJ"/>
                    <lemma type="front"/>
                </token>
                <token content="yard" id="1-17">
                    <pos type="NN"/>
                    <lemma type="yard"/>
                    <dep head="1-10" type="prep"/>
                </token>
                <token content="." id="1-18"/>
            </sentence>
            <sentence id="2">
                <token content="I" id="2-1">
                    <pos type="PRP"/>
                    <lemma type="I"/>
                    <dep head="2-2" type="nsubj"/>
                </token>
                <token content="went" id="2-2">
                    <pos type="VBD"/>
                    <lemma type="go"/>
                </token>
                <token content="out" id="2-3">
                    <pos type="RP"/>
                    <lemma type="out"/>
                    <dep head="2-2" type="prt"/>
                </token>
                <token content="and" id="2-4"/>
                <token content="dug" id="2-5">
                    <pos type="VBD"/>
                    <lemma type="dig"/>
                    <dep head="2-2" type="conj"/>
                </token>
                <token content="a" id="2-6">
                    <pos type="DT"/>
                    <lemma type="a"/>
                </token>
                <token content="hole" id="2-7">
                    <pos type="NN"/>
                    <lemma type="hole"/>
                    <dep head="2-5" type="dobj"/>
                </token>
                <token content="where" id="2-8">
                    <pos type="WRB"/>
                    <lemma type="where"/>
                    <dep head="2-10" type="advmod"/>
                </token>
                <token content="I" id="2-9">
                    <pos type="PRP"/>
                    <lemma type="I"/>
                    <dep head="2-10" type="nsubj"/>
                </token>
                <token content="decided" id="2-10">
                    <pos type="VBD"/>
                    <lemma type="decide"/>
                    <dep head="2-5" type="advcl"/>
                </token>
                <token content="the" id="2-11">
                    <pos type="DT"/>
                    <lemma type="the"/>
                </token>
                <token content="tree" id="2-12">
                    <pos type="NN"/>
                    <lemma type="tree"/>
                    <dep head="2-14" type="nsubj"/>
                </token>
                <token content="would" id="2-13">
                    <pos type="MD"/>
                    <lemma type="would"/>
                    <dep head="2-14" type="aux"/>
                </token>
                <token content="go" id="2-14">
                    <pos type="VB"/>
                    <lemma type="go"/>
                    <dep head="2-10" type="ccomp"/>
                </token>
                <token content="," id="2-15"/>
                <token content="and" id="2-16"/>
                <token content="I" id="2-17">
                    <pos type="PRP"/>
                    <lemma type="I"/>
                    <dep head="2-18" type="nsubj"/>
                </token>
                <token content="kept" id="2-18">
                    <pos type="VBD"/>
                    <lemma type="keep"/>
                    <dep head="2-2" type="conj"/>
                </token>
                <token content="the" id="2-19">
                    <pos type="DT"/>
                    <lemma type="the"/>
                </token>
                <token content="dirt" id="2-20">
                    <pos type="NN"/>
                    <lemma type="dirt"/>
                    <dep head="2-18" type="dobj"/>
                </token>
                <token content="I" id="2-21">
                    <pos type="PRP"/>
                    <lemma type="I"/>
                    <dep head="2-22" type="nsubj"/>
                </token>
                <token content="dug" id="2-22">
                    <pos type="VBD"/>
                    <lemma type="dig"/>
                </token>
                <token content="up" id="2-23">
                    <pos type="RB"/>
                    <lemma type="up"/>
                </token>
                <token content="off" id="2-24">
                    <pos type="RB"/>
                    <lemma type="off"/>
                    <dep head="2-22" type="advmod"/>
                </token>
                <token content="to" id="2-25"/>
                <token content="the" id="2-26">
                    <pos type="DT"/>
                    <lemma type="the"/>
                </token>
                <token content="side" id="2-27">
                    <pos type="NN"/>
                    <lemma type="side"/>
                    <dep head="2-22" type="prep"/>
                </token>
                <token content="for" id="2-28"/>
                <token content="easy" id="2-29">
                    <pos type="JJ"/>
                    <lemma type="easy"/>
                </token>
                <token content="access" id="2-30">
                    <pos type="NN"/>
                    <lemma type="access"/>
                </token>
                <token content="to" id="2-31">
                    <pos type="TO"/>
                    <lemma type="to"/>
                    <dep head="2-32" type="aux"/>
                </token>
                <token content="replant" id="2-32">
                    <pos type="VB"/>
                    <lemma type="replant"/>
                    <dep head="2-22" type="xcomp"/>
                </token>
                <token content="with" id="2-33">
                    <pos type="IN"/>
                    <lemma type="with"/>
                    <dep head="2-32" type="prep"/>
                </token>
                <token content="." id="2-34"/>
            </sentence>
            <sentence id="3">
                <token content="I" id="3-1">
                    <pos type="PRP"/>
                    <lemma type="I"/>
                    <dep head="3-2" type="nsubj"/>
                </token>
                <token content="got" id="3-2">
                    <pos type="VBD"/>
                    <lemma type="get"/>
                </token>
                <token content="in" id="3-3"/>
                <token content="my" id="3-4">
                    <pos type="PRP$"/>
                    <lemma type="my"/>
                </token>
                <token content="car" id="3-5">
                    <pos type="NN"/>
                    <lemma type="car"/>
                    <dep head="3-2" type="prep"/>
                </token>
                <token content="and" id="3-6"/>
                <token content="drove" id="3-7">
                    <pos type="VBD"/>
                    <lemma type="drive"/>
                    <dep head="3-2" type="conj"/>
                </token>
                <token content="to" id="3-8"/>
                <token content="the" id="3-9">
                    <pos type="DT"/>
                    <lemma type="the"/>
                </token>
                <token content="local" id="3-10">
                    <pos type="JJ"/>
                    <lemma type="local"/>
                </token>
                <token content="nursery" id="3-11">
                    <pos type="NN"/>
                    <lemma type="nursery"/>
                    <dep head="3-7" type="prep"/>
                </token>
                <token content="to" id="3-12">
                    <pos type="TO"/>
                    <lemma type="to"/>
                    <dep head="3-13" type="aux"/>
                </token>
                <token content="look" id="3-13">
                    <pos type="VB"/>
                    <lemma type="look"/>
                    <dep head="3-7" type="xcomp"/>
                </token>
                <token content="at" id="3-14"/>
                <token content="trees" id="3-15">
                    <pos type="NNS"/>
                    <lemma type="tree"/>
                    <dep head="3-13" type="prep"/>
                </token>
                <token content="." id="3-16"/>
            </sentence>
            <sentence id="4">
                <token content="I" id="4-1">
                    <pos type="PRP"/>
                    <lemma type="I"/>
                    <dep head="4-2" type="nsubj"/>
                </token>
                <token content="had" id="4-2">
                    <pos type="VBD"/>
                    <lemma type="have"/>
                </token>
                <token content="an" id="4-3">
                    <pos type="DT"/>
                    <lemma type="a"/>
                </token>
                <token content="idea" id="4-4">
                    <pos type="NN"/>
                    <lemma type="idea"/>
                    <dep head="4-2" type="dobj"/>
                </token>
                <token content="of" id="4-5"/>
                <token content="what" id="4-6">
                    <pos type="WP"/>
                    <lemma type="what"/>
                    <dep head="4-8" type="dobj"/>
                </token>
                <token content="I" id="4-7">
                    <pos type="PRP"/>
                    <lemma type="I"/>
                    <dep head="4-8" type="nsubj"/>
                </token>
                <token content="wanted" id="4-8">
                    <pos type="VBD"/>
                    <lemma type="want"/>
                </token>
                <token content="in" id="4-9"/>
                <token content="mind" id="4-10">
                    <pos type="NN"/>
                    <lemma type="mind"/>
                    <dep head="4-8" type="prep"/>
                </token>
                <token content="," id="4-11"/>
                <token content="but" id="4-12"/>
                <token content="they" id="4-13">
                    <pos type="PRP"/>
                    <lemma type="they"/>
                    <dep head="4-14" type="nsubj"/>
                </token>
                <token content="had" id="4-14">
                    <pos type="VBD"/>
                    <lemma type="have"/>
                    <dep head="4-2" type="conj"/>
                </token>
                <token content="so" id="4-15">
                    <pos type="RB"/>
                    <lemma type="so"/>
                </token>
                <token content="many" id="4-16">
                    <pos type="JJ"/>
                    <lemma type="many"/>
                </token>
                <token content="different" id="4-17">
                    <pos type="JJ"/>
                    <lemma type="different"/>
                </token>
                <token content="trees" id="4-18">
                    <pos type="NNS"/>
                    <lemma type="tree"/>
                    <dep head="4-14" type="dobj"/>
                </token>
                <token content="when" id="4-19">
                    <pos type="WRB"/>
                    <lemma type="when"/>
                    <dep head="4-21" type="advmod"/>
                </token>
                <token content="I" id="4-20">
                    <pos type="PRP"/>
                    <lemma type="I"/>
                    <dep head="4-21" type="nsubj"/>
                </token>
                <token content="got" id="4-21">
                    <pos type="VBD"/>
                    <lemma type="get"/>
                </token>
                <token content="there" id="4-22">
                    <pos type="RB"/>
                    <lemma type="there"/>
                    <dep head="4-21" type="advmod"/>
                </token>
                <token content="that" id="4-23">
                    <pos type="IN"/>
                    <lemma type="that"/>
                    <dep head="4-25" type="mark"/>
                </token>
                <token content="I" id="4-24">
                    <pos type="PRP"/>
                    <lemma type="I"/>
                    <dep head="4-25" type="nsubj"/>
                </token>
                <token content="had" id="4-25">
                    <pos type="VBD"/>
                    <lemma type="have"/>
                    <dep head="4-21" type="ccomp"/>
                </token>
                <token content="a" id="4-26">
                    <pos type="DT"/>
                    <lemma type="a"/>
                </token>
                <token content="very" id="4-27">
                    <pos type="RB"/>
                    <lemma type="very"/>
                </token>
                <token content="hard" id="4-28">
                    <pos type="JJ"/>
                    <lemma type="hard"/>
                </token>
                <token content="time" id="4-29">
                    <pos type="NN"/>
                    <lemma type="time"/>
                    <dep head="4-25" type="dobj"/>
                </token>
                <token content="deciding" id="4-30">
                    <pos type="VBG"/>
                    <lemma type="decide"/>
                </token>
                <token content="." id="4-31"/>
            </sentence>
            <sentence id="5">
                <token content="Finally" id="5-1">
                    <pos type="RB"/>
                    <lemma type="finally"/>
                    <dep head="5-5" type="advmod"/>
                </token>
                <token content="," id="5-2"/>
                <token content="I" id="5-3">
                    <pos type="PRP"/>
                    <lemma type="I"/>
                    <dep head="5-5" type="nsubj"/>
                </token>
                <token content="just" id="5-4">
                    <pos type="RB"/>
                    <lemma type="just"/>
                    <dep head="5-5" type="advmod"/>
                </token>
                <token content="decided" id="5-5">
                    <pos type="VBD"/>
                    <lemma type="decide"/>
                </token>
                <token content="to" id="5-6">
                    <pos type="TO"/>
                    <lemma type="to"/>
                    <dep head="5-7" type="aux"/>
                </token>
                <token content="go" id="5-7">
                    <pos type="VB"/>
                    <lemma type="go"/>
                    <dep head="5-5" type="xcomp"/>
                </token>
                <token content="with" id="5-8"/>
                <token content="the" id="5-9">
                    <pos type="DT"/>
                    <lemma type="the"/>
                </token>
                <token content="tree" id="5-10">
                    <pos type="NN"/>
                    <lemma type="tree"/>
                    <dep head="5-7" type="prep"/>
                </token>
                <token content="I" id="5-11">
                    <pos type="PRP"/>
                    <lemma type="I"/>
                    <dep head="5-14" type="nsubj"/>
                </token>
                <token content="had" id="5-12">
                    <pos type="VBD"/>
                    <lemma type="have"/>
                    <dep head="5-14" type="aux"/>
                </token>
                <token content="originally" id="5-13">
                    <pos type="RB"/>
                    <lemma type="originally"/>
                    <dep head="5-14" type="advmod"/>
                </token>
                <token content="planned" id="5-14">
                    <pos type="VBN"/>
                    <lemma type="plan"/>
                </token>
                <token content="to" id="5-15">
                    <pos type="TO"/>
                    <lemma type="to"/>
                    <dep head="5-16" type="aux"/>
                </token>
                <token content="purchase" id="5-16">
                    <pos type="VB"/>
                    <lemma type="purchase"/>
                    <dep head="5-14" type="xcomp"/>
                </token>
                <token content="." id="5-17"/>
            </sentence>
            <sentence id="6">
                <token content="I" id="6-1">
                    <pos type="PRP"/>
                    <lemma type="I"/>
                    <dep head="6-2" type="nsubj"/>
                </token>
                <token content="went" id="6-2">
                    <pos type="VBD"/>
                    <lemma type="go"/>
                </token>
                <token content="to" id="6-3"/>
                <token content="the" id="6-4">
                    <pos type="DT"/>
                    <lemma type="the"/>
                </token>
                <token content="cashier" id="6-5">
                    <pos type="NN"/>
                    <lemma type="cashier"/>
                    <dep head="6-2" type="prep"/>
                </token>
                <token content="and" id="6-6"/>
                <token content="paid" id="6-7">
                    <pos type="VBN"/>
                    <lemma type="pay"/>
                    <dep head="6-2" type="conj"/>
                </token>
                <token content="for" id="6-8"/>
                <token content="the" id="6-9">
                    <pos type="DT"/>
                    <lemma type="the"/>
                </token>
                <token content="tree" id="6-10">
                    <pos type="NN"/>
                    <lemma type="tree"/>
                    <dep head="6-7" type="prep"/>
                </token>
                <token content="and" id="6-11"/>
                <token content="loaded" id="6-12">
                    <pos type="VBN"/>
                    <lemma type="load"/>
                    <dep head="6-7" type="conj"/>
                </token>
                <token content="it" id="6-13">
                    <pos type="PRP"/>
                    <lemma type="it"/>
                    <dep head="6-12" type="dobj"/>
                </token>
                <token content="in" id="6-14"/>
                <token content="my" id="6-15">
                    <pos type="PRP$"/>
                    <lemma type="my"/>
                </token>
                <token content="truck" id="6-16">
                    <pos type="NN"/>
                    <lemma type="truck"/>
                    <dep head="6-12" type="prep"/>
                </token>
                <token content="to" id="6-17">
                    <pos type="TO"/>
                    <lemma type="to"/>
                    <dep head="6-18" type="aux"/>
                </token>
                <token content="drive" id="6-18">
                    <pos type="VB"/>
                    <lemma type="drive"/>
                </token>
                <token content="home" id="6-19">
                    <pos type="NN"/>
                    <lemma type="home"/>
                    <dep head="6-18" type="dobj"/>
                </token>
                <token content="." id="6-20"/>
            </sentence>
            <sentence id="7">
                <token content="Once" id="7-1">
                    <pos type="IN"/>
                    <lemma type="once"/>
                    <dep head="7-3" type="mark"/>
                </token>
                <token content="I" id="7-2">
                    <pos type="PRP"/>
                    <lemma type="I"/>
                    <dep head="7-3" type="nsubj"/>
                </token>
                <token content="got" id="7-3">
                    <pos type="VBD"/>
                    <lemma type="get"/>
                    <dep head="7-7" type="advcl"/>
                </token>
                <token content="home" id="7-4">
                    <pos type="NN"/>
                    <lemma type="home"/>
                    <dep head="7-3" type="dobj"/>
                </token>
                <token content="," id="7-5"/>
                <token content="I" id="7-6">
                    <pos type="PRP"/>
                    <lemma type="I"/>
                    <dep head="7-7" type="nsubj"/>
                </token>
                <token content="brought" id="7-7">
                    <pos type="VBD"/>
                    <lemma type="bring"/>
                </token>
                <token content="the" id="7-8">
                    <pos type="DT"/>
                    <lemma type="the"/>
                </token>
                <token content="tree" id="7-9">
                    <pos type="NN"/>
                    <lemma type="tree"/>
                    <dep head="7-7" type="dobj"/>
                </token>
                <token content="out" id="7-10">
                    <pos type="RP"/>
                    <lemma type="out"/>
                    <dep head="7-7" type="prt"/>
                </token>
                <token content="to" id="7-11"/>
                <token content="the" id="7-12">
                    <pos type="DT"/>
                    <lemma type="the"/>
                </token>
                <token content="spot" id="7-13">
                    <pos type="NN"/>
                    <lemma type="spot"/>
                    <dep head="7-7" type="prep"/>
                </token>
                <token content="in" id="7-14"/>
                <token content="my" id="7-15">
                    <pos type="PRP$"/>
                    <lemma type="my"/>
                </token>
                <token content="yard" id="7-16">
                    <pos type="NN"/>
                    <lemma type="yard"/>
                </token>
                <token content="where" id="7-17">
                    <pos type="WRB"/>
                    <lemma type="where"/>
                    <dep head="7-20" type="advmod"/>
                </token>
                <token content="I" id="7-18">
                    <pos type="PRP"/>
                    <lemma type="I"/>
                    <dep head="7-20" type="nsubj"/>
                </token>
                <token content="had" id="7-19">
                    <pos type="VBD"/>
                    <lemma type="have"/>
                    <dep head="7-20" type="aux"/>
                </token>
                <token content="dug" id="7-20">
                    <pos type="VBD"/>
                    <lemma type="dig"/>
                    <dep head="7-7" type="advcl"/>
                </token>
                <token content="the" id="7-21">
                    <pos type="DT"/>
                    <lemma type="the"/>
                </token>
                <token content="hole" id="7-22">
                    <pos type="NN"/>
                    <lemma type="hole"/>
                    <dep head="7-20" type="dobj"/>
                </token>
                <token content="." id="7-23"/>
            </sentence>
            <sentence id="8">
                <token content="I" id="8-1">
                    <pos type="PRP"/>
                    <lemma type="I"/>
                    <dep head="8-2" type="nsubj"/>
                </token>
                <token content="unwrapped" id="8-2">
                    <pos type="VBD"/>
                    <lemma type="unwrap"/>
                </token>
                <token content="the" id="8-3">
                    <pos type="DT"/>
                    <lemma type="the"/>
                </token>
                <token content="bottom" id="8-4">
                    <pos type="NN"/>
                    <lemma type="bottom"/>
                    <dep head="8-2" type="dobj"/>
                </token>
                <token content="of" id="8-5"/>
                <token content="the" id="8-6">
                    <pos type="DT"/>
                    <lemma type="the"/>
                </token>
                <token content="tree" id="8-7">
                    <pos type="NN"/>
                    <lemma type="tree"/>
                </token>
                <token content="that" id="8-8">
                    <pos type="WDT"/>
                    <lemma type="that"/>
                    <dep head="8-11" type="nsubjpass"/>
                </token>
                <token content="had" id="8-9">
                    <pos type="VBD"/>
                    <lemma type="have"/>
                    <dep head="8-11" type="aux"/>
                </token>
                <token content="been" id="8-10">
                    <pos type="VBN"/>
                    <lemma type="be"/>
                    <dep head="8-11" type="auxpass"/>
                </token>
                <token content="wrapped" id="8-11">
                    <pos type="VBN"/>
                    <lemma type="wrap"/>
                </token>
                <token content="up" id="8-12">
                    <pos type="RP"/>
                    <lemma type="up"/>
                    <dep head="8-11" type="prt"/>
                </token>
                <token content="to" id="8-13">
                    <pos type="TO"/>
                    <lemma type="to"/>
                    <dep head="8-14" type="aux"/>
                </token>
                <token content="prevent" id="8-14">
                    <pos type="VB"/>
                    <lemma type="prevent"/>
                    <dep head="8-11" type="xcomp"/>
                </token>
                <token content="a" id="8-15">
                    <pos type="DT"/>
                    <lemma type="a"/>
                </token>
                <token content="mess" id="8-16">
                    <pos type="NN"/>
                    <lemma type="mess"/>
                    <dep head="8-14" type="dobj"/>
                </token>
                <token content="," id="8-17"/>
                <token content="and" id="8-18"/>
                <token content="I" id="8-19">
                    <pos type="PRP"/>
                    <lemma type="I"/>
                    <dep head="8-20" type="nsubj"/>
                </token>
                <token content="placed" id="8-20">
                    <pos type="VBD"/>
                    <lemma type="place"/>
                    <dep head="8-2" type="conj"/>
                </token>
                <token content="it" id="8-21">
                    <pos type="PRP"/>
                    <lemma type="it"/>
                    <dep head="8-20" type="dobj"/>
                </token>
                <token content="in" id="8-22"/>
                <token content="the" id="8-23">
                    <pos type="DT"/>
                    <lemma type="the"/>
                </token>
                <token content="dirt" id="8-24">
                    <pos type="NN"/>
                    <lemma type="dirt"/>
                    <dep head="8-20" type="prep"/>
                </token>
                <token content="." id="8-25"/>
            </sentence>
            <sentence id="9">
                <token content="I" id="9-1">
                    <pos type="PRP"/>
                    <lemma type="I"/>
                    <dep head="9-2" type="nsubj"/>
                </token>
                <token content="packed" id="9-2">
                    <pos type="VBD"/>
                    <lemma type="pack"/>
                </token>
                <token content="the" id="9-3">
                    <pos type="DT"/>
                    <lemma type="the"/>
                </token>
                <token content="dirt" id="9-4">
                    <pos type="NN"/>
                    <lemma type="dirt"/>
                    <dep head="9-2" type="dobj"/>
                </token>
                <token content="I" id="9-5">
                    <pos type="PRP"/>
                    <lemma type="I"/>
                    <dep head="9-7" type="nsubj"/>
                </token>
                <token content="had" id="9-6">
                    <pos type="VBD"/>
                    <lemma type="have"/>
                    <dep head="9-7" type="aux"/>
                </token>
                <token content="dug" id="9-7">
                    <pos type="VBD"/>
                    <lemma type="dig"/>
                </token>
                <token content="up" id="9-8">
                    <pos type="RP"/>
                    <lemma type="up"/>
                    <dep head="9-7" type="prt"/>
                </token>
                <token content="around" id="9-9"/>
                <token content="the" id="9-10">
                    <pos type="DT"/>
                    <lemma type="the"/>
                </token>
                <token content="bottom" id="9-11">
                    <pos type="NN"/>
                    <lemma type="bottom"/>
                    <dep head="9-7" type="prep"/>
                </token>
                <token content="of" id="9-12"/>
                <token content="the" id="9-13">
                    <pos type="DT"/>
                    <lemma type="the"/>
                </token>
                <token content="tree" id="9-14">
                    <pos type="NN"/>
                    <lemma type="tree"/>
                </token>
                <token content="to" id="9-15">
                    <pos type="TO"/>
                    <lemma type="to"/>
                    <dep head="9-16" type="aux"/>
                </token>
                <token content="keep" id="9-16">
                    <pos type="VB"/>
                    <lemma type="keep"/>
                    <dep head="9-7" type="xcomp"/>
                </token>
                <token content="it" id="9-17">
                    <pos type="PRP"/>
                    <lemma type="it"/>
                </token>
                <token content="secure" id="9-18">
                    <pos type="JJ"/>
                    <lemma type="secure"/>
                    <dep head="9-16" type="xcomp"/>
                </token>
                <token content="," id="9-19"/>
                <token content="and" id="9-20"/>
                <token content="I" id="9-21">
                    <pos type="PRP"/>
                    <lemma type="I"/>
                    <dep head="9-22" type="nsubj"/>
                </token>
                <token content="watered" id="9-22">
                    <pos type="VBD"/>
                    <lemma type="water"/>
                    <dep head="9-2" type="conj"/>
                </token>
                <token content="it" id="9-23">
                    <pos type="PRP"/>
                    <lemma type="it"/>
                    <dep head="9-22" type="dobj"/>
                </token>
                <token content="and" id="9-24"/>
                <token content="tied" id="9-25">
                    <pos type="VBD"/>
                    <lemma type="tie"/>
                    <dep head="9-22" type="conj"/>
                </token>
                <token content="some" id="9-26">
                    <pos type="DT"/>
                    <lemma type="some"/>
                </token>
                <token content="stakes" id="9-27">
                    <pos type="NNS"/>
                    <lemma type="stake"/>
                    <dep head="9-25" type="dobj"/>
                </token>
                <token content="up" id="9-28">
                    <pos type="RB"/>
                    <lemma type="up"/>
                    <dep head="9-25" type="advmod"/>
                </token>
                <token content="to" id="9-29">
                    <pos type="TO"/>
                    <lemma type="to"/>
                    <dep head="9-30" type="aux"/>
                </token>
                <token content="keep" id="9-30">
                    <pos type="VB"/>
                    <lemma type="keep"/>
                    <dep head="9-25" type="vmod"/>
                </token>
                <token content="the" id="9-31">
                    <pos type="DT"/>
                    <lemma type="the"/>
                </token>
                <token content="tree" id="9-32">
                    <pos type="NN"/>
                    <lemma type="tree"/>
                </token>
                <token content="level" id="9-33">
                    <pos type="NN"/>
                    <lemma type="level"/>
                    <dep head="9-30" type="dobj"/>
                </token>
                <token content="and" id="9-34"/>
                <token content="upright" id="9-35">
                    <pos type="NN"/>
                    <lemma type="upright"/>
                </token>
                <token content="." id="9-36"/>
            </sentence>
            <sentence id="10">
                <token content="That" id="10-1">
                    <pos type="DT"/>
                    <lemma type="that"/>
                    <dep head="10-2" type="nsubj"/>
                </token>
                <token content="'s" id="10-2">
                    <pos type="VBZ"/>
                    <lemma type="be"/>
                </token>
                <token content="how" id="10-3">
                    <pos type="WRB"/>
                    <lemma type="how"/>
                    <dep head="10-5" type="advmod"/>
                </token>
                <token content="I" id="10-4">
                    <pos type="PRP"/>
                    <lemma type="I"/>
                    <dep head="10-5" type="nsubj"/>
                </token>
                <token content="planted" id="10-5">
                    <pos type="VBD"/>
                    <lemma type="plant"/>
                    <dep head="10-2" type="ccomp"/>
                </token>
                <token content="a" id="10-6">
                    <pos type="DT"/>
                    <lemma type="a"/>
                </token>
                <token content="tree" id="10-7">
                    <pos type="NN"/>
                    <lemma type="tree"/>
                    <dep head="10-5" type="dobj"/>
                </token>
                <token content="." id="10-8"/>
            </sentence>
        </sentences>
    </text>
    <annotations>
        <participants>
            <label from="1-2" id="0" name="ScrPart_time" text="Arbor Day" to="1-3" type="participant"/>
            <label from="1-5" id="1" name="ScrPart_time" text="year" type="participant"/>
            <label from="1-7" id="2" name="ScrPart_gardener" text="I" type="participant"/>
            <label from="1-13" id="3" name="ScrPart_tree" text="tree" type="participant"/>
            <label from="1-15" id="4" name="ScrPart_gardener" text="my" type="participant"/>
            <label from="1-16" id="5" name="No_label" text="front" type="participant"/>
            <label from="1-17" id="6" name="ScrPart_location_garden" text="yard" type="participant"/>
            <label from="2-1" id="7" name="ScrPart_gardener" text="I" type="participant"/>
            <label from="2-7" id="8" name="ScrPart_hole" text="hole" type="participant"/>
            <label from="2-9" id="9" name="ScrPart_gardener" text="I" type="participant"/>
            <label from="2-12" id="10" name="ScrPart_tree" text="tree" type="participant"/>
            <label from="2-17" id="11" name="ScrPart_gardener" text="I" type="participant"/>
            <label from="2-20" id="12" name="ScrPart_dirt" text="dirt" type="participant"/>
            <label from="2-21" id="13" name="ScrPart_gardener" text="I" type="participant"/>
            <label from="2-27" id="14" name="NPart" text="side" type="participant"/>
            <label from="2-30" id="15" name="NPart" text="access" type="participant"/>
            <label from="3-1" id="16" name="ScrPart_gardener" text="I" type="participant"/>
            <label from="3-4" id="17" name="ScrPart_gardener" text="my" type="participant"/>
            <label from="3-5" id="18" name="NPart" text="car" type="participant"/>
            <label from="3-11" id="19" name="ScrPart_shop" text="nursery" type="participant"/>
            <label from="3-15" id="20" name="ScrPart_tree" text="trees" type="participant"/>
            <label from="4-1" id="21" name="ScrPart_gardener" text="I" type="participant"/>
            <label from="4-4" id="22" name="NPart" text="idea" type="participant"/>
            <label from="4-7" id="23" name="ScrPart_gardener" text="I" type="participant"/>
            <label from="4-10" id="24" name="NPart" text="mind" type="participant"/>
            <label from="4-13" id="25" name="NPart" text="they" type="participant"/>
            <label from="4-18" id="26" name="ScrPart_tree" text="trees" type="participant"/>
            <label from="4-20" id="27" name="ScrPart_gardener" text="I" type="participant"/>
            <label from="4-22" id="28" name="ScrPart_shop" text="there" type="participant"/>
            <label from="4-24" id="29" name="ScrPart_gardener" text="I" type="participant"/>
            <label from="4-29" id="30" name="No_label" text="time" type="participant"/>
            <label from="5-3" id="31" name="ScrPart_gardener" text="I" type="participant"/>
            <label from="5-10" id="32" name="ScrPart_tree" text="tree" type="participant"/>
            <label from="5-11" id="33" name="ScrPart_gardener" text="I" type="participant"/>
            <label from="6-1" id="34" name="ScrPart_gardener" text="I" type="participant"/>
            <label from="6-5" id="35" name="ScrPart_staff" text="cashier" type="participant"/>
            <label from="6-10" id="36" name="ScrPart_tree" text="tree" type="participant"/>
            <label from="6-13" id="37" name="ScrPart_tree" text="it" type="participant"/>
            <label from="6-15" id="38" name="ScrPart_gardener" text="my" type="participant"/>
            <label from="6-16" id="39" name="NPart" text="truck" type="participant"/>
            <label from="6-19" id="40" name="No_label" text="home" type="participant"/>
            <label from="7-2" id="41" name="ScrPart_gardener" text="I" type="participant"/>
            <label from="7-4" id="42" name="No_label" text="home" type="participant"/>
            <label from="7-6" id="43" name="ScrPart_gardener" text="I" type="participant"/>
            <label from="7-9" id="44" name="ScrPart_tree" text="tree" type="participant"/>
            <label from="7-11" id="45" name="ScrPart_gardener" text="to" type="participant"/>
            <label from="7-13" id="46" name="No_label" text="spot" type="participant"/>
            <label from="7-15" id="47" name="ScrPart_gardener" text="my" type="participant"/>
            <label from="7-16" id="48" name="ScrPart_location_garden" text="yard" type="participant"/>
            <label from="7-18" id="49" name="ScrPart_gardener" text="I" type="participant"/>
            <label from="7-22" id="50" name="ScrPart_hole" text="hole" type="participant"/>
            <label from="8-1" id="51" name="ScrPart_gardener" text="I" type="participant"/>
            <label from="8-4" id="52" name="NPart" text="bottom" type="participant"/>
            <label from="8-7" id="53" name="ScrPart_tree" text="tree" type="participant"/>
            <label from="8-16" id="54" name="NPart" text="mess" type="participant"/>
            <label from="8-19" id="55" name="ScrPart_gardener" text="I" type="participant"/>
            <label from="8-21" id="56" name="ScrPart_tree" text="it" type="participant"/>
            <label from="8-24" id="57" name="ScrPart_dirt" text="dirt" type="participant"/>
            <label from="9-1" id="58" name="ScrPart_gardener" text="I" type="participant"/>
            <label from="9-4" id="59" name="ScrPart_dirt" text="dirt" type="participant"/>
            <label from="9-5" id="60" name="ScrPart_gardener" text="I" type="participant"/>
            <label from="9-11" id="61" name="NPart" text="bottom" type="participant"/>
            <label from="9-14" id="62" name="ScrPart_tree" text="tree" type="participant"/>
            <label from="9-17" id="63" name="ScrPart_tree" text="it" type="participant"/>
            <label from="9-21" id="64" name="ScrPart_gardener" text="I" type="participant"/>
            <label from="9-23" id="65" name="ScrPart_tree" text="it" type="participant"/>
            <label from="9-27" id="66" name="ScrPart_stake" text="stakes" type="participant"/>
            <label from="9-32" id="67" name="ScrPart_tree" text="tree" type="participant"/>
            <label from="10-4" id="68" name="ScrPart_gardener" text="I" type="participant"/>
            <label from="10-7" id="69" name="ScrPart_tree" text="tree" type="participant"/>
        </participants>
        <events>
            <label from="1-8" id="70" name="UnrelEv" text="decided" type="event"/>
            <label from="1-10" id="71" name="Evoking" text="plant a new tree" to="1-13" type="event"/>
            <label from="2-2" id="72" name="UnrelEv" text="went out" to="2-3" type="event"/>
            <label from="2-2" id="73" name="UnrelEv" text="went" type="event"/>
            <label from="2-5" id="74" name="ScrEv_dig_hole" text="dug" type="event"/>
            <label from="2-8" id="75" name="ScrEv_find_place" text="where" type="event"/>
            <label from="2-10" id="76" name="ScrEv_find_place" text="decided" type="event"/>
            <label from="2-14" id="77" name="RelNScrEv" text="go" type="event"/>
            <label from="2-18" id="78" name="RelNScrEv" text="kept" type="event"/>
            <label from="2-22" id="79" name="ScrEv_dig_hole" text="dug up" to="2-23" type="event"/>
            <label from="2-22" id="80" name="ScrEv_dig_hole" text="dug" type="event"/>
            <label from="2-32" id="81" name="RelNScrEv" text="replant" type="event"/>
            <label from="3-2" id="82" name="UnrelEv" text="got" type="event"/>
            <label from="3-7" id="83" name="UnrelEv" text="drove" type="event"/>
            <label from="3-13" id="84" name="ScrEv_choose_tree" text="look at" to="3-14" type="event"/>
            <label from="3-13" id="85" name="ScrEv_choose_tree" text="look" type="event"/>
            <label from="4-2" id="86" name="UnrelEv" text="had" type="event"/>
            <label from="4-8" id="87" name="UnrelEv" text="wanted" type="event"/>
            <label from="4-14" id="88" name="UnrelEv" text="had" type="event"/>
            <label from="4-21" id="89" name="UnrelEv" text="got" type="event"/>
            <label from="4-25" id="90" name="UnrelEv" text="had" type="event"/>
            <label from="4-30" id="91" name="ScrEv_choose_tree" text="deciding" type="event"/>
            <label from="5-5" id="92" name="ScrEv_choose_tree" text="decided" type="event"/>
            <label from="5-7" id="93" name="UnrelEv" text="go" type="event"/>
            <label from="5-8" id="94" name="UnrelEv" text="with" type="event"/>
            <label from="5-14" id="95" name="UnrelEv" text="planned" type="event"/>
            <label from="5-16" id="96" name="ScrEv_get_tree" text="purchase" type="event"/>
            <label from="6-2" id="97" name="UnrelEv" text="went" type="event"/>
            <label from="6-7" id="98" name="ScrEv_get_tree" text="paid" type="event"/>
            <label from="6-12" id="99" name="ScrEv_other" text="loaded" type="event"/>
            <label from="6-18" id="100" name="UnrelEv" text="drive" type="event"/>
            <label from="7-3" id="101" name="UnrelEv" text="got" type="event"/>
            <label from="7-7" id="102" name="ScrEv_other" text="brought" type="event"/>
            <label from="7-20" id="103" name="ScrEv_dig_hole" text="dug" type="event"/>
            <label from="8-2" id="104" name="ScrEv_unwrap_root" text="unwrapped" type="event"/>
            <label from="8-11" id="105" name="RelNScrEv" text="wrapped up" to="8-12" type="event"/>
            <label from="8-11" id="106" name="RelNScrEv" text="wrapped" type="event"/>
            <label from="8-14" id="107" name="UnrelEv" text="prevent" type="event"/>
            <label from="8-20" id="108" name="ScrEv_find_place" text="placed" type="event"/>
            <label from="9-2" id="109" name="ScrEv_refill_hole" text="packed" type="event"/>
            <label from="9-7" id="110" name="ScrEv_dig_hole" text="dug up" to="9-8" type="event"/>
            <label from="9-7" id="111" name="ScrEv_dig_hole" text="dug" type="event"/>
            <label from="9-16" id="112" name="UnrelEv" text="keep" type="event"/>
            <label from="9-22" id="113" name="ScrEv_water" text="watered" type="event"/>
            <label from="9-25" id="114" name="ScrEv_tie_stakes_up" text="tied" type="event"/>
            <label from="9-30" id="115" name="UnrelEv" text="keep" type="event"/>
            <label from="10-5" id="116" name="Evoking" text="planted a tree" to="10-7" type="event"/>
        </events>
        <chains>
            <chain elements="2 4 7 9 11 13 16 17 21 23 27 29 31 33 34 38 41 43 47 49 51 55"/>
            <chain elements="3 10 20 26 32 36 37 44 53 62 63 65 67 69"/>
            <chain elements="19 28"/>
            <chain elements="57 59"/>
        </chains>
    </annotations>
</story>
