<?xml version="1.0" encoding="UTF-8" standalone="no"?>
<!DOCTYPE story SYSTEM "../InScript.dtd">
<story id="009" scenario="tree">
    <text>
        <content>Every year we celebrate Arbor Day . 
Last year we we decided to celebrate the holiday by planing a tree . 
We went to the local plant nursery . 
We talked to the employees to find out which trees grow well in our area and in the type of soil we have . 
We chose a small maple seedling . 
When we got home , we chose an area of our yard with lots of sun . 
We dug a hole just a little bigger than the roots of our seedling . 
We put the seedling in the hole in the ground very carefully , then covered the roots with dirt . 
We patted the dirt down really good to make sure the little tree seedling would be stable in the ground when it was windy . 
Then we watered the tree . 
We 've been watching and watering our tree for a year and slowly but surely our little tree is growing . </content>
        <sentences>
            <sentence id="1">
                <token content="Every" id="1-1">
                    <pos type="DT"/>
                    <lemma type="every"/>
                </token>
                <token content="year" id="1-2">
                    <pos type="NN"/>
                    <lemma type="year"/>
                    <dep head="1-4" type="tmod"/>
                </token>
                <token content="we" id="1-3">
                    <pos type="PRP"/>
                    <lemma type="we"/>
                    <dep head="1-4" type="nsubj"/>
                </token>
                <token content="celebrate" id="1-4">
                    <pos type="VBP"/>
                    <lemma type="celebrate"/>
                </token>
                <token content="Arbor" id="1-5">
                    <pos type="NNP"/>
                    <lemma type="Arbor"/>
                </token>
                <token content="Day" id="1-6">
                    <pos type="NNP"/>
                    <lemma type="Day"/>
                    <dep head="1-4" type="tmod"/>
                </token>
                <token content="." id="1-7"/>
            </sentence>
            <sentence id="2">
                <token content="Last" id="2-1">
                    <pos type="JJ"/>
                    <lemma type="last"/>
                </token>
                <token content="year" id="2-2">
                    <pos type="NN"/>
                    <lemma type="year"/>
                    <dep head="2-5" type="tmod"/>
                </token>
                <token content="we" id="2-3">
                    <pos type="PRP"/>
                    <lemma type="we"/>
                    <dep head="2-5" type="nsubj"/>
                </token>
                <token content="we" id="2-4">
                    <pos type="PRP"/>
                    <lemma type="we"/>
                </token>
                <token content="decided" id="2-5">
                    <pos type="VBD"/>
                    <lemma type="decide"/>
                </token>
                <token content="to" id="2-6">
                    <pos type="TO"/>
                    <lemma type="to"/>
                    <dep head="2-7" type="aux"/>
                </token>
                <token content="celebrate" id="2-7">
                    <pos type="VB"/>
                    <lemma type="celebrate"/>
                    <dep head="2-5" type="xcomp"/>
                </token>
                <token content="the" id="2-8">
                    <pos type="DT"/>
                    <lemma type="the"/>
                </token>
                <token content="holiday" id="2-9">
                    <pos type="NN"/>
                    <lemma type="holiday"/>
                    <dep head="2-7" type="dobj"/>
                </token>
                <token content="by" id="2-10"/>
                <token content="planing" id="2-11">
                    <pos type="VBG"/>
                    <lemma type="plane"/>
                    <dep head="2-7" type="prepc"/>
                </token>
                <token content="a" id="2-12">
                    <pos type="DT"/>
                    <lemma type="a"/>
                </token>
                <token content="tree" id="2-13">
                    <pos type="NN"/>
                    <lemma type="tree"/>
                    <dep head="2-11" type="dobj"/>
                </token>
                <token content="." id="2-14"/>
            </sentence>
            <sentence id="3">
                <token content="We" id="3-1">
                    <pos type="PRP"/>
                    <lemma type="we"/>
                    <dep head="3-2" type="nsubj"/>
                </token>
                <token content="went" id="3-2">
                    <pos type="VBD"/>
                    <lemma type="go"/>
                </token>
                <token content="to" id="3-3"/>
                <token content="the" id="3-4">
                    <pos type="DT"/>
                    <lemma type="the"/>
                </token>
                <token content="local" id="3-5">
                    <pos type="JJ"/>
                    <lemma type="local"/>
                </token>
                <token content="plant" id="3-6">
                    <pos type="NN"/>
                    <lemma type="plant"/>
                </token>
                <token content="nursery" id="3-7">
                    <pos type="NN"/>
                    <lemma type="nursery"/>
                    <dep head="3-2" type="prep"/>
                </token>
                <token content="." id="3-8"/>
            </sentence>
            <sentence id="4">
                <token content="We" id="4-1">
                    <pos type="PRP"/>
                    <lemma type="we"/>
                    <dep head="4-2" type="nsubj"/>
                </token>
                <token content="talked" id="4-2">
                    <pos type="VBD"/>
                    <lemma type="talk"/>
                </token>
                <token content="to" id="4-3"/>
                <token content="the" id="4-4">
                    <pos type="DT"/>
                    <lemma type="the"/>
                </token>
                <token content="employees" id="4-5">
                    <pos type="NNS"/>
                    <lemma type="employee"/>
                    <dep head="4-2" type="prep"/>
                </token>
                <token content="to" id="4-6">
                    <pos type="TO"/>
                    <lemma type="to"/>
                    <dep head="4-7" type="aux"/>
                </token>
                <token content="find" id="4-7">
                    <pos type="VB"/>
                    <lemma type="find"/>
                    <dep head="4-2" type="xcomp"/>
                </token>
                <token content="out" id="4-8">
                    <pos type="RP"/>
                    <lemma type="out"/>
                    <dep head="4-7" type="prt"/>
                </token>
                <token content="which" id="4-9">
                    <pos type="WDT"/>
                    <lemma type="which"/>
                    <dep head="4-11" type="dobj"/>
                </token>
                <token content="trees" id="4-10">
                    <pos type="NNS"/>
                    <lemma type="tree"/>
                    <dep head="4-11" type="nsubj"/>
                </token>
                <token content="grow" id="4-11">
                    <pos type="VBP"/>
                    <lemma type="grow"/>
                    <dep head="4-7" type="ccomp"/>
                </token>
                <token content="well" id="4-12">
                    <pos type="RB"/>
                    <lemma type="well"/>
                    <dep head="4-11" type="advmod"/>
                </token>
                <token content="in" id="4-13"/>
                <token content="our" id="4-14">
                    <pos type="PRP$"/>
                    <lemma type="we"/>
                </token>
                <token content="area" id="4-15">
                    <pos type="NN"/>
                    <lemma type="area"/>
                    <dep head="4-11" type="prep"/>
                </token>
                <token content="and" id="4-16"/>
                <token content="in" id="4-17"/>
                <token content="the" id="4-18">
                    <pos type="DT"/>
                    <lemma type="the"/>
                </token>
                <token content="type" id="4-19">
                    <pos type="NN"/>
                    <lemma type="type"/>
                    <dep head="4-23" type="prep"/>
                </token>
                <token content="of" id="4-20"/>
                <token content="soil" id="4-21">
                    <pos type="NN"/>
                    <lemma type="soil"/>
                </token>
                <token content="we" id="4-22">
                    <pos type="PRP"/>
                    <lemma type="we"/>
                    <dep head="4-23" type="nsubj"/>
                </token>
                <token content="have" id="4-23">
                    <pos type="VBP"/>
                    <lemma type="have"/>
                    <dep head="4-2" type="conj"/>
                </token>
                <token content="." id="4-24"/>
            </sentence>
            <sentence id="5">
                <token content="We" id="5-1">
                    <pos type="PRP"/>
                    <lemma type="we"/>
                    <dep head="5-2" type="nsubj"/>
                </token>
                <token content="chose" id="5-2">
                    <pos type="VBD"/>
                    <lemma type="choose"/>
                </token>
                <token content="a" id="5-3">
                    <pos type="DT"/>
                    <lemma type="a"/>
                </token>
                <token content="small" id="5-4">
                    <pos type="JJ"/>
                    <lemma type="small"/>
                </token>
                <token content="maple" id="5-5">
                    <pos type="NN"/>
                    <lemma type="maple"/>
                </token>
                <token content="seedling" id="5-6">
                    <pos type="NN"/>
                    <lemma type="seedling"/>
                    <dep head="5-2" type="dobj"/>
                </token>
                <token content="." id="5-7"/>
            </sentence>
            <sentence id="6">
                <token content="When" id="6-1">
                    <pos type="WRB"/>
                    <lemma type="when"/>
                    <dep head="6-3" type="advmod"/>
                </token>
                <token content="we" id="6-2">
                    <pos type="PRP"/>
                    <lemma type="we"/>
                    <dep head="6-3" type="nsubj"/>
                </token>
                <token content="got" id="6-3">
                    <pos type="VBD"/>
                    <lemma type="get"/>
                    <dep head="6-7" type="advcl"/>
                </token>
                <token content="home" id="6-4">
                    <pos type="NN"/>
                    <lemma type="home"/>
                    <dep head="6-3" type="dobj"/>
                </token>
                <token content="," id="6-5"/>
                <token content="we" id="6-6">
                    <pos type="PRP"/>
                    <lemma type="we"/>
                    <dep head="6-7" type="nsubj"/>
                </token>
                <token content="chose" id="6-7">
                    <pos type="VBD"/>
                    <lemma type="choose"/>
                </token>
                <token content="an" id="6-8">
                    <pos type="DT"/>
                    <lemma type="a"/>
                </token>
                <token content="area" id="6-9">
                    <pos type="NN"/>
                    <lemma type="area"/>
                    <dep head="6-7" type="dobj"/>
                </token>
                <token content="of" id="6-10"/>
                <token content="our" id="6-11">
                    <pos type="PRP$"/>
                    <lemma type="we"/>
                </token>
                <token content="yard" id="6-12">
                    <pos type="NN"/>
                    <lemma type="yard"/>
                </token>
                <token content="with" id="6-13"/>
                <token content="lots" id="6-14">
                    <pos type="NNS"/>
                    <lemma type="lot"/>
                    <dep head="6-7" type="prep"/>
                </token>
                <token content="of" id="6-15"/>
                <token content="sun" id="6-16">
                    <pos type="NN"/>
                    <lemma type="sun"/>
                </token>
                <token content="." id="6-17"/>
            </sentence>
            <sentence id="7">
                <token content="We" id="7-1">
                    <pos type="PRP"/>
                    <lemma type="we"/>
                    <dep head="7-2" type="nsubj"/>
                </token>
                <token content="dug" id="7-2">
                    <pos type="VBD"/>
                    <lemma type="dig"/>
                </token>
                <token content="a" id="7-3">
                    <pos type="DT"/>
                    <lemma type="a"/>
                </token>
                <token content="hole" id="7-4">
                    <pos type="NN"/>
                    <lemma type="hole"/>
                    <dep head="7-2" type="dobj"/>
                </token>
                <token content="just" id="7-5">
                    <pos type="RB"/>
                    <lemma type="just"/>
                    <dep head="7-2" type="prep"/>
                </token>
                <token content="a" id="7-6">
                    <pos type="DT"/>
                    <lemma type="a"/>
                </token>
                <token content="little" id="7-7">
                    <pos type="RB"/>
                    <lemma type="little"/>
                </token>
                <token content="bigger" id="7-8">
                    <pos type="JJR"/>
                    <lemma type="bigger"/>
                </token>
                <token content="than" id="7-9"/>
                <token content="the" id="7-10">
                    <pos type="DT"/>
                    <lemma type="the"/>
                </token>
                <token content="roots" id="7-11">
                    <pos type="NNS"/>
                    <lemma type="root"/>
                    <dep head="7-2" type="prep"/>
                </token>
                <token content="of" id="7-12"/>
                <token content="our" id="7-13">
                    <pos type="PRP$"/>
                    <lemma type="we"/>
                </token>
                <token content="seedling" id="7-14">
                    <pos type="NN"/>
                    <lemma type="seedling"/>
                </token>
                <token content="." id="7-15"/>
            </sentence>
            <sentence id="8">
                <token content="We" id="8-1">
                    <pos type="PRP"/>
                    <lemma type="we"/>
                    <dep head="8-2" type="nsubj"/>
                </token>
                <token content="put" id="8-2">
                    <pos type="VBD"/>
                    <lemma type="put"/>
                </token>
                <token content="the" id="8-3">
                    <pos type="DT"/>
                    <lemma type="the"/>
                </token>
                <token content="seedling" id="8-4">
                    <pos type="NN"/>
                    <lemma type="seedling"/>
                    <dep head="8-2" type="dobj"/>
                </token>
                <token content="in" id="8-5"/>
                <token content="the" id="8-6">
                    <pos type="DT"/>
                    <lemma type="the"/>
                </token>
                <token content="hole" id="8-7">
                    <pos type="NN"/>
                    <lemma type="hole"/>
                </token>
                <token content="in" id="8-8"/>
                <token content="the" id="8-9">
                    <pos type="DT"/>
                    <lemma type="the"/>
                </token>
                <token content="ground" id="8-10">
                    <pos type="NN"/>
                    <lemma type="ground"/>
                    <dep head="8-2" type="prep"/>
                </token>
                <token content="very" id="8-11">
                    <pos type="RB"/>
                    <lemma type="very"/>
                </token>
                <token content="carefully" id="8-12">
                    <pos type="RB"/>
                    <lemma type="carefully"/>
                    <dep head="8-2" type="advmod"/>
                </token>
                <token content="," id="8-13"/>
                <token content="then" id="8-14">
                    <pos type="RB"/>
                    <lemma type="then"/>
                    <dep head="8-15" type="advmod"/>
                </token>
                <token content="covered" id="8-15">
                    <pos type="VBD"/>
                    <lemma type="cover"/>
                    <dep head="8-2" type="dep"/>
                </token>
                <token content="the" id="8-16">
                    <pos type="DT"/>
                    <lemma type="the"/>
                </token>
                <token content="roots" id="8-17">
                    <pos type="NNS"/>
                    <lemma type="root"/>
                    <dep head="8-15" type="dobj"/>
                </token>
                <token content="with" id="8-18"/>
                <token content="dirt" id="8-19">
                    <pos type="NN"/>
                    <lemma type="dirt"/>
                    <dep head="8-15" type="prep"/>
                </token>
                <token content="." id="8-20"/>
            </sentence>
            <sentence id="9">
                <token content="We" id="9-1">
                    <pos type="PRP"/>
                    <lemma type="we"/>
                    <dep head="9-2" type="nsubj"/>
                </token>
                <token content="patted" id="9-2">
                    <pos type="VBD"/>
                    <lemma type="pat"/>
                </token>
                <token content="the" id="9-3">
                    <pos type="DT"/>
                    <lemma type="the"/>
                </token>
                <token content="dirt" id="9-4">
                    <pos type="NN"/>
                    <lemma type="dirt"/>
                    <dep head="9-2" type="dobj"/>
                </token>
                <token content="down" id="9-5">
                    <pos type="RB"/>
                    <lemma type="down"/>
                </token>
                <token content="really" id="9-6">
                    <pos type="RB"/>
                    <lemma type="really"/>
                </token>
                <token content="good" id="9-7">
                    <pos type="JJ"/>
                    <lemma type="good"/>
                </token>
                <token content="to" id="9-8">
                    <pos type="TO"/>
                    <lemma type="to"/>
                    <dep head="9-9" type="aux"/>
                </token>
                <token content="make" id="9-9">
                    <pos type="VB"/>
                    <lemma type="make"/>
                </token>
                <token content="sure" id="9-10">
                    <pos type="JJ"/>
                    <lemma type="sure"/>
                    <dep head="9-9" type="acomp"/>
                </token>
                <token content="the" id="9-11">
                    <pos type="DT"/>
                    <lemma type="the"/>
                </token>
                <token content="little" id="9-12">
                    <pos type="JJ"/>
                    <lemma type="little"/>
                </token>
                <token content="tree" id="9-13">
                    <pos type="NN"/>
                    <lemma type="tree"/>
                </token>
                <token content="seedling" id="9-14">
                    <pos type="NN"/>
                    <lemma type="seedling"/>
                </token>
                <token content="would" id="9-15">
                    <pos type="MD"/>
                    <lemma type="would"/>
                </token>
                <token content="be" id="9-16">
                    <pos type="VB"/>
                    <lemma type="be"/>
                </token>
                <token content="stable" id="9-17">
                    <pos type="JJ"/>
                    <lemma type="stable"/>
                </token>
                <token content="in" id="9-18"/>
                <token content="the" id="9-19">
                    <pos type="DT"/>
                    <lemma type="the"/>
                </token>
                <token content="ground" id="9-20">
                    <pos type="NN"/>
                    <lemma type="ground"/>
                </token>
                <token content="when" id="9-21">
                    <pos type="WRB"/>
                    <lemma type="when"/>
                    <dep head="9-23" type="advmod"/>
                </token>
                <token content="it" id="9-22">
                    <pos type="PRP"/>
                    <lemma type="it"/>
                    <dep head="9-23" type="nsubj"/>
                </token>
                <token content="was" id="9-23">
                    <pos type="VBD"/>
                    <lemma type="be"/>
                </token>
                <token content="windy" id="9-24">
                    <pos type="RB"/>
                    <lemma type="windy"/>
                    <dep head="9-23" type="advmod"/>
                </token>
                <token content="." id="9-25"/>
            </sentence>
            <sentence id="10">
                <token content="Then" id="10-1">
                    <pos type="RB"/>
                    <lemma type="then"/>
                    <dep head="10-3" type="advmod"/>
                </token>
                <token content="we" id="10-2">
                    <pos type="PRP"/>
                    <lemma type="we"/>
                    <dep head="10-3" type="nsubj"/>
                </token>
                <token content="watered" id="10-3">
                    <pos type="VBD"/>
                    <lemma type="water"/>
                </token>
                <token content="the" id="10-4">
                    <pos type="DT"/>
                    <lemma type="the"/>
                </token>
                <token content="tree" id="10-5">
                    <pos type="NN"/>
                    <lemma type="tree"/>
                    <dep head="10-3" type="dobj"/>
                </token>
                <token content="." id="10-6"/>
            </sentence>
            <sentence id="11">
                <token content="We" id="11-1">
                    <pos type="PRP"/>
                    <lemma type="we"/>
                    <dep head="11-4" type="nsubj"/>
                </token>
                <token content="'ve" id="11-2">
                    <pos type="VBP"/>
                    <lemma type="have"/>
                    <dep head="11-4" type="aux"/>
                </token>
                <token content="been" id="11-3">
                    <pos type="VBN"/>
                    <lemma type="be"/>
                    <dep head="11-4" type="aux"/>
                </token>
                <token content="watching" id="11-4">
                    <pos type="VBG"/>
                    <lemma type="watch"/>
                </token>
                <token content="and" id="11-5"/>
                <token content="watering" id="11-6">
                    <pos type="VBG"/>
                    <lemma type="water"/>
                    <dep head="11-4" type="conj"/>
                </token>
                <token content="our" id="11-7">
                    <pos type="PRP$"/>
                    <lemma type="we"/>
                </token>
                <token content="tree" id="11-8">
                    <pos type="NN"/>
                    <lemma type="tree"/>
                    <dep head="11-4" type="dobj"/>
                </token>
                <token content="for" id="11-9"/>
                <token content="a" id="11-10">
                    <pos type="DT"/>
                    <lemma type="a"/>
                </token>
                <token content="year" id="11-11">
                    <pos type="NN"/>
                    <lemma type="year"/>
                </token>
                <token content="and" id="11-12"/>
                <token content="slowly" id="11-13">
                    <pos type="RB"/>
                    <lemma type="slowly"/>
                    <dep head="11-20" type="advmod"/>
                </token>
                <token content="but" id="11-14">
                    <pos type="CC"/>
                    <lemma type="but"/>
                    <dep head="11-20" type="cc"/>
                </token>
                <token content="surely" id="11-15">
                    <pos type="RB"/>
                    <lemma type="surely"/>
                    <dep head="11-20" type="advmod"/>
                </token>
                <token content="our" id="11-16">
                    <pos type="PRP$"/>
                    <lemma type="we"/>
                </token>
                <token content="little" id="11-17">
                    <pos type="JJ"/>
                    <lemma type="little"/>
                </token>
                <token content="tree" id="11-18">
                    <pos type="NN"/>
                    <lemma type="tree"/>
                    <dep head="11-20" type="nsubj"/>
                </token>
                <token content="is" id="11-19">
                    <pos type="VBZ"/>
                    <lemma type="be"/>
                    <dep head="11-20" type="cop"/>
                </token>
                <token content="growing" id="11-20">
                    <pos type="VBG"/>
                    <lemma type="grow"/>
                    <dep head="11-4" type="conj"/>
                </token>
                <token content="." id="11-21"/>
            </sentence>
        </sentences>
    </text>
    <annotations>
        <participants>
            <label from="1-2" id="0" name="NPart" text="year" type="participant"/>
            <label from="1-3" id="1" name="ScrPart_gardener" text="we" type="participant"/>
            <label from="1-5" id="2" name="NPart" text="Arbor Day" to="1-6" type="participant"/>
            <label from="2-2" id="3" name="NPart" text="year" type="participant"/>
            <label from="2-3" id="4" name="ScrPart_gardener" text="we" type="participant"/>
            <label from="2-4" id="5" name="Unclear" text="we" type="participant"/>
            <label from="2-9" id="6" name="NPart" text="holiday" type="participant"/>
            <label from="2-13" id="7" name="ScrPart_tree" text="tree" type="participant"/>
            <label from="3-1" id="8" name="ScrPart_gardener" text="We" type="participant"/>
            <label from="3-6" id="9" name="ScrPart_shop" text="plant nursery" to="3-7" type="participant"/>
            <label from="3-7" id="10" name="ScrPart_shop" text="nursery" type="participant"/>
            <label from="4-1" id="11" name="ScrPart_gardener" text="We" type="participant"/>
            <label from="4-5" id="12" name="ScrPart_staff" text="employees" type="participant"/>
            <label from="4-10" id="13" name="ScrPart_tree" text="trees" type="participant"/>
            <label from="4-14" id="14" name="NPart" text="our" type="participant"/>
            <label from="4-15" id="15" name="NPart" text="area" type="participant"/>
            <label from="4-19" id="16" name="NPart" text="type" type="participant"/>
            <label from="4-21" id="17" name="ScrPart_dirt" text="soil" type="participant"/>
            <label from="4-22" id="18" name="ScrPart_gardener" text="we" type="participant"/>
            <label from="5-1" id="19" name="ScrPart_gardener" text="We" type="participant"/>
            <label from="5-5" id="20" name="ScrPart_tree" text="maple seedling" to="5-6" type="participant"/>
            <label from="5-6" id="21" name="ScrPart_tree" text="seedling" type="participant"/>
            <label from="6-2" id="22" name="ScrPart_gardener" text="we" type="participant"/>
            <label from="6-4" id="23" name="NPart" text="home" type="participant"/>
            <label from="6-6" id="24" name="ScrPart_gardener" text="we" type="participant"/>
            <label from="6-9" id="25" name="ScrPart_location_garden" text="area" type="participant"/>
            <label from="6-11" id="26" name="ScrPart_gardener" text="our" type="participant"/>
            <label from="6-12" id="27" name="NPart" text="yard" type="participant"/>
            <label from="6-14" id="28" name="Head_of_Partitive" text="lots" type="participant"/>
            <label from="6-16" id="29" name="NPart" text="sun" type="participant"/>
            <label from="7-1" id="30" name="ScrPart_gardener" text="We" type="participant"/>
            <label from="7-4" id="31" name="ScrPart_hole" text="hole" type="participant"/>
            <label from="7-11" id="32" name="ScrPart_root" text="roots" type="participant"/>
            <label from="7-13" id="33" name="ScrPart_gardener" text="our" type="participant"/>
            <label from="7-14" id="34" name="ScrPart_tree" text="seedling" type="participant"/>
            <label from="8-1" id="35" name="ScrPart_gardener" text="We" type="participant"/>
            <label from="8-4" id="36" name="ScrPart_tree" text="seedling" type="participant"/>
            <label from="8-7" id="37" name="ScrPart_hole" text="hole" type="participant"/>
            <label from="8-10" id="38" name="NPart" text="ground" type="participant"/>
            <label from="8-17" id="39" name="ScrPart_root" text="roots" type="participant"/>
            <label from="8-19" id="40" name="ScrPart_dirt" text="dirt" type="participant"/>
            <label from="9-1" id="41" name="ScrPart_gardener" text="We" type="participant"/>
            <label from="9-4" id="42" name="ScrPart_dirt" text="dirt" type="participant"/>
            <label from="9-13" id="43" name="ScrPart_tree" text="tree seedling" to="9-14" type="participant"/>
            <label from="9-14" id="44" name="ScrPart_tree" text="seedling" type="participant"/>
            <label from="9-20" id="45" name="NPart" text="ground" type="participant"/>
            <label from="9-22" id="46" name="No_label" text="it" type="participant"/>
            <label from="10-2" id="47" name="ScrPart_gardener" text="we" type="participant"/>
            <label from="10-5" id="48" name="ScrPart_tree" text="tree" type="participant"/>
            <label from="11-1" id="49" name="ScrPart_gardener" text="We" type="participant"/>
            <label from="11-7" id="50" name="ScrPart_gardener" text="our" type="participant"/>
            <label from="11-8" id="51" name="ScrPart_tree" text="tree" type="participant"/>
            <label from="11-11" id="52" name="ScrPart_time" text="year" type="participant"/>
            <label from="11-16" id="53" name="ScrPart_gardener" text="our" type="participant"/>
            <label from="11-18" id="54" name="ScrPart_tree" text="tree" type="participant"/>
        </participants>
        <events>
            <label from="1-4" id="55" name="UnrelEv" text="celebrate" type="event"/>
            <label from="2-5" id="56" name="UnrelEv" text="decided" type="event"/>
            <label from="2-7" id="57" name="UnrelEv" text="celebrate" type="event"/>
            <label from="2-11" id="58" name="Evoking" text="planing a tree" to="2-13" type="event"/>
            <label from="3-2" id="59" name="RelNScrEv" text="went" type="event"/>
            <label from="4-2" id="60" name="RelNScrEv" text="talked" type="event"/>
            <label from="4-7" id="61" name="RelNScrEv" text="find out" to="4-8" type="event"/>
            <label from="4-11" id="62" name="RelNScrEv" text="grow" type="event"/>
            <label from="4-23" id="63" name="UnrelEv" text="have" type="event"/>
            <label from="5-2" id="64" name="ScrEv_choose_tree" text="chose" type="event"/>
            <label from="6-3" id="65" name="ScrEv_take_home" text="got" type="event"/>
            <label from="6-7" id="66" name="ScrEv_find_place" text="chose" type="event"/>
            <label from="7-2" id="67" name="ScrEv_dig_hole" text="dug" type="event"/>
            <label from="8-2" id="68" name="ScrEv_place_root" text="put" type="event"/>
            <label from="8-15" id="69" name="ScrEv_refill_hole" text="covered" type="event"/>
            <label from="9-2" id="70" name="ScrEv_tamp_dirt" text="patted" type="event"/>
            <label from="9-9" id="71" name="UnrelEv" text="make sure" to="9-10" type="event"/>
            <label from="9-16" id="72" name="UnrelEv" text="be" type="event"/>
            <label from="9-23" id="73" name="UnrelEv" text="was" type="event"/>
            <label from="10-3" id="74" name="ScrEv_water" text="watered" type="event"/>
            <label from="11-4" id="75" name="UnrelEv" text="watching" type="event"/>
            <label from="11-6" id="76" name="ScrEv_water" text="watering" type="event"/>
            <label from="11-20" id="77" name="RelNScrEv" text="growing" type="event"/>
        </events>
        <chains>
            <chain elements="1 4 8 11 18 19 22 24 30 35 41 47 49 26 33 50 53"/>
            <chain elements="7 13 21 34 36 44 48 51 54"/>
            <chain elements="31 37"/>
            <chain elements="32 39"/>
            <chain elements="17 40 42"/>
        </chains>
    </annotations>
</story>
