<?xml version="1.0" encoding="UTF-8" standalone="no"?>
<!DOCTYPE story SYSTEM "../InScript.dtd">
<story id="051" scenario="tree">
    <text>
        <content>In the midst of a great and cold winter , the color and feel of the surrounding enviornment had become depressing and lacking of color or warmth . 
As the days rolled by and the temperature flirted with hospitable warmth I planned the beginnings of a new spring garden . 
One of the new additions would be a fruit tree . 
Given the climate here in the south we are blessed with an ability to have both cold and warm types of trees to a certain degree . 
This would be a cold tolerant tree . 
I took an apple from some time ago that I had chilled seeds in the freezer for . 
The chilling of the seeds are supposed to mimick natural coldness and bring forth the seed easier . 
I then prepared the soil with fertilizer in a pot and planted the seed . 
The tree took off slowly as a sprout and a few years later has about 3 or 4 feet in height . </content>
        <sentences>
            <sentence id="1">
                <token content="In" id="1-1"/>
                <token content="the" id="1-2">
                    <pos type="DT"/>
                    <lemma type="the"/>
                </token>
                <token content="midst" id="1-3">
                    <pos type="NN"/>
                    <lemma type="midst"/>
                    <dep head="1-20" type="prep"/>
                </token>
                <token content="of" id="1-4"/>
                <token content="a" id="1-5">
                    <pos type="DT"/>
                    <lemma type="a"/>
                </token>
                <token content="great" id="1-6">
                    <pos type="JJ"/>
                    <lemma type="great"/>
                </token>
                <token content="and" id="1-7"/>
                <token content="cold" id="1-8">
                    <pos type="JJ"/>
                    <lemma type="cold"/>
                </token>
                <token content="winter" id="1-9">
                    <pos type="NN"/>
                    <lemma type="winter"/>
                </token>
                <token content="," id="1-10"/>
                <token content="the" id="1-11">
                    <pos type="DT"/>
                    <lemma type="the"/>
                </token>
                <token content="color" id="1-12">
                    <pos type="NN"/>
                    <lemma type="color"/>
                    <dep head="1-20" type="nsubj"/>
                </token>
                <token content="and" id="1-13"/>
                <token content="feel" id="1-14">
                    <pos type="NN"/>
                    <lemma type="feel"/>
                </token>
                <token content="of" id="1-15"/>
                <token content="the" id="1-16">
                    <pos type="DT"/>
                    <lemma type="the"/>
                </token>
                <token content="surrounding" id="1-17">
                    <pos type="VBG"/>
                    <lemma type="surround"/>
                </token>
                <token content="enviornment" id="1-18">
                    <pos type="NN"/>
                    <lemma type="enviornment"/>
                </token>
                <token content="had" id="1-19">
                    <pos type="VBD"/>
                    <lemma type="have"/>
                    <dep head="1-20" type="aux"/>
                </token>
                <token content="become" id="1-20">
                    <pos type="VBN"/>
                    <lemma type="become"/>
                </token>
                <token content="depressing" id="1-21">
                    <pos type="VBG"/>
                    <lemma type="depress"/>
                    <dep head="1-20" type="xcomp"/>
                </token>
                <token content="and" id="1-22"/>
                <token content="lacking" id="1-23">
                    <pos type="VBG"/>
                    <lemma type="lack"/>
                    <dep head="1-21" type="conj"/>
                </token>
                <token content="of" id="1-24"/>
                <token content="color" id="1-25">
                    <pos type="NN"/>
                    <lemma type="color"/>
                    <dep head="1-21" type="prep"/>
                </token>
                <token content="or" id="1-26"/>
                <token content="warmth" id="1-27">
                    <pos type="NN"/>
                    <lemma type="warmth"/>
                </token>
                <token content="." id="1-28"/>
            </sentence>
            <sentence id="2">
                <token content="As" id="2-1">
                    <pos type="IN"/>
                    <lemma type="as"/>
                    <dep head="2-4" type="mark"/>
                </token>
                <token content="the" id="2-2">
                    <pos type="DT"/>
                    <lemma type="the"/>
                </token>
                <token content="days" id="2-3">
                    <pos type="NNS"/>
                    <lemma type="day"/>
                    <dep head="2-4" type="nsubj"/>
                </token>
                <token content="rolled" id="2-4">
                    <pos type="VBD"/>
                    <lemma type="roll"/>
                    <dep head="2-14" type="advcl"/>
                </token>
                <token content="by" id="2-5">
                    <pos type="IN"/>
                    <lemma type="by"/>
                    <dep head="2-4" type="prep"/>
                </token>
                <token content="and" id="2-6"/>
                <token content="the" id="2-7">
                    <pos type="DT"/>
                    <lemma type="the"/>
                </token>
                <token content="temperature" id="2-8">
                    <pos type="NN"/>
                    <lemma type="temperature"/>
                    <dep head="2-9" type="nsubj"/>
                </token>
                <token content="flirted" id="2-9">
                    <pos type="VBN"/>
                    <lemma type="flirt"/>
                    <dep head="2-4" type="conj"/>
                </token>
                <token content="with" id="2-10"/>
                <token content="hospitable" id="2-11">
                    <pos type="JJ"/>
                    <lemma type="hospitable"/>
                </token>
                <token content="warmth" id="2-12">
                    <pos type="NN"/>
                    <lemma type="warmth"/>
                    <dep head="2-9" type="prep"/>
                </token>
                <token content="I" id="2-13">
                    <pos type="PRP"/>
                    <lemma type="I"/>
                    <dep head="2-14" type="nsubj"/>
                </token>
                <token content="planned" id="2-14">
                    <pos type="VBD"/>
                    <lemma type="plan"/>
                </token>
                <token content="the" id="2-15">
                    <pos type="DT"/>
                    <lemma type="the"/>
                </token>
                <token content="beginnings" id="2-16">
                    <pos type="NNS"/>
                    <lemma type="beginning"/>
                    <dep head="2-14" type="dobj"/>
                </token>
                <token content="of" id="2-17"/>
                <token content="a" id="2-18">
                    <pos type="DT"/>
                    <lemma type="a"/>
                </token>
                <token content="new" id="2-19">
                    <pos type="JJ"/>
                    <lemma type="new"/>
                </token>
                <token content="spring" id="2-20">
                    <pos type="NN"/>
                    <lemma type="spring"/>
                </token>
                <token content="garden" id="2-21">
                    <pos type="NN"/>
                    <lemma type="garden"/>
                </token>
                <token content="." id="2-22"/>
            </sentence>
            <sentence id="3">
                <token content="One" id="3-1">
                    <pos type="CD"/>
                    <lemma type="one"/>
                </token>
                <token content="of" id="3-2"/>
                <token content="the" id="3-3">
                    <pos type="DT"/>
                    <lemma type="the"/>
                </token>
                <token content="new" id="3-4">
                    <pos type="JJ"/>
                    <lemma type="new"/>
                </token>
                <token content="additions" id="3-5">
                    <pos type="NNS"/>
                    <lemma type="addition"/>
                </token>
                <token content="would" id="3-6">
                    <pos type="MD"/>
                    <lemma type="would"/>
                </token>
                <token content="be" id="3-7">
                    <pos type="VB"/>
                    <lemma type="be"/>
                </token>
                <token content="a" id="3-8">
                    <pos type="DT"/>
                    <lemma type="a"/>
                </token>
                <token content="fruit" id="3-9">
                    <pos type="NN"/>
                    <lemma type="fruit"/>
                </token>
                <token content="tree" id="3-10">
                    <pos type="NN"/>
                    <lemma type="tree"/>
                </token>
                <token content="." id="3-11"/>
            </sentence>
            <sentence id="4">
                <token content="Given" id="4-1">
                    <pos type="VBN"/>
                    <lemma type="give"/>
                    <dep head="4-10" type="prep"/>
                </token>
                <token content="the" id="4-2">
                    <pos type="DT"/>
                    <lemma type="the"/>
                </token>
                <token content="climate" id="4-3">
                    <pos type="NN"/>
                    <lemma type="climate"/>
                </token>
                <token content="here" id="4-4">
                    <pos type="RB"/>
                    <lemma type="here"/>
                </token>
                <token content="in" id="4-5">
                    <pos type="IN"/>
                    <lemma type="in"/>
                    <dep head="4-1" type="pcomp"/>
                </token>
                <token content="the" id="4-6">
                    <pos type="DT"/>
                    <lemma type="the"/>
                </token>
                <token content="south" id="4-7">
                    <pos type="NN"/>
                    <lemma type="south"/>
                </token>
                <token content="we" id="4-8">
                    <pos type="PRP"/>
                    <lemma type="we"/>
                    <dep head="4-10" type="nsubjpass"/>
                </token>
                <token content="are" id="4-9">
                    <pos type="VBP"/>
                    <lemma type="be"/>
                    <dep head="4-10" type="auxpass"/>
                </token>
                <token content="blessed" id="4-10">
                    <pos type="VBN"/>
                    <lemma type="bless"/>
                </token>
                <token content="with" id="4-11"/>
                <token content="an" id="4-12">
                    <pos type="DT"/>
                    <lemma type="a"/>
                </token>
                <token content="ability" id="4-13">
                    <pos type="NN"/>
                    <lemma type="ability"/>
                    <dep head="4-10" type="prep"/>
                </token>
                <token content="to" id="4-14">
                    <pos type="TO"/>
                    <lemma type="to"/>
                    <dep head="4-15" type="aux"/>
                </token>
                <token content="have" id="4-15">
                    <pos type="VB"/>
                    <lemma type="have"/>
                </token>
                <token content="both" id="4-16">
                    <pos type="DT"/>
                    <lemma type="both"/>
                </token>
                <token content="cold" id="4-17">
                    <pos type="JJ"/>
                    <lemma type="cold"/>
                </token>
                <token content="and" id="4-18"/>
                <token content="warm" id="4-19">
                    <pos type="JJ"/>
                    <lemma type="warm"/>
                </token>
                <token content="types" id="4-20">
                    <pos type="NNS"/>
                    <lemma type="type"/>
                    <dep head="4-15" type="dobj"/>
                </token>
                <token content="of" id="4-21"/>
                <token content="trees" id="4-22">
                    <pos type="NNS"/>
                    <lemma type="tree"/>
                </token>
                <token content="to" id="4-23"/>
                <token content="a" id="4-24">
                    <pos type="DT"/>
                    <lemma type="a"/>
                </token>
                <token content="certain" id="4-25">
                    <pos type="JJ"/>
                    <lemma type="certain"/>
                </token>
                <token content="degree" id="4-26">
                    <pos type="NN"/>
                    <lemma type="degree"/>
                    <dep head="4-15" type="prep"/>
                </token>
                <token content="." id="4-27"/>
            </sentence>
            <sentence id="5">
                <token content="This" id="5-1">
                    <pos type="DT"/>
                    <lemma type="this"/>
                </token>
                <token content="would" id="5-2">
                    <pos type="MD"/>
                    <lemma type="would"/>
                </token>
                <token content="be" id="5-3">
                    <pos type="VB"/>
                    <lemma type="be"/>
                </token>
                <token content="a" id="5-4">
                    <pos type="DT"/>
                    <lemma type="a"/>
                </token>
                <token content="cold" id="5-5">
                    <pos type="JJ"/>
                    <lemma type="cold"/>
                </token>
                <token content="tolerant" id="5-6">
                    <pos type="NN"/>
                    <lemma type="tolerant"/>
                </token>
                <token content="tree" id="5-7">
                    <pos type="NN"/>
                    <lemma type="tree"/>
                </token>
                <token content="." id="5-8"/>
            </sentence>
            <sentence id="6">
                <token content="I" id="6-1">
                    <pos type="PRP"/>
                    <lemma type="I"/>
                    <dep head="6-2" type="nsubj"/>
                </token>
                <token content="took" id="6-2">
                    <pos type="VBD"/>
                    <lemma type="take"/>
                </token>
                <token content="an" id="6-3">
                    <pos type="DT"/>
                    <lemma type="a"/>
                </token>
                <token content="apple" id="6-4">
                    <pos type="NN"/>
                    <lemma type="apple"/>
                    <dep head="6-2" type="dobj"/>
                </token>
                <token content="from" id="6-5">
                    <pos type="IN"/>
                    <lemma type="from"/>
                    <dep head="6-2" type="prep"/>
                </token>
                <token content="some" id="6-6">
                    <pos type="DT"/>
                    <lemma type="some"/>
                </token>
                <token content="time" id="6-7">
                    <pos type="NN"/>
                    <lemma type="time"/>
                </token>
                <token content="ago" id="6-8">
                    <pos type="RB"/>
                    <lemma type="ago"/>
                </token>
                <token content="that" id="6-9">
                    <pos type="IN"/>
                    <lemma type="that"/>
                    <dep head="6-12" type="mark"/>
                </token>
                <token content="I" id="6-10">
                    <pos type="PRP"/>
                    <lemma type="I"/>
                    <dep head="6-12" type="nsubj"/>
                </token>
                <token content="had" id="6-11">
                    <pos type="VBD"/>
                    <lemma type="have"/>
                    <dep head="6-12" type="aux"/>
                </token>
                <token content="chilled" id="6-12">
                    <pos type="VBN"/>
                    <lemma type="chill"/>
                    <dep head="6-2" type="ccomp"/>
                </token>
                <token content="seeds" id="6-13">
                    <pos type="NNS"/>
                    <lemma type="seed"/>
                    <dep head="6-12" type="dobj"/>
                </token>
                <token content="in" id="6-14"/>
                <token content="the" id="6-15">
                    <pos type="DT"/>
                    <lemma type="the"/>
                </token>
                <token content="freezer" id="6-16">
                    <pos type="NN"/>
                    <lemma type="freezer"/>
                </token>
                <token content="for" id="6-17">
                    <pos type="IN"/>
                    <lemma type="for"/>
                    <dep head="6-12" type="prep"/>
                </token>
                <token content="." id="6-18"/>
            </sentence>
            <sentence id="7">
                <token content="The" id="7-1">
                    <pos type="DT"/>
                    <lemma type="the"/>
                    <dep head="7-7" type="nsubjpass"/>
                </token>
                <token content="chilling" id="7-2">
                    <pos type="VBG"/>
                    <lemma type="chill"/>
                </token>
                <token content="of" id="7-3"/>
                <token content="the" id="7-4">
                    <pos type="DT"/>
                    <lemma type="the"/>
                </token>
                <token content="seeds" id="7-5">
                    <pos type="NNS"/>
                    <lemma type="seed"/>
                </token>
                <token content="are" id="7-6">
                    <pos type="VBP"/>
                    <lemma type="be"/>
                    <dep head="7-7" type="auxpass"/>
                </token>
                <token content="supposed" id="7-7">
                    <pos type="VBN"/>
                    <lemma type="suppose"/>
                </token>
                <token content="to" id="7-8">
                    <pos type="TO"/>
                    <lemma type="to"/>
                    <dep head="7-9" type="aux"/>
                </token>
                <token content="mimick" id="7-9">
                    <pos type="VB"/>
                    <lemma type="mimick"/>
                    <dep head="7-7" type="xcomp"/>
                </token>
                <token content="natural" id="7-10">
                    <pos type="JJ"/>
                    <lemma type="natural"/>
                </token>
                <token content="coldness" id="7-11">
                    <pos type="NNS"/>
                    <lemma type="coldness"/>
                    <dep head="7-9" type="dobj"/>
                </token>
                <token content="and" id="7-12"/>
                <token content="bring" id="7-13">
                    <pos type="VB"/>
                    <lemma type="bring"/>
                    <dep head="7-9" type="conj"/>
                </token>
                <token content="forth" id="7-14">
                    <pos type="RP"/>
                    <lemma type="forth"/>
                    <dep head="7-13" type="prt"/>
                </token>
                <token content="the" id="7-15">
                    <pos type="DT"/>
                    <lemma type="the"/>
                </token>
                <token content="seed" id="7-16">
                    <pos type="NN"/>
                    <lemma type="seed"/>
                </token>
                <token content="easier" id="7-17">
                    <pos type="JJR"/>
                    <lemma type="easier"/>
                    <dep head="7-13" type="advmod"/>
                </token>
                <token content="." id="7-18"/>
            </sentence>
            <sentence id="8">
                <token content="I" id="8-1">
                    <pos type="PRP"/>
                    <lemma type="I"/>
                    <dep head="8-3" type="nsubj"/>
                </token>
                <token content="then" id="8-2">
                    <pos type="RB"/>
                    <lemma type="then"/>
                    <dep head="8-3" type="advmod"/>
                </token>
                <token content="prepared" id="8-3">
                    <pos type="VBD"/>
                    <lemma type="prepare"/>
                </token>
                <token content="the" id="8-4">
                    <pos type="DT"/>
                    <lemma type="the"/>
                </token>
                <token content="soil" id="8-5">
                    <pos type="NN"/>
                    <lemma type="soil"/>
                    <dep head="8-3" type="dobj"/>
                </token>
                <token content="with" id="8-6"/>
                <token content="fertilizer" id="8-7">
                    <pos type="NN"/>
                    <lemma type="fertilizer"/>
                    <dep head="8-3" type="prep"/>
                </token>
                <token content="in" id="8-8"/>
                <token content="a" id="8-9">
                    <pos type="DT"/>
                    <lemma type="a"/>
                </token>
                <token content="pot" id="8-10">
                    <pos type="NN"/>
                    <lemma type="pot"/>
                    <dep head="8-3" type="prep"/>
                </token>
                <token content="and" id="8-11"/>
                <token content="planted" id="8-12">
                    <pos type="VBD"/>
                    <lemma type="plant"/>
                    <dep head="8-3" type="conj"/>
                </token>
                <token content="the" id="8-13">
                    <pos type="DT"/>
                    <lemma type="the"/>
                </token>
                <token content="seed" id="8-14">
                    <pos type="NN"/>
                    <lemma type="seed"/>
                    <dep head="8-12" type="dobj"/>
                </token>
                <token content="." id="8-15"/>
            </sentence>
            <sentence id="9">
                <token content="The" id="9-1">
                    <pos type="DT"/>
                    <lemma type="the"/>
                </token>
                <token content="tree" id="9-2">
                    <pos type="NN"/>
                    <lemma type="tree"/>
                    <dep head="9-3" type="nsubj"/>
                </token>
                <token content="took" id="9-3">
                    <pos type="VBD"/>
                    <lemma type="take"/>
                </token>
                <token content="off" id="9-4">
                    <pos type="RB"/>
                    <lemma type="off"/>
                </token>
                <token content="slowly" id="9-5">
                    <pos type="RB"/>
                    <lemma type="slowly"/>
                    <dep head="9-3" type="advmod"/>
                </token>
                <token content="as" id="9-6"/>
                <token content="a" id="9-7">
                    <pos type="DT"/>
                    <lemma type="a"/>
                </token>
                <token content="sprout" id="9-8">
                    <pos type="NN"/>
                    <lemma type="sprout"/>
                    <dep head="9-3" type="prep"/>
                </token>
                <token content="and" id="9-9"/>
                <token content="a" id="9-10">
                    <pos type="DT"/>
                    <lemma type="a"/>
                </token>
                <token content="few" id="9-11">
                    <pos type="JJ"/>
                    <lemma type="few"/>
                </token>
                <token content="years" id="9-12">
                    <pos type="NNS"/>
                    <lemma type="year"/>
                </token>
                <token content="later" id="9-13">
                    <pos type="RB"/>
                    <lemma type="later"/>
                    <dep head="9-14" type="advmod"/>
                </token>
                <token content="has" id="9-14">
                    <pos type="VBZ"/>
                    <lemma type="have"/>
                    <dep head="9-3" type="conj"/>
                </token>
                <token content="about" id="9-15">
                    <pos type="RB"/>
                    <lemma type="about"/>
                </token>
                <token content="3" id="9-16">
                    <pos type="CD"/>
                    <lemma type="3"/>
                </token>
                <token content="or" id="9-17"/>
                <token content="4" id="9-18">
                    <pos type="CD"/>
                    <lemma type="4"/>
                </token>
                <token content="feet" id="9-19">
                    <pos type="NNS"/>
                    <lemma type="foot"/>
                    <dep head="9-14" type="dobj"/>
                </token>
                <token content="in" id="9-20"/>
                <token content="height" id="9-21">
                    <pos type="NN"/>
                    <lemma type="height"/>
                </token>
                <token content="." id="9-22"/>
            </sentence>
        </sentences>
    </text>
    <annotations>
        <participants>
            <label from="1-3" id="0" name="NPart" text="midst" type="participant"/>
            <label from="1-9" id="1" name="NPart" text="winter" type="participant"/>
            <label from="1-12" id="2" name="NPart" text="color" type="participant"/>
            <label from="1-14" id="3" name="NPart" text="feel" type="participant"/>
            <label from="1-18" id="4" name="NPart" text="enviornment" type="participant"/>
            <label from="1-25" id="5" name="NPart" text="color" type="participant"/>
            <label from="1-27" id="6" name="NPart" text="warmth" type="participant"/>
            <label from="2-3" id="7" name="NPart" text="days" type="participant"/>
            <label from="2-8" id="8" name="NPart" text="temperature" type="participant"/>
            <label from="2-12" id="9" name="NPart" text="warmth" type="participant"/>
            <label from="2-13" id="10" name="ScrPart_gardener" text="I" type="participant"/>
            <label from="2-16" id="11" name="NPart" text="beginnings" type="participant"/>
            <label from="2-20" id="12" name="NPart" text="spring garden" to="2-21" type="participant"/>
            <label from="2-21" id="13" name="NPart" text="garden" type="participant"/>
            <label from="3-5" id="14" name="NPart" text="additions" type="participant"/>
            <label from="3-9" id="15" name="ScrPart_tree" text="fruit tree" to="3-10" type="participant"/>
            <label from="4-3" id="16" name="NPart" text="climate" type="participant"/>
            <label from="4-7" id="17" name="NPart" text="south" type="participant"/>
            <label from="4-8" id="18" name="NPart" text="we" type="participant"/>
            <label from="4-13" id="19" name="NPart" text="ability" type="participant"/>
            <label from="4-20" id="20" name="Head_of_Partitive" text="types" type="participant"/>
            <label from="4-22" id="21" name="ScrPart_tree" text="trees" type="participant"/>
            <label from="4-26" id="22" name="NPart" text="degree" type="participant"/>
            <label from="5-7" id="23" name="ScrPart_tree" text="tree" type="participant"/>
            <label from="6-1" id="24" name="ScrPart_gardener" text="I" type="participant"/>
            <label from="6-4" id="25" name="NPart" text="apple" type="participant"/>
            <label from="6-7" id="26" name="No_label" text="time" type="participant"/>
            <label from="6-10" id="27" name="ScrPart_gardener" text="I" type="participant"/>
            <label from="6-13" id="28" name="ScrPart_seeds" text="seeds" type="participant"/>
            <label from="6-16" id="29" name="NPart" text="freezer" type="participant"/>
            <label from="7-5" id="30" name="ScrPart_seeds" text="seeds" type="participant"/>
            <label from="7-11" id="31" name="NPart" text="coldness" type="participant"/>
            <label from="7-16" id="32" name="ScrPart_seeds" text="seed" type="participant"/>
            <label from="8-1" id="33" name="ScrPart_gardener" text="I" type="participant"/>
            <label from="8-5" id="34" name="ScrPart_dirt" text="soil" type="participant"/>
            <label from="8-7" id="35" name="ScrPart_fertilizer" text="fertilizer" type="participant"/>
            <label from="8-10" id="36" name="ScrPart_gardening_tool" text="pot" type="participant"/>
            <label from="8-14" id="37" name="ScrPart_seeds" text="seed" type="participant"/>
            <label from="9-2" id="38" name="ScrPart_tree" text="tree" type="participant"/>
            <label from="9-8" id="39" name="ScrPart_tree" text="sprout" type="participant"/>
            <label from="9-12" id="40" name="ScrPart_time" text="years" type="participant"/>
            <label from="9-19" id="41" name="NPart" text="feet" type="participant"/>
            <label from="9-21" id="42" name="NPart" text="height" type="participant"/>
        </participants>
        <events>
            <label from="1-17" id="43" name="UnrelEv" text="surrounding" type="event"/>
            <label from="1-20" id="44" name="UnrelEv" text="become" type="event"/>
            <label from="1-21" id="45" name="UnrelEv" text="depressing" type="event"/>
            <label from="1-23" id="46" name="UnrelEv" text="lacking" type="event"/>
            <label from="2-4" id="47" name="UnrelEv" text="rolled by" to="2-5" type="event"/>
            <label from="2-9" id="48" name="UnrelEv" text="flirted" type="event"/>
            <label from="2-14" id="49" name="UnrelEv" text="planned" type="event"/>
            <label from="3-7" id="50" name="UnrelEv" text="be" type="event"/>
            <label from="4-1" id="51" name="UnrelEv" text="Given" type="event"/>
            <label from="4-10" id="52" name="UnrelEv" text="blessed" type="event"/>
            <label from="4-15" id="53" name="UnrelEv" text="have" type="event"/>
            <label from="5-3" id="54" name="ScrEv_choose_tree" text="be" type="event"/>
            <label from="6-2" id="55" name="RelNScrEv" text="took" type="event"/>
            <label from="6-12" id="56" name="RelNScrEv" text="chilled" type="event"/>
            <label from="7-2" id="57" name="RelNScrEv" text="chilling" type="event"/>
            <label from="7-7" id="58" name="UnrelEv" text="supposed" type="event"/>
            <label from="7-13" id="59" name="UnrelEv" text="bring forth" to="7-14" type="event"/>
            <label from="8-3" id="60" name="ScrEv_place_fertilizers" text="prepared" type="event"/>
            <label from="8-12" id="61" name="ScrEv_place_root" text="planted" type="event"/>
            <label from="9-3" id="62" name="UnrelEv" text="took off" to="9-4" type="event"/>
            <label from="9-14" id="63" name="UnrelEv" text="has" type="event"/>
        </events>
        <chains>
            <chain elements="24 10 27 33"/>
            <chain elements="21 15 23 38 39"/>
            <chain elements="30 28 32 37"/>
        </chains>
    </annotations>
</story>
