<?xml version="1.0" encoding="UTF-8" standalone="no"?>
<!DOCTYPE story SYSTEM "../InScript.dtd">
<story id="019" scenario="tree">
    <text>
        <content>When I looked out of my window into my back garden I decided I needed a tree to help provide some shade for my dogs while they are outside as it can get very hot where I live . 
I thought carefully about the type of tree I wanted to grow , I needed something with lots of leaves that would grow quite fast as I could n't afford to buy a tree that was already grown . 
I did some research on the internet and decided that I would like a Japanese Maple tree with red leaves . 
I drove to the garden center and made my way to the tree section , where there were lots of lovely small Japanese Maples for sale already growing in pots . 
I found someone who worked there to advise me on the best way to plant the tree and how to care for it . 
After I had paid for it and chosen some special compost for trees , they helped me load the car and I drove home to plant it . 
I selected a good spot in the garden where it would have room to spread out and went into the garage to get my spade . 
I dug a hole wide and deep enough for the entire pot to fit into , and I laid the pot on it 's side , gently tugging on the tree to remove it from the pot . 
Once it was free , I shook the roots a little to free them up and planted the tree in the hole I had dug . 
Then I packed the sides of the roots with the compost , making sure the trunk stayed vertical as I was doing this . 
When I had finished I watered the new tree really well , making a puddle around the base of the trunk with my garden hose . 
Then it was time to sit back and imagine in a few years I would have a big leafy red maple providing lots of shade and color . </content>
        <sentences>
            <sentence id="1">
                <token content="When" id="1-1">
                    <pos type="WRB"/>
                    <lemma type="when"/>
                    <dep head="1-3" type="advmod"/>
                </token>
                <token content="I" id="1-2">
                    <pos type="PRP"/>
                    <lemma type="I"/>
                    <dep head="1-3" type="nsubj"/>
                </token>
                <token content="looked" id="1-3">
                    <pos type="VBD"/>
                    <lemma type="look"/>
                    <dep head="1-13" type="advcl"/>
                </token>
                <token content="out" id="1-4"/>
                <token content="of" id="1-5"/>
                <token content="my" id="1-6">
                    <pos type="PRP$"/>
                    <lemma type="my"/>
                </token>
                <token content="window" id="1-7">
                    <pos type="NN"/>
                    <lemma type="window"/>
                    <dep head="1-3" type="prep"/>
                </token>
                <token content="into" id="1-8"/>
                <token content="my" id="1-9">
                    <pos type="PRP$"/>
                    <lemma type="my"/>
                </token>
                <token content="back" id="1-10">
                    <pos type="JJ"/>
                    <lemma type="back"/>
                </token>
                <token content="garden" id="1-11">
                    <pos type="NN"/>
                    <lemma type="garden"/>
                    <dep head="1-3" type="prep"/>
                </token>
                <token content="I" id="1-12">
                    <pos type="PRP"/>
                    <lemma type="I"/>
                    <dep head="1-13" type="nsubj"/>
                </token>
                <token content="decided" id="1-13">
                    <pos type="VBD"/>
                    <lemma type="decide"/>
                </token>
                <token content="I" id="1-14">
                    <pos type="PRP"/>
                    <lemma type="I"/>
                    <dep head="1-15" type="nsubj"/>
                </token>
                <token content="needed" id="1-15">
                    <pos type="VBD"/>
                    <lemma type="need"/>
                    <dep head="1-13" type="ccomp"/>
                </token>
                <token content="a" id="1-16">
                    <pos type="DT"/>
                    <lemma type="a"/>
                </token>
                <token content="tree" id="1-17">
                    <pos type="NN"/>
                    <lemma type="tree"/>
                    <dep head="1-15" type="dobj"/>
                </token>
                <token content="to" id="1-18">
                    <pos type="TO"/>
                    <lemma type="to"/>
                    <dep head="1-19" type="aux"/>
                </token>
                <token content="help" id="1-19">
                    <pos type="VB"/>
                    <lemma type="help"/>
                </token>
                <token content="provide" id="1-20">
                    <pos type="VB"/>
                    <lemma type="provide"/>
                    <dep head="1-19" type="dep"/>
                </token>
                <token content="some" id="1-21">
                    <pos type="DT"/>
                    <lemma type="some"/>
                </token>
                <token content="shade" id="1-22">
                    <pos type="NN"/>
                    <lemma type="shade"/>
                    <dep head="1-19" type="dobj"/>
                </token>
                <token content="for" id="1-23"/>
                <token content="my" id="1-24">
                    <pos type="PRP$"/>
                    <lemma type="my"/>
                </token>
                <token content="dogs" id="1-25">
                    <pos type="NNS"/>
                    <lemma type="dog"/>
                </token>
                <token content="while" id="1-26">
                    <pos type="IN"/>
                    <lemma type="while"/>
                    <dep head="1-28" type="mark"/>
                </token>
                <token content="they" id="1-27">
                    <pos type="PRP"/>
                    <lemma type="they"/>
                    <dep head="1-28" type="nsubj"/>
                </token>
                <token content="are" id="1-28">
                    <pos type="VBP"/>
                    <lemma type="be"/>
                    <dep head="1-19" type="advcl"/>
                </token>
                <token content="outside" id="1-29">
                    <pos type="RB"/>
                    <lemma type="outside"/>
                    <dep head="1-28" type="advmod"/>
                </token>
                <token content="as" id="1-30">
                    <pos type="IN"/>
                    <lemma type="as"/>
                </token>
                <token content="it" id="1-31">
                    <pos type="PRP"/>
                    <lemma type="it"/>
                </token>
                <token content="can" id="1-32">
                    <pos type="MD"/>
                    <lemma type="can"/>
                </token>
                <token content="get" id="1-33">
                    <pos type="VB"/>
                    <lemma type="get"/>
                </token>
                <token content="very" id="1-34">
                    <pos type="RB"/>
                    <lemma type="very"/>
                </token>
                <token content="hot" id="1-35">
                    <pos type="JJ"/>
                    <lemma type="hot"/>
                    <dep head="1-28" type="advcl"/>
                </token>
                <token content="where" id="1-36">
                    <pos type="WRB"/>
                    <lemma type="where"/>
                    <dep head="1-38" type="advmod"/>
                </token>
                <token content="I" id="1-37">
                    <pos type="PRP"/>
                    <lemma type="I"/>
                    <dep head="1-38" type="nsubj"/>
                </token>
                <token content="live" id="1-38">
                    <pos type="VBP"/>
                    <lemma type="live"/>
                </token>
                <token content="." id="1-39"/>
            </sentence>
            <sentence id="2">
                <token content="I" id="2-1">
                    <pos type="PRP"/>
                    <lemma type="I"/>
                    <dep head="2-2" type="nsubj"/>
                </token>
                <token content="thought" id="2-2">
                    <pos type="VBD"/>
                    <lemma type="think"/>
                    <dep head="2-15" type="ccomp"/>
                </token>
                <token content="carefully" id="2-3">
                    <pos type="RB"/>
                    <lemma type="carefully"/>
                    <dep head="2-2" type="advmod"/>
                </token>
                <token content="about" id="2-4"/>
                <token content="the" id="2-5">
                    <pos type="DT"/>
                    <lemma type="the"/>
                </token>
                <token content="type" id="2-6">
                    <pos type="NN"/>
                    <lemma type="type"/>
                </token>
                <token content="of" id="2-7"/>
                <token content="tree" id="2-8">
                    <pos type="NN"/>
                    <lemma type="tree"/>
                </token>
                <token content="I" id="2-9">
                    <pos type="PRP"/>
                    <lemma type="I"/>
                    <dep head="2-10" type="nsubj"/>
                </token>
                <token content="wanted" id="2-10">
                    <pos type="VBD"/>
                    <lemma type="want"/>
                    <dep head="2-2" type="ccomp"/>
                </token>
                <token content="to" id="2-11">
                    <pos type="TO"/>
                    <lemma type="to"/>
                    <dep head="2-12" type="aux"/>
                </token>
                <token content="grow" id="2-12">
                    <pos type="VB"/>
                    <lemma type="grow"/>
                    <dep head="2-10" type="xcomp"/>
                </token>
                <token content="," id="2-13"/>
                <token content="I" id="2-14">
                    <pos type="PRP"/>
                    <lemma type="I"/>
                    <dep head="2-15" type="nsubj"/>
                </token>
                <token content="needed" id="2-15">
                    <pos type="VBD"/>
                    <lemma type="need"/>
                </token>
                <token content="something" id="2-16">
                    <pos type="NN"/>
                    <lemma type="something"/>
                    <dep head="2-15" type="dobj"/>
                </token>
                <token content="with" id="2-17"/>
                <token content="lots" id="2-18">
                    <pos type="NNS"/>
                    <lemma type="lot"/>
                    <dep head="2-15" type="prep"/>
                </token>
                <token content="of" id="2-19"/>
                <token content="leaves" id="2-20">
                    <pos type="NNS"/>
                    <lemma type="leaf"/>
                </token>
                <token content="that" id="2-21">
                    <pos type="WDT"/>
                    <lemma type="that"/>
                    <dep head="2-23" type="nsubj"/>
                </token>
                <token content="would" id="2-22">
                    <pos type="MD"/>
                    <lemma type="would"/>
                    <dep head="2-23" type="aux"/>
                </token>
                <token content="grow" id="2-23">
                    <pos type="VB"/>
                    <lemma type="grow"/>
                </token>
                <token content="quite" id="2-24">
                    <pos type="RB"/>
                    <lemma type="quite"/>
                </token>
                <token content="fast" id="2-25">
                    <pos type="RB"/>
                    <lemma type="fast"/>
                    <dep head="2-23" type="advmod"/>
                </token>
                <token content="as" id="2-26">
                    <pos type="IN"/>
                    <lemma type="as"/>
                    <dep head="2-30" type="mark"/>
                </token>
                <token content="I" id="2-27">
                    <pos type="PRP"/>
                    <lemma type="I"/>
                    <dep head="2-30" type="nsubj"/>
                </token>
                <token content="could" id="2-28">
                    <pos type="MD"/>
                    <lemma type="could"/>
                    <dep head="2-30" type="aux"/>
                </token>
                <token content="n't" id="2-29">
                    <pos type="RB"/>
                    <lemma type="not"/>
                    <dep head="2-30" type="neg"/>
                </token>
                <token content="afford" id="2-30">
                    <pos type="VB"/>
                    <lemma type="afford"/>
                </token>
                <token content="to" id="2-31">
                    <pos type="TO"/>
                    <lemma type="to"/>
                    <dep head="2-32" type="aux"/>
                </token>
                <token content="buy" id="2-32">
                    <pos type="VB"/>
                    <lemma type="buy"/>
                    <dep head="2-30" type="xcomp"/>
                </token>
                <token content="a" id="2-33">
                    <pos type="DT"/>
                    <lemma type="a"/>
                </token>
                <token content="tree" id="2-34">
                    <pos type="NN"/>
                    <lemma type="tree"/>
                    <dep head="2-32" type="dobj"/>
                </token>
                <token content="that" id="2-35">
                    <pos type="WDT"/>
                    <lemma type="that"/>
                    <dep head="2-38" type="nsubjpass"/>
                </token>
                <token content="was" id="2-36">
                    <pos type="VBD"/>
                    <lemma type="be"/>
                    <dep head="2-38" type="auxpass"/>
                </token>
                <token content="already" id="2-37">
                    <pos type="RB"/>
                    <lemma type="already"/>
                    <dep head="2-38" type="advmod"/>
                </token>
                <token content="grown" id="2-38">
                    <pos type="VBN"/>
                    <lemma type="grow"/>
                </token>
                <token content="." id="2-39"/>
            </sentence>
            <sentence id="3">
                <token content="I" id="3-1">
                    <pos type="PRP"/>
                    <lemma type="I"/>
                    <dep head="3-2" type="nsubj"/>
                </token>
                <token content="did" id="3-2">
                    <pos type="VBD"/>
                    <lemma type="do"/>
                </token>
                <token content="some" id="3-3">
                    <pos type="DT"/>
                    <lemma type="some"/>
                </token>
                <token content="research" id="3-4">
                    <pos type="NN"/>
                    <lemma type="research"/>
                    <dep head="3-2" type="dobj"/>
                </token>
                <token content="on" id="3-5"/>
                <token content="the" id="3-6">
                    <pos type="DT"/>
                    <lemma type="the"/>
                </token>
                <token content="internet" id="3-7">
                    <pos type="NN"/>
                    <lemma type="internet"/>
                    <dep head="3-2" type="prep"/>
                </token>
                <token content="and" id="3-8"/>
                <token content="decided" id="3-9">
                    <pos type="VBD"/>
                    <lemma type="decide"/>
                    <dep head="3-2" type="conj"/>
                </token>
                <token content="that" id="3-10">
                    <pos type="IN"/>
                    <lemma type="that"/>
                    <dep head="3-13" type="mark"/>
                </token>
                <token content="I" id="3-11">
                    <pos type="PRP"/>
                    <lemma type="I"/>
                    <dep head="3-13" type="nsubj"/>
                </token>
                <token content="would" id="3-12">
                    <pos type="MD"/>
                    <lemma type="would"/>
                    <dep head="3-13" type="aux"/>
                </token>
                <token content="like" id="3-13">
                    <pos type="VB"/>
                    <lemma type="like"/>
                    <dep head="3-9" type="ccomp"/>
                </token>
                <token content="a" id="3-14">
                    <pos type="DT"/>
                    <lemma type="a"/>
                </token>
                <token content="Japanese" id="3-15">
                    <pos type="JJ"/>
                    <lemma type="japanese"/>
                </token>
                <token content="Maple" id="3-16">
                    <pos type="NNP"/>
                    <lemma type="Maple"/>
                </token>
                <token content="tree" id="3-17">
                    <pos type="NN"/>
                    <lemma type="tree"/>
                    <dep head="3-13" type="dobj"/>
                </token>
                <token content="with" id="3-18"/>
                <token content="red" id="3-19">
                    <pos type="JJ"/>
                    <lemma type="red"/>
                </token>
                <token content="leaves" id="3-20">
                    <pos type="NNS"/>
                    <lemma type="leaf"/>
                    <dep head="3-13" type="prep"/>
                </token>
                <token content="." id="3-21"/>
            </sentence>
            <sentence id="4">
                <token content="I" id="4-1">
                    <pos type="PRP"/>
                    <lemma type="I"/>
                    <dep head="4-2" type="nsubj"/>
                </token>
                <token content="drove" id="4-2">
                    <pos type="VBD"/>
                    <lemma type="drive"/>
                </token>
                <token content="to" id="4-3"/>
                <token content="the" id="4-4">
                    <pos type="DT"/>
                    <lemma type="the"/>
                </token>
                <token content="garden" id="4-5">
                    <pos type="NN"/>
                    <lemma type="garden"/>
                </token>
                <token content="center" id="4-6">
                    <pos type="NN"/>
                    <lemma type="center"/>
                    <dep head="4-2" type="prep"/>
                </token>
                <token content="and" id="4-7"/>
                <token content="made" id="4-8">
                    <pos type="VBD"/>
                    <lemma type="make"/>
                    <dep head="4-2" type="conj"/>
                </token>
                <token content="my" id="4-9">
                    <pos type="PRP$"/>
                    <lemma type="my"/>
                </token>
                <token content="way" id="4-10">
                    <pos type="NN"/>
                    <lemma type="way"/>
                    <dep head="4-8" type="dobj"/>
                </token>
                <token content="to" id="4-11"/>
                <token content="the" id="4-12">
                    <pos type="DT"/>
                    <lemma type="the"/>
                </token>
                <token content="tree" id="4-13">
                    <pos type="NN"/>
                    <lemma type="tree"/>
                </token>
                <token content="section" id="4-14">
                    <pos type="NN"/>
                    <lemma type="section"/>
                    <dep head="4-8" type="prep"/>
                </token>
                <token content="," id="4-15"/>
                <token content="where" id="4-16">
                    <pos type="WRB"/>
                    <lemma type="where"/>
                    <dep head="4-18" type="advmod"/>
                </token>
                <token content="there" id="4-17">
                    <pos type="EX"/>
                    <lemma type="there"/>
                    <dep head="4-18" type="expl"/>
                </token>
                <token content="were" id="4-18">
                    <pos type="VBD"/>
                    <lemma type="be"/>
                </token>
                <token content="lots" id="4-19">
                    <pos type="NNS"/>
                    <lemma type="lot"/>
                    <dep head="4-18" type="nsubj"/>
                </token>
                <token content="of" id="4-20"/>
                <token content="lovely" id="4-21">
                    <pos type="JJ"/>
                    <lemma type="lovely"/>
                </token>
                <token content="small" id="4-22">
                    <pos type="JJ"/>
                    <lemma type="small"/>
                </token>
                <token content="Japanese" id="4-23">
                    <pos type="JJ"/>
                    <lemma type="japanese"/>
                </token>
                <token content="Maples" id="4-24">
                    <pos type="NNS"/>
                    <lemma type="maple"/>
                </token>
                <token content="for" id="4-25"/>
                <token content="sale" id="4-26">
                    <pos type="NN"/>
                    <lemma type="sale"/>
                </token>
                <token content="already" id="4-27">
                    <pos type="RB"/>
                    <lemma type="already"/>
                    <dep head="4-28" type="advmod"/>
                </token>
                <token content="growing" id="4-28">
                    <pos type="VBG"/>
                    <lemma type="grow"/>
                    <dep head="4-18" type="xcomp"/>
                </token>
                <token content="in" id="4-29"/>
                <token content="pots" id="4-30">
                    <pos type="NNS"/>
                    <lemma type="pot"/>
                    <dep head="4-28" type="prep"/>
                </token>
                <token content="." id="4-31"/>
            </sentence>
            <sentence id="5">
                <token content="I" id="5-1">
                    <pos type="PRP"/>
                    <lemma type="I"/>
                    <dep head="5-2" type="nsubj"/>
                </token>
                <token content="found" id="5-2">
                    <pos type="VBD"/>
                    <lemma type="find"/>
                </token>
                <token content="someone" id="5-3">
                    <pos type="NN"/>
                    <lemma type="someone"/>
                    <dep head="5-2" type="dobj"/>
                </token>
                <token content="who" id="5-4">
                    <pos type="WP"/>
                    <lemma type="who"/>
                    <dep head="5-5" type="nsubj"/>
                </token>
                <token content="worked" id="5-5">
                    <pos type="VBD"/>
                    <lemma type="work"/>
                    <dep head="5-2" type="dep"/>
                </token>
                <token content="there" id="5-6">
                    <pos type="EX"/>
                    <lemma type="there"/>
                    <dep head="5-5" type="dobj"/>
                </token>
                <token content="to" id="5-7">
                    <pos type="TO"/>
                    <lemma type="to"/>
                    <dep head="5-8" type="aux"/>
                </token>
                <token content="advise" id="5-8">
                    <pos type="VB"/>
                    <lemma type="advise"/>
                    <dep head="5-5" type="xcomp"/>
                </token>
                <token content="me" id="5-9">
                    <pos type="PRP"/>
                    <lemma type="I"/>
                    <dep head="5-8" type="dobj"/>
                </token>
                <token content="on" id="5-10"/>
                <token content="the" id="5-11">
                    <pos type="DT"/>
                    <lemma type="the"/>
                </token>
                <token content="best" id="5-12">
                    <pos type="JJS"/>
                    <lemma type="best"/>
                </token>
                <token content="way" id="5-13">
                    <pos type="NN"/>
                    <lemma type="way"/>
                    <dep head="5-8" type="prep"/>
                </token>
                <token content="to" id="5-14">
                    <pos type="TO"/>
                    <lemma type="to"/>
                    <dep head="5-15" type="aux"/>
                </token>
                <token content="plant" id="5-15">
                    <pos type="VB"/>
                    <lemma type="plant"/>
                    <dep head="5-8" type="xcomp"/>
                </token>
                <token content="the" id="5-16">
                    <pos type="DT"/>
                    <lemma type="the"/>
                </token>
                <token content="tree" id="5-17">
                    <pos type="NN"/>
                    <lemma type="tree"/>
                    <dep head="5-15" type="dobj"/>
                </token>
                <token content="and" id="5-18"/>
                <token content="how" id="5-19">
                    <pos type="WRB"/>
                    <lemma type="how"/>
                    <dep head="5-21" type="advmod"/>
                </token>
                <token content="to" id="5-20">
                    <pos type="TO"/>
                    <lemma type="to"/>
                    <dep head="5-21" type="aux"/>
                </token>
                <token content="care" id="5-21">
                    <pos type="VB"/>
                    <lemma type="care"/>
                    <dep head="5-5" type="conj"/>
                </token>
                <token content="for" id="5-22"/>
                <token content="it" id="5-23">
                    <pos type="PRP"/>
                    <lemma type="it"/>
                    <dep head="5-21" type="prep"/>
                </token>
                <token content="." id="5-24"/>
            </sentence>
            <sentence id="6">
                <token content="After" id="6-1">
                    <pos type="IN"/>
                    <lemma type="after"/>
                    <dep head="6-4" type="mark"/>
                </token>
                <token content="I" id="6-2">
                    <pos type="PRP"/>
                    <lemma type="I"/>
                    <dep head="6-4" type="nsubj"/>
                </token>
                <token content="had" id="6-3">
                    <pos type="VBD"/>
                    <lemma type="have"/>
                    <dep head="6-4" type="aux"/>
                </token>
                <token content="paid" id="6-4">
                    <pos type="VBN"/>
                    <lemma type="pay"/>
                    <dep head="6-16" type="advcl"/>
                </token>
                <token content="for" id="6-5"/>
                <token content="it" id="6-6">
                    <pos type="PRP"/>
                    <lemma type="it"/>
                    <dep head="6-4" type="prep"/>
                </token>
                <token content="and" id="6-7"/>
                <token content="chosen" id="6-8">
                    <pos type="VBN"/>
                    <lemma type="choose"/>
                    <dep head="6-4" type="conj"/>
                </token>
                <token content="some" id="6-9">
                    <pos type="DT"/>
                    <lemma type="some"/>
                </token>
                <token content="special" id="6-10">
                    <pos type="JJ"/>
                    <lemma type="special"/>
                </token>
                <token content="compost" id="6-11">
                    <pos type="NN"/>
                    <lemma type="compost"/>
                    <dep head="6-8" type="dobj"/>
                </token>
                <token content="for" id="6-12"/>
                <token content="trees" id="6-13">
                    <pos type="NNS"/>
                    <lemma type="tree"/>
                </token>
                <token content="," id="6-14"/>
                <token content="they" id="6-15">
                    <pos type="PRP"/>
                    <lemma type="they"/>
                    <dep head="6-16" type="nsubj"/>
                </token>
                <token content="helped" id="6-16">
                    <pos type="VBD"/>
                    <lemma type="help"/>
                </token>
                <token content="me" id="6-17">
                    <pos type="PRP"/>
                    <lemma type="I"/>
                    <dep head="6-18" type="nsubj"/>
                </token>
                <token content="load" id="6-18">
                    <pos type="VB"/>
                    <lemma type="load"/>
                    <dep head="6-16" type="ccomp"/>
                </token>
                <token content="the" id="6-19">
                    <pos type="DT"/>
                    <lemma type="the"/>
                </token>
                <token content="car" id="6-20">
                    <pos type="NN"/>
                    <lemma type="car"/>
                    <dep head="6-18" type="dobj"/>
                </token>
                <token content="and" id="6-21"/>
                <token content="I" id="6-22">
                    <pos type="PRP"/>
                    <lemma type="I"/>
                    <dep head="6-23" type="nsubj"/>
                </token>
                <token content="drove" id="6-23">
                    <pos type="VBD"/>
                    <lemma type="drive"/>
                    <dep head="6-16" type="conj"/>
                </token>
                <token content="home" id="6-24">
                    <pos type="NN"/>
                    <lemma type="home"/>
                    <dep head="6-23" type="dobj"/>
                </token>
                <token content="to" id="6-25">
                    <pos type="TO"/>
                    <lemma type="to"/>
                    <dep head="6-26" type="aux"/>
                </token>
                <token content="plant" id="6-26">
                    <pos type="VB"/>
                    <lemma type="plant"/>
                    <dep head="6-23" type="vmod"/>
                </token>
                <token content="it" id="6-27">
                    <pos type="PRP"/>
                    <lemma type="it"/>
                    <dep head="6-26" type="dobj"/>
                </token>
                <token content="." id="6-28"/>
            </sentence>
            <sentence id="7">
                <token content="I" id="7-1">
                    <pos type="PRP"/>
                    <lemma type="I"/>
                    <dep head="7-2" type="nsubj"/>
                </token>
                <token content="selected" id="7-2">
                    <pos type="VBD"/>
                    <lemma type="select"/>
                </token>
                <token content="a" id="7-3">
                    <pos type="DT"/>
                    <lemma type="a"/>
                </token>
                <token content="good" id="7-4">
                    <pos type="JJ"/>
                    <lemma type="good"/>
                </token>
                <token content="spot" id="7-5">
                    <pos type="NN"/>
                    <lemma type="spot"/>
                    <dep head="7-2" type="dobj"/>
                </token>
                <token content="in" id="7-6"/>
                <token content="the" id="7-7">
                    <pos type="DT"/>
                    <lemma type="the"/>
                </token>
                <token content="garden" id="7-8">
                    <pos type="NN"/>
                    <lemma type="garden"/>
                    <dep head="7-2" type="prep"/>
                </token>
                <token content="where" id="7-9">
                    <pos type="WRB"/>
                    <lemma type="where"/>
                    <dep head="7-12" type="advmod"/>
                </token>
                <token content="it" id="7-10">
                    <pos type="PRP"/>
                    <lemma type="it"/>
                    <dep head="7-12" type="nsubj"/>
                </token>
                <token content="would" id="7-11">
                    <pos type="MD"/>
                    <lemma type="would"/>
                    <dep head="7-12" type="aux"/>
                </token>
                <token content="have" id="7-12">
                    <pos type="VB"/>
                    <lemma type="have"/>
                    <dep head="7-2" type="advcl"/>
                </token>
                <token content="room" id="7-13">
                    <pos type="NN"/>
                    <lemma type="room"/>
                    <dep head="7-12" type="dobj"/>
                </token>
                <token content="to" id="7-14">
                    <pos type="TO"/>
                    <lemma type="to"/>
                    <dep head="7-15" type="aux"/>
                </token>
                <token content="spread" id="7-15">
                    <pos type="VB"/>
                    <lemma type="spread"/>
                    <dep head="7-12" type="vmod"/>
                </token>
                <token content="out" id="7-16">
                    <pos type="RP"/>
                    <lemma type="out"/>
                    <dep head="7-15" type="prt"/>
                </token>
                <token content="and" id="7-17"/>
                <token content="went" id="7-18">
                    <pos type="VBD"/>
                    <lemma type="go"/>
                    <dep head="7-2" type="conj"/>
                </token>
                <token content="into" id="7-19"/>
                <token content="the" id="7-20">
                    <pos type="DT"/>
                    <lemma type="the"/>
                </token>
                <token content="garage" id="7-21">
                    <pos type="NN"/>
                    <lemma type="garage"/>
                    <dep head="7-18" type="prep"/>
                </token>
                <token content="to" id="7-22">
                    <pos type="TO"/>
                    <lemma type="to"/>
                    <dep head="7-23" type="aux"/>
                </token>
                <token content="get" id="7-23">
                    <pos type="VB"/>
                    <lemma type="get"/>
                    <dep head="7-18" type="xcomp"/>
                </token>
                <token content="my" id="7-24">
                    <pos type="PRP$"/>
                    <lemma type="my"/>
                </token>
                <token content="spade" id="7-25">
                    <pos type="NN"/>
                    <lemma type="spade"/>
                    <dep head="7-23" type="dobj"/>
                </token>
                <token content="." id="7-26"/>
            </sentence>
            <sentence id="8">
                <token content="I" id="8-1">
                    <pos type="PRP"/>
                    <lemma type="I"/>
                    <dep head="8-2" type="nsubj"/>
                </token>
                <token content="dug" id="8-2">
                    <pos type="VBD"/>
                    <lemma type="dig"/>
                </token>
                <token content="a" id="8-3">
                    <pos type="DT"/>
                    <lemma type="a"/>
                </token>
                <token content="hole" id="8-4">
                    <pos type="NN"/>
                    <lemma type="hole"/>
                </token>
                <token content="wide" id="8-5">
                    <pos type="JJ"/>
                    <lemma type="wide"/>
                    <dep head="8-2" type="xcomp"/>
                </token>
                <token content="and" id="8-6"/>
                <token content="deep" id="8-7">
                    <pos type="RB"/>
                    <lemma type="deep"/>
                </token>
                <token content="enough" id="8-8">
                    <pos type="RB"/>
                    <lemma type="enough"/>
                </token>
                <token content="for" id="8-9"/>
                <token content="the" id="8-10">
                    <pos type="DT"/>
                    <lemma type="the"/>
                </token>
                <token content="entire" id="8-11">
                    <pos type="JJ"/>
                    <lemma type="entire"/>
                </token>
                <token content="pot" id="8-12">
                    <pos type="NN"/>
                    <lemma type="pot"/>
                </token>
                <token content="to" id="8-13">
                    <pos type="TO"/>
                    <lemma type="to"/>
                    <dep head="8-14" type="aux"/>
                </token>
                <token content="fit" id="8-14">
                    <pos type="VB"/>
                    <lemma type="fit"/>
                </token>
                <token content="into" id="8-15">
                    <pos type="IN"/>
                    <lemma type="into"/>
                    <dep head="8-14" type="prep"/>
                </token>
                <token content="," id="8-16"/>
                <token content="and" id="8-17"/>
                <token content="I" id="8-18">
                    <pos type="PRP"/>
                    <lemma type="I"/>
                    <dep head="8-19" type="nsubj"/>
                </token>
                <token content="laid" id="8-19">
                    <pos type="VBD"/>
                    <lemma type="lay"/>
                    <dep head="8-2" type="conj"/>
                </token>
                <token content="the" id="8-20">
                    <pos type="DT"/>
                    <lemma type="the"/>
                </token>
                <token content="pot" id="8-21">
                    <pos type="NN"/>
                    <lemma type="pot"/>
                    <dep head="8-19" type="dobj"/>
                </token>
                <token content="on" id="8-22"/>
                <token content="it" id="8-23">
                    <pos type="PRP"/>
                    <lemma type="it"/>
                </token>
                <token content="'s" id="8-24"/>
                <token content="side" id="8-25">
                    <pos type="NN"/>
                    <lemma type="side"/>
                </token>
                <token content="," id="8-26"/>
                <token content="gently" id="8-27">
                    <pos type="RB"/>
                    <lemma type="gently"/>
                    <dep head="8-28" type="advmod"/>
                </token>
                <token content="tugging" id="8-28">
                    <pos type="VBG"/>
                    <lemma type="tug"/>
                    <dep head="8-19" type="vmod"/>
                </token>
                <token content="on" id="8-29"/>
                <token content="the" id="8-30">
                    <pos type="DT"/>
                    <lemma type="the"/>
                </token>
                <token content="tree" id="8-31">
                    <pos type="NN"/>
                    <lemma type="tree"/>
                    <dep head="8-28" type="prep"/>
                </token>
                <token content="to" id="8-32">
                    <pos type="TO"/>
                    <lemma type="to"/>
                    <dep head="8-33" type="aux"/>
                </token>
                <token content="remove" id="8-33">
                    <pos type="VB"/>
                    <lemma type="remove"/>
                </token>
                <token content="it" id="8-34">
                    <pos type="PRP"/>
                    <lemma type="it"/>
                    <dep head="8-33" type="dobj"/>
                </token>
                <token content="from" id="8-35"/>
                <token content="the" id="8-36">
                    <pos type="DT"/>
                    <lemma type="the"/>
                </token>
                <token content="pot" id="8-37">
                    <pos type="NN"/>
                    <lemma type="pot"/>
                    <dep head="8-33" type="prep"/>
                </token>
                <token content="." id="8-38"/>
            </sentence>
            <sentence id="9">
                <token content="Once" id="9-1">
                    <pos type="IN"/>
                    <lemma type="once"/>
                </token>
                <token content="it" id="9-2">
                    <pos type="PRP"/>
                    <lemma type="it"/>
                </token>
                <token content="was" id="9-3">
                    <pos type="VBD"/>
                    <lemma type="be"/>
                </token>
                <token content="free" id="9-4">
                    <pos type="JJ"/>
                    <lemma type="free"/>
                    <dep head="9-7" type="advcl"/>
                </token>
                <token content="," id="9-5"/>
                <token content="I" id="9-6">
                    <pos type="PRP"/>
                    <lemma type="I"/>
                    <dep head="9-7" type="nsubj"/>
                </token>
                <token content="shook" id="9-7">
                    <pos type="VBD"/>
                    <lemma type="shake"/>
                </token>
                <token content="the" id="9-8">
                    <pos type="DT"/>
                    <lemma type="the"/>
                </token>
                <token content="roots" id="9-9">
                    <pos type="NNS"/>
                    <lemma type="root"/>
                    <dep head="9-7" type="dobj"/>
                </token>
                <token content="a" id="9-10">
                    <pos type="DT"/>
                    <lemma type="a"/>
                </token>
                <token content="little" id="9-11">
                    <pos type="JJ"/>
                    <lemma type="little"/>
                </token>
                <token content="to" id="9-12">
                    <pos type="TO"/>
                    <lemma type="to"/>
                    <dep head="9-13" type="aux"/>
                </token>
                <token content="free" id="9-13">
                    <pos type="VB"/>
                    <lemma type="free"/>
                    <dep head="9-7" type="vmod"/>
                </token>
                <token content="them" id="9-14">
                    <pos type="PRP"/>
                    <lemma type="they"/>
                    <dep head="9-13" type="dobj"/>
                </token>
                <token content="up" id="9-15">
                    <pos type="RP"/>
                    <lemma type="up"/>
                    <dep head="9-13" type="prt"/>
                </token>
                <token content="and" id="9-16"/>
                <token content="planted" id="9-17">
                    <pos type="VBD"/>
                    <lemma type="plant"/>
                    <dep head="9-7" type="conj"/>
                </token>
                <token content="the" id="9-18">
                    <pos type="DT"/>
                    <lemma type="the"/>
                </token>
                <token content="tree" id="9-19">
                    <pos type="NN"/>
                    <lemma type="tree"/>
                    <dep head="9-17" type="dobj"/>
                </token>
                <token content="in" id="9-20"/>
                <token content="the" id="9-21">
                    <pos type="DT"/>
                    <lemma type="the"/>
                </token>
                <token content="hole" id="9-22">
                    <pos type="NN"/>
                    <lemma type="hole"/>
                    <dep head="9-17" type="prep"/>
                </token>
                <token content="I" id="9-23">
                    <pos type="PRP"/>
                    <lemma type="I"/>
                    <dep head="9-25" type="nsubj"/>
                </token>
                <token content="had" id="9-24">
                    <pos type="VBD"/>
                    <lemma type="have"/>
                    <dep head="9-25" type="aux"/>
                </token>
                <token content="dug" id="9-25">
                    <pos type="VBD"/>
                    <lemma type="dig"/>
                </token>
                <token content="." id="9-26"/>
            </sentence>
            <sentence id="10">
                <token content="Then" id="10-1">
                    <pos type="RB"/>
                    <lemma type="then"/>
                    <dep head="10-3" type="advmod"/>
                </token>
                <token content="I" id="10-2">
                    <pos type="PRP"/>
                    <lemma type="I"/>
                    <dep head="10-3" type="nsubj"/>
                </token>
                <token content="packed" id="10-3">
                    <pos type="VBD"/>
                    <lemma type="pack"/>
                </token>
                <token content="the" id="10-4">
                    <pos type="DT"/>
                    <lemma type="the"/>
                </token>
                <token content="sides" id="10-5">
                    <pos type="NNS"/>
                    <lemma type="side"/>
                    <dep head="10-3" type="dobj"/>
                </token>
                <token content="of" id="10-6"/>
                <token content="the" id="10-7">
                    <pos type="DT"/>
                    <lemma type="the"/>
                </token>
                <token content="roots" id="10-8">
                    <pos type="NNS"/>
                    <lemma type="root"/>
                </token>
                <token content="with" id="10-9"/>
                <token content="the" id="10-10">
                    <pos type="DT"/>
                    <lemma type="the"/>
                </token>
                <token content="compost" id="10-11">
                    <pos type="NN"/>
                    <lemma type="compost"/>
                    <dep head="10-3" type="prep"/>
                </token>
                <token content="," id="10-12"/>
                <token content="making" id="10-13">
                    <pos type="VBG"/>
                    <lemma type="make"/>
                    <dep head="10-3" type="vmod"/>
                </token>
                <token content="sure" id="10-14">
                    <pos type="JJ"/>
                    <lemma type="sure"/>
                    <dep head="10-13" type="acomp"/>
                </token>
                <token content="the" id="10-15">
                    <pos type="DT"/>
                    <lemma type="the"/>
                </token>
                <token content="trunk" id="10-16">
                    <pos type="NN"/>
                    <lemma type="trunk"/>
                    <dep head="10-17" type="nsubj"/>
                </token>
                <token content="stayed" id="10-17">
                    <pos type="VBD"/>
                    <lemma type="stay"/>
                </token>
                <token content="vertical" id="10-18">
                    <pos type="JJ"/>
                    <lemma type="vertical"/>
                    <dep head="10-17" type="dobj"/>
                </token>
                <token content="as" id="10-19">
                    <pos type="IN"/>
                    <lemma type="as"/>
                    <dep head="10-22" type="mark"/>
                </token>
                <token content="I" id="10-20">
                    <pos type="PRP"/>
                    <lemma type="I"/>
                    <dep head="10-22" type="nsubj"/>
                </token>
                <token content="was" id="10-21">
                    <pos type="VBD"/>
                    <lemma type="be"/>
                    <dep head="10-22" type="aux"/>
                </token>
                <token content="doing" id="10-22">
                    <pos type="VBG"/>
                    <lemma type="do"/>
                    <dep head="10-17" type="advcl"/>
                </token>
                <token content="this" id="10-23">
                    <pos type="DT"/>
                    <lemma type="this"/>
                    <dep head="10-22" type="dobj"/>
                </token>
                <token content="." id="10-24"/>
            </sentence>
            <sentence id="11">
                <token content="When" id="11-1">
                    <pos type="WRB"/>
                    <lemma type="when"/>
                    <dep head="11-4" type="advmod"/>
                </token>
                <token content="I" id="11-2">
                    <pos type="PRP"/>
                    <lemma type="I"/>
                    <dep head="11-4" type="nsubj"/>
                </token>
                <token content="had" id="11-3">
                    <pos type="VBD"/>
                    <lemma type="have"/>
                    <dep head="11-4" type="aux"/>
                </token>
                <token content="finished" id="11-4">
                    <pos type="VBN"/>
                    <lemma type="finish"/>
                    <dep head="11-6" type="advcl"/>
                </token>
                <token content="I" id="11-5">
                    <pos type="PRP"/>
                    <lemma type="I"/>
                    <dep head="11-6" type="nsubj"/>
                </token>
                <token content="watered" id="11-6">
                    <pos type="VBD"/>
                    <lemma type="water"/>
                </token>
                <token content="the" id="11-7">
                    <pos type="DT"/>
                    <lemma type="the"/>
                </token>
                <token content="new" id="11-8">
                    <pos type="JJ"/>
                    <lemma type="new"/>
                </token>
                <token content="tree" id="11-9">
                    <pos type="NN"/>
                    <lemma type="tree"/>
                    <dep head="11-6" type="dobj"/>
                </token>
                <token content="really" id="11-10">
                    <pos type="RB"/>
                    <lemma type="really"/>
                    <dep head="11-6" type="advmod"/>
                </token>
                <token content="well" id="11-11">
                    <pos type="RB"/>
                    <lemma type="well"/>
                    <dep head="11-6" type="advmod"/>
                </token>
                <token content="," id="11-12"/>
                <token content="making" id="11-13">
                    <pos type="VBG"/>
                    <lemma type="make"/>
                    <dep head="11-6" type="vmod"/>
                </token>
                <token content="a" id="11-14">
                    <pos type="DT"/>
                    <lemma type="a"/>
                </token>
                <token content="puddle" id="11-15">
                    <pos type="NN"/>
                    <lemma type="puddle"/>
                    <dep head="11-13" type="dobj"/>
                </token>
                <token content="around" id="11-16"/>
                <token content="the" id="11-17">
                    <pos type="DT"/>
                    <lemma type="the"/>
                </token>
                <token content="base" id="11-18">
                    <pos type="NN"/>
                    <lemma type="base"/>
                    <dep head="11-13" type="prep"/>
                </token>
                <token content="of" id="11-19"/>
                <token content="the" id="11-20">
                    <pos type="DT"/>
                    <lemma type="the"/>
                </token>
                <token content="trunk" id="11-21">
                    <pos type="NN"/>
                    <lemma type="trunk"/>
                </token>
                <token content="with" id="11-22"/>
                <token content="my" id="11-23">
                    <pos type="PRP$"/>
                    <lemma type="my"/>
                </token>
                <token content="garden" id="11-24">
                    <pos type="NN"/>
                    <lemma type="garden"/>
                </token>
                <token content="hose" id="11-25">
                    <pos type="NN"/>
                    <lemma type="hose"/>
                </token>
                <token content="." id="11-26"/>
            </sentence>
            <sentence id="12">
                <token content="Then" id="12-1">
                    <pos type="RB"/>
                    <lemma type="then"/>
                </token>
                <token content="it" id="12-2">
                    <pos type="PRP"/>
                    <lemma type="it"/>
                </token>
                <token content="was" id="12-3">
                    <pos type="VBD"/>
                    <lemma type="be"/>
                </token>
                <token content="time" id="12-4">
                    <pos type="NN"/>
                    <lemma type="time"/>
                </token>
                <token content="to" id="12-5">
                    <pos type="TO"/>
                    <lemma type="to"/>
                    <dep head="12-6" type="aux"/>
                </token>
                <token content="sit" id="12-6">
                    <pos type="VB"/>
                    <lemma type="sit"/>
                </token>
                <token content="back" id="12-7">
                    <pos type="RB"/>
                    <lemma type="back"/>
                    <dep head="12-6" type="advmod"/>
                </token>
                <token content="and" id="12-8"/>
                <token content="imagine" id="12-9">
                    <pos type="VB"/>
                    <lemma type="imagine"/>
                    <dep head="12-6" type="conj"/>
                </token>
                <token content="in" id="12-10"/>
                <token content="a" id="12-11">
                    <pos type="DT"/>
                    <lemma type="a"/>
                </token>
                <token content="few" id="12-12">
                    <pos type="JJ"/>
                    <lemma type="few"/>
                </token>
                <token content="years" id="12-13">
                    <pos type="NNS"/>
                    <lemma type="year"/>
                    <dep head="12-9" type="prep"/>
                </token>
                <token content="I" id="12-14">
                    <pos type="PRP"/>
                    <lemma type="I"/>
                    <dep head="12-16" type="nsubj"/>
                </token>
                <token content="would" id="12-15">
                    <pos type="MD"/>
                    <lemma type="would"/>
                    <dep head="12-16" type="aux"/>
                </token>
                <token content="have" id="12-16">
                    <pos type="VB"/>
                    <lemma type="have"/>
                </token>
                <token content="a" id="12-17">
                    <pos type="DT"/>
                    <lemma type="a"/>
                </token>
                <token content="big" id="12-18">
                    <pos type="JJ"/>
                    <lemma type="big"/>
                </token>
                <token content="leafy" id="12-19">
                    <pos type="JJ"/>
                    <lemma type="leafy"/>
                </token>
                <token content="red" id="12-20">
                    <pos type="JJ"/>
                    <lemma type="red"/>
                </token>
                <token content="maple" id="12-21">
                    <pos type="NN"/>
                    <lemma type="maple"/>
                    <dep head="12-16" type="dobj"/>
                </token>
                <token content="providing" id="12-22">
                    <pos type="VBG"/>
                    <lemma type="provide"/>
                </token>
                <token content="lots" id="12-23">
                    <pos type="NNS"/>
                    <lemma type="lot"/>
                    <dep head="12-22" type="dobj"/>
                </token>
                <token content="of" id="12-24"/>
                <token content="shade" id="12-25">
                    <pos type="NN"/>
                    <lemma type="shade"/>
                </token>
                <token content="and" id="12-26"/>
                <token content="color" id="12-27">
                    <pos type="NN"/>
                    <lemma type="color"/>
                </token>
                <token content="." id="12-28"/>
            </sentence>
        </sentences>
    </text>
    <annotations>
        <participants>
            <label from="1-2" id="0" name="ScrPart_gardener" text="I" type="participant"/>
            <label from="1-6" id="1" name="ScrPart_gardener" text="my" type="participant"/>
            <label from="1-7" id="2" name="NPart" text="window" type="participant"/>
            <label from="1-9" id="3" name="ScrPart_gardener" text="my" type="participant"/>
            <label from="1-10" id="4" name="NPart" text="back garden" to="1-11" type="participant"/>
            <label from="1-11" id="5" name="NPart" text="garden" type="participant"/>
            <label from="1-12" id="6" name="ScrPart_gardener" text="I" type="participant"/>
            <label from="1-14" id="7" name="ScrPart_gardener" text="I" type="participant"/>
            <label from="1-17" id="8" name="ScrPart_tree" text="tree" type="participant"/>
            <label from="1-22" id="9" name="NPart" text="shade" type="participant"/>
            <label from="1-24" id="10" name="ScrPart_gardener" text="my" type="participant"/>
            <label from="1-25" id="11" name="NPart" text="dogs" type="participant"/>
            <label from="1-27" id="12" name="NPart" text="they" type="participant"/>
            <label from="1-31" id="13" name="No_label" text="it" type="participant"/>
            <label from="1-37" id="14" name="ScrPart_gardener" text="I" type="participant"/>
            <label from="2-1" id="15" name="ScrPart_gardener" text="I" type="participant"/>
            <label from="2-6" id="16" name="NPart" text="type" type="participant"/>
            <label from="2-8" id="17" name="ScrPart_tree" text="tree" type="participant"/>
            <label from="2-9" id="18" name="ScrPart_gardener" text="I" type="participant"/>
            <label from="2-14" id="19" name="ScrPart_gardener" text="I" type="participant"/>
            <label from="2-16" id="20" name="No_label" text="something" type="participant"/>
            <label from="2-18" id="21" name="Head_of_Partitive" text="lots" type="participant"/>
            <label from="2-20" id="22" name="No_label" text="leaves" type="participant"/>
            <label from="2-27" id="23" name="ScrPart_gardener" text="I" type="participant"/>
            <label from="2-34" id="24" name="ScrPart_tree" text="tree" type="participant"/>
            <label from="3-1" id="25" name="ScrPart_gardener" text="I" type="participant"/>
            <label from="3-4" id="26" name="SuppVComp" text="research" type="participant"/>
            <label from="3-7" id="27" name="NPart" text="internet" type="participant"/>
            <label from="3-11" id="28" name="ScrPart_gardener" text="I" type="participant"/>
            <label from="3-15" id="29" name="ScrPart_tree" text="Japanese Maple tree" to="3-17" type="participant"/>
            <label from="3-17" id="30" name="ScrPart_tree" text="tree" type="participant"/>
            <label from="3-20" id="31" name="NPart" text="leaves" type="participant"/>
            <label from="4-1" id="32" name="ScrPart_gardener" text="I" type="participant"/>
            <label from="4-5" id="33" name="ScrPart_shop" text="garden center" to="4-6" type="participant"/>
            <label from="4-6" id="34" name="ScrPart_shop" text="center" type="participant"/>
            <label from="4-9" id="35" name="ScrPart_gardener" text="my" type="participant"/>
            <label from="4-10" id="36" name="SuppVComp" text="way" type="participant"/>
            <label from="4-13" id="37" name="NPart" text="tree section" to="4-14" type="participant"/>
            <label from="4-14" id="38" name="NPart" text="section" type="participant"/>
            <label from="4-19" id="39" name="Head_of_Partitive" text="lots" type="participant"/>
            <label from="4-23" id="40" name="ScrPart_tree" text="Japanese Maples" to="4-24" type="participant"/>
            <label from="4-24" id="41" name="ScrPart_tree" text="Maples" type="participant"/>
            <label from="4-26" id="42" name="No_label" text="sale" type="participant"/>
            <label from="4-30" id="43" name="ScrPart_wrapping" text="pots" type="participant"/>
            <label from="5-1" id="44" name="ScrPart_gardener" text="I" type="participant"/>
            <label from="5-3" id="45" name="ScrPart_staff" text="someone" type="participant"/>
            <label from="5-6" id="46" name="ScrPart_shop" text="there" type="participant"/>
            <label from="5-9" id="47" name="ScrPart_gardener" text="me" type="participant"/>
            <label from="5-13" id="48" name="No_label" text="way" type="participant"/>
            <label from="5-17" id="49" name="ScrPart_tree" text="tree" type="participant"/>
            <label from="5-23" id="50" name="ScrPart_tree" text="it" type="participant"/>
            <label from="6-2" id="51" name="ScrPart_gardener" text="I" type="participant"/>
            <label from="6-6" id="52" name="ScrPart_tree" text="it" type="participant"/>
            <label from="6-11" id="53" name="ScrPart_fertilizer" text="compost" type="participant"/>
            <label from="6-13" id="54" name="ScrPart_tree" text="trees" type="participant"/>
            <label from="6-15" id="55" name="ScrPart_staff" text="they" type="participant"/>
            <label from="6-17" id="56" name="ScrPart_gardener" text="me" type="participant"/>
            <label from="6-20" id="57" name="NPart" text="car" type="participant"/>
            <label from="6-22" id="58" name="ScrPart_gardener" text="I" type="participant"/>
            <label from="6-24" id="59" name="NPart" text="home" type="participant"/>
            <label from="6-27" id="60" name="ScrPart_tree" text="it" type="participant"/>
            <label from="7-1" id="61" name="ScrPart_gardener" text="I" type="participant"/>
            <label from="7-5" id="62" name="ScrPart_location_garden" text="spot" type="participant"/>
            <label from="7-8" id="63" name="NPart" text="garden" type="participant"/>
            <label from="7-10" id="64" name="ScrPart_tree" text="it" type="participant"/>
            <label from="7-13" id="65" name="NPart" text="room" type="participant"/>
            <label from="7-21" id="66" name="NPart" text="garage" type="participant"/>
            <label from="7-24" id="67" name="ScrPart_gardener" text="my" type="participant"/>
            <label from="7-25" id="68" name="ScrPart_gardening_tool" text="spade" type="participant"/>
            <label from="8-1" id="69" name="ScrPart_gardener" text="I" type="participant"/>
            <label from="8-4" id="70" name="ScrPart_hole" text="hole" type="participant"/>
            <label from="8-12" id="71" name="ScrPart_wrapping" text="pot" type="participant"/>
            <label from="8-18" id="72" name="ScrPart_gardener" text="I" type="participant"/>
            <label from="8-21" id="73" name="ScrPart_wrapping" text="pot" type="participant"/>
            <label from="8-23" id="74" name="ScrPart_wrapping" text="it" type="participant"/>
            <label from="8-25" id="75" name="NPart" text="side" type="participant"/>
            <label from="8-31" id="76" name="ScrPart_tree" text="tree" type="participant"/>
            <label from="8-34" id="77" name="ScrPart_tree" text="it" type="participant"/>
            <label from="8-37" id="78" name="ScrPart_wrapping" text="pot" type="participant"/>
            <label from="9-2" id="79" name="ScrPart_tree" text="it" type="participant"/>
            <label from="9-6" id="80" name="ScrPart_gardener" text="I" type="participant"/>
            <label from="9-9" id="81" name="ScrPart_root" text="roots" type="participant"/>
            <label from="9-14" id="82" name="ScrPart_root" text="them" type="participant"/>
            <label from="9-19" id="83" name="ScrPart_tree" text="tree" type="participant"/>
            <label from="9-22" id="84" name="ScrPart_hole" text="hole" type="participant"/>
            <label from="9-23" id="85" name="ScrPart_gardener" text="I" type="participant"/>
            <label from="10-2" id="86" name="ScrPart_gardener" text="I" type="participant"/>
            <label from="10-5" id="87" name="NPart" text="sides" type="participant"/>
            <label from="10-8" id="88" name="ScrPart_root" text="roots" type="participant"/>
            <label from="10-11" id="89" name="ScrPart_fertilizer" text="compost" type="participant"/>
            <label from="10-16" id="90" name="NPart" text="trunk" type="participant"/>
            <label from="10-20" id="91" name="ScrPart_gardener" text="I" type="participant"/>
            <label from="11-2" id="92" name="ScrPart_gardener" text="I" type="participant"/>
            <label from="11-5" id="93" name="ScrPart_gardener" text="I" type="participant"/>
            <label from="11-9" id="94" name="ScrPart_tree" text="tree" type="participant"/>
            <label from="11-15" id="95" name="SuppVComp" text="puddle" type="participant"/>
            <label from="11-18" id="96" name="NPart" text="base" type="participant"/>
            <label from="11-21" id="97" name="NPart" text="trunk" type="participant"/>
            <label from="11-23" id="98" name="ScrPart_gardener" text="my" type="participant"/>
            <label from="11-24" id="99" name="ScrPart_gardening_tool" text="garden hose" to="11-25" type="participant"/>
            <label from="11-25" id="100" name="ScrPart_gardening_tool" text="hose" type="participant"/>
            <label from="12-2" id="101" name="No_label" text="it" type="participant"/>
            <label from="12-4" id="102" name="No_label" text="time" type="participant"/>
            <label from="12-13" id="103" name="ScrPart_time" text="years" type="participant"/>
            <label from="12-14" id="104" name="ScrPart_gardener" text="I" type="participant"/>
            <label from="12-21" id="105" name="ScrPart_tree" text="maple" type="participant"/>
            <label from="12-23" id="106" name="Head_of_Partitive" text="lots" type="participant"/>
            <label from="12-25" id="107" name="NPart" text="shade" type="participant"/>
            <label from="12-27" id="108" name="NPart" text="color" type="participant"/>
        </participants>
        <events>
            <label from="1-3" id="109" name="UnrelEv" text="looked" type="event"/>
            <label from="1-13" id="110" name="UnrelEv" text="decided" type="event"/>
            <label from="1-15" id="111" name="UnrelEv" text="needed" type="event"/>
            <label from="1-19" id="112" name="UnrelEv" text="help" type="event"/>
            <label from="1-20" id="113" name="UnrelEv" text="provide" type="event"/>
            <label from="1-28" id="114" name="UnrelEv" text="are" type="event"/>
            <label from="1-33" id="115" name="UnrelEv" text="get" type="event"/>
            <label from="1-38" id="116" name="UnrelEv" text="live" type="event"/>
            <label from="2-2" id="117" name="Unclear" text="thought" type="event"/>
            <label from="2-10" id="118" name="UnrelEv" text="wanted" type="event"/>
            <label from="2-12" id="119" name="RelNScrEv" text="grow" type="event"/>
            <label from="2-15" id="120" name="UnrelEv" text="needed" type="event"/>
            <label from="2-23" id="121" name="RelNScrEv" text="grow" type="event"/>
            <label from="2-30" id="122" name="UnrelEv" text="afford" type="event"/>
            <label from="2-32" id="123" name="ScrEv_get_tree" text="buy" type="event"/>
            <label from="2-38" id="124" name="RelNScrEv" text="grown" type="event"/>
            <label from="3-2" id="125" name="ScrEv_choose_tree" text="did" type="event"/>
            <label from="3-9" id="126" name="UnrelEv" text="decided" type="event"/>
            <label from="3-13" id="127" name="UnrelEv" text="like" type="event"/>
            <label from="4-2" id="128" name="RelNScrEv" text="drove" type="event"/>
            <label from="4-8" id="129" name="UnrelEv" text="made" type="event"/>
            <label from="4-18" id="130" name="UnrelEv" text="were" type="event"/>
            <label from="4-28" id="131" name="RelNScrEv" text="growing" type="event"/>
            <label from="5-2" id="132" name="UnrelEv" text="found" type="event"/>
            <label from="5-5" id="133" name="UnrelEv" text="worked" type="event"/>
            <label from="5-8" id="134" name="RelNScrEv" text="advise" type="event"/>
            <label from="5-15" id="135" name="Evoking" text="plant the tree" to="5-17" type="event"/>
            <label from="5-21" id="136" name="UnrelEv" text="care" type="event"/>
            <label from="6-4" id="137" name="ScrEv_get_tree" text="paid" type="event"/>
            <label from="6-8" id="138" name="RelNScrEv" text="chosen" type="event"/>
            <label from="6-16" id="139" name="UnrelEv" text="helped" type="event"/>
            <label from="6-18" id="140" name="RelNScrEv" text="load" type="event"/>
            <label from="6-23" id="141" name="ScrEv_take_home" text="drove" type="event"/>
            <label from="6-26" id="142" name="Evoking" text="plant it" to="6-27" type="event"/>
            <label from="7-2" id="143" name="ScrEv_find_place" text="selected" type="event"/>
            <label from="7-12" id="144" name="UnrelEv" text="have" type="event"/>
            <label from="7-15" id="145" name="UnrelEv" text="spread" type="event"/>
            <label from="7-18" id="146" name="RelNScrEv" text="went" type="event"/>
            <label from="7-23" id="147" name="ScrEv_get_tools" text="get" type="event"/>
            <label from="8-2" id="148" name="ScrEv_dig_hole" text="dug" type="event"/>
            <label from="8-14" id="149" name="UnrelEv" text="fit" type="event"/>
            <label from="8-19" id="150" name="RelNScrEv" text="laid" type="event"/>
            <label from="8-28" id="151" name="RelNScrEv" text="tugging" type="event"/>
            <label from="8-33" id="152" name="RelNScrEv" text="remove" type="event"/>
            <label from="9-3" id="153" name="UnrelEv" text="was" type="event"/>
            <label from="9-7" id="154" name="RelNScrEv" text="shook" type="event"/>
            <label from="9-13" id="155" name="RelNScrEv" text="free" type="event"/>
            <label from="9-17" id="156" name="ScrEv_place_root" text="planted" type="event"/>
            <label from="9-25" id="157" name="ScrEv_dig_hole" text="dug" type="event"/>
            <label from="10-3" id="158" name="ScrEv_refill_hole" text="packed" type="event"/>
            <label from="10-13" id="159" name="UnrelEv" text="making sure" to="10-14" type="event"/>
            <label from="10-17" id="160" name="UnrelEv" text="stayed" type="event"/>
            <label from="10-22" id="161" name="UnrelEv" text="doing" type="event"/>
            <label from="11-4" id="162" name="UnrelEv" text="finished" type="event"/>
            <label from="11-6" id="163" name="ScrEv_water" text="watered" type="event"/>
            <label from="11-13" id="164" name="ScrEv_water" text="making" type="event"/>
            <label from="12-3" id="165" name="UnrelEv" text="was" type="event"/>
            <label from="12-6" id="166" name="UnrelEv" text="sit back" to="12-7" type="event"/>
            <label from="12-9" id="167" name="UnrelEv" text="imagine" type="event"/>
            <label from="12-16" id="168" name="UnrelEv" text="have" type="event"/>
            <label from="12-22" id="169" name="UnrelEv" text="providing" type="event"/>
        </events>
        <chains>
            <chain elements="0 1 3 6 7 10 14 15 18 19 23 25 28 32 35 44 47 51 56 58 61 67 69 72 80 85 86 91 92 93 98 104"/>
            <chain elements="8 17 24 30 41 49 50 52 54 60 64 76 77 79 83 94 105"/>
            <chain elements="34 46"/>
            <chain elements="73 74 78 71"/>
            <chain elements="81 82 88"/>
            <chain elements="70 84"/>
            <chain elements="53 89"/>
            <chain elements="43 71"/>
        </chains>
    </annotations>
</story>
