<?xml version="1.0" encoding="UTF-8" standalone="no"?>
<!DOCTYPE story SYSTEM "../InScript.dtd">
<story id="047" scenario="tree">
    <text>
        <content>In the morning , I woke up to prepare for the day . 
After getting coffee ready , I took on breakfast . 
My partner awoke , and she began to get ready in the bathroom . 
She was out by the time food was ready . 
We spoke about our plans for the day , and what we intended our goals to be . 
After getting dressed up to head outside , we headed over to the gardening store to choose a tree for our yard . 
Both of us were hoping for a nice Japanese Maple tree . 
The checkout lady was nice , we found exactly what we were looking for after we got into the store . 
Driving home , we could barely contain our excitement . 
After stepping back in the house for a quick snack and another cup of coffee , we set out to the shed to get the right tools . 
The hole was easy to dig , and the tree was transplanted successfully . </content>
        <sentences>
            <sentence id="1">
                <token content="In" id="1-1"/>
                <token content="the" id="1-2">
                    <pos type="DT"/>
                    <lemma type="the"/>
                </token>
                <token content="morning" id="1-3">
                    <pos type="NN"/>
                    <lemma type="morning"/>
                    <dep head="1-6" type="prep"/>
                </token>
                <token content="," id="1-4"/>
                <token content="I" id="1-5">
                    <pos type="PRP"/>
                    <lemma type="I"/>
                    <dep head="1-6" type="nsubj"/>
                </token>
                <token content="woke" id="1-6">
                    <pos type="VBD"/>
                    <lemma type="wake"/>
                </token>
                <token content="up" id="1-7">
                    <pos type="RP"/>
                    <lemma type="up"/>
                    <dep head="1-6" type="prt"/>
                </token>
                <token content="to" id="1-8">
                    <pos type="TO"/>
                    <lemma type="to"/>
                    <dep head="1-9" type="aux"/>
                </token>
                <token content="prepare" id="1-9">
                    <pos type="VB"/>
                    <lemma type="prepare"/>
                    <dep head="1-6" type="xcomp"/>
                </token>
                <token content="for" id="1-10"/>
                <token content="the" id="1-11">
                    <pos type="DT"/>
                    <lemma type="the"/>
                </token>
                <token content="day" id="1-12">
                    <pos type="NN"/>
                    <lemma type="day"/>
                    <dep head="1-9" type="prep"/>
                </token>
                <token content="." id="1-13"/>
            </sentence>
            <sentence id="2">
                <token content="After" id="2-1"/>
                <token content="getting" id="2-2">
                    <pos type="VBG"/>
                    <lemma type="get"/>
                    <dep head="2-7" type="prepc"/>
                </token>
                <token content="coffee" id="2-3">
                    <pos type="NN"/>
                    <lemma type="coffee"/>
                </token>
                <token content="ready" id="2-4">
                    <pos type="JJ"/>
                    <lemma type="ready"/>
                    <dep head="2-2" type="xcomp"/>
                </token>
                <token content="," id="2-5"/>
                <token content="I" id="2-6">
                    <pos type="PRP"/>
                    <lemma type="I"/>
                    <dep head="2-7" type="nsubj"/>
                </token>
                <token content="took" id="2-7">
                    <pos type="VBD"/>
                    <lemma type="take"/>
                </token>
                <token content="on" id="2-8"/>
                <token content="breakfast" id="2-9">
                    <pos type="NN"/>
                    <lemma type="breakfast"/>
                    <dep head="2-7" type="prep"/>
                </token>
                <token content="." id="2-10"/>
            </sentence>
            <sentence id="3">
                <token content="My" id="3-1">
                    <pos type="PRP$"/>
                    <lemma type="my"/>
                </token>
                <token content="partner" id="3-2">
                    <pos type="NN"/>
                    <lemma type="partner"/>
                    <dep head="3-3" type="nsubj"/>
                </token>
                <token content="awoke" id="3-3">
                    <pos type="VBD"/>
                    <lemma type="awake"/>
                </token>
                <token content="," id="3-4"/>
                <token content="and" id="3-5"/>
                <token content="she" id="3-6">
                    <pos type="PRP"/>
                    <lemma type="she"/>
                    <dep head="3-7" type="nsubj"/>
                </token>
                <token content="began" id="3-7">
                    <pos type="VBD"/>
                    <lemma type="begin"/>
                    <dep head="3-3" type="conj"/>
                </token>
                <token content="to" id="3-8">
                    <pos type="TO"/>
                    <lemma type="to"/>
                </token>
                <token content="get" id="3-9">
                    <pos type="VB"/>
                    <lemma type="get"/>
                </token>
                <token content="ready" id="3-10">
                    <pos type="JJ"/>
                    <lemma type="ready"/>
                    <dep head="3-7" type="xcomp"/>
                </token>
                <token content="in" id="3-11"/>
                <token content="the" id="3-12">
                    <pos type="DT"/>
                    <lemma type="the"/>
                </token>
                <token content="bathroom" id="3-13">
                    <pos type="NN"/>
                    <lemma type="bathroom"/>
                </token>
                <token content="." id="3-14"/>
            </sentence>
            <sentence id="4">
                <token content="She" id="4-1">
                    <pos type="PRP"/>
                    <lemma type="she"/>
                    <dep head="4-2" type="nsubj"/>
                </token>
                <token content="was" id="4-2">
                    <pos type="VBD"/>
                    <lemma type="be"/>
                </token>
                <token content="out" id="4-3">
                    <pos type="IN"/>
                    <lemma type="out"/>
                    <dep head="4-2" type="advmod"/>
                </token>
                <token content="by" id="4-4"/>
                <token content="the" id="4-5">
                    <pos type="DT"/>
                    <lemma type="the"/>
                </token>
                <token content="time" id="4-6">
                    <pos type="NN"/>
                    <lemma type="time"/>
                </token>
                <token content="food" id="4-7">
                    <pos type="NN"/>
                    <lemma type="food"/>
                </token>
                <token content="was" id="4-8">
                    <pos type="VBD"/>
                    <lemma type="be"/>
                </token>
                <token content="ready" id="4-9">
                    <pos type="JJ"/>
                    <lemma type="ready"/>
                </token>
                <token content="." id="4-10"/>
            </sentence>
            <sentence id="5">
                <token content="We" id="5-1">
                    <pos type="PRP"/>
                    <lemma type="we"/>
                    <dep head="5-2" type="nsubj"/>
                </token>
                <token content="spoke" id="5-2">
                    <pos type="VBD"/>
                    <lemma type="speak"/>
                </token>
                <token content="about" id="5-3"/>
                <token content="our" id="5-4">
                    <pos type="PRP$"/>
                    <lemma type="we"/>
                </token>
                <token content="plans" id="5-5">
                    <pos type="NNS"/>
                    <lemma type="plan"/>
                    <dep head="5-2" type="prep"/>
                </token>
                <token content="for" id="5-6"/>
                <token content="the" id="5-7">
                    <pos type="DT"/>
                    <lemma type="the"/>
                </token>
                <token content="day" id="5-8">
                    <pos type="NN"/>
                    <lemma type="day"/>
                    <dep head="5-2" type="prep"/>
                </token>
                <token content="," id="5-9"/>
                <token content="and" id="5-10"/>
                <token content="what" id="5-11">
                    <pos type="WP"/>
                    <lemma type="what"/>
                    <dep head="5-13" type="dep"/>
                </token>
                <token content="we" id="5-12">
                    <pos type="PRP"/>
                    <lemma type="we"/>
                    <dep head="5-13" type="nsubj"/>
                </token>
                <token content="intended" id="5-13">
                    <pos type="VBD"/>
                    <lemma type="intend"/>
                    <dep head="5-2" type="conj"/>
                </token>
                <token content="our" id="5-14">
                    <pos type="PRP$"/>
                    <lemma type="we"/>
                </token>
                <token content="goals" id="5-15">
                    <pos type="NNS"/>
                    <lemma type="goal"/>
                    <dep head="5-13" type="dobj"/>
                </token>
                <token content="to" id="5-16">
                    <pos type="TO"/>
                    <lemma type="to"/>
                    <dep head="5-17" type="aux"/>
                </token>
                <token content="be" id="5-17">
                    <pos type="VB"/>
                    <lemma type="be"/>
                    <dep head="5-13" type="vmod"/>
                </token>
                <token content="." id="5-18"/>
            </sentence>
            <sentence id="6">
                <token content="After" id="6-1"/>
                <token content="getting" id="6-2">
                    <pos type="VBG"/>
                    <lemma type="get"/>
                    <dep head="6-3" type="auxpass"/>
                </token>
                <token content="dressed" id="6-3">
                    <pos type="VBN"/>
                    <lemma type="dress"/>
                    <dep head="6-10" type="prepc"/>
                </token>
                <token content="up" id="6-4">
                    <pos type="RP"/>
                    <lemma type="up"/>
                    <dep head="6-3" type="prt"/>
                </token>
                <token content="to" id="6-5">
                    <pos type="TO"/>
                    <lemma type="to"/>
                    <dep head="6-6" type="aux"/>
                </token>
                <token content="head" id="6-6">
                    <pos type="VB"/>
                    <lemma type="head"/>
                    <dep head="6-3" type="xcomp"/>
                </token>
                <token content="outside" id="6-7">
                    <pos type="RB"/>
                    <lemma type="outside"/>
                    <dep head="6-6" type="advmod"/>
                </token>
                <token content="," id="6-8"/>
                <token content="we" id="6-9">
                    <pos type="PRP"/>
                    <lemma type="we"/>
                    <dep head="6-10" type="nsubj"/>
                </token>
                <token content="headed" id="6-10">
                    <pos type="VBD"/>
                    <lemma type="head"/>
                </token>
                <token content="over" id="6-11">
                    <pos type="RP"/>
                    <lemma type="over"/>
                    <dep head="6-10" type="prt"/>
                </token>
                <token content="to" id="6-12"/>
                <token content="the" id="6-13">
                    <pos type="DT"/>
                    <lemma type="the"/>
                </token>
                <token content="gardening" id="6-14">
                    <pos type="NN"/>
                    <lemma type="gardening"/>
                </token>
                <token content="store" id="6-15">
                    <pos type="NN"/>
                    <lemma type="store"/>
                    <dep head="6-10" type="prep"/>
                </token>
                <token content="to" id="6-16">
                    <pos type="TO"/>
                    <lemma type="to"/>
                    <dep head="6-17" type="aux"/>
                </token>
                <token content="choose" id="6-17">
                    <pos type="VB"/>
                    <lemma type="choose"/>
                    <dep head="6-10" type="xcomp"/>
                </token>
                <token content="a" id="6-18">
                    <pos type="DT"/>
                    <lemma type="a"/>
                </token>
                <token content="tree" id="6-19">
                    <pos type="NN"/>
                    <lemma type="tree"/>
                    <dep head="6-17" type="dobj"/>
                </token>
                <token content="for" id="6-20"/>
                <token content="our" id="6-21">
                    <pos type="PRP$"/>
                    <lemma type="we"/>
                </token>
                <token content="yard" id="6-22">
                    <pos type="NN"/>
                    <lemma type="yard"/>
                </token>
                <token content="." id="6-23"/>
            </sentence>
            <sentence id="7">
                <token content="Both" id="7-1">
                    <pos type="DT"/>
                    <lemma type="both"/>
                    <dep head="7-5" type="nsubj"/>
                </token>
                <token content="of" id="7-2"/>
                <token content="us" id="7-3">
                    <pos type="PRP"/>
                    <lemma type="we"/>
                </token>
                <token content="were" id="7-4">
                    <pos type="VBD"/>
                    <lemma type="be"/>
                    <dep head="7-5" type="aux"/>
                </token>
                <token content="hoping" id="7-5">
                    <pos type="VBG"/>
                    <lemma type="hope"/>
                </token>
                <token content="for" id="7-6"/>
                <token content="a" id="7-7">
                    <pos type="DT"/>
                    <lemma type="a"/>
                </token>
                <token content="nice" id="7-8">
                    <pos type="JJ"/>
                    <lemma type="nice"/>
                </token>
                <token content="Japanese" id="7-9">
                    <pos type="JJ"/>
                    <lemma type="japanese"/>
                </token>
                <token content="Maple" id="7-10">
                    <pos type="NNP"/>
                    <lemma type="Maple"/>
                </token>
                <token content="tree" id="7-11">
                    <pos type="NN"/>
                    <lemma type="tree"/>
                    <dep head="7-5" type="prep"/>
                </token>
                <token content="." id="7-12"/>
            </sentence>
            <sentence id="8">
                <token content="The" id="8-1">
                    <pos type="DT"/>
                    <lemma type="the"/>
                </token>
                <token content="checkout" id="8-2">
                    <pos type="NN"/>
                    <lemma type="checkout"/>
                </token>
                <token content="lady" id="8-3">
                    <pos type="NN"/>
                    <lemma type="lady"/>
                </token>
                <token content="was" id="8-4">
                    <pos type="VBD"/>
                    <lemma type="be"/>
                </token>
                <token content="nice" id="8-5">
                    <pos type="JJ"/>
                    <lemma type="nice"/>
                    <dep head="8-8" type="ccomp"/>
                </token>
                <token content="," id="8-6"/>
                <token content="we" id="8-7">
                    <pos type="PRP"/>
                    <lemma type="we"/>
                    <dep head="8-8" type="nsubj"/>
                </token>
                <token content="found" id="8-8">
                    <pos type="VBD"/>
                    <lemma type="find"/>
                </token>
                <token content="exactly" id="8-9">
                    <pos type="RB"/>
                    <lemma type="exactly"/>
                </token>
                <token content="what" id="8-10">
                    <pos type="WP"/>
                    <lemma type="what"/>
                    <dep head="8-13" type="dep"/>
                </token>
                <token content="we" id="8-11">
                    <pos type="PRP"/>
                    <lemma type="we"/>
                    <dep head="8-13" type="nsubj"/>
                </token>
                <token content="were" id="8-12">
                    <pos type="VBD"/>
                    <lemma type="be"/>
                    <dep head="8-13" type="aux"/>
                </token>
                <token content="looking" id="8-13">
                    <pos type="VBG"/>
                    <lemma type="look"/>
                    <dep head="8-8" type="ccomp"/>
                </token>
                <token content="for" id="8-14"/>
                <token content="after" id="8-15">
                    <pos type="IN"/>
                    <lemma type="after"/>
                    <dep head="8-17" type="mark"/>
                </token>
                <token content="we" id="8-16">
                    <pos type="PRP"/>
                    <lemma type="we"/>
                    <dep head="8-17" type="nsubj"/>
                </token>
                <token content="got" id="8-17">
                    <pos type="VBD"/>
                    <lemma type="get"/>
                    <dep head="8-13" type="prepc"/>
                </token>
                <token content="into" id="8-18"/>
                <token content="the" id="8-19">
                    <pos type="DT"/>
                    <lemma type="the"/>
                </token>
                <token content="store" id="8-20">
                    <pos type="NN"/>
                    <lemma type="store"/>
                    <dep head="8-17" type="prep"/>
                </token>
                <token content="." id="8-21"/>
            </sentence>
            <sentence id="9">
                <token content="Driving" id="9-1">
                    <pos type="VBG"/>
                    <lemma type="drive"/>
                    <dep head="9-7" type="vmod"/>
                </token>
                <token content="home" id="9-2">
                    <pos type="NN"/>
                    <lemma type="home"/>
                    <dep head="9-1" type="dobj"/>
                </token>
                <token content="," id="9-3"/>
                <token content="we" id="9-4">
                    <pos type="PRP"/>
                    <lemma type="we"/>
                    <dep head="9-7" type="nsubj"/>
                </token>
                <token content="could" id="9-5">
                    <pos type="MD"/>
                    <lemma type="could"/>
                    <dep head="9-7" type="aux"/>
                </token>
                <token content="barely" id="9-6">
                    <pos type="RB"/>
                    <lemma type="barely"/>
                    <dep head="9-7" type="advmod"/>
                </token>
                <token content="contain" id="9-7">
                    <pos type="VB"/>
                    <lemma type="contain"/>
                </token>
                <token content="our" id="9-8">
                    <pos type="PRP$"/>
                    <lemma type="we"/>
                </token>
                <token content="excitement" id="9-9">
                    <pos type="NN"/>
                    <lemma type="excitement"/>
                    <dep head="9-7" type="dobj"/>
                </token>
                <token content="." id="9-10"/>
            </sentence>
            <sentence id="10">
                <token content="After" id="10-1"/>
                <token content="stepping" id="10-2">
                    <pos type="VBG"/>
                    <lemma type="step"/>
                    <dep head="10-18" type="prepc"/>
                </token>
                <token content="back" id="10-3">
                    <pos type="RP"/>
                    <lemma type="back"/>
                    <dep head="10-2" type="prt"/>
                </token>
                <token content="in" id="10-4"/>
                <token content="the" id="10-5">
                    <pos type="DT"/>
                    <lemma type="the"/>
                </token>
                <token content="house" id="10-6">
                    <pos type="NN"/>
                    <lemma type="house"/>
                    <dep head="10-2" type="prep"/>
                </token>
                <token content="for" id="10-7"/>
                <token content="a" id="10-8">
                    <pos type="DT"/>
                    <lemma type="a"/>
                </token>
                <token content="quick" id="10-9">
                    <pos type="JJ"/>
                    <lemma type="quick"/>
                </token>
                <token content="snack" id="10-10">
                    <pos type="NN"/>
                    <lemma type="snack"/>
                </token>
                <token content="and" id="10-11"/>
                <token content="another" id="10-12">
                    <pos type="DT"/>
                    <lemma type="another"/>
                </token>
                <token content="cup" id="10-13">
                    <pos type="NN"/>
                    <lemma type="cup"/>
                </token>
                <token content="of" id="10-14"/>
                <token content="coffee" id="10-15">
                    <pos type="NN"/>
                    <lemma type="coffee"/>
                </token>
                <token content="," id="10-16"/>
                <token content="we" id="10-17">
                    <pos type="PRP"/>
                    <lemma type="we"/>
                    <dep head="10-18" type="nsubj"/>
                </token>
                <token content="set" id="10-18">
                    <pos type="VBD"/>
                    <lemma type="set"/>
                </token>
                <token content="out" id="10-19">
                    <pos type="RP"/>
                    <lemma type="out"/>
                    <dep head="10-18" type="prt"/>
                </token>
                <token content="to" id="10-20"/>
                <token content="the" id="10-21">
                    <pos type="DT"/>
                    <lemma type="the"/>
                </token>
                <token content="shed" id="10-22">
                    <pos type="NN"/>
                    <lemma type="shed"/>
                    <dep head="10-18" type="prep"/>
                </token>
                <token content="to" id="10-23">
                    <pos type="TO"/>
                    <lemma type="to"/>
                    <dep head="10-24" type="aux"/>
                </token>
                <token content="get" id="10-24">
                    <pos type="VB"/>
                    <lemma type="get"/>
                    <dep head="10-18" type="xcomp"/>
                </token>
                <token content="the" id="10-25">
                    <pos type="DT"/>
                    <lemma type="the"/>
                </token>
                <token content="right" id="10-26">
                    <pos type="JJ"/>
                    <lemma type="right"/>
                </token>
                <token content="tools" id="10-27">
                    <pos type="NNS"/>
                    <lemma type="tool"/>
                    <dep head="10-24" type="dobj"/>
                </token>
                <token content="." id="10-28"/>
            </sentence>
            <sentence id="11">
                <token content="The" id="11-1">
                    <pos type="DT"/>
                    <lemma type="the"/>
                </token>
                <token content="hole" id="11-2">
                    <pos type="NN"/>
                    <lemma type="hole"/>
                </token>
                <token content="was" id="11-3">
                    <pos type="VBD"/>
                    <lemma type="be"/>
                </token>
                <token content="easy" id="11-4">
                    <pos type="JJ"/>
                    <lemma type="easy"/>
                </token>
                <token content="to" id="11-5">
                    <pos type="TO"/>
                    <lemma type="to"/>
                    <dep head="11-6" type="aux"/>
                </token>
                <token content="dig" id="11-6">
                    <pos type="VB"/>
                    <lemma type="dig"/>
                </token>
                <token content="," id="11-7"/>
                <token content="and" id="11-8"/>
                <token content="the" id="11-9">
                    <pos type="DT"/>
                    <lemma type="the"/>
                </token>
                <token content="tree" id="11-10">
                    <pos type="NN"/>
                    <lemma type="tree"/>
                    <dep head="11-12" type="nsubjpass"/>
                </token>
                <token content="was" id="11-11">
                    <pos type="VBD"/>
                    <lemma type="be"/>
                    <dep head="11-12" type="auxpass"/>
                </token>
                <token content="transplanted" id="11-12">
                    <pos type="VBN"/>
                    <lemma type="transplant"/>
                </token>
                <token content="successfully" id="11-13">
                    <pos type="RB"/>
                    <lemma type="successfully"/>
                    <dep head="11-12" type="advmod"/>
                </token>
                <token content="." id="11-14"/>
            </sentence>
        </sentences>
    </text>
    <annotations>
        <participants>
            <label from="1-3" id="0" name="NPart" text="morning" type="participant"/>
            <label from="1-5" id="1" name="ScrPart_gardener" text="I" type="participant"/>
            <label from="1-12" id="2" name="NPart" text="day" type="participant"/>
            <label from="2-3" id="3" name="NPart" text="coffee" type="participant"/>
            <label from="2-6" id="4" name="ScrPart_gardener" text="I" type="participant"/>
            <label from="2-9" id="5" name="NPart" text="breakfast" type="participant"/>
            <label from="3-1" id="6" name="ScrPart_gardener" text="My" type="participant"/>
            <label from="3-2" id="7" name="ScrPart_gardener" text="partner" type="participant"/>
            <label from="3-6" id="8" name="ScrPart_gardener" text="she" type="participant"/>
            <label from="3-13" id="9" name="NPart" text="bathroom" type="participant"/>
            <label from="4-1" id="10" name="ScrPart_gardener" text="She" type="participant"/>
            <label from="4-6" id="11" name="No_label" text="time" type="participant"/>
            <label from="4-7" id="12" name="NPart" text="food" type="participant"/>
            <label from="5-1" id="13" name="ScrPart_gardener" text="We" type="participant"/>
            <label from="5-4" id="14" name="ScrPart_gardener" text="our" type="participant"/>
            <label from="5-5" id="15" name="NPart" text="plans" type="participant"/>
            <label from="5-8" id="16" name="NPart" text="day" type="participant"/>
            <label from="5-12" id="17" name="ScrPart_gardener" text="we" type="participant"/>
            <label from="5-14" id="18" name="ScrPart_gardener" text="our" type="participant"/>
            <label from="5-15" id="19" name="NPart" text="goals" type="participant"/>
            <label from="6-9" id="20" name="ScrPart_gardener" text="we" type="participant"/>
            <label from="6-14" id="21" name="ScrPart_shop" text="gardening store" to="6-15" type="participant"/>
            <label from="6-15" id="22" name="ScrPart_shop" text="store" type="participant"/>
            <label from="6-19" id="23" name="ScrPart_tree" text="tree" type="participant"/>
            <label from="6-21" id="24" name="ScrPart_gardener" text="our" type="participant"/>
            <label from="6-22" id="25" name="ScrPart_location_garden" text="yard" type="participant"/>
            <label from="7-3" id="26" name="ScrPart_gardener" text="us" type="participant"/>
            <label from="7-9" id="27" name="ScrPart_tree" text="Japanese Maple tree" to="7-11" type="participant"/>
            <label from="7-11" id="28" name="ScrPart_tree" text="tree" type="participant"/>
            <label from="8-2" id="29" name="ScrPart_staff" text="checkout lady" to="8-3" type="participant"/>
            <label from="8-3" id="30" name="ScrPart_staff" text="lady" type="participant"/>
            <label from="8-7" id="31" name="ScrPart_gardener" text="we" type="participant"/>
            <label from="8-10" id="32" name="ScrPart_tree" text="what" type="participant"/>
            <label from="8-11" id="33" name="ScrPart_gardener" text="we" type="participant"/>
            <label from="8-16" id="34" name="ScrPart_gardener" text="we" type="participant"/>
            <label from="8-20" id="35" name="ScrPart_shop" text="store" type="participant"/>
            <label from="9-2" id="36" name="NPart" text="home" type="participant"/>
            <label from="9-4" id="37" name="ScrPart_gardener" text="we" type="participant"/>
            <label from="9-8" id="38" name="ScrPart_gardener" text="our" type="participant"/>
            <label from="9-9" id="39" name="NPart" text="excitement" type="participant"/>
            <label from="10-6" id="40" name="NPart" text="house" type="participant"/>
            <label from="10-10" id="41" name="NPart" text="snack" type="participant"/>
            <label from="10-13" id="42" name="Head_of_Partitive" text="cup" type="participant"/>
            <label from="10-15" id="43" name="NPart" text="coffee" type="participant"/>
            <label from="10-17" id="44" name="ScrPart_gardener" text="we" type="participant"/>
            <label from="10-22" id="45" name="NPart" text="shed" type="participant"/>
            <label from="10-27" id="46" name="ScrPart_gardening_tool" text="tools" type="participant"/>
            <label from="11-2" id="47" name="ScrPart_hole" text="hole" type="participant"/>
            <label from="11-10" id="48" name="ScrPart_tree" text="tree" type="participant"/>
        </participants>
        <events>
            <label from="1-6" id="49" name="UnrelEv" text="woke up" to="1-7" type="event"/>
            <label from="1-9" id="50" name="UnrelEv" text="prepare" type="event"/>
            <label from="2-2" id="51" name="UnrelEv" text="getting" type="event"/>
            <label from="2-7" id="52" name="UnrelEv" text="took" type="event"/>
            <label from="3-3" id="53" name="UnrelEv" text="awoke" type="event"/>
            <label from="3-7" id="54" name="UnrelEv" text="began" type="event"/>
            <label from="3-9" id="55" name="UnrelEv" text="get ready" to="3-10" type="event"/>
            <label from="4-2" id="56" name="UnrelEv" text="was out" to="4-3" type="event"/>
            <label from="4-8" id="57" name="UnrelEv" text="was" type="event"/>
            <label from="5-2" id="58" name="UnrelEv" text="spoke" type="event"/>
            <label from="5-13" id="59" name="UnrelEv" text="intended" type="event"/>
            <label from="5-17" id="60" name="UnrelEv" text="be" type="event"/>
            <label from="6-2" id="61" name="UnrelEv" text="getting" type="event"/>
            <label from="6-3" id="62" name="UnrelEv" text="dressed up" to="6-4" type="event"/>
            <label from="6-6" id="63" name="UnrelEv" text="head outside" to="6-7" type="event"/>
            <label from="6-10" id="64" name="RelNScrEv" text="headed over" to="6-11" type="event"/>
            <label from="6-17" id="65" name="ScrEv_choose_tree" text="choose" type="event"/>
            <label from="7-5" id="66" name="ScrEv_choose_tree" text="hoping for" to="7-6" type="event"/>
            <label from="8-4" id="67" name="UnrelEv" text="was" type="event"/>
            <label from="8-8" id="68" name="ScrEv_get_tree" text="found" type="event"/>
            <label from="8-13" id="69" name="RelNScrEv" text="looking for" to="8-14" type="event"/>
            <label from="8-17" id="70" name="RelNScrEv" text="got into" to="8-18" type="event"/>
            <label from="9-1" id="71" name="ScrEv_take_home" text="Driving" type="event"/>
            <label from="9-7" id="72" name="UnrelEv" text="contain" type="event"/>
            <label from="10-2" id="73" name="UnrelEv" text="stepping back" to="10-3" type="event"/>
            <label from="10-18" id="74" name="RelNScrEv" text="set out" to="10-19" type="event"/>
            <label from="10-24" id="75" name="ScrEv_get_tools" text="get" type="event"/>
            <label from="11-3" id="76" name="UnrelEv" text="was" type="event"/>
            <label from="11-6" id="77" name="ScrEv_dig_hole" text="dig" type="event"/>
            <label from="11-12" id="78" name="Evoking" text="transplanted" type="event"/>
        </events>
        <chains>
            <chain elements="4 1 6"/>
            <chain elements="13 6 10" name="coref_group_I_partner"/>
            <chain elements="8 7 10"/>
            <chain elements="14 13 17 18 20 24 26 31 33 34 37 38 44"/>
            <chain elements="35 22"/>
            <chain elements="28 23 32 48"/>
        </chains>
    </annotations>
</story>
