<?xml version="1.0" encoding="UTF-8" standalone="no"?>
<!DOCTYPE story SYSTEM "../InScript.dtd">
<story id="022" scenario="tree">
    <text>
        <content>My friend 's yard needed some more shade to help make it cooler during the summer . 
We both decided to plant a tree to help with the problem . 
We went to the store and bought a small tree that we could plant and grow . 
We then took it home . 
The next step was to plant it . 
We had to dig up a hole in the backyard to plant it in . 
We used shovels and a wheelbarrow to pick up the dirt and take it away . 
When the hole was good enough , we planted the tree in the hole . 
We then made sure to put back some of the dirt around the root and base of the tree to make sure it was secure . 
After we were sure the tree was secure , my friend and I watered the area surrounding it to make sure it would grow properly . 
We hope that the tree will offer some shade by next summer . </content>
        <sentences>
            <sentence id="1">
                <token content="My" id="1-1">
                    <pos type="PRP$"/>
                    <lemma type="my"/>
                </token>
                <token content="friend" id="1-2">
                    <pos type="NN"/>
                    <lemma type="friend"/>
                </token>
                <token content="'s" id="1-3"/>
                <token content="yard" id="1-4">
                    <pos type="NN"/>
                    <lemma type="yard"/>
                    <dep head="1-5" type="nsubj"/>
                </token>
                <token content="needed" id="1-5">
                    <pos type="VBD"/>
                    <lemma type="need"/>
                </token>
                <token content="some" id="1-6">
                    <pos type="DT"/>
                    <lemma type="some"/>
                </token>
                <token content="more" id="1-7">
                    <pos type="JJR"/>
                    <lemma type="more"/>
                </token>
                <token content="shade" id="1-8">
                    <pos type="NN"/>
                    <lemma type="shade"/>
                    <dep head="1-5" type="dobj"/>
                </token>
                <token content="to" id="1-9">
                    <pos type="TO"/>
                    <lemma type="to"/>
                    <dep head="1-10" type="aux"/>
                </token>
                <token content="help" id="1-10">
                    <pos type="VB"/>
                    <lemma type="help"/>
                    <dep head="1-5" type="vmod"/>
                </token>
                <token content="make" id="1-11">
                    <pos type="VB"/>
                    <lemma type="make"/>
                    <dep head="1-10" type="ccomp"/>
                </token>
                <token content="it" id="1-12">
                    <pos type="PRP"/>
                    <lemma type="it"/>
                </token>
                <token content="cooler" id="1-13">
                    <pos type="JJR"/>
                    <lemma type="cooler"/>
                    <dep head="1-11" type="xcomp"/>
                </token>
                <token content="during" id="1-14"/>
                <token content="the" id="1-15">
                    <pos type="DT"/>
                    <lemma type="the"/>
                </token>
                <token content="summer" id="1-16">
                    <pos type="NN"/>
                    <lemma type="summer"/>
                </token>
                <token content="." id="1-17"/>
            </sentence>
            <sentence id="2">
                <token content="We" id="2-1">
                    <pos type="PRP"/>
                    <lemma type="we"/>
                    <dep head="2-3" type="nsubj"/>
                </token>
                <token content="both" id="2-2">
                    <pos type="DT"/>
                    <lemma type="both"/>
                    <dep head="2-3" type="dep"/>
                </token>
                <token content="decided" id="2-3">
                    <pos type="VBD"/>
                    <lemma type="decide"/>
                </token>
                <token content="to" id="2-4">
                    <pos type="TO"/>
                    <lemma type="to"/>
                    <dep head="2-5" type="aux"/>
                </token>
                <token content="plant" id="2-5">
                    <pos type="VB"/>
                    <lemma type="plant"/>
                    <dep head="2-3" type="xcomp"/>
                </token>
                <token content="a" id="2-6">
                    <pos type="DT"/>
                    <lemma type="a"/>
                </token>
                <token content="tree" id="2-7">
                    <pos type="NN"/>
                    <lemma type="tree"/>
                    <dep head="2-5" type="dobj"/>
                </token>
                <token content="to" id="2-8">
                    <pos type="TO"/>
                    <lemma type="to"/>
                    <dep head="2-9" type="aux"/>
                </token>
                <token content="help" id="2-9">
                    <pos type="VB"/>
                    <lemma type="help"/>
                </token>
                <token content="with" id="2-10"/>
                <token content="the" id="2-11">
                    <pos type="DT"/>
                    <lemma type="the"/>
                </token>
                <token content="problem" id="2-12">
                    <pos type="NN"/>
                    <lemma type="problem"/>
                    <dep head="2-9" type="prep"/>
                </token>
                <token content="." id="2-13"/>
            </sentence>
            <sentence id="3">
                <token content="We" id="3-1">
                    <pos type="PRP"/>
                    <lemma type="we"/>
                    <dep head="3-2" type="nsubj"/>
                </token>
                <token content="went" id="3-2">
                    <pos type="VBD"/>
                    <lemma type="go"/>
                </token>
                <token content="to" id="3-3"/>
                <token content="the" id="3-4">
                    <pos type="DT"/>
                    <lemma type="the"/>
                </token>
                <token content="store" id="3-5">
                    <pos type="NN"/>
                    <lemma type="store"/>
                    <dep head="3-2" type="prep"/>
                </token>
                <token content="and" id="3-6"/>
                <token content="bought" id="3-7">
                    <pos type="VBD"/>
                    <lemma type="buy"/>
                    <dep head="3-2" type="conj"/>
                </token>
                <token content="a" id="3-8">
                    <pos type="DT"/>
                    <lemma type="a"/>
                </token>
                <token content="small" id="3-9">
                    <pos type="JJ"/>
                    <lemma type="small"/>
                </token>
                <token content="tree" id="3-10">
                    <pos type="NN"/>
                    <lemma type="tree"/>
                    <dep head="3-7" type="dobj"/>
                </token>
                <token content="that" id="3-11">
                    <pos type="IN"/>
                    <lemma type="that"/>
                    <dep head="3-14" type="mark"/>
                </token>
                <token content="we" id="3-12">
                    <pos type="PRP"/>
                    <lemma type="we"/>
                    <dep head="3-14" type="nsubj"/>
                </token>
                <token content="could" id="3-13">
                    <pos type="MD"/>
                    <lemma type="could"/>
                    <dep head="3-14" type="aux"/>
                </token>
                <token content="plant" id="3-14">
                    <pos type="VB"/>
                    <lemma type="plant"/>
                    <dep head="3-7" type="ccomp"/>
                </token>
                <token content="and" id="3-15"/>
                <token content="grow" id="3-16">
                    <pos type="VB"/>
                    <lemma type="grow"/>
                    <dep head="3-14" type="conj"/>
                </token>
                <token content="." id="3-17"/>
            </sentence>
            <sentence id="4">
                <token content="We" id="4-1">
                    <pos type="PRP"/>
                    <lemma type="we"/>
                    <dep head="4-3" type="nsubj"/>
                </token>
                <token content="then" id="4-2">
                    <pos type="RB"/>
                    <lemma type="then"/>
                    <dep head="4-3" type="advmod"/>
                </token>
                <token content="took" id="4-3">
                    <pos type="VBD"/>
                    <lemma type="take"/>
                </token>
                <token content="it" id="4-4">
                    <pos type="PRP"/>
                    <lemma type="it"/>
                    <dep head="4-3" type="dobj"/>
                </token>
                <token content="home" id="4-5">
                    <pos type="RB"/>
                    <lemma type="home"/>
                    <dep head="4-3" type="advmod"/>
                </token>
                <token content="." id="4-6"/>
            </sentence>
            <sentence id="5">
                <token content="The" id="5-1">
                    <pos type="DT"/>
                    <lemma type="the"/>
                </token>
                <token content="next" id="5-2">
                    <pos type="JJ"/>
                    <lemma type="next"/>
                </token>
                <token content="step" id="5-3">
                    <pos type="NN"/>
                    <lemma type="step"/>
                    <dep head="5-4" type="nsubj"/>
                </token>
                <token content="was" id="5-4">
                    <pos type="VBD"/>
                    <lemma type="be"/>
                </token>
                <token content="to" id="5-5">
                    <pos type="TO"/>
                    <lemma type="to"/>
                    <dep head="5-6" type="aux"/>
                </token>
                <token content="plant" id="5-6">
                    <pos type="VB"/>
                    <lemma type="plant"/>
                    <dep head="5-4" type="xcomp"/>
                </token>
                <token content="it" id="5-7">
                    <pos type="PRP"/>
                    <lemma type="it"/>
                    <dep head="5-6" type="dobj"/>
                </token>
                <token content="." id="5-8"/>
            </sentence>
            <sentence id="6">
                <token content="We" id="6-1">
                    <pos type="PRP"/>
                    <lemma type="we"/>
                    <dep head="6-2" type="nsubj"/>
                </token>
                <token content="had" id="6-2">
                    <pos type="VBD"/>
                    <lemma type="have"/>
                </token>
                <token content="to" id="6-3">
                    <pos type="TO"/>
                    <lemma type="to"/>
                    <dep head="6-4" type="aux"/>
                </token>
                <token content="dig" id="6-4">
                    <pos type="VB"/>
                    <lemma type="dig"/>
                    <dep head="6-2" type="xcomp"/>
                </token>
                <token content="up" id="6-5">
                    <pos type="RP"/>
                    <lemma type="up"/>
                    <dep head="6-4" type="prt"/>
                </token>
                <token content="a" id="6-6">
                    <pos type="DT"/>
                    <lemma type="a"/>
                </token>
                <token content="hole" id="6-7">
                    <pos type="NN"/>
                    <lemma type="hole"/>
                    <dep head="6-4" type="dobj"/>
                </token>
                <token content="in" id="6-8"/>
                <token content="the" id="6-9">
                    <pos type="DT"/>
                    <lemma type="the"/>
                </token>
                <token content="backyard" id="6-10">
                    <pos type="NN"/>
                    <lemma type="backyard"/>
                </token>
                <token content="to" id="6-11">
                    <pos type="TO"/>
                    <lemma type="to"/>
                    <dep head="6-12" type="aux"/>
                </token>
                <token content="plant" id="6-12">
                    <pos type="VB"/>
                    <lemma type="plant"/>
                    <dep head="6-2" type="xcomp"/>
                </token>
                <token content="it" id="6-13">
                    <pos type="PRP"/>
                    <lemma type="it"/>
                    <dep head="6-12" type="dobj"/>
                </token>
                <token content="in" id="6-14">
                    <pos type="IN"/>
                    <lemma type="in"/>
                    <dep head="6-12" type="prep"/>
                </token>
                <token content="." id="6-15"/>
            </sentence>
            <sentence id="7">
                <token content="We" id="7-1">
                    <pos type="PRP"/>
                    <lemma type="we"/>
                    <dep head="7-2" type="nsubj"/>
                </token>
                <token content="used" id="7-2">
                    <pos type="VBD"/>
                    <lemma type="use"/>
                </token>
                <token content="shovels" id="7-3">
                    <pos type="NNS"/>
                    <lemma type="shovel"/>
                    <dep head="7-2" type="dobj"/>
                </token>
                <token content="and" id="7-4"/>
                <token content="a" id="7-5">
                    <pos type="DT"/>
                    <lemma type="a"/>
                </token>
                <token content="wheelbarrow" id="7-6">
                    <pos type="NN"/>
                    <lemma type="wheelbarrow"/>
                </token>
                <token content="to" id="7-7">
                    <pos type="TO"/>
                    <lemma type="to"/>
                    <dep head="7-8" type="aux"/>
                </token>
                <token content="pick" id="7-8">
                    <pos type="VB"/>
                    <lemma type="pick"/>
                    <dep head="7-2" type="xcomp"/>
                </token>
                <token content="up" id="7-9">
                    <pos type="RP"/>
                    <lemma type="up"/>
                    <dep head="7-8" type="prt"/>
                </token>
                <token content="the" id="7-10">
                    <pos type="DT"/>
                    <lemma type="the"/>
                </token>
                <token content="dirt" id="7-11">
                    <pos type="NN"/>
                    <lemma type="dirt"/>
                    <dep head="7-8" type="dobj"/>
                </token>
                <token content="and" id="7-12"/>
                <token content="take" id="7-13">
                    <pos type="VB"/>
                    <lemma type="take"/>
                    <dep head="7-8" type="conj"/>
                </token>
                <token content="it" id="7-14">
                    <pos type="PRP"/>
                    <lemma type="it"/>
                    <dep head="7-13" type="dobj"/>
                </token>
                <token content="away" id="7-15">
                    <pos type="RB"/>
                    <lemma type="away"/>
                    <dep head="7-13" type="advmod"/>
                </token>
                <token content="." id="7-16"/>
            </sentence>
            <sentence id="8">
                <token content="When" id="8-1">
                    <pos type="WRB"/>
                    <lemma type="when"/>
                </token>
                <token content="the" id="8-2">
                    <pos type="DT"/>
                    <lemma type="the"/>
                </token>
                <token content="hole" id="8-3">
                    <pos type="NN"/>
                    <lemma type="hole"/>
                </token>
                <token content="was" id="8-4">
                    <pos type="VBD"/>
                    <lemma type="be"/>
                </token>
                <token content="good" id="8-5">
                    <pos type="JJ"/>
                    <lemma type="good"/>
                    <dep head="8-9" type="advcl"/>
                </token>
                <token content="enough" id="8-6">
                    <pos type="RB"/>
                    <lemma type="enough"/>
                </token>
                <token content="," id="8-7"/>
                <token content="we" id="8-8">
                    <pos type="PRP"/>
                    <lemma type="we"/>
                    <dep head="8-9" type="nsubj"/>
                </token>
                <token content="planted" id="8-9">
                    <pos type="VBD"/>
                    <lemma type="plant"/>
                </token>
                <token content="the" id="8-10">
                    <pos type="DT"/>
                    <lemma type="the"/>
                </token>
                <token content="tree" id="8-11">
                    <pos type="NN"/>
                    <lemma type="tree"/>
                    <dep head="8-9" type="dobj"/>
                </token>
                <token content="in" id="8-12"/>
                <token content="the" id="8-13">
                    <pos type="DT"/>
                    <lemma type="the"/>
                </token>
                <token content="hole" id="8-14">
                    <pos type="NN"/>
                    <lemma type="hole"/>
                    <dep head="8-9" type="prep"/>
                </token>
                <token content="." id="8-15"/>
            </sentence>
            <sentence id="9">
                <token content="We" id="9-1">
                    <pos type="PRP"/>
                    <lemma type="we"/>
                    <dep head="9-3" type="nsubj"/>
                </token>
                <token content="then" id="9-2">
                    <pos type="RB"/>
                    <lemma type="then"/>
                    <dep head="9-3" type="advmod"/>
                </token>
                <token content="made" id="9-3">
                    <pos type="VBD"/>
                    <lemma type="make"/>
                </token>
                <token content="sure" id="9-4">
                    <pos type="JJ"/>
                    <lemma type="sure"/>
                    <dep head="9-3" type="acomp"/>
                </token>
                <token content="to" id="9-5">
                    <pos type="TO"/>
                    <lemma type="to"/>
                    <dep head="9-6" type="aux"/>
                </token>
                <token content="put" id="9-6">
                    <pos type="VB"/>
                    <lemma type="put"/>
                </token>
                <token content="back" id="9-7">
                    <pos type="RP"/>
                    <lemma type="back"/>
                    <dep head="9-6" type="prt"/>
                </token>
                <token content="some" id="9-8">
                    <pos type="DT"/>
                    <lemma type="some"/>
                    <dep head="9-6" type="dobj"/>
                </token>
                <token content="of" id="9-9"/>
                <token content="the" id="9-10">
                    <pos type="DT"/>
                    <lemma type="the"/>
                </token>
                <token content="dirt" id="9-11">
                    <pos type="NN"/>
                    <lemma type="dirt"/>
                </token>
                <token content="around" id="9-12"/>
                <token content="the" id="9-13">
                    <pos type="DT"/>
                    <lemma type="the"/>
                </token>
                <token content="root" id="9-14">
                    <pos type="NN"/>
                    <lemma type="root"/>
                </token>
                <token content="and" id="9-15"/>
                <token content="base" id="9-16">
                    <pos type="NN"/>
                    <lemma type="base"/>
                </token>
                <token content="of" id="9-17"/>
                <token content="the" id="9-18">
                    <pos type="DT"/>
                    <lemma type="the"/>
                </token>
                <token content="tree" id="9-19">
                    <pos type="NN"/>
                    <lemma type="tree"/>
                </token>
                <token content="to" id="9-20">
                    <pos type="TO"/>
                    <lemma type="to"/>
                    <dep head="9-21" type="aux"/>
                </token>
                <token content="make" id="9-21">
                    <pos type="VB"/>
                    <lemma type="make"/>
                    <dep head="9-6" type="vmod"/>
                </token>
                <token content="sure" id="9-22">
                    <pos type="JJ"/>
                    <lemma type="sure"/>
                    <dep head="9-21" type="acomp"/>
                </token>
                <token content="it" id="9-23">
                    <pos type="PRP"/>
                    <lemma type="it"/>
                </token>
                <token content="was" id="9-24">
                    <pos type="VBD"/>
                    <lemma type="be"/>
                </token>
                <token content="secure" id="9-25">
                    <pos type="JJ"/>
                    <lemma type="secure"/>
                </token>
                <token content="." id="9-26"/>
            </sentence>
            <sentence id="10">
                <token content="After" id="10-1">
                    <pos type="IN"/>
                    <lemma type="after"/>
                </token>
                <token content="we" id="10-2">
                    <pos type="PRP"/>
                    <lemma type="we"/>
                </token>
                <token content="were" id="10-3">
                    <pos type="VBD"/>
                    <lemma type="be"/>
                </token>
                <token content="sure" id="10-4">
                    <pos type="JJ"/>
                    <lemma type="sure"/>
                    <dep head="10-14" type="advcl"/>
                </token>
                <token content="the" id="10-5">
                    <pos type="DT"/>
                    <lemma type="the"/>
                </token>
                <token content="tree" id="10-6">
                    <pos type="NN"/>
                    <lemma type="tree"/>
                </token>
                <token content="was" id="10-7">
                    <pos type="VBD"/>
                    <lemma type="be"/>
                </token>
                <token content="secure" id="10-8">
                    <pos type="JJ"/>
                    <lemma type="secure"/>
                </token>
                <token content="," id="10-9"/>
                <token content="my" id="10-10">
                    <pos type="PRP$"/>
                    <lemma type="my"/>
                </token>
                <token content="friend" id="10-11">
                    <pos type="NN"/>
                    <lemma type="friend"/>
                    <dep head="10-14" type="nsubj"/>
                </token>
                <token content="and" id="10-12"/>
                <token content="I" id="10-13">
                    <pos type="PRP"/>
                    <lemma type="I"/>
                </token>
                <token content="watered" id="10-14">
                    <pos type="VBD"/>
                    <lemma type="water"/>
                </token>
                <token content="the" id="10-15">
                    <pos type="DT"/>
                    <lemma type="the"/>
                </token>
                <token content="area" id="10-16">
                    <pos type="NN"/>
                    <lemma type="area"/>
                    <dep head="10-14" type="dobj"/>
                </token>
                <token content="surrounding" id="10-17">
                    <pos type="VBG"/>
                    <lemma type="surround"/>
                    <dep head="10-14" type="xcomp"/>
                </token>
                <token content="it" id="10-18">
                    <pos type="PRP"/>
                    <lemma type="it"/>
                    <dep head="10-17" type="dobj"/>
                </token>
                <token content="to" id="10-19">
                    <pos type="TO"/>
                    <lemma type="to"/>
                    <dep head="10-20" type="aux"/>
                </token>
                <token content="make" id="10-20">
                    <pos type="VB"/>
                    <lemma type="make"/>
                    <dep head="10-17" type="xcomp"/>
                </token>
                <token content="sure" id="10-21">
                    <pos type="JJ"/>
                    <lemma type="sure"/>
                    <dep head="10-20" type="acomp"/>
                </token>
                <token content="it" id="10-22">
                    <pos type="PRP"/>
                    <lemma type="it"/>
                    <dep head="10-24" type="nsubj"/>
                </token>
                <token content="would" id="10-23">
                    <pos type="MD"/>
                    <lemma type="would"/>
                    <dep head="10-24" type="aux"/>
                </token>
                <token content="grow" id="10-24">
                    <pos type="VB"/>
                    <lemma type="grow"/>
                </token>
                <token content="properly" id="10-25">
                    <pos type="RB"/>
                    <lemma type="properly"/>
                    <dep head="10-24" type="advmod"/>
                </token>
                <token content="." id="10-26"/>
            </sentence>
            <sentence id="11">
                <token content="We" id="11-1">
                    <pos type="PRP"/>
                    <lemma type="we"/>
                    <dep head="11-2" type="nsubj"/>
                </token>
                <token content="hope" id="11-2">
                    <pos type="VBP"/>
                    <lemma type="hope"/>
                </token>
                <token content="that" id="11-3">
                    <pos type="IN"/>
                    <lemma type="that"/>
                    <dep head="11-7" type="mark"/>
                </token>
                <token content="the" id="11-4">
                    <pos type="DT"/>
                    <lemma type="the"/>
                </token>
                <token content="tree" id="11-5">
                    <pos type="NN"/>
                    <lemma type="tree"/>
                    <dep head="11-7" type="nsubj"/>
                </token>
                <token content="will" id="11-6">
                    <pos type="MD"/>
                    <lemma type="will"/>
                    <dep head="11-7" type="aux"/>
                </token>
                <token content="offer" id="11-7">
                    <pos type="VB"/>
                    <lemma type="offer"/>
                    <dep head="11-2" type="ccomp"/>
                </token>
                <token content="some" id="11-8">
                    <pos type="DT"/>
                    <lemma type="some"/>
                </token>
                <token content="shade" id="11-9">
                    <pos type="NN"/>
                    <lemma type="shade"/>
                    <dep head="11-7" type="dobj"/>
                </token>
                <token content="by" id="11-10"/>
                <token content="next" id="11-11">
                    <pos type="JJ"/>
                    <lemma type="next"/>
                </token>
                <token content="summer" id="11-12">
                    <pos type="NN"/>
                    <lemma type="summer"/>
                    <dep head="11-7" type="prep"/>
                </token>
                <token content="." id="11-13"/>
            </sentence>
        </sentences>
    </text>
    <annotations>
        <participants>
            <label from="1-1" id="0" name="ScrPart_gardener" text="My" type="participant"/>
            <label from="1-2" id="1" name="ScrPart_gardener" text="friend" type="participant"/>
            <label from="1-4" id="2" name="NPart" text="yard" type="participant"/>
            <label from="1-8" id="3" name="NPart" text="shade" type="participant"/>
            <label from="1-12" id="4" name="NPart" text="it" type="participant"/>
            <label from="1-16" id="5" name="NPart" text="summer" type="participant"/>
            <label from="2-1" id="6" name="ScrPart_gardener" text="We" type="participant"/>
            <label from="2-7" id="7" name="ScrPart_tree" text="tree" type="participant"/>
            <label from="2-12" id="8" name="NPart" text="problem" type="participant"/>
            <label from="3-1" id="9" name="ScrPart_gardener" text="We" type="participant"/>
            <label from="3-5" id="10" name="ScrPart_shop" text="store" type="participant"/>
            <label from="3-10" id="11" name="ScrPart_tree" text="tree" type="participant"/>
            <label from="3-12" id="12" name="ScrPart_gardener" text="we" type="participant"/>
            <label from="4-1" id="13" name="ScrPart_gardener" text="We" type="participant"/>
            <label from="4-4" id="14" name="ScrPart_tree" text="it" type="participant"/>
            <label from="4-5" id="15" name="NPart" text="home" type="participant"/>
            <label from="5-3" id="16" name="No_label" text="step" type="participant"/>
            <label from="5-7" id="17" name="ScrPart_tree" text="it" type="participant"/>
            <label from="6-1" id="18" name="ScrPart_gardener" text="We" type="participant"/>
            <label from="6-7" id="19" name="ScrPart_hole" text="hole" type="participant"/>
            <label from="6-10" id="20" name="NPart" text="backyard" type="participant"/>
            <label from="6-13" id="21" name="ScrPart_tree" text="it" type="participant"/>
            <label from="7-1" id="22" name="ScrPart_gardener" text="We" type="participant"/>
            <label from="7-3" id="23" name="ScrPart_gardening_tool" text="shovels" type="participant"/>
            <label from="7-6" id="24" name="ScrPart_gardening_tool" text="wheelbarrow" type="participant"/>
            <label from="7-11" id="25" name="ScrPart_dirt" text="dirt" type="participant"/>
            <label from="7-14" id="26" name="ScrPart_dirt" text="it" type="participant"/>
            <label from="8-3" id="27" name="ScrPart_hole" text="hole" type="participant"/>
            <label from="8-8" id="28" name="ScrPart_gardener" text="we" type="participant"/>
            <label from="8-11" id="29" name="ScrPart_tree" text="tree" type="participant"/>
            <label from="8-14" id="30" name="ScrPart_hole" text="hole" type="participant"/>
            <label from="9-1" id="31" name="ScrPart_gardener" text="We" type="participant"/>
            <label from="9-11" id="32" name="ScrPart_dirt" text="dirt" type="participant"/>
            <label from="9-14" id="33" name="ScrPart_root" text="root" type="participant"/>
            <label from="9-16" id="34" name="NPart" text="base" type="participant"/>
            <label from="9-19" id="35" name="ScrPart_tree" text="tree" type="participant"/>
            <label from="9-23" id="36" name="ScrPart_tree" text="it" type="participant"/>
            <label from="10-2" id="37" name="ScrPart_gardener" text="we" type="participant"/>
            <label from="10-6" id="38" name="ScrPart_tree" text="tree" type="participant"/>
            <label from="10-10" id="39" name="ScrPart_gardener" text="my" type="participant"/>
            <label from="10-11" id="40" name="ScrPart_gardener" text="friend" type="participant"/>
            <label from="10-13" id="41" name="ScrPart_gardener" text="I" type="participant"/>
            <label from="10-16" id="42" name="ScrPart_location_garden" text="area" type="participant"/>
            <label from="10-18" id="43" name="ScrPart_tree" text="it" type="participant"/>
            <label from="10-22" id="44" name="ScrPart_tree" text="it" type="participant"/>
            <label from="11-1" id="45" name="ScrPart_gardener" text="We" type="participant"/>
            <label from="11-5" id="46" name="ScrPart_tree" text="tree" type="participant"/>
            <label from="11-9" id="47" name="NPart" text="shade" type="participant"/>
            <label from="11-12" id="48" name="NPart" text="summer" type="participant"/>
        </participants>
        <events>
            <label from="1-5" id="49" name="UnrelEv" text="needed" type="event"/>
            <label from="1-10" id="50" name="UnrelEv" text="help" type="event"/>
            <label from="1-11" id="51" name="UnrelEv" text="make" type="event"/>
            <label from="2-3" id="52" name="UnrelEv" text="decided" type="event"/>
            <label from="2-5" id="53" name="Evoking" text="plant a tree" to="2-7" type="event"/>
            <label from="2-9" id="54" name="UnrelEv" text="help" type="event"/>
            <label from="3-2" id="55" name="RelNScrEv" text="went" type="event"/>
            <label from="3-7" id="56" name="ScrEv_get_tree" text="bought" type="event"/>
            <label from="3-14" id="57" name="Evoking" text="plant" type="event"/>
            <label from="3-16" id="58" name="RelNScrEv" text="grow" type="event"/>
            <label from="4-3" id="59" name="ScrEv_take_home" text="took" type="event"/>
            <label from="5-4" id="60" name="UnrelEv" text="was" type="event"/>
            <label from="5-6" id="61" name="Evoking" text="plant it" to="5-7" type="event"/>
            <label from="6-4" id="62" name="ScrEv_dig_hole" text="dig up" to="6-5" type="event"/>
            <label from="6-12" id="63" name="Evoking" text="plant it" to="6-13" type="event"/>
            <label from="7-2" id="64" name="UnrelEv" text="used" type="event"/>
            <label from="7-8" id="65" name="RelNScrEv" text="pick up" to="7-9" type="event"/>
            <label from="7-13" id="66" name="RelNScrEv" text="take" type="event"/>
            <label from="8-4" id="67" name="UnrelEv" text="was" type="event"/>
            <label from="8-9" id="68" name="ScrEv_place_root" text="planted" type="event"/>
            <label from="9-3" id="69" name="UnrelEv" text="made sure" to="9-4" type="event"/>
            <label from="9-6" id="70" name="ScrEv_refill_hole" text="put" type="event"/>
            <label from="9-21" id="71" name="UnrelEv" text="make sure" to="9-22" type="event"/>
            <label from="9-24" id="72" name="UnrelEv" text="was" type="event"/>
            <label from="10-3" id="73" name="UnrelEv" text="were" type="event"/>
            <label from="10-7" id="74" name="UnrelEv" text="was" type="event"/>
            <label from="10-14" id="75" name="ScrEv_water" text="watered" type="event"/>
            <label from="10-17" id="76" name="UnrelEv" text="surrounding" type="event"/>
            <label from="10-20" id="77" name="UnrelEv" text="make sure" to="10-21" type="event"/>
            <label from="10-24" id="78" name="RelNScrEv" text="grow" type="event"/>
            <label from="11-2" id="79" name="UnrelEv" text="hope" type="event"/>
            <label from="11-7" id="80" name="UnrelEv" text="offer" type="event"/>
        </events>
        <chains>
            <chain elements="6 0 1" name="group_I_friend"/>
            <chain elements="6 9 12 13 18 22 28 31 37 45"/>
            <chain elements="7 11 14 17 21 29 35 36 38 43 44 46"/>
            <chain elements="25 26 32"/>
            <chain elements="19 27 30"/>
            <chain elements="0 39 41"/>
            <chain elements="1 40"/>
        </chains>
    </annotations>
</story>
