<?xml version="1.0" encoding="UTF-8" standalone="no"?>
<!DOCTYPE story SYSTEM "../InScript.dtd">
<story id="045" scenario="tree">
    <text>
        <content>Earth day is a very important day in America . 
It is a day where we recognize the environment and the fact that we need to protect it . 
This earth day my friend Patrick and I decided that we should plant a tree to counteract the effects of deforesting . 
To do this we first dug a hole in the ground twice the size of the root ball of the tree . 
It was hard work , but it ensures that the tree has enough loose soil to spread its roots in . 
We then placed the tree in the middle of the pit we had dug and made sure it was centered . 
After that we filled in the rest of the pit with a high quality planting soil in order to give the tree proper nutrition . 
After the soil was placed in we stepped on the soil to compact it and make sure the tree stays in place . 
It felt really good to give back to the environment instead of damaging it . </content>
        <sentences>
            <sentence id="1">
                <token content="Earth" id="1-1">
                    <pos type="NNP"/>
                    <lemma type="Earth"/>
                </token>
                <token content="day" id="1-2">
                    <pos type="NN"/>
                    <lemma type="day"/>
                </token>
                <token content="is" id="1-3">
                    <pos type="VBZ"/>
                    <lemma type="be"/>
                </token>
                <token content="a" id="1-4">
                    <pos type="DT"/>
                    <lemma type="a"/>
                </token>
                <token content="very" id="1-5">
                    <pos type="RB"/>
                    <lemma type="very"/>
                </token>
                <token content="important" id="1-6">
                    <pos type="JJ"/>
                    <lemma type="important"/>
                </token>
                <token content="day" id="1-7">
                    <pos type="NN"/>
                    <lemma type="day"/>
                </token>
                <token content="in" id="1-8"/>
                <token content="America" id="1-9">
                    <pos type="NNP"/>
                    <lemma type="America"/>
                </token>
                <token content="." id="1-10"/>
            </sentence>
            <sentence id="2">
                <token content="It" id="2-1">
                    <pos type="PRP"/>
                    <lemma type="it"/>
                </token>
                <token content="is" id="2-2">
                    <pos type="VBZ"/>
                    <lemma type="be"/>
                </token>
                <token content="a" id="2-3">
                    <pos type="DT"/>
                    <lemma type="a"/>
                </token>
                <token content="day" id="2-4">
                    <pos type="NN"/>
                    <lemma type="day"/>
                </token>
                <token content="where" id="2-5">
                    <pos type="WRB"/>
                    <lemma type="where"/>
                    <dep head="2-7" type="advmod"/>
                </token>
                <token content="we" id="2-6">
                    <pos type="PRP"/>
                    <lemma type="we"/>
                    <dep head="2-7" type="nsubj"/>
                </token>
                <token content="recognize" id="2-7">
                    <pos type="VBP"/>
                    <lemma type="recognize"/>
                </token>
                <token content="the" id="2-8">
                    <pos type="DT"/>
                    <lemma type="the"/>
                </token>
                <token content="environment" id="2-9">
                    <pos type="NN"/>
                    <lemma type="environment"/>
                    <dep head="2-7" type="dobj"/>
                </token>
                <token content="and" id="2-10"/>
                <token content="the" id="2-11">
                    <pos type="DT"/>
                    <lemma type="the"/>
                </token>
                <token content="fact" id="2-12">
                    <pos type="NN"/>
                    <lemma type="fact"/>
                </token>
                <token content="that" id="2-13">
                    <pos type="IN"/>
                    <lemma type="that"/>
                    <dep head="2-15" type="mark"/>
                </token>
                <token content="we" id="2-14">
                    <pos type="PRP"/>
                    <lemma type="we"/>
                    <dep head="2-15" type="nsubj"/>
                </token>
                <token content="need" id="2-15">
                    <pos type="VBP"/>
                    <lemma type="need"/>
                    <dep head="2-7" type="ccomp"/>
                </token>
                <token content="to" id="2-16">
                    <pos type="TO"/>
                    <lemma type="to"/>
                    <dep head="2-17" type="aux"/>
                </token>
                <token content="protect" id="2-17">
                    <pos type="VB"/>
                    <lemma type="protect"/>
                    <dep head="2-15" type="xcomp"/>
                </token>
                <token content="it" id="2-18">
                    <pos type="PRP"/>
                    <lemma type="it"/>
                    <dep head="2-17" type="dobj"/>
                </token>
                <token content="." id="2-19"/>
            </sentence>
            <sentence id="3">
                <token content="This" id="3-1">
                    <pos type="DT"/>
                    <lemma type="this"/>
                </token>
                <token content="earth" id="3-2">
                    <pos type="NN"/>
                    <lemma type="earth"/>
                    <dep head="3-9" type="nsubj"/>
                </token>
                <token content="day" id="3-3">
                    <pos type="NN"/>
                    <lemma type="day"/>
                    <dep head="3-9" type="tmod"/>
                </token>
                <token content="my" id="3-4">
                    <pos type="PRP$"/>
                    <lemma type="my"/>
                </token>
                <token content="friend" id="3-5">
                    <pos type="NN"/>
                    <lemma type="friend"/>
                </token>
                <token content="Patrick" id="3-6">
                    <pos type="NNP"/>
                    <lemma type="Patrick"/>
                    <dep head="3-9" type="nsubj"/>
                </token>
                <token content="and" id="3-7"/>
                <token content="I" id="3-8">
                    <pos type="PRP"/>
                    <lemma type="I"/>
                </token>
                <token content="decided" id="3-9">
                    <pos type="VBD"/>
                    <lemma type="decide"/>
                </token>
                <token content="that" id="3-10">
                    <pos type="IN"/>
                    <lemma type="that"/>
                    <dep head="3-13" type="mark"/>
                </token>
                <token content="we" id="3-11">
                    <pos type="PRP"/>
                    <lemma type="we"/>
                    <dep head="3-13" type="nsubj"/>
                </token>
                <token content="should" id="3-12">
                    <pos type="MD"/>
                    <lemma type="should"/>
                    <dep head="3-13" type="aux"/>
                </token>
                <token content="plant" id="3-13">
                    <pos type="VB"/>
                    <lemma type="plant"/>
                    <dep head="3-9" type="ccomp"/>
                </token>
                <token content="a" id="3-14">
                    <pos type="DT"/>
                    <lemma type="a"/>
                </token>
                <token content="tree" id="3-15">
                    <pos type="NN"/>
                    <lemma type="tree"/>
                    <dep head="3-13" type="dobj"/>
                </token>
                <token content="to" id="3-16">
                    <pos type="TO"/>
                    <lemma type="to"/>
                    <dep head="3-17" type="aux"/>
                </token>
                <token content="counteract" id="3-17">
                    <pos type="VB"/>
                    <lemma type="counteract"/>
                </token>
                <token content="the" id="3-18">
                    <pos type="DT"/>
                    <lemma type="the"/>
                </token>
                <token content="effects" id="3-19">
                    <pos type="NNS"/>
                    <lemma type="effect"/>
                    <dep head="3-17" type="dobj"/>
                </token>
                <token content="of" id="3-20"/>
                <token content="deforesting" id="3-21">
                    <pos type="NN"/>
                    <lemma type="deforesting"/>
                </token>
                <token content="." id="3-22"/>
            </sentence>
            <sentence id="4">
                <token content="To" id="4-1">
                    <pos type="TO"/>
                    <lemma type="to"/>
                    <dep head="4-2" type="aux"/>
                </token>
                <token content="do" id="4-2">
                    <pos type="VB"/>
                    <lemma type="do"/>
                    <dep head="4-6" type="dep"/>
                </token>
                <token content="this" id="4-3">
                    <pos type="DT"/>
                    <lemma type="this"/>
                    <dep head="4-2" type="dobj"/>
                </token>
                <token content="we" id="4-4">
                    <pos type="PRP"/>
                    <lemma type="we"/>
                    <dep head="4-6" type="nsubj"/>
                </token>
                <token content="first" id="4-5">
                    <pos type="RB"/>
                    <lemma type="first"/>
                    <dep head="4-6" type="advmod"/>
                </token>
                <token content="dug" id="4-6">
                    <pos type="VBD"/>
                    <lemma type="dig"/>
                </token>
                <token content="a" id="4-7">
                    <pos type="DT"/>
                    <lemma type="a"/>
                </token>
                <token content="hole" id="4-8">
                    <pos type="NN"/>
                    <lemma type="hole"/>
                    <dep head="4-6" type="dobj"/>
                </token>
                <token content="in" id="4-9"/>
                <token content="the" id="4-10">
                    <pos type="DT"/>
                    <lemma type="the"/>
                </token>
                <token content="ground" id="4-11">
                    <pos type="NN"/>
                    <lemma type="ground"/>
                </token>
                <token content="twice" id="4-12">
                    <pos type="RB"/>
                    <lemma type="twice"/>
                </token>
                <token content="the" id="4-13">
                    <pos type="DT"/>
                    <lemma type="the"/>
                </token>
                <token content="size" id="4-14">
                    <pos type="NN"/>
                    <lemma type="size"/>
                </token>
                <token content="of" id="4-15"/>
                <token content="the" id="4-16">
                    <pos type="DT"/>
                    <lemma type="the"/>
                </token>
                <token content="root" id="4-17">
                    <pos type="NN"/>
                    <lemma type="root"/>
                </token>
                <token content="ball" id="4-18">
                    <pos type="NN"/>
                    <lemma type="ball"/>
                </token>
                <token content="of" id="4-19"/>
                <token content="the" id="4-20">
                    <pos type="DT"/>
                    <lemma type="the"/>
                </token>
                <token content="tree" id="4-21">
                    <pos type="NN"/>
                    <lemma type="tree"/>
                </token>
                <token content="." id="4-22"/>
            </sentence>
            <sentence id="5">
                <token content="It" id="5-1">
                    <pos type="PRP"/>
                    <lemma type="it"/>
                </token>
                <token content="was" id="5-2">
                    <pos type="VBD"/>
                    <lemma type="be"/>
                </token>
                <token content="hard" id="5-3">
                    <pos type="JJ"/>
                    <lemma type="hard"/>
                </token>
                <token content="work" id="5-4">
                    <pos type="NN"/>
                    <lemma type="work"/>
                </token>
                <token content="," id="5-5"/>
                <token content="but" id="5-6"/>
                <token content="it" id="5-7">
                    <pos type="PRP"/>
                    <lemma type="it"/>
                    <dep head="5-8" type="nsubj"/>
                </token>
                <token content="ensures" id="5-8">
                    <pos type="VBZ"/>
                    <lemma type="ensure"/>
                </token>
                <token content="that" id="5-9">
                    <pos type="IN"/>
                    <lemma type="that"/>
                    <dep head="5-12" type="mark"/>
                </token>
                <token content="the" id="5-10">
                    <pos type="DT"/>
                    <lemma type="the"/>
                </token>
                <token content="tree" id="5-11">
                    <pos type="NN"/>
                    <lemma type="tree"/>
                    <dep head="5-12" type="nsubj"/>
                </token>
                <token content="has" id="5-12">
                    <pos type="VBZ"/>
                    <lemma type="have"/>
                    <dep head="5-8" type="ccomp"/>
                </token>
                <token content="enough" id="5-13">
                    <pos type="RB"/>
                    <lemma type="enough"/>
                </token>
                <token content="loose" id="5-14">
                    <pos type="JJ"/>
                    <lemma type="loose"/>
                </token>
                <token content="soil" id="5-15">
                    <pos type="NN"/>
                    <lemma type="soil"/>
                    <dep head="5-12" type="dobj"/>
                </token>
                <token content="to" id="5-16">
                    <pos type="TO"/>
                    <lemma type="to"/>
                    <dep head="5-17" type="aux"/>
                </token>
                <token content="spread" id="5-17">
                    <pos type="VB"/>
                    <lemma type="spread"/>
                </token>
                <token content="its" id="5-18">
                    <pos type="PRP$"/>
                    <lemma type="its"/>
                </token>
                <token content="roots" id="5-19">
                    <pos type="NNS"/>
                    <lemma type="root"/>
                    <dep head="5-17" type="dobj"/>
                </token>
                <token content="in" id="5-20">
                    <pos type="IN"/>
                    <lemma type="in"/>
                    <dep head="5-17" type="prep"/>
                </token>
                <token content="." id="5-21"/>
            </sentence>
            <sentence id="6">
                <token content="We" id="6-1">
                    <pos type="PRP"/>
                    <lemma type="we"/>
                    <dep head="6-3" type="nsubj"/>
                </token>
                <token content="then" id="6-2">
                    <pos type="RB"/>
                    <lemma type="then"/>
                    <dep head="6-3" type="advmod"/>
                </token>
                <token content="placed" id="6-3">
                    <pos type="VBD"/>
                    <lemma type="place"/>
                </token>
                <token content="the" id="6-4">
                    <pos type="DT"/>
                    <lemma type="the"/>
                </token>
                <token content="tree" id="6-5">
                    <pos type="NN"/>
                    <lemma type="tree"/>
                    <dep head="6-3" type="dobj"/>
                </token>
                <token content="in" id="6-6"/>
                <token content="the" id="6-7">
                    <pos type="DT"/>
                    <lemma type="the"/>
                </token>
                <token content="middle" id="6-8">
                    <pos type="NN"/>
                    <lemma type="middle"/>
                    <dep head="6-3" type="prep"/>
                </token>
                <token content="of" id="6-9"/>
                <token content="the" id="6-10">
                    <pos type="DT"/>
                    <lemma type="the"/>
                </token>
                <token content="pit" id="6-11">
                    <pos type="NN"/>
                    <lemma type="pit"/>
                </token>
                <token content="we" id="6-12">
                    <pos type="PRP"/>
                    <lemma type="we"/>
                    <dep head="6-14" type="nsubj"/>
                </token>
                <token content="had" id="6-13">
                    <pos type="VBD"/>
                    <lemma type="have"/>
                    <dep head="6-14" type="aux"/>
                </token>
                <token content="dug" id="6-14">
                    <pos type="VBD"/>
                    <lemma type="dig"/>
                </token>
                <token content="and" id="6-15"/>
                <token content="made" id="6-16">
                    <pos type="VBD"/>
                    <lemma type="make"/>
                    <dep head="6-3" type="conj"/>
                </token>
                <token content="sure" id="6-17">
                    <pos type="JJ"/>
                    <lemma type="sure"/>
                    <dep head="6-16" type="acomp"/>
                </token>
                <token content="it" id="6-18">
                    <pos type="PRP"/>
                    <lemma type="it"/>
                    <dep head="6-20" type="nsubjpass"/>
                </token>
                <token content="was" id="6-19">
                    <pos type="VBD"/>
                    <lemma type="be"/>
                    <dep head="6-20" type="auxpass"/>
                </token>
                <token content="centered" id="6-20">
                    <pos type="VBN"/>
                    <lemma type="center"/>
                </token>
                <token content="." id="6-21"/>
            </sentence>
            <sentence id="7">
                <token content="After" id="7-1"/>
                <token content="that" id="7-2">
                    <pos type="DT"/>
                    <lemma type="that"/>
                    <dep head="7-4" type="prep"/>
                </token>
                <token content="we" id="7-3">
                    <pos type="PRP"/>
                    <lemma type="we"/>
                    <dep head="7-4" type="nsubj"/>
                </token>
                <token content="filled" id="7-4">
                    <pos type="VBD"/>
                    <lemma type="fill"/>
                </token>
                <token content="in" id="7-5"/>
                <token content="the" id="7-6">
                    <pos type="DT"/>
                    <lemma type="the"/>
                </token>
                <token content="rest" id="7-7">
                    <pos type="NN"/>
                    <lemma type="rest"/>
                    <dep head="7-4" type="prep"/>
                </token>
                <token content="of" id="7-8"/>
                <token content="the" id="7-9">
                    <pos type="DT"/>
                    <lemma type="the"/>
                </token>
                <token content="pit" id="7-10">
                    <pos type="NN"/>
                    <lemma type="pit"/>
                </token>
                <token content="with" id="7-11"/>
                <token content="a" id="7-12">
                    <pos type="DT"/>
                    <lemma type="a"/>
                </token>
                <token content="high" id="7-13">
                    <pos type="JJ"/>
                    <lemma type="high"/>
                </token>
                <token content="quality" id="7-14">
                    <pos type="NN"/>
                    <lemma type="quality"/>
                </token>
                <token content="planting" id="7-15">
                    <pos type="NN"/>
                    <lemma type="planting"/>
                </token>
                <token content="soil" id="7-16">
                    <pos type="NN"/>
                    <lemma type="soil"/>
                </token>
                <token content="in" id="7-17">
                    <pos type="IN"/>
                    <lemma type="in"/>
                    <dep head="7-20" type="mark"/>
                </token>
                <token content="order" id="7-18">
                    <pos type="NN"/>
                    <lemma type="order"/>
                    <dep head="7-20" type="dep"/>
                </token>
                <token content="to" id="7-19">
                    <pos type="TO"/>
                    <lemma type="to"/>
                    <dep head="7-20" type="aux"/>
                </token>
                <token content="give" id="7-20">
                    <pos type="VB"/>
                    <lemma type="give"/>
                    <dep head="7-4" type="advcl"/>
                </token>
                <token content="the" id="7-21">
                    <pos type="DT"/>
                    <lemma type="the"/>
                </token>
                <token content="tree" id="7-22">
                    <pos type="NN"/>
                    <lemma type="tree"/>
                    <dep head="7-20" type="iobj"/>
                </token>
                <token content="proper" id="7-23">
                    <pos type="JJ"/>
                    <lemma type="proper"/>
                </token>
                <token content="nutrition" id="7-24">
                    <pos type="NN"/>
                    <lemma type="nutrition"/>
                    <dep head="7-20" type="dobj"/>
                </token>
                <token content="." id="7-25"/>
            </sentence>
            <sentence id="8">
                <token content="After" id="8-1">
                    <pos type="IN"/>
                    <lemma type="after"/>
                    <dep head="8-5" type="mark"/>
                </token>
                <token content="the" id="8-2">
                    <pos type="DT"/>
                    <lemma type="the"/>
                </token>
                <token content="soil" id="8-3">
                    <pos type="NN"/>
                    <lemma type="soil"/>
                    <dep head="8-5" type="nsubjpass"/>
                </token>
                <token content="was" id="8-4">
                    <pos type="VBD"/>
                    <lemma type="be"/>
                    <dep head="8-5" type="auxpass"/>
                </token>
                <token content="placed" id="8-5">
                    <pos type="VBN"/>
                    <lemma type="place"/>
                    <dep head="8-20" type="advcl"/>
                </token>
                <token content="in" id="8-6">
                    <pos type="IN"/>
                    <lemma type="in"/>
                    <dep head="8-8" type="mark"/>
                </token>
                <token content="we" id="8-7">
                    <pos type="PRP"/>
                    <lemma type="we"/>
                    <dep head="8-8" type="nsubj"/>
                </token>
                <token content="stepped" id="8-8">
                    <pos type="VBD"/>
                    <lemma type="step"/>
                    <dep head="8-5" type="advcl"/>
                </token>
                <token content="on" id="8-9"/>
                <token content="the" id="8-10">
                    <pos type="DT"/>
                    <lemma type="the"/>
                </token>
                <token content="soil" id="8-11">
                    <pos type="NN"/>
                    <lemma type="soil"/>
                    <dep head="8-8" type="prep"/>
                </token>
                <token content="to" id="8-12">
                    <pos type="TO"/>
                    <lemma type="to"/>
                    <dep head="8-13" type="aux"/>
                </token>
                <token content="compact" id="8-13">
                    <pos type="VB"/>
                    <lemma type="compact"/>
                    <dep head="8-8" type="xcomp"/>
                </token>
                <token content="it" id="8-14">
                    <pos type="PRP"/>
                    <lemma type="it"/>
                    <dep head="8-13" type="dobj"/>
                </token>
                <token content="and" id="8-15"/>
                <token content="make" id="8-16">
                    <pos type="VB"/>
                    <lemma type="make"/>
                    <dep head="8-13" type="conj"/>
                </token>
                <token content="sure" id="8-17">
                    <pos type="JJ"/>
                    <lemma type="sure"/>
                    <dep head="8-16" type="acomp"/>
                </token>
                <token content="the" id="8-18">
                    <pos type="DT"/>
                    <lemma type="the"/>
                </token>
                <token content="tree" id="8-19">
                    <pos type="NN"/>
                    <lemma type="tree"/>
                    <dep head="8-20" type="nsubj"/>
                </token>
                <token content="stays" id="8-20">
                    <pos type="VBZ"/>
                    <lemma type="stay"/>
                </token>
                <token content="in" id="8-21"/>
                <token content="place" id="8-22">
                    <pos type="NN"/>
                    <lemma type="place"/>
                    <dep head="8-20" type="prep"/>
                </token>
                <token content="." id="8-23"/>
            </sentence>
            <sentence id="9">
                <token content="It" id="9-1">
                    <pos type="PRP"/>
                    <lemma type="it"/>
                    <dep head="9-2" type="nsubj"/>
                </token>
                <token content="felt" id="9-2">
                    <pos type="VBD"/>
                    <lemma type="feel"/>
                </token>
                <token content="really" id="9-3">
                    <pos type="RB"/>
                    <lemma type="really"/>
                </token>
                <token content="good" id="9-4">
                    <pos type="JJ"/>
                    <lemma type="good"/>
                    <dep head="9-2" type="acomp"/>
                </token>
                <token content="to" id="9-5">
                    <pos type="TO"/>
                    <lemma type="to"/>
                    <dep head="9-6" type="aux"/>
                </token>
                <token content="give" id="9-6">
                    <pos type="VB"/>
                    <lemma type="give"/>
                </token>
                <token content="back" id="9-7">
                    <pos type="RP"/>
                    <lemma type="back"/>
                    <dep head="9-6" type="prt"/>
                </token>
                <token content="to" id="9-8"/>
                <token content="the" id="9-9">
                    <pos type="DT"/>
                    <lemma type="the"/>
                </token>
                <token content="environment" id="9-10">
                    <pos type="NN"/>
                    <lemma type="environment"/>
                    <dep head="9-6" type="prep"/>
                </token>
                <token content="instead" id="9-11"/>
                <token content="of" id="9-12"/>
                <token content="damaging" id="9-13">
                    <pos type="VBG"/>
                    <lemma type="damage"/>
                </token>
                <token content="it" id="9-14">
                    <pos type="PRP"/>
                    <lemma type="it"/>
                    <dep head="9-13" type="dobj"/>
                </token>
                <token content="." id="9-15"/>
            </sentence>
        </sentences>
    </text>
    <annotations>
        <participants>
            <label from="1-1" id="0" name="ScrPart_time" text="Earth day" to="1-2" type="participant"/>
            <label from="1-7" id="1" name="NPart" text="day" type="participant"/>
            <label from="1-9" id="2" name="NPart" text="America" type="participant"/>
            <label from="2-1" id="3" name="ScrPart_time" text="It" type="participant"/>
            <label from="2-4" id="4" name="ScrPart_time" text="day" type="participant"/>
            <label from="2-6" id="5" name="ScrPart_gardener" text="we" type="participant"/>
            <label from="2-9" id="6" name="NPart" text="environment" type="participant"/>
            <label from="2-12" id="7" name="NPart" text="fact" type="participant"/>
            <label from="2-14" id="8" name="ScrPart_gardener" text="we" type="participant"/>
            <label from="2-18" id="9" name="NPart" text="it" type="participant"/>
            <label from="3-2" id="10" name="ScrPart_time" text="earth day" to="3-3" type="participant"/>
            <label from="3-4" id="11" name="ScrPart_gardener" text="my friend Patrick and I" to="3-8" type="participant"/>
            <label from="3-11" id="12" name="ScrPart_gardener" text="we" type="participant"/>
            <label from="3-15" id="13" name="ScrPart_tree" text="tree" type="participant"/>
            <label from="3-19" id="14" name="NPart" text="effects" type="participant"/>
            <label from="4-4" id="15" name="ScrPart_gardener" text="we" type="participant"/>
            <label from="4-8" id="16" name="ScrPart_hole" text="hole" type="participant"/>
            <label from="4-11" id="17" name="ScrPart_dirt" text="ground" type="participant"/>
            <label from="4-14" id="18" name="NPart" text="size" type="participant"/>
            <label from="4-17" id="19" name="ScrPart_root" text="root ball" to="4-18" type="participant"/>
            <label from="4-18" id="20" name="ScrPart_root" text="ball" type="participant"/>
            <label from="4-21" id="21" name="ScrPart_tree" text="tree" type="participant"/>
            <label from="5-1" id="22" name="No_label" text="It" type="participant"/>
            <label from="5-4" id="23" name="NPart" text="work" type="participant"/>
            <label from="5-7" id="24" name="No_label" text="it" type="participant"/>
            <label from="5-11" id="25" name="ScrPart_tree" text="tree" type="participant"/>
            <label from="5-15" id="26" name="ScrPart_dirt" text="soil" type="participant"/>
            <label from="5-18" id="27" name="ScrPart_tree" text="its" type="participant"/>
            <label from="5-19" id="28" name="ScrPart_root" text="roots" type="participant"/>
            <label from="6-1" id="29" name="ScrPart_gardener" text="We" type="participant"/>
            <label from="6-5" id="30" name="ScrPart_tree" text="tree" type="participant"/>
            <label from="6-8" id="31" name="NPart" text="middle" type="participant"/>
            <label from="6-11" id="32" name="ScrPart_hole" text="pit" type="participant"/>
            <label from="6-12" id="33" name="ScrPart_gardener" text="we" type="participant"/>
            <label from="6-18" id="34" name="ScrPart_tree" text="it" type="participant"/>
            <label from="7-3" id="35" name="ScrPart_gardener" text="we" type="participant"/>
            <label from="7-7" id="36" name="Head_of_Partitive" text="rest" type="participant"/>
            <label from="7-10" id="37" name="ScrPart_hole" text="pit" type="participant"/>
            <label from="7-13" id="38" name="ScrPart_dirt" text="high quality planting soil" to="7-16" type="participant"/>
            <label from="7-16" id="39" name="ScrPart_dirt" text="soil" type="participant"/>
            <label from="7-22" id="40" name="ScrPart_tree" text="tree" type="participant"/>
            <label from="7-24" id="41" name="NPart" text="nutrition" type="participant"/>
            <label from="8-3" id="42" name="ScrPart_dirt" text="soil" type="participant"/>
            <label from="8-7" id="43" name="ScrPart_gardener" text="we" type="participant"/>
            <label from="8-11" id="44" name="ScrPart_dirt" text="soil" type="participant"/>
            <label from="8-14" id="45" name="ScrPart_dirt" text="it" type="participant"/>
            <label from="8-19" id="46" name="ScrPart_tree" text="tree" type="participant"/>
            <label from="8-22" id="47" name="NPart" text="place" type="participant"/>
            <label from="9-1" id="48" name="No_label" text="It" type="participant"/>
            <label from="9-10" id="49" name="NPart" text="environment" type="participant"/>
            <label from="9-14" id="50" name="NPart" text="it" type="participant"/>
        </participants>
        <events>
            <label from="1-3" id="51" name="UnrelEv" text="is" type="event"/>
            <label from="2-2" id="52" name="UnrelEv" text="is" type="event"/>
            <label from="2-7" id="53" name="UnrelEv" text="recognize" type="event"/>
            <label from="2-17" id="54" name="UnrelEv" text="protect" type="event"/>
            <label from="3-9" id="55" name="UnrelEv" text="decided" type="event"/>
            <label from="3-13" id="56" name="Evoking" text="plant a tree" to="3-15" type="event"/>
            <label from="3-17" id="57" name="UnrelEv" text="counteract" type="event"/>
            <label from="3-21" id="58" name="UnrelEv" text="deforesting" type="event"/>
            <label from="4-6" id="59" name="ScrEv_dig_hole" text="dug" type="event"/>
            <label from="5-2" id="60" name="UnrelEv" text="was" type="event"/>
            <label from="5-8" id="61" name="UnrelEv" text="ensures" type="event"/>
            <label from="5-12" id="62" name="RelNScrEv" text="has" type="event"/>
            <label from="5-17" id="63" name="RelNScrEv" text="spread" type="event"/>
            <label from="6-3" id="64" name="ScrEv_place_root" text="placed" type="event"/>
            <label from="6-14" id="65" name="ScrEv_dig_hole" text="dug" type="event"/>
            <label from="6-16" id="66" name="UnrelEv" text="made sure" to="6-17" type="event"/>
            <label from="6-20" id="67" name="RelNScrEv" text="centered" type="event"/>
            <label from="7-4" id="68" name="ScrEv_refill_hole" text="filled in" to="7-5" type="event"/>
            <label from="7-20" id="69" name="ScrEv_place_fertilizers" text="give" type="event"/>
            <label from="8-5" id="70" name="ScrEv_refill_hole" text="placed in" to="8-6" type="event"/>
            <label from="8-8" id="71" name="ScrEv_tamp_dirt" text="stepped" type="event"/>
            <label from="8-13" id="72" name="ScrEv_tamp_dirt" text="compact" type="event"/>
            <label from="8-16" id="73" name="UnrelEv" text="make sure" to="8-17" type="event"/>
            <label from="8-20" id="74" name="RelNScrEv" text="stays" type="event"/>
            <label from="9-2" id="75" name="UnrelEv" text="felt" type="event"/>
            <label from="9-6" id="76" name="UnrelEv" text="give back" to="9-7" type="event"/>
            <label from="9-13" id="77" name="UnrelEv" text="damaging" type="event"/>
        </events>
        <chains>
            <chain elements="3 0 4 10"/>
            <chain elements="8 5 11 12 15 29 33 35 43"/>
            <chain elements="21 13 25 27 30 34 40 46"/>
            <chain elements="32 16 37"/>
            <chain elements="26 17 39 42 44 45"/>
            <chain elements="28 20"/>
        </chains>
    </annotations>
</story>
