<?xml version="1.0" encoding="UTF-8" standalone="no"?>
<!DOCTYPE story SYSTEM "../InScript.dtd">
<story id="092" scenario="tree">
    <text>
        <content>I went to my grandmother 's house this summer and she loves to garden . 
She asked me to help her plan a lemon tree in her front yard . 
Since my grandmother was elderly and did n't have enough strength to shovel I did it instead . 
I dug a hole big enough from the tree . 
My grandmother had gone out to our local garden center and picked out a young lemon tree from their nursery . 
I grabbed the lemon tree from the pot and placed the bottom of the tree into the hole . 
I cover the roots and the hole with soil until it was all covered up . 
My grandmother sprinkled fertilizer and other plant nutrients into the soil . 
While she was doing that I grabbed the hose and turned the water on . 
I walked towards the lemon tree and sprinkled water into the soil . 
Hopefully the next time my grandmother and I meet to get to make lemonade . </content>
        <sentences>
            <sentence id="1">
                <token content="I" id="1-1">
                    <pos type="PRP"/>
                    <lemma type="I"/>
                    <dep head="1-2" type="nsubj"/>
                </token>
                <token content="went" id="1-2">
                    <pos type="VBD"/>
                    <lemma type="go"/>
                </token>
                <token content="to" id="1-3"/>
                <token content="my" id="1-4">
                    <pos type="PRP$"/>
                    <lemma type="my"/>
                </token>
                <token content="grandmother" id="1-5">
                    <pos type="NN"/>
                    <lemma type="grandmother"/>
                </token>
                <token content="'s" id="1-6"/>
                <token content="house" id="1-7">
                    <pos type="NN"/>
                    <lemma type="house"/>
                    <dep head="1-2" type="prep"/>
                </token>
                <token content="this" id="1-8">
                    <pos type="DT"/>
                    <lemma type="this"/>
                </token>
                <token content="summer" id="1-9">
                    <pos type="NN"/>
                    <lemma type="summer"/>
                    <dep head="1-2" type="tmod"/>
                </token>
                <token content="and" id="1-10"/>
                <token content="she" id="1-11">
                    <pos type="PRP"/>
                    <lemma type="she"/>
                    <dep head="1-12" type="nsubj"/>
                </token>
                <token content="loves" id="1-12">
                    <pos type="VBZ"/>
                    <lemma type="love"/>
                    <dep head="1-2" type="conj"/>
                </token>
                <token content="to" id="1-13">
                    <pos type="TO"/>
                    <lemma type="to"/>
                    <dep head="1-14" type="aux"/>
                </token>
                <token content="garden" id="1-14">
                    <pos type="VB"/>
                    <lemma type="garden"/>
                    <dep head="1-12" type="xcomp"/>
                </token>
                <token content="." id="1-15"/>
            </sentence>
            <sentence id="2">
                <token content="She" id="2-1">
                    <pos type="PRP"/>
                    <lemma type="she"/>
                    <dep head="2-2" type="nsubj"/>
                </token>
                <token content="asked" id="2-2">
                    <pos type="VBD"/>
                    <lemma type="ask"/>
                </token>
                <token content="me" id="2-3">
                    <pos type="PRP"/>
                    <lemma type="I"/>
                    <dep head="2-2" type="dobj"/>
                </token>
                <token content="to" id="2-4">
                    <pos type="TO"/>
                    <lemma type="to"/>
                    <dep head="2-5" type="aux"/>
                </token>
                <token content="help" id="2-5">
                    <pos type="VB"/>
                    <lemma type="help"/>
                    <dep head="2-2" type="xcomp"/>
                </token>
                <token content="her" id="2-6">
                    <pos type="PRP$"/>
                    <lemma type="she"/>
                </token>
                <token content="plan" id="2-7">
                    <pos type="NN"/>
                    <lemma type="plan"/>
                </token>
                <token content="a" id="2-8">
                    <pos type="DT"/>
                    <lemma type="a"/>
                </token>
                <token content="lemon" id="2-9">
                    <pos type="JJ"/>
                    <lemma type="lemon"/>
                </token>
                <token content="tree" id="2-10">
                    <pos type="NN"/>
                    <lemma type="tree"/>
                    <dep head="2-5" type="xcomp"/>
                </token>
                <token content="in" id="2-11"/>
                <token content="her" id="2-12">
                    <pos type="PRP$"/>
                    <lemma type="she"/>
                </token>
                <token content="front" id="2-13">
                    <pos type="JJ"/>
                    <lemma type="front"/>
                </token>
                <token content="yard" id="2-14">
                    <pos type="NN"/>
                    <lemma type="yard"/>
                </token>
                <token content="." id="2-15"/>
            </sentence>
            <sentence id="3">
                <token content="Since" id="3-1">
                    <pos type="IN"/>
                    <lemma type="since"/>
                </token>
                <token content="my" id="3-2">
                    <pos type="PRP$"/>
                    <lemma type="my"/>
                </token>
                <token content="grandmother" id="3-3">
                    <pos type="NN"/>
                    <lemma type="grandmother"/>
                </token>
                <token content="was" id="3-4">
                    <pos type="VBD"/>
                    <lemma type="be"/>
                </token>
                <token content="elderly" id="3-5">
                    <pos type="JJ"/>
                    <lemma type="elderly"/>
                    <dep head="3-15" type="advcl"/>
                </token>
                <token content="and" id="3-6"/>
                <token content="did" id="3-7">
                    <pos type="VBD"/>
                    <lemma type="do"/>
                    <dep head="3-9" type="aux"/>
                </token>
                <token content="n't" id="3-8">
                    <pos type="RB"/>
                    <lemma type="not"/>
                    <dep head="3-9" type="neg"/>
                </token>
                <token content="have" id="3-9">
                    <pos type="VB"/>
                    <lemma type="have"/>
                </token>
                <token content="enough" id="3-10">
                    <pos type="JJ"/>
                    <lemma type="enough"/>
                </token>
                <token content="strength" id="3-11">
                    <pos type="NN"/>
                    <lemma type="strength"/>
                    <dep head="3-9" type="dobj"/>
                </token>
                <token content="to" id="3-12"/>
                <token content="shovel" id="3-13">
                    <pos type="NN"/>
                    <lemma type="shovel"/>
                    <dep head="3-9" type="prep"/>
                </token>
                <token content="I" id="3-14">
                    <pos type="PRP"/>
                    <lemma type="I"/>
                    <dep head="3-15" type="nsubj"/>
                </token>
                <token content="did" id="3-15">
                    <pos type="VBD"/>
                    <lemma type="do"/>
                </token>
                <token content="it" id="3-16">
                    <pos type="PRP"/>
                    <lemma type="it"/>
                    <dep head="3-15" type="dobj"/>
                </token>
                <token content="instead" id="3-17">
                    <pos type="RB"/>
                    <lemma type="instead"/>
                    <dep head="3-15" type="advmod"/>
                </token>
                <token content="." id="3-18"/>
            </sentence>
            <sentence id="4">
                <token content="I" id="4-1">
                    <pos type="PRP"/>
                    <lemma type="I"/>
                    <dep head="4-2" type="nsubj"/>
                </token>
                <token content="dug" id="4-2">
                    <pos type="VBD"/>
                    <lemma type="dig"/>
                </token>
                <token content="a" id="4-3">
                    <pos type="DT"/>
                    <lemma type="a"/>
                </token>
                <token content="hole" id="4-4">
                    <pos type="NN"/>
                    <lemma type="hole"/>
                    <dep head="4-2" type="dobj"/>
                </token>
                <token content="big" id="4-5">
                    <pos type="JJ"/>
                    <lemma type="big"/>
                </token>
                <token content="enough" id="4-6">
                    <pos type="JJ"/>
                    <lemma type="enough"/>
                </token>
                <token content="from" id="4-7"/>
                <token content="the" id="4-8">
                    <pos type="DT"/>
                    <lemma type="the"/>
                </token>
                <token content="tree" id="4-9">
                    <pos type="NN"/>
                    <lemma type="tree"/>
                    <dep head="4-2" type="prep"/>
                </token>
                <token content="." id="4-10"/>
            </sentence>
            <sentence id="5">
                <token content="My" id="5-1">
                    <pos type="PRP$"/>
                    <lemma type="my"/>
                </token>
                <token content="grandmother" id="5-2">
                    <pos type="NN"/>
                    <lemma type="grandmother"/>
                    <dep head="5-4" type="nsubj"/>
                </token>
                <token content="had" id="5-3">
                    <pos type="VBD"/>
                    <lemma type="have"/>
                    <dep head="5-4" type="aux"/>
                </token>
                <token content="gone" id="5-4">
                    <pos type="VBN"/>
                    <lemma type="go"/>
                </token>
                <token content="out" id="5-5">
                    <pos type="RP"/>
                    <lemma type="out"/>
                    <dep head="5-4" type="prt"/>
                </token>
                <token content="to" id="5-6"/>
                <token content="our" id="5-7">
                    <pos type="PRP$"/>
                    <lemma type="we"/>
                </token>
                <token content="local" id="5-8">
                    <pos type="JJ"/>
                    <lemma type="local"/>
                </token>
                <token content="garden" id="5-9">
                    <pos type="NN"/>
                    <lemma type="garden"/>
                </token>
                <token content="center" id="5-10">
                    <pos type="NN"/>
                    <lemma type="center"/>
                    <dep head="5-4" type="prep"/>
                </token>
                <token content="and" id="5-11"/>
                <token content="picked" id="5-12">
                    <pos type="VBD"/>
                    <lemma type="pick"/>
                    <dep head="5-4" type="conj"/>
                </token>
                <token content="out" id="5-13">
                    <pos type="RP"/>
                    <lemma type="out"/>
                    <dep head="5-12" type="prt"/>
                </token>
                <token content="a" id="5-14">
                    <pos type="DT"/>
                    <lemma type="a"/>
                </token>
                <token content="young" id="5-15">
                    <pos type="JJ"/>
                    <lemma type="young"/>
                </token>
                <token content="lemon" id="5-16">
                    <pos type="JJ"/>
                    <lemma type="lemon"/>
                </token>
                <token content="tree" id="5-17">
                    <pos type="NN"/>
                    <lemma type="tree"/>
                    <dep head="5-12" type="dobj"/>
                </token>
                <token content="from" id="5-18"/>
                <token content="their" id="5-19">
                    <pos type="PRP$"/>
                    <lemma type="they"/>
                </token>
                <token content="nursery" id="5-20">
                    <pos type="NN"/>
                    <lemma type="nursery"/>
                    <dep head="5-12" type="prep"/>
                </token>
                <token content="." id="5-21"/>
            </sentence>
            <sentence id="6">
                <token content="I" id="6-1">
                    <pos type="PRP"/>
                    <lemma type="I"/>
                    <dep head="6-2" type="nsubj"/>
                </token>
                <token content="grabbed" id="6-2">
                    <pos type="VBD"/>
                    <lemma type="grab"/>
                </token>
                <token content="the" id="6-3">
                    <pos type="DT"/>
                    <lemma type="the"/>
                </token>
                <token content="lemon" id="6-4">
                    <pos type="JJ"/>
                    <lemma type="lemon"/>
                </token>
                <token content="tree" id="6-5">
                    <pos type="NN"/>
                    <lemma type="tree"/>
                    <dep head="6-2" type="dobj"/>
                </token>
                <token content="from" id="6-6"/>
                <token content="the" id="6-7">
                    <pos type="DT"/>
                    <lemma type="the"/>
                </token>
                <token content="pot" id="6-8">
                    <pos type="NN"/>
                    <lemma type="pot"/>
                    <dep head="6-2" type="prep"/>
                </token>
                <token content="and" id="6-9"/>
                <token content="placed" id="6-10">
                    <pos type="VBD"/>
                    <lemma type="place"/>
                    <dep head="6-2" type="conj"/>
                </token>
                <token content="the" id="6-11">
                    <pos type="DT"/>
                    <lemma type="the"/>
                </token>
                <token content="bottom" id="6-12">
                    <pos type="NN"/>
                    <lemma type="bottom"/>
                    <dep head="6-10" type="dobj"/>
                </token>
                <token content="of" id="6-13"/>
                <token content="the" id="6-14">
                    <pos type="DT"/>
                    <lemma type="the"/>
                </token>
                <token content="tree" id="6-15">
                    <pos type="NN"/>
                    <lemma type="tree"/>
                </token>
                <token content="into" id="6-16"/>
                <token content="the" id="6-17">
                    <pos type="DT"/>
                    <lemma type="the"/>
                </token>
                <token content="hole" id="6-18">
                    <pos type="NN"/>
                    <lemma type="hole"/>
                    <dep head="6-10" type="prep"/>
                </token>
                <token content="." id="6-19"/>
            </sentence>
            <sentence id="7">
                <token content="I" id="7-1">
                    <pos type="PRP"/>
                    <lemma type="I"/>
                    <dep head="7-2" type="nsubj"/>
                </token>
                <token content="cover" id="7-2">
                    <pos type="VBP"/>
                    <lemma type="cover"/>
                </token>
                <token content="the" id="7-3">
                    <pos type="DT"/>
                    <lemma type="the"/>
                </token>
                <token content="roots" id="7-4">
                    <pos type="NNS"/>
                    <lemma type="root"/>
                    <dep head="7-2" type="dobj"/>
                </token>
                <token content="and" id="7-5"/>
                <token content="the" id="7-6">
                    <pos type="DT"/>
                    <lemma type="the"/>
                </token>
                <token content="hole" id="7-7">
                    <pos type="NN"/>
                    <lemma type="hole"/>
                </token>
                <token content="with" id="7-8"/>
                <token content="soil" id="7-9">
                    <pos type="NN"/>
                    <lemma type="soil"/>
                </token>
                <token content="until" id="7-10">
                    <pos type="IN"/>
                    <lemma type="until"/>
                    <dep head="7-14" type="mark"/>
                </token>
                <token content="it" id="7-11">
                    <pos type="PRP"/>
                    <lemma type="it"/>
                    <dep head="7-14" type="nsubjpass"/>
                </token>
                <token content="was" id="7-12">
                    <pos type="VBD"/>
                    <lemma type="be"/>
                    <dep head="7-14" type="auxpass"/>
                </token>
                <token content="all" id="7-13">
                    <pos type="RB"/>
                    <lemma type="all"/>
                    <dep head="7-14" type="advmod"/>
                </token>
                <token content="covered" id="7-14">
                    <pos type="VBN"/>
                    <lemma type="cover"/>
                    <dep head="7-2" type="advcl"/>
                </token>
                <token content="up" id="7-15">
                    <pos type="RP"/>
                    <lemma type="up"/>
                    <dep head="7-14" type="prt"/>
                </token>
                <token content="." id="7-16"/>
            </sentence>
            <sentence id="8">
                <token content="My" id="8-1">
                    <pos type="PRP$"/>
                    <lemma type="my"/>
                </token>
                <token content="grandmother" id="8-2">
                    <pos type="NN"/>
                    <lemma type="grandmother"/>
                    <dep head="8-3" type="nsubj"/>
                </token>
                <token content="sprinkled" id="8-3">
                    <pos type="VBD"/>
                    <lemma type="sprinkle"/>
                </token>
                <token content="fertilizer" id="8-4">
                    <pos type="NN"/>
                    <lemma type="fertilizer"/>
                </token>
                <token content="and" id="8-5"/>
                <token content="other" id="8-6">
                    <pos type="JJ"/>
                    <lemma type="other"/>
                </token>
                <token content="plant" id="8-7">
                    <pos type="NN"/>
                    <lemma type="plant"/>
                </token>
                <token content="nutrients" id="8-8">
                    <pos type="NNS"/>
                    <lemma type="nutrient"/>
                    <dep head="8-3" type="dobj"/>
                </token>
                <token content="into" id="8-9"/>
                <token content="the" id="8-10">
                    <pos type="DT"/>
                    <lemma type="the"/>
                </token>
                <token content="soil" id="8-11">
                    <pos type="NN"/>
                    <lemma type="soil"/>
                    <dep head="8-3" type="prep"/>
                </token>
                <token content="." id="8-12"/>
            </sentence>
            <sentence id="9">
                <token content="While" id="9-1">
                    <pos type="IN"/>
                    <lemma type="while"/>
                    <dep head="9-4" type="mark"/>
                </token>
                <token content="she" id="9-2">
                    <pos type="PRP"/>
                    <lemma type="she"/>
                    <dep head="9-4" type="nsubj"/>
                </token>
                <token content="was" id="9-3">
                    <pos type="VBD"/>
                    <lemma type="be"/>
                    <dep head="9-4" type="aux"/>
                </token>
                <token content="doing" id="9-4">
                    <pos type="VBG"/>
                    <lemma type="do"/>
                    <dep head="9-7" type="advcl"/>
                </token>
                <token content="that" id="9-5">
                    <pos type="DT"/>
                    <lemma type="that"/>
                    <dep head="9-4" type="dobj"/>
                </token>
                <token content="I" id="9-6">
                    <pos type="PRP"/>
                    <lemma type="I"/>
                    <dep head="9-7" type="nsubj"/>
                </token>
                <token content="grabbed" id="9-7">
                    <pos type="VBD"/>
                    <lemma type="grab"/>
                </token>
                <token content="the" id="9-8">
                    <pos type="DT"/>
                    <lemma type="the"/>
                </token>
                <token content="hose" id="9-9">
                    <pos type="NN"/>
                    <lemma type="hose"/>
                    <dep head="9-7" type="dobj"/>
                </token>
                <token content="and" id="9-10"/>
                <token content="turned" id="9-11">
                    <pos type="VBD"/>
                    <lemma type="turn"/>
                    <dep head="9-7" type="conj"/>
                </token>
                <token content="the" id="9-12">
                    <pos type="DT"/>
                    <lemma type="the"/>
                </token>
                <token content="water" id="9-13">
                    <pos type="NN"/>
                    <lemma type="water"/>
                    <dep head="9-11" type="dobj"/>
                </token>
                <token content="on" id="9-14">
                    <pos type="IN"/>
                    <lemma type="on"/>
                    <dep head="9-11" type="prep"/>
                </token>
                <token content="." id="9-15"/>
            </sentence>
            <sentence id="10">
                <token content="I" id="10-1">
                    <pos type="PRP"/>
                    <lemma type="I"/>
                    <dep head="10-2" type="nsubj"/>
                </token>
                <token content="walked" id="10-2">
                    <pos type="VBD"/>
                    <lemma type="walk"/>
                </token>
                <token content="towards" id="10-3"/>
                <token content="the" id="10-4">
                    <pos type="DT"/>
                    <lemma type="the"/>
                </token>
                <token content="lemon" id="10-5">
                    <pos type="JJ"/>
                    <lemma type="lemon"/>
                </token>
                <token content="tree" id="10-6">
                    <pos type="NN"/>
                    <lemma type="tree"/>
                    <dep head="10-2" type="prep"/>
                </token>
                <token content="and" id="10-7"/>
                <token content="sprinkled" id="10-8">
                    <pos type="VBD"/>
                    <lemma type="sprinkle"/>
                    <dep head="10-2" type="conj"/>
                </token>
                <token content="water" id="10-9">
                    <pos type="NN"/>
                    <lemma type="water"/>
                    <dep head="10-8" type="dobj"/>
                </token>
                <token content="into" id="10-10"/>
                <token content="the" id="10-11">
                    <pos type="DT"/>
                    <lemma type="the"/>
                </token>
                <token content="soil" id="10-12">
                    <pos type="NN"/>
                    <lemma type="soil"/>
                    <dep head="10-8" type="prep"/>
                </token>
                <token content="." id="10-13"/>
            </sentence>
            <sentence id="11">
                <token content="Hopefully" id="11-1">
                    <pos type="RB"/>
                    <lemma type="hopefully"/>
                    <dep head="11-9" type="advmod"/>
                </token>
                <token content="the" id="11-2">
                    <pos type="DT"/>
                    <lemma type="the"/>
                </token>
                <token content="next" id="11-3">
                    <pos type="JJ"/>
                    <lemma type="next"/>
                </token>
                <token content="time" id="11-4">
                    <pos type="NN"/>
                    <lemma type="time"/>
                    <dep head="11-9" type="nsubj"/>
                </token>
                <token content="my" id="11-5">
                    <pos type="PRP$"/>
                    <lemma type="my"/>
                </token>
                <token content="grandmother" id="11-6">
                    <pos type="NN"/>
                    <lemma type="grandmother"/>
                </token>
                <token content="and" id="11-7"/>
                <token content="I" id="11-8">
                    <pos type="PRP"/>
                    <lemma type="I"/>
                </token>
                <token content="meet" id="11-9">
                    <pos type="VBP"/>
                    <lemma type="meet"/>
                </token>
                <token content="to" id="11-10">
                    <pos type="TO"/>
                    <lemma type="to"/>
                    <dep head="11-11" type="aux"/>
                </token>
                <token content="get" id="11-11">
                    <pos type="VB"/>
                    <lemma type="get"/>
                    <dep head="11-9" type="xcomp"/>
                </token>
                <token content="to" id="11-12">
                    <pos type="TO"/>
                    <lemma type="to"/>
                    <dep head="11-13" type="aux"/>
                </token>
                <token content="make" id="11-13">
                    <pos type="VB"/>
                    <lemma type="make"/>
                    <dep head="11-11" type="xcomp"/>
                </token>
                <token content="lemonade" id="11-14">
                    <pos type="NN"/>
                    <lemma type="lemonade"/>
                    <dep head="11-13" type="dobj"/>
                </token>
                <token content="." id="11-15"/>
            </sentence>
        </sentences>
    </text>
    <annotations>
        <participants>
            <label from="1-1" id="0" name="ScrPart_gardener" text="I" type="participant"/>
            <label from="1-4" id="1" name="ScrPart_gardener" text="my" type="participant"/>
            <label from="1-5" id="2" name="ScrPart_gardener" text="grandmother" type="participant"/>
            <label from="1-7" id="3" name="ScrPart_other" text="house" type="participant"/>
            <label from="1-9" id="4" name="ScrPart_time" text="summer" type="participant"/>
            <label from="1-11" id="5" name="ScrPart_gardener" text="she" type="participant"/>
            <label from="2-1" id="6" name="ScrPart_gardener" text="She" type="participant"/>
            <label from="2-3" id="7" name="ScrPart_gardener" text="me" type="participant"/>
            <label from="2-6" id="8" name="ScrPart_gardener" text="her" type="participant"/>
            <label from="2-9" id="9" name="ScrPart_tree" text="lemon tree" to="2-10" type="participant"/>
            <label from="2-10" id="10" name="ScrPart_tree" text="tree" type="participant"/>
            <label from="2-12" id="11" name="ScrPart_gardener" text="her" type="participant"/>
            <label from="2-13" id="12" name="ScrPart_location_garden" text="front yard" to="2-14" type="participant"/>
            <label from="2-14" id="13" name="ScrPart_location_garden" text="yard" type="participant"/>
            <label from="3-2" id="14" name="ScrPart_gardener" text="my" type="participant"/>
            <label from="3-3" id="15" name="ScrPart_gardener" text="grandmother" type="participant"/>
            <label from="3-11" id="16" name="NPart" text="strength" type="participant"/>
            <label from="3-14" id="17" name="ScrPart_gardener" text="I" type="participant"/>
            <label from="3-16" id="18" name="No_label" text="it" type="participant"/>
            <label from="4-1" id="19" name="ScrPart_gardener" text="I" type="participant"/>
            <label from="4-4" id="20" name="ScrPart_hole" text="hole" type="participant"/>
            <label from="4-9" id="21" name="ScrPart_tree" text="tree" type="participant"/>
            <label from="5-1" id="22" name="ScrPart_gardener" text="My" type="participant"/>
            <label from="5-2" id="23" name="ScrPart_gardener" text="grandmother" type="participant"/>
            <label from="5-7" id="24" name="ScrPart_gardener" text="our" type="participant"/>
            <label from="5-9" id="25" name="ScrPart_shop" text="garden center" to="5-10" type="participant"/>
            <label from="5-10" id="26" name="ScrPart_shop" text="center" type="participant"/>
            <label from="5-16" id="27" name="ScrPart_tree" text="lemon tree" to="5-17" type="participant"/>
            <label from="5-17" id="28" name="ScrPart_tree" text="tree" type="participant"/>
            <label from="5-19" id="29" name="ScrPart_shop" text="their" type="participant"/>
            <label from="5-20" id="30" name="ScrPart_shop" text="nursery" type="participant"/>
            <label from="6-1" id="31" name="ScrPart_gardener" text="I" type="participant"/>
            <label from="6-4" id="32" name="ScrPart_tree" text="lemon tree" to="6-5" type="participant"/>
            <label from="6-5" id="33" name="ScrPart_tree" text="tree" type="participant"/>
            <label from="6-8" id="34" name="ScrPart_wrapping" text="pot" type="participant"/>
            <label from="6-12" id="35" name="ScrPart_root" text="bottom" type="participant"/>
            <label from="6-15" id="36" name="ScrPart_tree" text="tree" type="participant"/>
            <label from="6-18" id="37" name="ScrPart_hole" text="hole" type="participant"/>
            <label from="7-1" id="38" name="ScrPart_gardener" text="I" type="participant"/>
            <label from="7-4" id="39" name="ScrPart_root" text="roots" type="participant"/>
            <label from="7-7" id="40" name="ScrPart_hole" text="hole" type="participant"/>
            <label from="7-9" id="41" name="ScrPart_dirt" text="soil" type="participant"/>
            <label from="7-11" id="42" name="ScrPart_hole" text="it" type="participant"/>
            <label from="8-1" id="43" name="ScrPart_gardener" text="My" type="participant"/>
            <label from="8-2" id="44" name="ScrPart_gardener" text="grandmother" type="participant"/>
            <label from="8-4" id="45" name="ScrPart_fertilizer" text="fertilizer" type="participant"/>
            <label from="8-7" id="46" name="ScrPart_fertilizer" text="plant nutrients" to="8-8" type="participant"/>
            <label from="8-8" id="47" name="ScrPart_fertilizer" text="nutrients" type="participant"/>
            <label from="8-11" id="48" name="ScrPart_dirt" text="soil" type="participant"/>
            <label from="9-2" id="49" name="ScrPart_gardener" text="she" type="participant"/>
            <label from="9-6" id="50" name="ScrPart_gardener" text="I" type="participant"/>
            <label from="9-9" id="51" name="ScrPart_gardening_tool" text="hose" type="participant"/>
            <label from="9-13" id="52" name="ScrPart_water" text="water" type="participant"/>
            <label from="10-1" id="53" name="ScrPart_gardener" text="I" type="participant"/>
            <label from="10-5" id="54" name="ScrPart_tree" text="lemon tree" to="10-6" type="participant"/>
            <label from="10-6" id="55" name="ScrPart_tree" text="tree" type="participant"/>
            <label from="10-9" id="56" name="ScrPart_water" text="water" type="participant"/>
            <label from="10-12" id="57" name="ScrPart_dirt" text="soil" type="participant"/>
            <label from="11-4" id="58" name="No_label" text="time" type="participant"/>
            <label from="11-5" id="59" name="ScrPart_gardener" text="my" type="participant"/>
            <label from="11-6" id="60" name="ScrPart_gardener" text="grandmother" type="participant"/>
            <label from="11-8" id="61" name="ScrPart_gardener" text="I" type="participant"/>
            <label from="11-14" id="62" name="NPart" text="lemonade" type="participant"/>
        </participants>
        <events>
            <label from="1-2" id="63" name="UnrelEv" text="went" type="event"/>
            <label from="1-12" id="64" name="UnrelEv" text="loves" type="event"/>
            <label from="1-14" id="65" name="RelNScrEv" text="garden" type="event"/>
            <label from="2-2" id="66" name="UnrelEv" text="asked" type="event"/>
            <label from="2-5" id="67" name="UnrelEv" text="help" type="event"/>
            <label from="2-7" id="68" name="Evoking" text="plan a lemon tree" to="2-10" type="event"/>
            <label from="3-4" id="69" name="UnrelEv" text="was" type="event"/>
            <label from="3-9" id="70" name="UnrelEv" text="have" type="event"/>
            <label from="3-13" id="71" name="ScrEv_dig_hole" text="shovel" type="event"/>
            <label from="3-15" id="72" name="Unclear" text="did" type="event"/>
            <label from="4-2" id="73" name="ScrEv_dig_hole" text="dug" type="event"/>
            <label from="5-4" id="74" name="ScrEv_get_tools" text="gone out" to="5-5" type="event"/>
            <label from="5-4" id="75" name="ScrEv_get_tools" text="gone" type="event"/>
            <label from="5-12" id="76" name="ScrEv_get_tree" text="picked out" to="5-13" type="event"/>
            <label from="5-12" id="77" name="ScrEv_get_tree" text="picked" type="event"/>
            <label from="6-2" id="78" name="ScrEv_unwrap_root" text="grabbed" type="event"/>
            <label from="6-10" id="79" name="ScrEv_place_root" text="placed" type="event"/>
            <label from="7-2" id="80" name="ScrEv_refill_hole" text="cover" type="event"/>
            <label from="7-14" id="81" name="ScrEv_refill_hole" text="covered up" to="7-15" type="event"/>
            <label from="7-14" id="82" name="ScrEv_refill_hole" text="covered" type="event"/>
            <label from="8-3" id="83" name="ScrEv_place_fertilizers" text="sprinkled" type="event"/>
            <label from="9-4" id="84" name="Unclear" text="doing" type="event"/>
            <label from="9-7" id="85" name="ScrEv_get_tools" text="grabbed" type="event"/>
            <label from="9-11" id="86" name="ScrEv_water" text="turned" type="event"/>
            <label from="10-2" id="87" name="RelNScrEv" text="walked" type="event"/>
            <label from="10-8" id="88" name="ScrEv_water" text="sprinkled" type="event"/>
            <label from="11-9" id="89" name="UnrelEv" text="meet" type="event"/>
            <label from="11-13" id="90" name="UnrelEv" text="make" type="event"/>
        </events>
        <chains>
            <chain elements="0 1 7 14 17 19 22 31 38 43 50 53 61 59"/>
            <chain elements="2 5 6 8 11 15 23 44 49 60"/>
            <chain elements="10 21 28"/>
            <chain elements="26 29"/>
            <chain elements="33 36 55"/>
            <chain elements="20 37 40 42"/>
            <chain elements="35 39"/>
            <chain elements="41 48 57"/>
            <chain elements="52 56"/>
            <chain elements="22 24 23" name="group_grandmother_I"/>
        </chains>
    </annotations>
</story>
