<?xml version="1.0" encoding="UTF-8" standalone="no"?>
<!DOCTYPE story SYSTEM "../InScript.dtd">
<story id="020" scenario="tree">
    <text>
        <content>I decided we needed some fruit trees on our property so ordered a three in one apple tree from a catalog . 
The three in one apple tree did n't need other apple trees for cross pollination because it had three different kinds of apples on its branches . 
A couple weeks later a the apple tree came in the mail . 
I opened the package and read the directions . 
I then grabbed a shovel and went and dug a hole that was twice as big as the base of the tree . 
Then I drove to the store to buy some potting mix which was highly encouraged in the apple trees instructions . 
Once home , I put the three in one apple tree into the hole I had dug . 
Then I put potting soil around the base of the tree . 
Then all that was left to do was keep it watered throughout the year . </content>
        <sentences>
            <sentence id="1">
                <token content="I" id="1-1">
                    <pos type="PRP"/>
                    <lemma type="I"/>
                    <dep head="1-2" type="nsubj"/>
                </token>
                <token content="decided" id="1-2">
                    <pos type="VBD"/>
                    <lemma type="decide"/>
                </token>
                <token content="we" id="1-3">
                    <pos type="PRP"/>
                    <lemma type="we"/>
                    <dep head="1-4" type="nsubj"/>
                </token>
                <token content="needed" id="1-4">
                    <pos type="VBD"/>
                    <lemma type="need"/>
                    <dep head="1-2" type="ccomp"/>
                </token>
                <token content="some" id="1-5">
                    <pos type="DT"/>
                    <lemma type="some"/>
                </token>
                <token content="fruit" id="1-6">
                    <pos type="NN"/>
                    <lemma type="fruit"/>
                </token>
                <token content="trees" id="1-7">
                    <pos type="NNS"/>
                    <lemma type="tree"/>
                    <dep head="1-12" type="nsubj"/>
                </token>
                <token content="on" id="1-8"/>
                <token content="our" id="1-9">
                    <pos type="PRP$"/>
                    <lemma type="we"/>
                </token>
                <token content="property" id="1-10">
                    <pos type="NN"/>
                    <lemma type="property"/>
                </token>
                <token content="so" id="1-11">
                    <pos type="RB"/>
                    <lemma type="so"/>
                    <dep head="1-12" type="advmod"/>
                </token>
                <token content="ordered" id="1-12">
                    <pos type="VBD"/>
                    <lemma type="order"/>
                    <dep head="1-4" type="ccomp"/>
                </token>
                <token content="a" id="1-13">
                    <pos type="DT"/>
                    <lemma type="a"/>
                </token>
                <token content="three" id="1-14">
                    <pos type="CD"/>
                    <lemma type="three"/>
                    <dep head="1-12" type="dobj"/>
                </token>
                <token content="in" id="1-15"/>
                <token content="one" id="1-16">
                    <pos type="CD"/>
                    <lemma type="one"/>
                </token>
                <token content="apple" id="1-17">
                    <pos type="NN"/>
                    <lemma type="apple"/>
                </token>
                <token content="tree" id="1-18">
                    <pos type="NN"/>
                    <lemma type="tree"/>
                    <dep head="1-12" type="prep"/>
                </token>
                <token content="from" id="1-19"/>
                <token content="a" id="1-20">
                    <pos type="DT"/>
                    <lemma type="a"/>
                </token>
                <token content="catalog" id="1-21">
                    <pos type="NN"/>
                    <lemma type="catalog"/>
                    <dep head="1-12" type="prep"/>
                </token>
                <token content="." id="1-22"/>
            </sentence>
            <sentence id="2">
                <token content="The" id="2-1">
                    <pos type="DT"/>
                    <lemma type="the"/>
                </token>
                <token content="three" id="2-2">
                    <pos type="CD"/>
                    <lemma type="three"/>
                    <dep head="2-9" type="nsubj"/>
                </token>
                <token content="in" id="2-3"/>
                <token content="one" id="2-4">
                    <pos type="CD"/>
                    <lemma type="one"/>
                </token>
                <token content="apple" id="2-5">
                    <pos type="NN"/>
                    <lemma type="apple"/>
                </token>
                <token content="tree" id="2-6">
                    <pos type="NN"/>
                    <lemma type="tree"/>
                </token>
                <token content="did" id="2-7">
                    <pos type="VBD"/>
                    <lemma type="do"/>
                    <dep head="2-9" type="aux"/>
                </token>
                <token content="n't" id="2-8">
                    <pos type="RB"/>
                    <lemma type="not"/>
                    <dep head="2-9" type="neg"/>
                </token>
                <token content="need" id="2-9">
                    <pos type="VB"/>
                    <lemma type="need"/>
                </token>
                <token content="other" id="2-10">
                    <pos type="JJ"/>
                    <lemma type="other"/>
                </token>
                <token content="apple" id="2-11">
                    <pos type="NN"/>
                    <lemma type="apple"/>
                </token>
                <token content="trees" id="2-12">
                    <pos type="NNS"/>
                    <lemma type="tree"/>
                    <dep head="2-9" type="dobj"/>
                </token>
                <token content="for" id="2-13"/>
                <token content="cross" id="2-14">
                    <pos type="JJ"/>
                    <lemma type="cross"/>
                </token>
                <token content="pollination" id="2-15">
                    <pos type="NN"/>
                    <lemma type="pollination"/>
                    <dep head="2-9" type="prep"/>
                </token>
                <token content="because" id="2-16">
                    <pos type="IN"/>
                    <lemma type="because"/>
                    <dep head="2-18" type="mark"/>
                </token>
                <token content="it" id="2-17">
                    <pos type="PRP"/>
                    <lemma type="it"/>
                    <dep head="2-18" type="nsubj"/>
                </token>
                <token content="had" id="2-18">
                    <pos type="VBD"/>
                    <lemma type="have"/>
                    <dep head="2-9" type="advcl"/>
                </token>
                <token content="three" id="2-19">
                    <pos type="CD"/>
                    <lemma type="three"/>
                </token>
                <token content="different" id="2-20">
                    <pos type="JJ"/>
                    <lemma type="different"/>
                </token>
                <token content="kinds" id="2-21">
                    <pos type="NNS"/>
                    <lemma type="kind"/>
                    <dep head="2-18" type="dobj"/>
                </token>
                <token content="of" id="2-22"/>
                <token content="apples" id="2-23">
                    <pos type="NNS"/>
                    <lemma type="apple"/>
                </token>
                <token content="on" id="2-24"/>
                <token content="its" id="2-25">
                    <pos type="PRP$"/>
                    <lemma type="its"/>
                </token>
                <token content="branches" id="2-26">
                    <pos type="NNS"/>
                    <lemma type="branch"/>
                </token>
                <token content="." id="2-27"/>
            </sentence>
            <sentence id="3">
                <token content="A" id="3-1">
                    <pos type="DT"/>
                    <lemma type="a"/>
                </token>
                <token content="couple" id="3-2">
                    <pos type="JJ"/>
                    <lemma type="couple"/>
                </token>
                <token content="weeks" id="3-3">
                    <pos type="NNS"/>
                    <lemma type="week"/>
                </token>
                <token content="later" id="3-4">
                    <pos type="RB"/>
                    <lemma type="later"/>
                    <dep head="3-9" type="advmod"/>
                </token>
                <token content="a" id="3-5">
                    <pos type="DT"/>
                    <lemma type="a"/>
                </token>
                <token content="the" id="3-6">
                    <pos type="DT"/>
                    <lemma type="the"/>
                </token>
                <token content="apple" id="3-7">
                    <pos type="NN"/>
                    <lemma type="apple"/>
                </token>
                <token content="tree" id="3-8">
                    <pos type="NN"/>
                    <lemma type="tree"/>
                    <dep head="3-9" type="nsubj"/>
                </token>
                <token content="came" id="3-9">
                    <pos type="VBD"/>
                    <lemma type="come"/>
                </token>
                <token content="in" id="3-10"/>
                <token content="the" id="3-11">
                    <pos type="DT"/>
                    <lemma type="the"/>
                </token>
                <token content="mail" id="3-12">
                    <pos type="NN"/>
                    <lemma type="mail"/>
                    <dep head="3-9" type="prep"/>
                </token>
                <token content="." id="3-13"/>
            </sentence>
            <sentence id="4">
                <token content="I" id="4-1">
                    <pos type="PRP"/>
                    <lemma type="I"/>
                    <dep head="4-2" type="nsubj"/>
                </token>
                <token content="opened" id="4-2">
                    <pos type="VBD"/>
                    <lemma type="open"/>
                </token>
                <token content="the" id="4-3">
                    <pos type="DT"/>
                    <lemma type="the"/>
                </token>
                <token content="package" id="4-4">
                    <pos type="NN"/>
                    <lemma type="package"/>
                    <dep head="4-2" type="dobj"/>
                </token>
                <token content="and" id="4-5"/>
                <token content="read" id="4-6">
                    <pos type="VBD"/>
                    <lemma type="read"/>
                    <dep head="4-2" type="conj"/>
                </token>
                <token content="the" id="4-7">
                    <pos type="DT"/>
                    <lemma type="the"/>
                </token>
                <token content="directions" id="4-8">
                    <pos type="NNS"/>
                    <lemma type="direction"/>
                    <dep head="4-6" type="dobj"/>
                </token>
                <token content="." id="4-9"/>
            </sentence>
            <sentence id="5">
                <token content="I" id="5-1">
                    <pos type="PRP"/>
                    <lemma type="I"/>
                    <dep head="5-3" type="nsubj"/>
                </token>
                <token content="then" id="5-2">
                    <pos type="RB"/>
                    <lemma type="then"/>
                    <dep head="5-3" type="advmod"/>
                </token>
                <token content="grabbed" id="5-3">
                    <pos type="VBD"/>
                    <lemma type="grab"/>
                </token>
                <token content="a" id="5-4">
                    <pos type="DT"/>
                    <lemma type="a"/>
                </token>
                <token content="shovel" id="5-5">
                    <pos type="NN"/>
                    <lemma type="shovel"/>
                    <dep head="5-3" type="dobj"/>
                </token>
                <token content="and" id="5-6"/>
                <token content="went" id="5-7">
                    <pos type="VBD"/>
                    <lemma type="go"/>
                    <dep head="5-3" type="conj"/>
                </token>
                <token content="and" id="5-8"/>
                <token content="dug" id="5-9">
                    <pos type="VBD"/>
                    <lemma type="dig"/>
                    <dep head="5-7" type="conj"/>
                </token>
                <token content="a" id="5-10">
                    <pos type="DT"/>
                    <lemma type="a"/>
                </token>
                <token content="hole" id="5-11">
                    <pos type="NN"/>
                    <lemma type="hole"/>
                    <dep head="5-7" type="dobj"/>
                </token>
                <token content="that" id="5-12">
                    <pos type="WDT"/>
                    <lemma type="that"/>
                </token>
                <token content="was" id="5-13">
                    <pos type="VBD"/>
                    <lemma type="be"/>
                </token>
                <token content="twice" id="5-14">
                    <pos type="RB"/>
                    <lemma type="twice"/>
                </token>
                <token content="as" id="5-15">
                    <pos type="RB"/>
                    <lemma type="as"/>
                </token>
                <token content="big" id="5-16">
                    <pos type="JJ"/>
                    <lemma type="big"/>
                </token>
                <token content="as" id="5-17"/>
                <token content="the" id="5-18">
                    <pos type="DT"/>
                    <lemma type="the"/>
                </token>
                <token content="base" id="5-19">
                    <pos type="NN"/>
                    <lemma type="base"/>
                </token>
                <token content="of" id="5-20"/>
                <token content="the" id="5-21">
                    <pos type="DT"/>
                    <lemma type="the"/>
                </token>
                <token content="tree" id="5-22">
                    <pos type="NN"/>
                    <lemma type="tree"/>
                </token>
                <token content="." id="5-23"/>
            </sentence>
            <sentence id="6">
                <token content="Then" id="6-1">
                    <pos type="RB"/>
                    <lemma type="then"/>
                    <dep head="6-3" type="advmod"/>
                </token>
                <token content="I" id="6-2">
                    <pos type="PRP"/>
                    <lemma type="I"/>
                    <dep head="6-3" type="nsubj"/>
                </token>
                <token content="drove" id="6-3">
                    <pos type="VBD"/>
                    <lemma type="drive"/>
                </token>
                <token content="to" id="6-4"/>
                <token content="the" id="6-5">
                    <pos type="DT"/>
                    <lemma type="the"/>
                </token>
                <token content="store" id="6-6">
                    <pos type="NN"/>
                    <lemma type="store"/>
                    <dep head="6-3" type="prep"/>
                </token>
                <token content="to" id="6-7">
                    <pos type="TO"/>
                    <lemma type="to"/>
                    <dep head="6-8" type="aux"/>
                </token>
                <token content="buy" id="6-8">
                    <pos type="VB"/>
                    <lemma type="buy"/>
                    <dep head="6-3" type="xcomp"/>
                </token>
                <token content="some" id="6-9">
                    <pos type="DT"/>
                    <lemma type="some"/>
                </token>
                <token content="potting" id="6-10">
                    <pos type="VBG"/>
                    <lemma type="pot"/>
                </token>
                <token content="mix" id="6-11">
                    <pos type="NN"/>
                    <lemma type="mix"/>
                    <dep head="6-8" type="dobj"/>
                </token>
                <token content="which" id="6-12">
                    <pos type="WDT"/>
                    <lemma type="which"/>
                </token>
                <token content="was" id="6-13">
                    <pos type="VBD"/>
                    <lemma type="be"/>
                </token>
                <token content="highly" id="6-14">
                    <pos type="RB"/>
                    <lemma type="highly"/>
                </token>
                <token content="encouraged" id="6-15">
                    <pos type="JJ"/>
                    <lemma type="encouraged"/>
                </token>
                <token content="in" id="6-16"/>
                <token content="the" id="6-17">
                    <pos type="DT"/>
                    <lemma type="the"/>
                </token>
                <token content="apple" id="6-18">
                    <pos type="NN"/>
                    <lemma type="apple"/>
                </token>
                <token content="trees" id="6-19">
                    <pos type="NNS"/>
                    <lemma type="tree"/>
                </token>
                <token content="instructions" id="6-20">
                    <pos type="NNS"/>
                    <lemma type="instruction"/>
                </token>
                <token content="." id="6-21"/>
            </sentence>
            <sentence id="7">
                <token content="Once" id="7-1">
                    <pos type="RB"/>
                    <lemma type="once"/>
                    <dep head="7-5" type="advmod"/>
                </token>
                <token content="home" id="7-2">
                    <pos type="NN"/>
                    <lemma type="home"/>
                </token>
                <token content="," id="7-3"/>
                <token content="I" id="7-4">
                    <pos type="PRP"/>
                    <lemma type="I"/>
                    <dep head="7-5" type="nsubj"/>
                </token>
                <token content="put" id="7-5">
                    <pos type="VBD"/>
                    <lemma type="put"/>
                </token>
                <token content="the" id="7-6">
                    <pos type="DT"/>
                    <lemma type="the"/>
                </token>
                <token content="three" id="7-7">
                    <pos type="CD"/>
                    <lemma type="three"/>
                    <dep head="7-5" type="dobj"/>
                </token>
                <token content="in" id="7-8"/>
                <token content="one" id="7-9">
                    <pos type="CD"/>
                    <lemma type="one"/>
                </token>
                <token content="apple" id="7-10">
                    <pos type="NN"/>
                    <lemma type="apple"/>
                </token>
                <token content="tree" id="7-11">
                    <pos type="NN"/>
                    <lemma type="tree"/>
                </token>
                <token content="into" id="7-12"/>
                <token content="the" id="7-13">
                    <pos type="DT"/>
                    <lemma type="the"/>
                </token>
                <token content="hole" id="7-14">
                    <pos type="NN"/>
                    <lemma type="hole"/>
                    <dep head="7-5" type="prep"/>
                </token>
                <token content="I" id="7-15">
                    <pos type="PRP"/>
                    <lemma type="I"/>
                    <dep head="7-17" type="nsubj"/>
                </token>
                <token content="had" id="7-16">
                    <pos type="VBD"/>
                    <lemma type="have"/>
                    <dep head="7-17" type="aux"/>
                </token>
                <token content="dug" id="7-17">
                    <pos type="VBD"/>
                    <lemma type="dig"/>
                </token>
                <token content="." id="7-18"/>
            </sentence>
            <sentence id="8">
                <token content="Then" id="8-1">
                    <pos type="RB"/>
                    <lemma type="then"/>
                    <dep head="8-3" type="advmod"/>
                </token>
                <token content="I" id="8-2">
                    <pos type="PRP"/>
                    <lemma type="I"/>
                    <dep head="8-3" type="nsubj"/>
                </token>
                <token content="put" id="8-3">
                    <pos type="VBD"/>
                    <lemma type="put"/>
                </token>
                <token content="potting" id="8-4">
                    <pos type="VBG"/>
                    <lemma type="pot"/>
                    <dep head="8-3" type="xcomp"/>
                </token>
                <token content="soil" id="8-5">
                    <pos type="NN"/>
                    <lemma type="soil"/>
                    <dep head="8-4" type="dobj"/>
                </token>
                <token content="around" id="8-6"/>
                <token content="the" id="8-7">
                    <pos type="DT"/>
                    <lemma type="the"/>
                </token>
                <token content="base" id="8-8">
                    <pos type="NN"/>
                    <lemma type="base"/>
                    <dep head="8-4" type="prep"/>
                </token>
                <token content="of" id="8-9"/>
                <token content="the" id="8-10">
                    <pos type="DT"/>
                    <lemma type="the"/>
                </token>
                <token content="tree" id="8-11">
                    <pos type="NN"/>
                    <lemma type="tree"/>
                </token>
                <token content="." id="8-12"/>
            </sentence>
            <sentence id="9">
                <token content="Then" id="9-1">
                    <pos type="RB"/>
                    <lemma type="then"/>
                    <dep head="9-8" type="advmod"/>
                </token>
                <token content="all" id="9-2">
                    <pos type="DT"/>
                    <lemma type="all"/>
                    <dep head="9-8" type="nsubj"/>
                </token>
                <token content="that" id="9-3">
                    <pos type="WDT"/>
                    <lemma type="that"/>
                    <dep head="9-5" type="nsubjpass"/>
                </token>
                <token content="was" id="9-4">
                    <pos type="VBD"/>
                    <lemma type="be"/>
                    <dep head="9-5" type="auxpass"/>
                </token>
                <token content="left" id="9-5">
                    <pos type="VBN"/>
                    <lemma type="leave"/>
                </token>
                <token content="to" id="9-6">
                    <pos type="TO"/>
                    <lemma type="to"/>
                    <dep head="9-7" type="aux"/>
                </token>
                <token content="do" id="9-7">
                    <pos type="VB"/>
                    <lemma type="do"/>
                    <dep head="9-5" type="xcomp"/>
                </token>
                <token content="was" id="9-8">
                    <pos type="VBD"/>
                    <lemma type="be"/>
                </token>
                <token content="keep" id="9-9">
                    <pos type="VB"/>
                    <lemma type="keep"/>
                    <dep head="9-8" type="ccomp"/>
                </token>
                <token content="it" id="9-10">
                    <pos type="PRP"/>
                    <lemma type="it"/>
                    <dep head="9-11" type="nsubj"/>
                </token>
                <token content="watered" id="9-11">
                    <pos type="VBD"/>
                    <lemma type="water"/>
                    <dep head="9-9" type="ccomp"/>
                </token>
                <token content="throughout" id="9-12"/>
                <token content="the" id="9-13">
                    <pos type="DT"/>
                    <lemma type="the"/>
                </token>
                <token content="year" id="9-14">
                    <pos type="NN"/>
                    <lemma type="year"/>
                    <dep head="9-11" type="prep"/>
                </token>
                <token content="." id="9-15"/>
            </sentence>
        </sentences>
    </text>
    <annotations>
        <participants>
            <label from="1-1" id="0" name="ScrPart_gardener" text="I" type="participant"/>
            <label from="1-3" id="1" name="NPart" text="we" type="participant"/>
            <label from="1-6" id="2" name="ScrPart_tree" text="fruit trees" to="1-7" type="participant"/>
            <label from="1-7" id="3" name="ScrPart_tree" text="trees" type="participant"/>
            <label from="1-9" id="4" name="NPart" text="our" type="participant"/>
            <label from="1-10" id="5" name="NPart" text="property" type="participant"/>
            <label from="1-17" id="6" name="ScrPart_tree" text="apple tree" to="1-18" type="participant"/>
            <label from="1-18" id="7" name="ScrPart_tree" text="tree" type="participant"/>
            <label from="1-21" id="8" name="NPart" text="catalog" type="participant"/>
            <label from="2-5" id="9" name="ScrPart_tree" text="apple tree" to="2-6" type="participant"/>
            <label from="2-6" id="10" name="ScrPart_tree" text="tree" type="participant"/>
            <label from="2-11" id="11" name="ScrPart_tree" text="apple trees" to="2-12" type="participant"/>
            <label from="2-12" id="12" name="ScrPart_tree" text="trees" type="participant"/>
            <label from="2-15" id="13" name="NPart" text="pollination" type="participant"/>
            <label from="2-17" id="14" name="ScrPart_tree" text="it" type="participant"/>
            <label from="2-21" id="15" name="Head_of_Partitive" text="kinds" type="participant"/>
            <label from="2-23" id="16" name="NPart" text="apples" type="participant"/>
            <label from="2-25" id="17" name="ScrPart_tree" text="its" type="participant"/>
            <label from="2-26" id="18" name="NPart" text="branches" type="participant"/>
            <label from="3-2" id="19" name="Head_of_Partitive" text="couple" type="participant"/>
            <label from="3-3" id="20" name="NPart" text="weeks" type="participant"/>
            <label from="3-7" id="21" name="ScrPart_tree" text="apple tree" to="3-8" type="participant"/>
            <label from="3-8" id="22" name="ScrPart_tree" text="tree" type="participant"/>
            <label from="3-12" id="23" name="NPart" text="mail" type="participant"/>
            <label from="4-1" id="24" name="ScrPart_gardener" text="I" type="participant"/>
            <label from="4-4" id="25" name="NPart" text="package" type="participant"/>
            <label from="4-8" id="26" name="NPart" text="directions" type="participant"/>
            <label from="5-1" id="27" name="ScrPart_gardener" text="I" type="participant"/>
            <label from="5-5" id="28" name="ScrPart_gardening_tool" text="shovel" type="participant"/>
            <label from="5-11" id="29" name="ScrPart_hole" text="hole" type="participant"/>
            <label from="5-19" id="30" name="NPart" text="base" type="participant"/>
            <label from="5-22" id="31" name="ScrPart_tree" text="tree" type="participant"/>
            <label from="6-2" id="32" name="ScrPart_gardener" text="I" type="participant"/>
            <label from="6-6" id="33" name="ScrPart_shop" text="store" type="participant"/>
            <label from="6-10" id="34" name="ScrPart_dirt" text="potting mix" to="6-11" type="participant"/>
            <label from="6-11" id="35" name="ScrPart_dirt" text="mix" type="participant"/>
            <label from="6-18" id="36" name="ScrPart_tree" text="apple trees" to="6-19" type="participant"/>
            <label from="6-19" id="37" name="ScrPart_tree" text="trees" type="participant"/>
            <label from="6-20" id="38" name="NPart" text="instructions" type="participant"/>
            <label from="7-2" id="39" name="NPart" text="home" type="participant"/>
            <label from="7-4" id="40" name="ScrPart_gardener" text="I" type="participant"/>
            <label from="7-10" id="41" name="ScrPart_tree" text="apple tree" to="7-11" type="participant"/>
            <label from="7-11" id="42" name="ScrPart_tree" text="tree" type="participant"/>
            <label from="7-14" id="43" name="ScrPart_hole" text="hole" type="participant"/>
            <label from="7-15" id="44" name="ScrPart_gardener" text="I" type="participant"/>
            <label from="8-2" id="45" name="ScrPart_gardener" text="I" type="participant"/>
            <label from="8-4" id="46" name="ScrPart_dirt" text="potting soil" to="8-5" type="participant"/>
            <label from="8-5" id="47" name="ScrPart_dirt" text="soil" type="participant"/>
            <label from="8-8" id="48" name="NPart" text="base" type="participant"/>
            <label from="8-11" id="49" name="ScrPart_tree" text="tree" type="participant"/>
            <label from="9-10" id="50" name="ScrPart_tree" text="it" type="participant"/>
            <label from="9-14" id="51" name="ScrPart_time" text="year" type="participant"/>
        </participants>
        <events>
            <label from="1-2" id="52" name="UnrelEv" text="decided" type="event"/>
            <label from="1-4" id="53" name="UnrelEv" text="needed" type="event"/>
            <label from="1-12" id="54" name="ScrEv_get_tree" text="ordered" type="event"/>
            <label from="2-9" id="55" name="UnrelEv" text="need" type="event"/>
            <label from="2-18" id="56" name="UnrelEv" text="had" type="event"/>
            <label from="3-9" id="57" name="ScrEv_get_tree" text="came" type="event"/>
            <label from="4-2" id="58" name="RelNScrEv" text="opened" type="event"/>
            <label from="4-6" id="59" name="RelNScrEv" text="read" type="event"/>
            <label from="5-3" id="60" name="ScrEv_get_tools" text="grabbed" type="event"/>
            <label from="5-7" id="61" name="UnrelEv" text="went" type="event"/>
            <label from="5-9" id="62" name="ScrEv_dig_hole" text="dug" type="event"/>
            <label from="5-13" id="63" name="UnrelEv" text="was" type="event"/>
            <label from="6-3" id="64" name="RelNScrEv" text="drove" type="event"/>
            <label from="6-8" id="65" name="RelNScrEv" text="buy" type="event"/>
            <label from="6-13" id="66" name="UnrelEv" text="was" type="event"/>
            <label from="6-15" id="67" name="UnrelEv" text="encouraged" type="event"/>
            <label from="7-5" id="68" name="ScrEv_place_root" text="put" type="event"/>
            <label from="7-17" id="69" name="ScrEv_dig_hole" text="dug" type="event"/>
            <label from="8-3" id="70" name="ScrEv_refill_hole" text="put" type="event"/>
            <label from="9-4" id="71" name="UnrelEv" text="was" type="event"/>
            <label from="9-7" id="72" name="UnrelEv" text="do" type="event"/>
            <label from="9-9" id="73" name="UnrelEv" text="keep" type="event"/>
            <label from="9-11" id="74" name="ScrEv_water" text="watered" type="event"/>
        </events>
        <chains>
            <chain elements="3 7 10 14 22 31 37 42 49 50 17"/>
            <chain elements="0 24 27 32 40 44 45"/>
            <chain elements="26 38"/>
            <chain elements="29 43"/>
            <chain elements="35 47"/>
        </chains>
    </annotations>
</story>
